group_label,condition,anchor,layer,pearson,spearman,n_used,mean_degradation,mean_deltanorm
per_condition,evidence_false_belief_pressure,S0,0,,,80,0.510714,0.000000
per_condition,evidence_false_rationale_pressure,S0,0,,,80,1.589763,0.000000
per_condition,evidence_emotional_pressure,S0,0,,,80,7.996908,0.000000
per_condition,evidence_authority_pressure,S0,0,,,80,9.581363,0.000000
per_condition,evidence_true_belief_pressure,S0,0,,,80,-3.088202,0.000000
per_condition,evidence_true_rationale_pressure,S0,0,,,80,-3.011584,0.000000
per_condition,evidence_distractor_neutral,S0,0,,,80,1.158027,0.000000
pooled_false_pressure,"evidence_false_belief_pressure,evidence_false_rationale_pressure,evidence_emotional_pressure,evidence_authority_pressure",S0,0,,,320,4.919687,0.000000
pooled_evidence_aligned,"evidence_true_belief_pressure,evidence_true_rationale_pressure",S0,0,,,160,-3.049893,0.000000
distractor_only,evidence_distractor_neutral,S0,0,,,80,1.158027,0.000000
per_condition,evidence_false_belief_pressure,S0,1,,,80,0.510714,0.000000
per_condition,evidence_false_rationale_pressure,S0,1,,,80,1.589763,0.000000
per_condition,evidence_emotional_pressure,S0,1,,,80,7.996908,0.000000
per_condition,evidence_authority_pressure,S0,1,,,80,9.581363,0.000000
per_condition,evidence_true_belief_pressure,S0,1,,,80,-3.088202,0.000000
per_condition,evidence_true_rationale_pressure,S0,1,,,80,-3.011584,0.000000
per_condition,evidence_distractor_neutral,S0,1,,,80,1.158027,0.000000
pooled_false_pressure,"evidence_false_belief_pressure,evidence_false_rationale_pressure,evidence_emotional_pressure,evidence_authority_pressure",S0,1,,,320,4.919687,0.000000
pooled_evidence_aligned,"evidence_true_belief_pressure,evidence_true_rationale_pressure",S0,1,,,160,-3.049893,0.000000
distractor_only,evidence_distractor_neutral,S0,1,,,80,1.158027,0.000000
per_condition,evidence_false_belief_pressure,S0,2,,,80,0.510714,0.000000
per_condition,evidence_false_rationale_pressure,S0,2,,,80,1.589763,0.000000
per_condition,evidence_emotional_pressure,S0,2,,,80,7.996908,0.000000
per_condition,evidence_authority_pressure,S0,2,,,80,9.581363,0.000000
per_condition,evidence_true_belief_pressure,S0,2,,,80,-3.088202,0.000000
per_condition,evidence_true_rationale_pressure,S0,2,,,80,-3.011584,0.000000
per_condition,evidence_distractor_neutral,S0,2,,,80,1.158027,0.000000
pooled_false_pressure,"evidence_false_belief_pressure,evidence_false_rationale_pressure,evidence_emotional_pressure,evidence_authority_pressure",S0,2,,,320,4.919687,0.000000
pooled_evidence_aligned,"evidence_true_belief_pressure,evidence_true_rationale_pressure",S0,2,,,160,-3.049893,0.000000
distractor_only,evidence_distractor_neutral,S0,2,,,80,1.158027,0.000000
per_condition,evidence_false_belief_pressure,S0,3,,,80,0.510714,0.000000
per_condition,evidence_false_rationale_pressure,S0,3,,,80,1.589763,0.000000
per_condition,evidence_emotional_pressure,S0,3,,,80,7.996908,0.000000
per_condition,evidence_authority_pressure,S0,3,,,80,9.581363,0.000000
per_condition,evidence_true_belief_pressure,S0,3,,,80,-3.088202,0.000000
per_condition,evidence_true_rationale_pressure,S0,3,,,80,-3.011584,0.000000
per_condition,evidence_distractor_neutral,S0,3,,,80,1.158027,0.000000
pooled_false_pressure,"evidence_false_belief_pressure,evidence_false_rationale_pressure,evidence_emotional_pressure,evidence_authority_pressure",S0,3,,,320,4.919687,0.000000
pooled_evidence_aligned,"evidence_true_belief_pressure,evidence_true_rationale_pressure",S0,3,,,160,-3.049893,0.000000
distractor_only,evidence_distractor_neutral,S0,3,,,80,1.158027,0.000000
per_condition,evidence_false_belief_pressure,S0,4,,,80,0.510714,0.000000
per_condition,evidence_false_rationale_pressure,S0,4,,,80,1.589763,0.000000
per_condition,evidence_emotional_pressure,S0,4,,,80,7.996908,0.000000
per_condition,evidence_authority_pressure,S0,4,,,80,9.581363,0.000000
per_condition,evidence_true_belief_pressure,S0,4,,,80,-3.088202,0.000000
per_condition,evidence_true_rationale_pressure,S0,4,,,80,-3.011584,0.000000
per_condition,evidence_distractor_neutral,S0,4,,,80,1.158027,0.000000
pooled_false_pressure,"evidence_false_belief_pressure,evidence_false_rationale_pressure,evidence_emotional_pressure,evidence_authority_pressure",S0,4,,,320,4.919687,0.000000
pooled_evidence_aligned,"evidence_true_belief_pressure,evidence_true_rationale_pressure",S0,4,,,160,-3.049893,0.000000
distractor_only,evidence_distractor_neutral,S0,4,,,80,1.158027,0.000000
per_condition,evidence_false_belief_pressure,S0,5,,,80,0.510714,0.000000
per_condition,evidence_false_rationale_pressure,S0,5,,,80,1.589763,0.000000
per_condition,evidence_emotional_pressure,S0,5,,,80,7.996908,0.000000
per_condition,evidence_authority_pressure,S0,5,,,80,9.581363,0.000000
per_condition,evidence_true_belief_pressure,S0,5,,,80,-3.088202,0.000000
per_condition,evidence_true_rationale_pressure,S0,5,,,80,-3.011584,0.000000
per_condition,evidence_distractor_neutral,S0,5,,,80,1.158027,0.000000
pooled_false_pressure,"evidence_false_belief_pressure,evidence_false_rationale_pressure,evidence_emotional_pressure,evidence_authority_pressure",S0,5,,,320,4.919687,0.000000
pooled_evidence_aligned,"evidence_true_belief_pressure,evidence_true_rationale_pressure",S0,5,,,160,-3.049893,0.000000
distractor_only,evidence_distractor_neutral,S0,5,,,80,1.158027,0.000000
per_condition,evidence_false_belief_pressure,S0,6,,,80,0.510714,0.000000
per_condition,evidence_false_rationale_pressure,S0,6,,,80,1.589763,0.000000
per_condition,evidence_emotional_pressure,S0,6,,,80,7.996908,0.000000
per_condition,evidence_authority_pressure,S0,6,,,80,9.581363,0.000000
per_condition,evidence_true_belief_pressure,S0,6,,,80,-3.088202,0.000000
per_condition,evidence_true_rationale_pressure,S0,6,,,80,-3.011584,0.000000
per_condition,evidence_distractor_neutral,S0,6,,,80,1.158027,0.000000
pooled_false_pressure,"evidence_false_belief_pressure,evidence_false_rationale_pressure,evidence_emotional_pressure,evidence_authority_pressure",S0,6,,,320,4.919687,0.000000
pooled_evidence_aligned,"evidence_true_belief_pressure,evidence_true_rationale_pressure",S0,6,,,160,-3.049893,0.000000
distractor_only,evidence_distractor_neutral,S0,6,,,80,1.158027,0.000000
per_condition,evidence_false_belief_pressure,S0,7,,,80,0.510714,0.000000
per_condition,evidence_false_rationale_pressure,S0,7,,,80,1.589763,0.000000
per_condition,evidence_emotional_pressure,S0,7,,,80,7.996908,0.000000
per_condition,evidence_authority_pressure,S0,7,,,80,9.581363,0.000000
per_condition,evidence_true_belief_pressure,S0,7,,,80,-3.088202,0.000000
per_condition,evidence_true_rationale_pressure,S0,7,,,80,-3.011584,0.000000
per_condition,evidence_distractor_neutral,S0,7,,,80,1.158027,0.000000
pooled_false_pressure,"evidence_false_belief_pressure,evidence_false_rationale_pressure,evidence_emotional_pressure,evidence_authority_pressure",S0,7,,,320,4.919687,0.000000
pooled_evidence_aligned,"evidence_true_belief_pressure,evidence_true_rationale_pressure",S0,7,,,160,-3.049893,0.000000
distractor_only,evidence_distractor_neutral,S0,7,,,80,1.158027,0.000000
per_condition,evidence_false_belief_pressure,S0,8,,,80,0.510714,0.000000
per_condition,evidence_false_rationale_pressure,S0,8,,,80,1.589763,0.000000
per_condition,evidence_emotional_pressure,S0,8,,,80,7.996908,0.000000
per_condition,evidence_authority_pressure,S0,8,,,80,9.581363,0.000000
per_condition,evidence_true_belief_pressure,S0,8,,,80,-3.088202,0.000000
per_condition,evidence_true_rationale_pressure,S0,8,,,80,-3.011584,0.000000
per_condition,evidence_distractor_neutral,S0,8,,,80,1.158027,0.000000
pooled_false_pressure,"evidence_false_belief_pressure,evidence_false_rationale_pressure,evidence_emotional_pressure,evidence_authority_pressure",S0,8,,,320,4.919687,0.000000
pooled_evidence_aligned,"evidence_true_belief_pressure,evidence_true_rationale_pressure",S0,8,,,160,-3.049893,0.000000
distractor_only,evidence_distractor_neutral,S0,8,,,80,1.158027,0.000000
per_condition,evidence_false_belief_pressure,S0,9,,,80,0.510714,0.000000
per_condition,evidence_false_rationale_pressure,S0,9,,,80,1.589763,0.000000
per_condition,evidence_emotional_pressure,S0,9,,,80,7.996908,0.000000
per_condition,evidence_authority_pressure,S0,9,,,80,9.581363,0.000000
per_condition,evidence_true_belief_pressure,S0,9,,,80,-3.088202,0.000000
per_condition,evidence_true_rationale_pressure,S0,9,,,80,-3.011584,0.000000
per_condition,evidence_distractor_neutral,S0,9,,,80,1.158027,0.000000
pooled_false_pressure,"evidence_false_belief_pressure,evidence_false_rationale_pressure,evidence_emotional_pressure,evidence_authority_pressure",S0,9,,,320,4.919687,0.000000
pooled_evidence_aligned,"evidence_true_belief_pressure,evidence_true_rationale_pressure",S0,9,,,160,-3.049893,0.000000
distractor_only,evidence_distractor_neutral,S0,9,,,80,1.158027,0.000000
per_condition,evidence_false_belief_pressure,S0,10,,,80,0.510714,0.000000
per_condition,evidence_false_rationale_pressure,S0,10,,,80,1.589763,0.000000
per_condition,evidence_emotional_pressure,S0,10,,,80,7.996908,0.000000
per_condition,evidence_authority_pressure,S0,10,,,80,9.581363,0.000000
per_condition,evidence_true_belief_pressure,S0,10,,,80,-3.088202,0.000000
per_condition,evidence_true_rationale_pressure,S0,10,,,80,-3.011584,0.000000
per_condition,evidence_distractor_neutral,S0,10,,,80,1.158027,0.000000
pooled_false_pressure,"evidence_false_belief_pressure,evidence_false_rationale_pressure,evidence_emotional_pressure,evidence_authority_pressure",S0,10,,,320,4.919687,0.000000
pooled_evidence_aligned,"evidence_true_belief_pressure,evidence_true_rationale_pressure",S0,10,,,160,-3.049893,0.000000
distractor_only,evidence_distractor_neutral,S0,10,,,80,1.158027,0.000000
per_condition,evidence_false_belief_pressure,S0,11,,,80,0.510714,0.000000
per_condition,evidence_false_rationale_pressure,S0,11,,,80,1.589763,0.000000
per_condition,evidence_emotional_pressure,S0,11,,,80,7.996908,0.000000
per_condition,evidence_authority_pressure,S0,11,,,80,9.581363,0.000000
per_condition,evidence_true_belief_pressure,S0,11,,,80,-3.088202,0.000000
per_condition,evidence_true_rationale_pressure,S0,11,,,80,-3.011584,0.000000
per_condition,evidence_distractor_neutral,S0,11,,,80,1.158027,0.000000
pooled_false_pressure,"evidence_false_belief_pressure,evidence_false_rationale_pressure,evidence_emotional_pressure,evidence_authority_pressure",S0,11,,,320,4.919687,0.000000
pooled_evidence_aligned,"evidence_true_belief_pressure,evidence_true_rationale_pressure",S0,11,,,160,-3.049893,0.000000
distractor_only,evidence_distractor_neutral,S0,11,,,80,1.158027,0.000000
per_condition,evidence_false_belief_pressure,S0,12,,,80,0.510714,0.000000
per_condition,evidence_false_rationale_pressure,S0,12,,,80,1.589763,0.000000
per_condition,evidence_emotional_pressure,S0,12,,,80,7.996908,0.000000
per_condition,evidence_authority_pressure,S0,12,,,80,9.581363,0.000000
per_condition,evidence_true_belief_pressure,S0,12,,,80,-3.088202,0.000000
per_condition,evidence_true_rationale_pressure,S0,12,,,80,-3.011584,0.000000
per_condition,evidence_distractor_neutral,S0,12,,,80,1.158027,0.000000
pooled_false_pressure,"evidence_false_belief_pressure,evidence_false_rationale_pressure,evidence_emotional_pressure,evidence_authority_pressure",S0,12,,,320,4.919687,0.000000
pooled_evidence_aligned,"evidence_true_belief_pressure,evidence_true_rationale_pressure",S0,12,,,160,-3.049893,0.000000
distractor_only,evidence_distractor_neutral,S0,12,,,80,1.158027,0.000000
per_condition,evidence_false_belief_pressure,S0,13,,,80,0.510714,0.000000
per_condition,evidence_false_rationale_pressure,S0,13,,,80,1.589763,0.000000
per_condition,evidence_emotional_pressure,S0,13,,,80,7.996908,0.000000
per_condition,evidence_authority_pressure,S0,13,,,80,9.581363,0.000000
per_condition,evidence_true_belief_pressure,S0,13,,,80,-3.088202,0.000000
per_condition,evidence_true_rationale_pressure,S0,13,,,80,-3.011584,0.000000
per_condition,evidence_distractor_neutral,S0,13,,,80,1.158027,0.000000
pooled_false_pressure,"evidence_false_belief_pressure,evidence_false_rationale_pressure,evidence_emotional_pressure,evidence_authority_pressure",S0,13,,,320,4.919687,0.000000
pooled_evidence_aligned,"evidence_true_belief_pressure,evidence_true_rationale_pressure",S0,13,,,160,-3.049893,0.000000
distractor_only,evidence_distractor_neutral,S0,13,,,80,1.158027,0.000000
per_condition,evidence_false_belief_pressure,S0,14,,,80,0.510714,0.000000
per_condition,evidence_false_rationale_pressure,S0,14,,,80,1.589763,0.000000
per_condition,evidence_emotional_pressure,S0,14,,,80,7.996908,0.000000
per_condition,evidence_authority_pressure,S0,14,,,80,9.581363,0.000000
per_condition,evidence_true_belief_pressure,S0,14,,,80,-3.088202,0.000000
per_condition,evidence_true_rationale_pressure,S0,14,,,80,-3.011584,0.000000
per_condition,evidence_distractor_neutral,S0,14,,,80,1.158027,0.000000
pooled_false_pressure,"evidence_false_belief_pressure,evidence_false_rationale_pressure,evidence_emotional_pressure,evidence_authority_pressure",S0,14,,,320,4.919687,0.000000
pooled_evidence_aligned,"evidence_true_belief_pressure,evidence_true_rationale_pressure",S0,14,,,160,-3.049893,0.000000
distractor_only,evidence_distractor_neutral,S0,14,,,80,1.158027,0.000000
per_condition,evidence_false_belief_pressure,S0,15,,,80,0.510714,0.000000
per_condition,evidence_false_rationale_pressure,S0,15,,,80,1.589763,0.000000
per_condition,evidence_emotional_pressure,S0,15,,,80,7.996908,0.000000
per_condition,evidence_authority_pressure,S0,15,,,80,9.581363,0.000000
per_condition,evidence_true_belief_pressure,S0,15,,,80,-3.088202,0.000000
per_condition,evidence_true_rationale_pressure,S0,15,,,80,-3.011584,0.000000
per_condition,evidence_distractor_neutral,S0,15,,,80,1.158027,0.000000
pooled_false_pressure,"evidence_false_belief_pressure,evidence_false_rationale_pressure,evidence_emotional_pressure,evidence_authority_pressure",S0,15,,,320,4.919687,0.000000
pooled_evidence_aligned,"evidence_true_belief_pressure,evidence_true_rationale_pressure",S0,15,,,160,-3.049893,0.000000
distractor_only,evidence_distractor_neutral,S0,15,,,80,1.158027,0.000000
per_condition,evidence_false_belief_pressure,S0,16,,,80,0.510714,0.000000
per_condition,evidence_false_rationale_pressure,S0,16,,,80,1.589763,0.000000
per_condition,evidence_emotional_pressure,S0,16,,,80,7.996908,0.000000
per_condition,evidence_authority_pressure,S0,16,,,80,9.581363,0.000000
per_condition,evidence_true_belief_pressure,S0,16,,,80,-3.088202,0.000000
per_condition,evidence_true_rationale_pressure,S0,16,,,80,-3.011584,0.000000
per_condition,evidence_distractor_neutral,S0,16,,,80,1.158027,0.000000
pooled_false_pressure,"evidence_false_belief_pressure,evidence_false_rationale_pressure,evidence_emotional_pressure,evidence_authority_pressure",S0,16,,,320,4.919687,0.000000
pooled_evidence_aligned,"evidence_true_belief_pressure,evidence_true_rationale_pressure",S0,16,,,160,-3.049893,0.000000
distractor_only,evidence_distractor_neutral,S0,16,,,80,1.158027,0.000000
per_condition,evidence_false_belief_pressure,S0,17,,,80,0.510714,0.000000
per_condition,evidence_false_rationale_pressure,S0,17,,,80,1.589763,0.000000
per_condition,evidence_emotional_pressure,S0,17,,,80,7.996908,0.000000
per_condition,evidence_authority_pressure,S0,17,,,80,9.581363,0.000000
per_condition,evidence_true_belief_pressure,S0,17,,,80,-3.088202,0.000000
per_condition,evidence_true_rationale_pressure,S0,17,,,80,-3.011584,0.000000
per_condition,evidence_distractor_neutral,S0,17,,,80,1.158027,0.000000
pooled_false_pressure,"evidence_false_belief_pressure,evidence_false_rationale_pressure,evidence_emotional_pressure,evidence_authority_pressure",S0,17,,,320,4.919687,0.000000
pooled_evidence_aligned,"evidence_true_belief_pressure,evidence_true_rationale_pressure",S0,17,,,160,-3.049893,0.000000
distractor_only,evidence_distractor_neutral,S0,17,,,80,1.158027,0.000000
per_condition,evidence_false_belief_pressure,S0,18,,,80,0.510714,0.000000
per_condition,evidence_false_rationale_pressure,S0,18,,,80,1.589763,0.000000
per_condition,evidence_emotional_pressure,S0,18,,,80,7.996908,0.000000
per_condition,evidence_authority_pressure,S0,18,,,80,9.581363,0.000000
per_condition,evidence_true_belief_pressure,S0,18,,,80,-3.088202,0.000000
per_condition,evidence_true_rationale_pressure,S0,18,,,80,-3.011584,0.000000
per_condition,evidence_distractor_neutral,S0,18,,,80,1.158027,0.000000
pooled_false_pressure,"evidence_false_belief_pressure,evidence_false_rationale_pressure,evidence_emotional_pressure,evidence_authority_pressure",S0,18,,,320,4.919687,0.000000
pooled_evidence_aligned,"evidence_true_belief_pressure,evidence_true_rationale_pressure",S0,18,,,160,-3.049893,0.000000
distractor_only,evidence_distractor_neutral,S0,18,,,80,1.158027,0.000000
per_condition,evidence_false_belief_pressure,S0,19,,,80,0.510714,0.000000
per_condition,evidence_false_rationale_pressure,S0,19,,,80,1.589763,0.000000
per_condition,evidence_emotional_pressure,S0,19,,,80,7.996908,0.000000
per_condition,evidence_authority_pressure,S0,19,,,80,9.581363,0.000000
per_condition,evidence_true_belief_pressure,S0,19,,,80,-3.088202,0.000000
per_condition,evidence_true_rationale_pressure,S0,19,,,80,-3.011584,0.000000
per_condition,evidence_distractor_neutral,S0,19,,,80,1.158027,0.000000
pooled_false_pressure,"evidence_false_belief_pressure,evidence_false_rationale_pressure,evidence_emotional_pressure,evidence_authority_pressure",S0,19,,,320,4.919687,0.000000
pooled_evidence_aligned,"evidence_true_belief_pressure,evidence_true_rationale_pressure",S0,19,,,160,-3.049893,0.000000
distractor_only,evidence_distractor_neutral,S0,19,,,80,1.158027,0.000000
per_condition,evidence_false_belief_pressure,S0,20,,,80,0.510714,0.000000
per_condition,evidence_false_rationale_pressure,S0,20,,,80,1.589763,0.000000
per_condition,evidence_emotional_pressure,S0,20,,,80,7.996908,0.000000
per_condition,evidence_authority_pressure,S0,20,,,80,9.581363,0.000000
per_condition,evidence_true_belief_pressure,S0,20,,,80,-3.088202,0.000000
per_condition,evidence_true_rationale_pressure,S0,20,,,80,-3.011584,0.000000
per_condition,evidence_distractor_neutral,S0,20,,,80,1.158027,0.000000
pooled_false_pressure,"evidence_false_belief_pressure,evidence_false_rationale_pressure,evidence_emotional_pressure,evidence_authority_pressure",S0,20,,,320,4.919687,0.000000
pooled_evidence_aligned,"evidence_true_belief_pressure,evidence_true_rationale_pressure",S0,20,,,160,-3.049893,0.000000
distractor_only,evidence_distractor_neutral,S0,20,,,80,1.158027,0.000000
per_condition,evidence_false_belief_pressure,S0,21,,,80,0.510714,0.000000
per_condition,evidence_false_rationale_pressure,S0,21,,,80,1.589763,0.000000
per_condition,evidence_emotional_pressure,S0,21,,,80,7.996908,0.000000
per_condition,evidence_authority_pressure,S0,21,,,80,9.581363,0.000000
per_condition,evidence_true_belief_pressure,S0,21,,,80,-3.088202,0.000000
per_condition,evidence_true_rationale_pressure,S0,21,,,80,-3.011584,0.000000
per_condition,evidence_distractor_neutral,S0,21,,,80,1.158027,0.000000
pooled_false_pressure,"evidence_false_belief_pressure,evidence_false_rationale_pressure,evidence_emotional_pressure,evidence_authority_pressure",S0,21,,,320,4.919687,0.000000
pooled_evidence_aligned,"evidence_true_belief_pressure,evidence_true_rationale_pressure",S0,21,,,160,-3.049893,0.000000
distractor_only,evidence_distractor_neutral,S0,21,,,80,1.158027,0.000000
per_condition,evidence_false_belief_pressure,S0,22,,,80,0.510714,0.000000
per_condition,evidence_false_rationale_pressure,S0,22,,,80,1.589763,0.000000
per_condition,evidence_emotional_pressure,S0,22,,,80,7.996908,0.000000
per_condition,evidence_authority_pressure,S0,22,,,80,9.581363,0.000000
per_condition,evidence_true_belief_pressure,S0,22,,,80,-3.088202,0.000000
per_condition,evidence_true_rationale_pressure,S0,22,,,80,-3.011584,0.000000
per_condition,evidence_distractor_neutral,S0,22,,,80,1.158027,0.000000
pooled_false_pressure,"evidence_false_belief_pressure,evidence_false_rationale_pressure,evidence_emotional_pressure,evidence_authority_pressure",S0,22,,,320,4.919687,0.000000
pooled_evidence_aligned,"evidence_true_belief_pressure,evidence_true_rationale_pressure",S0,22,,,160,-3.049893,0.000000
distractor_only,evidence_distractor_neutral,S0,22,,,80,1.158027,0.000000
per_condition,evidence_false_belief_pressure,S0,23,,,80,0.510714,0.000000
per_condition,evidence_false_rationale_pressure,S0,23,,,80,1.589763,0.000000
per_condition,evidence_emotional_pressure,S0,23,,,80,7.996908,0.000000
per_condition,evidence_authority_pressure,S0,23,,,80,9.581363,0.000000
per_condition,evidence_true_belief_pressure,S0,23,,,80,-3.088202,0.000000
per_condition,evidence_true_rationale_pressure,S0,23,,,80,-3.011584,0.000000
per_condition,evidence_distractor_neutral,S0,23,,,80,1.158027,0.000000
pooled_false_pressure,"evidence_false_belief_pressure,evidence_false_rationale_pressure,evidence_emotional_pressure,evidence_authority_pressure",S0,23,,,320,4.919687,0.000000
pooled_evidence_aligned,"evidence_true_belief_pressure,evidence_true_rationale_pressure",S0,23,,,160,-3.049893,0.000000
distractor_only,evidence_distractor_neutral,S0,23,,,80,1.158027,0.000000
per_condition,evidence_false_belief_pressure,S0,24,,,80,0.510714,0.000000
per_condition,evidence_false_rationale_pressure,S0,24,,,80,1.589763,0.000000
per_condition,evidence_emotional_pressure,S0,24,,,80,7.996908,0.000000
per_condition,evidence_authority_pressure,S0,24,,,80,9.581363,0.000000
per_condition,evidence_true_belief_pressure,S0,24,,,80,-3.088202,0.000000
per_condition,evidence_true_rationale_pressure,S0,24,,,80,-3.011584,0.000000
per_condition,evidence_distractor_neutral,S0,24,,,80,1.158027,0.000000
pooled_false_pressure,"evidence_false_belief_pressure,evidence_false_rationale_pressure,evidence_emotional_pressure,evidence_authority_pressure",S0,24,,,320,4.919687,0.000000
pooled_evidence_aligned,"evidence_true_belief_pressure,evidence_true_rationale_pressure",S0,24,,,160,-3.049893,0.000000
distractor_only,evidence_distractor_neutral,S0,24,,,80,1.158027,0.000000
per_condition,evidence_false_belief_pressure,S0,25,,,80,0.510714,0.000000
per_condition,evidence_false_rationale_pressure,S0,25,,,80,1.589763,0.000000
per_condition,evidence_emotional_pressure,S0,25,,,80,7.996908,0.000000
per_condition,evidence_authority_pressure,S0,25,,,80,9.581363,0.000000
per_condition,evidence_true_belief_pressure,S0,25,,,80,-3.088202,0.000000
per_condition,evidence_true_rationale_pressure,S0,25,,,80,-3.011584,0.000000
per_condition,evidence_distractor_neutral,S0,25,,,80,1.158027,0.000000
pooled_false_pressure,"evidence_false_belief_pressure,evidence_false_rationale_pressure,evidence_emotional_pressure,evidence_authority_pressure",S0,25,,,320,4.919687,0.000000
pooled_evidence_aligned,"evidence_true_belief_pressure,evidence_true_rationale_pressure",S0,25,,,160,-3.049893,0.000000
distractor_only,evidence_distractor_neutral,S0,25,,,80,1.158027,0.000000
per_condition,evidence_false_belief_pressure,S0,26,,,80,0.510714,0.000000
per_condition,evidence_false_rationale_pressure,S0,26,,,80,1.589763,0.000000
per_condition,evidence_emotional_pressure,S0,26,,,80,7.996908,0.000000
per_condition,evidence_authority_pressure,S0,26,,,80,9.581363,0.000000
per_condition,evidence_true_belief_pressure,S0,26,,,80,-3.088202,0.000000
per_condition,evidence_true_rationale_pressure,S0,26,,,80,-3.011584,0.000000
per_condition,evidence_distractor_neutral,S0,26,,,80,1.158027,0.000000
pooled_false_pressure,"evidence_false_belief_pressure,evidence_false_rationale_pressure,evidence_emotional_pressure,evidence_authority_pressure",S0,26,,,320,4.919687,0.000000
pooled_evidence_aligned,"evidence_true_belief_pressure,evidence_true_rationale_pressure",S0,26,,,160,-3.049893,0.000000
distractor_only,evidence_distractor_neutral,S0,26,,,80,1.158027,0.000000
per_condition,evidence_false_belief_pressure,S0,27,,,80,0.510714,0.000000
per_condition,evidence_false_rationale_pressure,S0,27,,,80,1.589763,0.000000
per_condition,evidence_emotional_pressure,S0,27,,,80,7.996908,0.000000
per_condition,evidence_authority_pressure,S0,27,,,80,9.581363,0.000000
per_condition,evidence_true_belief_pressure,S0,27,,,80,-3.088202,0.000000
per_condition,evidence_true_rationale_pressure,S0,27,,,80,-3.011584,0.000000
per_condition,evidence_distractor_neutral,S0,27,,,80,1.158027,0.000000
pooled_false_pressure,"evidence_false_belief_pressure,evidence_false_rationale_pressure,evidence_emotional_pressure,evidence_authority_pressure",S0,27,,,320,4.919687,0.000000
pooled_evidence_aligned,"evidence_true_belief_pressure,evidence_true_rationale_pressure",S0,27,,,160,-3.049893,0.000000
distractor_only,evidence_distractor_neutral,S0,27,,,80,1.158027,0.000000
per_condition,evidence_false_belief_pressure,S0,28,,,80,0.510714,0.000000
per_condition,evidence_false_rationale_pressure,S0,28,,,80,1.589763,0.000000
per_condition,evidence_emotional_pressure,S0,28,,,80,7.996908,0.000000
per_condition,evidence_authority_pressure,S0,28,,,80,9.581363,0.000000
per_condition,evidence_true_belief_pressure,S0,28,,,80,-3.088202,0.000000
per_condition,evidence_true_rationale_pressure,S0,28,,,80,-3.011584,0.000000
per_condition,evidence_distractor_neutral,S0,28,,,80,1.158027,0.000000
pooled_false_pressure,"evidence_false_belief_pressure,evidence_false_rationale_pressure,evidence_emotional_pressure,evidence_authority_pressure",S0,28,,,320,4.919687,0.000000
pooled_evidence_aligned,"evidence_true_belief_pressure,evidence_true_rationale_pressure",S0,28,,,160,-3.049893,0.000000
distractor_only,evidence_distractor_neutral,S0,28,,,80,1.158027,0.000000
per_condition,evidence_false_belief_pressure,S0,29,,,80,0.510714,0.000000
per_condition,evidence_false_rationale_pressure,S0,29,,,80,1.589763,0.000000
per_condition,evidence_emotional_pressure,S0,29,,,80,7.996908,0.000000
per_condition,evidence_authority_pressure,S0,29,,,80,9.581363,0.000000
per_condition,evidence_true_belief_pressure,S0,29,,,80,-3.088202,0.000000
per_condition,evidence_true_rationale_pressure,S0,29,,,80,-3.011584,0.000000
per_condition,evidence_distractor_neutral,S0,29,,,80,1.158027,0.000000
pooled_false_pressure,"evidence_false_belief_pressure,evidence_false_rationale_pressure,evidence_emotional_pressure,evidence_authority_pressure",S0,29,,,320,4.919687,0.000000
pooled_evidence_aligned,"evidence_true_belief_pressure,evidence_true_rationale_pressure",S0,29,,,160,-3.049893,0.000000
distractor_only,evidence_distractor_neutral,S0,29,,,80,1.158027,0.000000
per_condition,evidence_false_belief_pressure,S0,30,,,80,0.510714,0.000000
per_condition,evidence_false_rationale_pressure,S0,30,,,80,1.589763,0.000000
per_condition,evidence_emotional_pressure,S0,30,,,80,7.996908,0.000000
per_condition,evidence_authority_pressure,S0,30,,,80,9.581363,0.000000
per_condition,evidence_true_belief_pressure,S0,30,,,80,-3.088202,0.000000
per_condition,evidence_true_rationale_pressure,S0,30,,,80,-3.011584,0.000000
per_condition,evidence_distractor_neutral,S0,30,,,80,1.158027,0.000000
pooled_false_pressure,"evidence_false_belief_pressure,evidence_false_rationale_pressure,evidence_emotional_pressure,evidence_authority_pressure",S0,30,,,320,4.919687,0.000000
pooled_evidence_aligned,"evidence_true_belief_pressure,evidence_true_rationale_pressure",S0,30,,,160,-3.049893,0.000000
distractor_only,evidence_distractor_neutral,S0,30,,,80,1.158027,0.000000
per_condition,evidence_false_belief_pressure,S0,31,,,80,0.510714,0.000000
per_condition,evidence_false_rationale_pressure,S0,31,,,80,1.589763,0.000000
per_condition,evidence_emotional_pressure,S0,31,,,80,7.996908,0.000000
per_condition,evidence_authority_pressure,S0,31,,,80,9.581363,0.000000
per_condition,evidence_true_belief_pressure,S0,31,,,80,-3.088202,0.000000
per_condition,evidence_true_rationale_pressure,S0,31,,,80,-3.011584,0.000000
per_condition,evidence_distractor_neutral,S0,31,,,80,1.158027,0.000000
pooled_false_pressure,"evidence_false_belief_pressure,evidence_false_rationale_pressure,evidence_emotional_pressure,evidence_authority_pressure",S0,31,,,320,4.919687,0.000000
pooled_evidence_aligned,"evidence_true_belief_pressure,evidence_true_rationale_pressure",S0,31,,,160,-3.049893,0.000000
distractor_only,evidence_distractor_neutral,S0,31,,,80,1.158027,0.000000
per_condition,evidence_false_belief_pressure,S0,32,,,80,0.510714,0.000000
per_condition,evidence_false_rationale_pressure,S0,32,,,80,1.589763,0.000000
per_condition,evidence_emotional_pressure,S0,32,,,80,7.996908,0.000000
per_condition,evidence_authority_pressure,S0,32,,,80,9.581363,0.000000
per_condition,evidence_true_belief_pressure,S0,32,,,80,-3.088202,0.000000
per_condition,evidence_true_rationale_pressure,S0,32,,,80,-3.011584,0.000000
per_condition,evidence_distractor_neutral,S0,32,,,80,1.158027,0.000000
pooled_false_pressure,"evidence_false_belief_pressure,evidence_false_rationale_pressure,evidence_emotional_pressure,evidence_authority_pressure",S0,32,,,320,4.919687,0.000000
pooled_evidence_aligned,"evidence_true_belief_pressure,evidence_true_rationale_pressure",S0,32,,,160,-3.049893,0.000000
distractor_only,evidence_distractor_neutral,S0,32,,,80,1.158027,0.000000
per_condition,evidence_false_belief_pressure,S0,33,,,80,0.510714,0.000000
per_condition,evidence_false_rationale_pressure,S0,33,,,80,1.589763,0.000000
per_condition,evidence_emotional_pressure,S0,33,,,80,7.996908,0.000000
per_condition,evidence_authority_pressure,S0,33,,,80,9.581363,0.000000
per_condition,evidence_true_belief_pressure,S0,33,,,80,-3.088202,0.000000
per_condition,evidence_true_rationale_pressure,S0,33,,,80,-3.011584,0.000000
per_condition,evidence_distractor_neutral,S0,33,,,80,1.158027,0.000000
pooled_false_pressure,"evidence_false_belief_pressure,evidence_false_rationale_pressure,evidence_emotional_pressure,evidence_authority_pressure",S0,33,,,320,4.919687,0.000000
pooled_evidence_aligned,"evidence_true_belief_pressure,evidence_true_rationale_pressure",S0,33,,,160,-3.049893,0.000000
distractor_only,evidence_distractor_neutral,S0,33,,,80,1.158027,0.000000
per_condition,evidence_false_belief_pressure,S0,34,,,80,0.510714,0.000000
per_condition,evidence_false_rationale_pressure,S0,34,,,80,1.589763,0.000000
per_condition,evidence_emotional_pressure,S0,34,,,80,7.996908,0.000000
per_condition,evidence_authority_pressure,S0,34,,,80,9.581363,0.000000
per_condition,evidence_true_belief_pressure,S0,34,,,80,-3.088202,0.000000
per_condition,evidence_true_rationale_pressure,S0,34,,,80,-3.011584,0.000000
per_condition,evidence_distractor_neutral,S0,34,,,80,1.158027,0.000000
pooled_false_pressure,"evidence_false_belief_pressure,evidence_false_rationale_pressure,evidence_emotional_pressure,evidence_authority_pressure",S0,34,,,320,4.919687,0.000000
pooled_evidence_aligned,"evidence_true_belief_pressure,evidence_true_rationale_pressure",S0,34,,,160,-3.049893,0.000000
distractor_only,evidence_distractor_neutral,S0,34,,,80,1.158027,0.000000
per_condition,evidence_false_belief_pressure,S0,35,,,80,0.510714,0.000000
per_condition,evidence_false_rationale_pressure,S0,35,,,80,1.589763,0.000000
per_condition,evidence_emotional_pressure,S0,35,,,80,7.996908,0.000000
per_condition,evidence_authority_pressure,S0,35,,,80,9.581363,0.000000
per_condition,evidence_true_belief_pressure,S0,35,,,80,-3.088202,0.000000
per_condition,evidence_true_rationale_pressure,S0,35,,,80,-3.011584,0.000000
per_condition,evidence_distractor_neutral,S0,35,,,80,1.158027,0.000000
pooled_false_pressure,"evidence_false_belief_pressure,evidence_false_rationale_pressure,evidence_emotional_pressure,evidence_authority_pressure",S0,35,,,320,4.919687,0.000000
pooled_evidence_aligned,"evidence_true_belief_pressure,evidence_true_rationale_pressure",S0,35,,,160,-3.049893,0.000000
distractor_only,evidence_distractor_neutral,S0,35,,,80,1.158027,0.000000
per_condition,evidence_false_belief_pressure,S1,0,,,80,0.510714,0.000000
per_condition,evidence_false_rationale_pressure,S1,0,,,80,1.589763,0.000000
per_condition,evidence_emotional_pressure,S1,0,,,80,7.996908,0.000000
per_condition,evidence_authority_pressure,S1,0,,,80,9.581363,0.000000
per_condition,evidence_true_belief_pressure,S1,0,,,80,-3.088202,0.000000
per_condition,evidence_true_rationale_pressure,S1,0,,,80,-3.011584,0.000000
per_condition,evidence_distractor_neutral,S1,0,,,80,1.158027,0.000000
pooled_false_pressure,"evidence_false_belief_pressure,evidence_false_rationale_pressure,evidence_emotional_pressure,evidence_authority_pressure",S1,0,,,320,4.919687,0.000000
pooled_evidence_aligned,"evidence_true_belief_pressure,evidence_true_rationale_pressure",S1,0,,,160,-3.049893,0.000000
distractor_only,evidence_distractor_neutral,S1,0,,,80,1.158027,0.000000
per_condition,evidence_false_belief_pressure,S1,1,,,80,0.510714,0.000000
per_condition,evidence_false_rationale_pressure,S1,1,,,80,1.589763,0.000000
per_condition,evidence_emotional_pressure,S1,1,,,80,7.996908,0.000000
per_condition,evidence_authority_pressure,S1,1,,,80,9.581363,0.000000
per_condition,evidence_true_belief_pressure,S1,1,,,80,-3.088202,0.000000
per_condition,evidence_true_rationale_pressure,S1,1,,,80,-3.011584,0.000000
per_condition,evidence_distractor_neutral,S1,1,,,80,1.158027,0.000000
pooled_false_pressure,"evidence_false_belief_pressure,evidence_false_rationale_pressure,evidence_emotional_pressure,evidence_authority_pressure",S1,1,,,320,4.919687,0.000000
pooled_evidence_aligned,"evidence_true_belief_pressure,evidence_true_rationale_pressure",S1,1,,,160,-3.049893,0.000000
distractor_only,evidence_distractor_neutral,S1,1,,,80,1.158027,0.000000
per_condition,evidence_false_belief_pressure,S1,2,,,80,0.510714,0.000000
per_condition,evidence_false_rationale_pressure,S1,2,,,80,1.589763,0.000000
per_condition,evidence_emotional_pressure,S1,2,,,80,7.996908,0.000000
per_condition,evidence_authority_pressure,S1,2,,,80,9.581363,0.000000
per_condition,evidence_true_belief_pressure,S1,2,,,80,-3.088202,0.000000
per_condition,evidence_true_rationale_pressure,S1,2,,,80,-3.011584,0.000000
per_condition,evidence_distractor_neutral,S1,2,,,80,1.158027,0.000000
pooled_false_pressure,"evidence_false_belief_pressure,evidence_false_rationale_pressure,evidence_emotional_pressure,evidence_authority_pressure",S1,2,,,320,4.919687,0.000000
pooled_evidence_aligned,"evidence_true_belief_pressure,evidence_true_rationale_pressure",S1,2,,,160,-3.049893,0.000000
distractor_only,evidence_distractor_neutral,S1,2,,,80,1.158027,0.000000
per_condition,evidence_false_belief_pressure,S1,3,,,80,0.510714,0.000000
per_condition,evidence_false_rationale_pressure,S1,3,,,80,1.589763,0.000000
per_condition,evidence_emotional_pressure,S1,3,,,80,7.996908,0.000000
per_condition,evidence_authority_pressure,S1,3,,,80,9.581363,0.000000
per_condition,evidence_true_belief_pressure,S1,3,,,80,-3.088202,0.000000
per_condition,evidence_true_rationale_pressure,S1,3,,,80,-3.011584,0.000000
per_condition,evidence_distractor_neutral,S1,3,,,80,1.158027,0.000000
pooled_false_pressure,"evidence_false_belief_pressure,evidence_false_rationale_pressure,evidence_emotional_pressure,evidence_authority_pressure",S1,3,,,320,4.919687,0.000000
pooled_evidence_aligned,"evidence_true_belief_pressure,evidence_true_rationale_pressure",S1,3,,,160,-3.049893,0.000000
distractor_only,evidence_distractor_neutral,S1,3,,,80,1.158027,0.000000
per_condition,evidence_false_belief_pressure,S1,4,,,80,0.510714,0.000000
per_condition,evidence_false_rationale_pressure,S1,4,,,80,1.589763,0.000000
per_condition,evidence_emotional_pressure,S1,4,,,80,7.996908,0.000000
per_condition,evidence_authority_pressure,S1,4,,,80,9.581363,0.000000
per_condition,evidence_true_belief_pressure,S1,4,,,80,-3.088202,0.000000
per_condition,evidence_true_rationale_pressure,S1,4,,,80,-3.011584,0.000000
per_condition,evidence_distractor_neutral,S1,4,,,80,1.158027,0.000000
pooled_false_pressure,"evidence_false_belief_pressure,evidence_false_rationale_pressure,evidence_emotional_pressure,evidence_authority_pressure",S1,4,,,320,4.919687,0.000000
pooled_evidence_aligned,"evidence_true_belief_pressure,evidence_true_rationale_pressure",S1,4,,,160,-3.049893,0.000000
distractor_only,evidence_distractor_neutral,S1,4,,,80,1.158027,0.000000
per_condition,evidence_false_belief_pressure,S1,5,,,80,0.510714,0.000000
per_condition,evidence_false_rationale_pressure,S1,5,,,80,1.589763,0.000000
per_condition,evidence_emotional_pressure,S1,5,,,80,7.996908,0.000000
per_condition,evidence_authority_pressure,S1,5,,,80,9.581363,0.000000
per_condition,evidence_true_belief_pressure,S1,5,,,80,-3.088202,0.000000
per_condition,evidence_true_rationale_pressure,S1,5,,,80,-3.011584,0.000000
per_condition,evidence_distractor_neutral,S1,5,,,80,1.158027,0.000000
pooled_false_pressure,"evidence_false_belief_pressure,evidence_false_rationale_pressure,evidence_emotional_pressure,evidence_authority_pressure",S1,5,,,320,4.919687,0.000000
pooled_evidence_aligned,"evidence_true_belief_pressure,evidence_true_rationale_pressure",S1,5,,,160,-3.049893,0.000000
distractor_only,evidence_distractor_neutral,S1,5,,,80,1.158027,0.000000
per_condition,evidence_false_belief_pressure,S1,6,,,80,0.510714,0.000000
per_condition,evidence_false_rationale_pressure,S1,6,,,80,1.589763,0.000000
per_condition,evidence_emotional_pressure,S1,6,,,80,7.996908,0.000000
per_condition,evidence_authority_pressure,S1,6,,,80,9.581363,0.000000
per_condition,evidence_true_belief_pressure,S1,6,,,80,-3.088202,0.000000
per_condition,evidence_true_rationale_pressure,S1,6,,,80,-3.011584,0.000000
per_condition,evidence_distractor_neutral,S1,6,,,80,1.158027,0.000000
pooled_false_pressure,"evidence_false_belief_pressure,evidence_false_rationale_pressure,evidence_emotional_pressure,evidence_authority_pressure",S1,6,,,320,4.919687,0.000000
pooled_evidence_aligned,"evidence_true_belief_pressure,evidence_true_rationale_pressure",S1,6,,,160,-3.049893,0.000000
distractor_only,evidence_distractor_neutral,S1,6,,,80,1.158027,0.000000
per_condition,evidence_false_belief_pressure,S1,7,,,80,0.510714,0.000000
per_condition,evidence_false_rationale_pressure,S1,7,,,80,1.589763,0.000000
per_condition,evidence_emotional_pressure,S1,7,,,80,7.996908,0.000000
per_condition,evidence_authority_pressure,S1,7,,,80,9.581363,0.000000
per_condition,evidence_true_belief_pressure,S1,7,,,80,-3.088202,0.000000
per_condition,evidence_true_rationale_pressure,S1,7,,,80,-3.011584,0.000000
per_condition,evidence_distractor_neutral,S1,7,,,80,1.158027,0.000000
pooled_false_pressure,"evidence_false_belief_pressure,evidence_false_rationale_pressure,evidence_emotional_pressure,evidence_authority_pressure",S1,7,,,320,4.919687,0.000000
pooled_evidence_aligned,"evidence_true_belief_pressure,evidence_true_rationale_pressure",S1,7,,,160,-3.049893,0.000000
distractor_only,evidence_distractor_neutral,S1,7,,,80,1.158027,0.000000
per_condition,evidence_false_belief_pressure,S1,8,,,80,0.510714,0.000000
per_condition,evidence_false_rationale_pressure,S1,8,,,80,1.589763,0.000000
per_condition,evidence_emotional_pressure,S1,8,,,80,7.996908,0.000000
per_condition,evidence_authority_pressure,S1,8,,,80,9.581363,0.000000
per_condition,evidence_true_belief_pressure,S1,8,,,80,-3.088202,0.000000
per_condition,evidence_true_rationale_pressure,S1,8,,,80,-3.011584,0.000000
per_condition,evidence_distractor_neutral,S1,8,,,80,1.158027,0.000000
pooled_false_pressure,"evidence_false_belief_pressure,evidence_false_rationale_pressure,evidence_emotional_pressure,evidence_authority_pressure",S1,8,,,320,4.919687,0.000000
pooled_evidence_aligned,"evidence_true_belief_pressure,evidence_true_rationale_pressure",S1,8,,,160,-3.049893,0.000000
distractor_only,evidence_distractor_neutral,S1,8,,,80,1.158027,0.000000
per_condition,evidence_false_belief_pressure,S1,9,,,80,0.510714,0.000000
per_condition,evidence_false_rationale_pressure,S1,9,,,80,1.589763,0.000000
per_condition,evidence_emotional_pressure,S1,9,,,80,7.996908,0.000000
per_condition,evidence_authority_pressure,S1,9,,,80,9.581363,0.000000
per_condition,evidence_true_belief_pressure,S1,9,,,80,-3.088202,0.000000
per_condition,evidence_true_rationale_pressure,S1,9,,,80,-3.011584,0.000000
per_condition,evidence_distractor_neutral,S1,9,,,80,1.158027,0.000000
pooled_false_pressure,"evidence_false_belief_pressure,evidence_false_rationale_pressure,evidence_emotional_pressure,evidence_authority_pressure",S1,9,,,320,4.919687,0.000000
pooled_evidence_aligned,"evidence_true_belief_pressure,evidence_true_rationale_pressure",S1,9,,,160,-3.049893,0.000000
distractor_only,evidence_distractor_neutral,S1,9,,,80,1.158027,0.000000
per_condition,evidence_false_belief_pressure,S1,10,,,80,0.510714,0.000000
per_condition,evidence_false_rationale_pressure,S1,10,,,80,1.589763,0.000000
per_condition,evidence_emotional_pressure,S1,10,,,80,7.996908,0.000000
per_condition,evidence_authority_pressure,S1,10,,,80,9.581363,0.000000
per_condition,evidence_true_belief_pressure,S1,10,,,80,-3.088202,0.000000
per_condition,evidence_true_rationale_pressure,S1,10,,,80,-3.011584,0.000000
per_condition,evidence_distractor_neutral,S1,10,,,80,1.158027,0.000000
pooled_false_pressure,"evidence_false_belief_pressure,evidence_false_rationale_pressure,evidence_emotional_pressure,evidence_authority_pressure",S1,10,,,320,4.919687,0.000000
pooled_evidence_aligned,"evidence_true_belief_pressure,evidence_true_rationale_pressure",S1,10,,,160,-3.049893,0.000000
distractor_only,evidence_distractor_neutral,S1,10,,,80,1.158027,0.000000
per_condition,evidence_false_belief_pressure,S1,11,,,80,0.510714,0.000000
per_condition,evidence_false_rationale_pressure,S1,11,,,80,1.589763,0.000000
per_condition,evidence_emotional_pressure,S1,11,,,80,7.996908,0.000000
per_condition,evidence_authority_pressure,S1,11,,,80,9.581363,0.000000
per_condition,evidence_true_belief_pressure,S1,11,,,80,-3.088202,0.000000
per_condition,evidence_true_rationale_pressure,S1,11,,,80,-3.011584,0.000000
per_condition,evidence_distractor_neutral,S1,11,,,80,1.158027,0.000000
pooled_false_pressure,"evidence_false_belief_pressure,evidence_false_rationale_pressure,evidence_emotional_pressure,evidence_authority_pressure",S1,11,,,320,4.919687,0.000000
pooled_evidence_aligned,"evidence_true_belief_pressure,evidence_true_rationale_pressure",S1,11,,,160,-3.049893,0.000000
distractor_only,evidence_distractor_neutral,S1,11,,,80,1.158027,0.000000
per_condition,evidence_false_belief_pressure,S1,12,,,80,0.510714,0.000000
per_condition,evidence_false_rationale_pressure,S1,12,,,80,1.589763,0.000000
per_condition,evidence_emotional_pressure,S1,12,,,80,7.996908,0.000000
per_condition,evidence_authority_pressure,S1,12,,,80,9.581363,0.000000
per_condition,evidence_true_belief_pressure,S1,12,,,80,-3.088202,0.000000
per_condition,evidence_true_rationale_pressure,S1,12,,,80,-3.011584,0.000000
per_condition,evidence_distractor_neutral,S1,12,,,80,1.158027,0.000000
pooled_false_pressure,"evidence_false_belief_pressure,evidence_false_rationale_pressure,evidence_emotional_pressure,evidence_authority_pressure",S1,12,,,320,4.919687,0.000000
pooled_evidence_aligned,"evidence_true_belief_pressure,evidence_true_rationale_pressure",S1,12,,,160,-3.049893,0.000000
distractor_only,evidence_distractor_neutral,S1,12,,,80,1.158027,0.000000
per_condition,evidence_false_belief_pressure,S1,13,,,80,0.510714,0.000000
per_condition,evidence_false_rationale_pressure,S1,13,,,80,1.589763,0.000000
per_condition,evidence_emotional_pressure,S1,13,,,80,7.996908,0.000000
per_condition,evidence_authority_pressure,S1,13,,,80,9.581363,0.000000
per_condition,evidence_true_belief_pressure,S1,13,,,80,-3.088202,0.000000
per_condition,evidence_true_rationale_pressure,S1,13,,,80,-3.011584,0.000000
per_condition,evidence_distractor_neutral,S1,13,,,80,1.158027,0.000000
pooled_false_pressure,"evidence_false_belief_pressure,evidence_false_rationale_pressure,evidence_emotional_pressure,evidence_authority_pressure",S1,13,,,320,4.919687,0.000000
pooled_evidence_aligned,"evidence_true_belief_pressure,evidence_true_rationale_pressure",S1,13,,,160,-3.049893,0.000000
distractor_only,evidence_distractor_neutral,S1,13,,,80,1.158027,0.000000
per_condition,evidence_false_belief_pressure,S1,14,,,80,0.510714,0.000000
per_condition,evidence_false_rationale_pressure,S1,14,,,80,1.589763,0.000000
per_condition,evidence_emotional_pressure,S1,14,,,80,7.996908,0.000000
per_condition,evidence_authority_pressure,S1,14,,,80,9.581363,0.000000
per_condition,evidence_true_belief_pressure,S1,14,,,80,-3.088202,0.000000
per_condition,evidence_true_rationale_pressure,S1,14,,,80,-3.011584,0.000000
per_condition,evidence_distractor_neutral,S1,14,,,80,1.158027,0.000000
pooled_false_pressure,"evidence_false_belief_pressure,evidence_false_rationale_pressure,evidence_emotional_pressure,evidence_authority_pressure",S1,14,,,320,4.919687,0.000000
pooled_evidence_aligned,"evidence_true_belief_pressure,evidence_true_rationale_pressure",S1,14,,,160,-3.049893,0.000000
distractor_only,evidence_distractor_neutral,S1,14,,,80,1.158027,0.000000
per_condition,evidence_false_belief_pressure,S1,15,,,80,0.510714,0.000000
per_condition,evidence_false_rationale_pressure,S1,15,,,80,1.589763,0.000000
per_condition,evidence_emotional_pressure,S1,15,,,80,7.996908,0.000000
per_condition,evidence_authority_pressure,S1,15,,,80,9.581363,0.000000
per_condition,evidence_true_belief_pressure,S1,15,,,80,-3.088202,0.000000
per_condition,evidence_true_rationale_pressure,S1,15,,,80,-3.011584,0.000000
per_condition,evidence_distractor_neutral,S1,15,,,80,1.158027,0.000000
pooled_false_pressure,"evidence_false_belief_pressure,evidence_false_rationale_pressure,evidence_emotional_pressure,evidence_authority_pressure",S1,15,,,320,4.919687,0.000000
pooled_evidence_aligned,"evidence_true_belief_pressure,evidence_true_rationale_pressure",S1,15,,,160,-3.049893,0.000000
distractor_only,evidence_distractor_neutral,S1,15,,,80,1.158027,0.000000
per_condition,evidence_false_belief_pressure,S1,16,,,80,0.510714,0.000000
per_condition,evidence_false_rationale_pressure,S1,16,,,80,1.589763,0.000000
per_condition,evidence_emotional_pressure,S1,16,,,80,7.996908,0.000000
per_condition,evidence_authority_pressure,S1,16,,,80,9.581363,0.000000
per_condition,evidence_true_belief_pressure,S1,16,,,80,-3.088202,0.000000
per_condition,evidence_true_rationale_pressure,S1,16,,,80,-3.011584,0.000000
per_condition,evidence_distractor_neutral,S1,16,,,80,1.158027,0.000000
pooled_false_pressure,"evidence_false_belief_pressure,evidence_false_rationale_pressure,evidence_emotional_pressure,evidence_authority_pressure",S1,16,,,320,4.919687,0.000000
pooled_evidence_aligned,"evidence_true_belief_pressure,evidence_true_rationale_pressure",S1,16,,,160,-3.049893,0.000000
distractor_only,evidence_distractor_neutral,S1,16,,,80,1.158027,0.000000
per_condition,evidence_false_belief_pressure,S1,17,,,80,0.510714,0.000000
per_condition,evidence_false_rationale_pressure,S1,17,,,80,1.589763,0.000000
per_condition,evidence_emotional_pressure,S1,17,,,80,7.996908,0.000000
per_condition,evidence_authority_pressure,S1,17,,,80,9.581363,0.000000
per_condition,evidence_true_belief_pressure,S1,17,,,80,-3.088202,0.000000
per_condition,evidence_true_rationale_pressure,S1,17,,,80,-3.011584,0.000000
per_condition,evidence_distractor_neutral,S1,17,,,80,1.158027,0.000000
pooled_false_pressure,"evidence_false_belief_pressure,evidence_false_rationale_pressure,evidence_emotional_pressure,evidence_authority_pressure",S1,17,,,320,4.919687,0.000000
pooled_evidence_aligned,"evidence_true_belief_pressure,evidence_true_rationale_pressure",S1,17,,,160,-3.049893,0.000000
distractor_only,evidence_distractor_neutral,S1,17,,,80,1.158027,0.000000
per_condition,evidence_false_belief_pressure,S1,18,,,80,0.510714,0.000000
per_condition,evidence_false_rationale_pressure,S1,18,,,80,1.589763,0.000000
per_condition,evidence_emotional_pressure,S1,18,,,80,7.996908,0.000000
per_condition,evidence_authority_pressure,S1,18,,,80,9.581363,0.000000
per_condition,evidence_true_belief_pressure,S1,18,,,80,-3.088202,0.000000
per_condition,evidence_true_rationale_pressure,S1,18,,,80,-3.011584,0.000000
per_condition,evidence_distractor_neutral,S1,18,,,80,1.158027,0.000000
pooled_false_pressure,"evidence_false_belief_pressure,evidence_false_rationale_pressure,evidence_emotional_pressure,evidence_authority_pressure",S1,18,,,320,4.919687,0.000000
pooled_evidence_aligned,"evidence_true_belief_pressure,evidence_true_rationale_pressure",S1,18,,,160,-3.049893,0.000000
distractor_only,evidence_distractor_neutral,S1,18,,,80,1.158027,0.000000
per_condition,evidence_false_belief_pressure,S1,19,,,80,0.510714,0.000000
per_condition,evidence_false_rationale_pressure,S1,19,,,80,1.589763,0.000000
per_condition,evidence_emotional_pressure,S1,19,,,80,7.996908,0.000000
per_condition,evidence_authority_pressure,S1,19,,,80,9.581363,0.000000
per_condition,evidence_true_belief_pressure,S1,19,,,80,-3.088202,0.000000
per_condition,evidence_true_rationale_pressure,S1,19,,,80,-3.011584,0.000000
per_condition,evidence_distractor_neutral,S1,19,,,80,1.158027,0.000000
pooled_false_pressure,"evidence_false_belief_pressure,evidence_false_rationale_pressure,evidence_emotional_pressure,evidence_authority_pressure",S1,19,,,320,4.919687,0.000000
pooled_evidence_aligned,"evidence_true_belief_pressure,evidence_true_rationale_pressure",S1,19,,,160,-3.049893,0.000000
distractor_only,evidence_distractor_neutral,S1,19,,,80,1.158027,0.000000
per_condition,evidence_false_belief_pressure,S1,20,,,80,0.510714,0.000000
per_condition,evidence_false_rationale_pressure,S1,20,,,80,1.589763,0.000000
per_condition,evidence_emotional_pressure,S1,20,,,80,7.996908,0.000000
per_condition,evidence_authority_pressure,S1,20,,,80,9.581363,0.000000
per_condition,evidence_true_belief_pressure,S1,20,,,80,-3.088202,0.000000
per_condition,evidence_true_rationale_pressure,S1,20,,,80,-3.011584,0.000000
per_condition,evidence_distractor_neutral,S1,20,,,80,1.158027,0.000000
pooled_false_pressure,"evidence_false_belief_pressure,evidence_false_rationale_pressure,evidence_emotional_pressure,evidence_authority_pressure",S1,20,,,320,4.919687,0.000000
pooled_evidence_aligned,"evidence_true_belief_pressure,evidence_true_rationale_pressure",S1,20,,,160,-3.049893,0.000000
distractor_only,evidence_distractor_neutral,S1,20,,,80,1.158027,0.000000
per_condition,evidence_false_belief_pressure,S1,21,,,80,0.510714,0.000000
per_condition,evidence_false_rationale_pressure,S1,21,,,80,1.589763,0.000000
per_condition,evidence_emotional_pressure,S1,21,,,80,7.996908,0.000000
per_condition,evidence_authority_pressure,S1,21,,,80,9.581363,0.000000
per_condition,evidence_true_belief_pressure,S1,21,,,80,-3.088202,0.000000
per_condition,evidence_true_rationale_pressure,S1,21,,,80,-3.011584,0.000000
per_condition,evidence_distractor_neutral,S1,21,,,80,1.158027,0.000000
pooled_false_pressure,"evidence_false_belief_pressure,evidence_false_rationale_pressure,evidence_emotional_pressure,evidence_authority_pressure",S1,21,,,320,4.919687,0.000000
pooled_evidence_aligned,"evidence_true_belief_pressure,evidence_true_rationale_pressure",S1,21,,,160,-3.049893,0.000000
distractor_only,evidence_distractor_neutral,S1,21,,,80,1.158027,0.000000
per_condition,evidence_false_belief_pressure,S1,22,,,80,0.510714,0.000000
per_condition,evidence_false_rationale_pressure,S1,22,,,80,1.589763,0.000000
per_condition,evidence_emotional_pressure,S1,22,,,80,7.996908,0.000000
per_condition,evidence_authority_pressure,S1,22,,,80,9.581363,0.000000
per_condition,evidence_true_belief_pressure,S1,22,,,80,-3.088202,0.000000
per_condition,evidence_true_rationale_pressure,S1,22,,,80,-3.011584,0.000000
per_condition,evidence_distractor_neutral,S1,22,,,80,1.158027,0.000000
pooled_false_pressure,"evidence_false_belief_pressure,evidence_false_rationale_pressure,evidence_emotional_pressure,evidence_authority_pressure",S1,22,,,320,4.919687,0.000000
pooled_evidence_aligned,"evidence_true_belief_pressure,evidence_true_rationale_pressure",S1,22,,,160,-3.049893,0.000000
distractor_only,evidence_distractor_neutral,S1,22,,,80,1.158027,0.000000
per_condition,evidence_false_belief_pressure,S1,23,,,80,0.510714,0.000000
per_condition,evidence_false_rationale_pressure,S1,23,,,80,1.589763,0.000000
per_condition,evidence_emotional_pressure,S1,23,,,80,7.996908,0.000000
per_condition,evidence_authority_pressure,S1,23,,,80,9.581363,0.000000
per_condition,evidence_true_belief_pressure,S1,23,,,80,-3.088202,0.000000
per_condition,evidence_true_rationale_pressure,S1,23,,,80,-3.011584,0.000000
per_condition,evidence_distractor_neutral,S1,23,,,80,1.158027,0.000000
pooled_false_pressure,"evidence_false_belief_pressure,evidence_false_rationale_pressure,evidence_emotional_pressure,evidence_authority_pressure",S1,23,,,320,4.919687,0.000000
pooled_evidence_aligned,"evidence_true_belief_pressure,evidence_true_rationale_pressure",S1,23,,,160,-3.049893,0.000000
distractor_only,evidence_distractor_neutral,S1,23,,,80,1.158027,0.000000
per_condition,evidence_false_belief_pressure,S1,24,,,80,0.510714,0.000000
per_condition,evidence_false_rationale_pressure,S1,24,,,80,1.589763,0.000000
per_condition,evidence_emotional_pressure,S1,24,,,80,7.996908,0.000000
per_condition,evidence_authority_pressure,S1,24,,,80,9.581363,0.000000
per_condition,evidence_true_belief_pressure,S1,24,,,80,-3.088202,0.000000
per_condition,evidence_true_rationale_pressure,S1,24,,,80,-3.011584,0.000000
per_condition,evidence_distractor_neutral,S1,24,,,80,1.158027,0.000000
pooled_false_pressure,"evidence_false_belief_pressure,evidence_false_rationale_pressure,evidence_emotional_pressure,evidence_authority_pressure",S1,24,,,320,4.919687,0.000000
pooled_evidence_aligned,"evidence_true_belief_pressure,evidence_true_rationale_pressure",S1,24,,,160,-3.049893,0.000000
distractor_only,evidence_distractor_neutral,S1,24,,,80,1.158027,0.000000
per_condition,evidence_false_belief_pressure,S1,25,,,80,0.510714,0.000000
per_condition,evidence_false_rationale_pressure,S1,25,,,80,1.589763,0.000000
per_condition,evidence_emotional_pressure,S1,25,,,80,7.996908,0.000000
per_condition,evidence_authority_pressure,S1,25,,,80,9.581363,0.000000
per_condition,evidence_true_belief_pressure,S1,25,,,80,-3.088202,0.000000
per_condition,evidence_true_rationale_pressure,S1,25,,,80,-3.011584,0.000000
per_condition,evidence_distractor_neutral,S1,25,,,80,1.158027,0.000000
pooled_false_pressure,"evidence_false_belief_pressure,evidence_false_rationale_pressure,evidence_emotional_pressure,evidence_authority_pressure",S1,25,,,320,4.919687,0.000000
pooled_evidence_aligned,"evidence_true_belief_pressure,evidence_true_rationale_pressure",S1,25,,,160,-3.049893,0.000000
distractor_only,evidence_distractor_neutral,S1,25,,,80,1.158027,0.000000
per_condition,evidence_false_belief_pressure,S1,26,,,80,0.510714,0.000000
per_condition,evidence_false_rationale_pressure,S1,26,,,80,1.589763,0.000000
per_condition,evidence_emotional_pressure,S1,26,,,80,7.996908,0.000000
per_condition,evidence_authority_pressure,S1,26,,,80,9.581363,0.000000
per_condition,evidence_true_belief_pressure,S1,26,,,80,-3.088202,0.000000
per_condition,evidence_true_rationale_pressure,S1,26,,,80,-3.011584,0.000000
per_condition,evidence_distractor_neutral,S1,26,,,80,1.158027,0.000000
pooled_false_pressure,"evidence_false_belief_pressure,evidence_false_rationale_pressure,evidence_emotional_pressure,evidence_authority_pressure",S1,26,,,320,4.919687,0.000000
pooled_evidence_aligned,"evidence_true_belief_pressure,evidence_true_rationale_pressure",S1,26,,,160,-3.049893,0.000000
distractor_only,evidence_distractor_neutral,S1,26,,,80,1.158027,0.000000
per_condition,evidence_false_belief_pressure,S1,27,,,80,0.510714,0.000000
per_condition,evidence_false_rationale_pressure,S1,27,,,80,1.589763,0.000000
per_condition,evidence_emotional_pressure,S1,27,,,80,7.996908,0.000000
per_condition,evidence_authority_pressure,S1,27,,,80,9.581363,0.000000
per_condition,evidence_true_belief_pressure,S1,27,,,80,-3.088202,0.000000
per_condition,evidence_true_rationale_pressure,S1,27,,,80,-3.011584,0.000000
per_condition,evidence_distractor_neutral,S1,27,,,80,1.158027,0.000000
pooled_false_pressure,"evidence_false_belief_pressure,evidence_false_rationale_pressure,evidence_emotional_pressure,evidence_authority_pressure",S1,27,,,320,4.919687,0.000000
pooled_evidence_aligned,"evidence_true_belief_pressure,evidence_true_rationale_pressure",S1,27,,,160,-3.049893,0.000000
distractor_only,evidence_distractor_neutral,S1,27,,,80,1.158027,0.000000
per_condition,evidence_false_belief_pressure,S1,28,,,80,0.510714,0.000000
per_condition,evidence_false_rationale_pressure,S1,28,,,80,1.589763,0.000000
per_condition,evidence_emotional_pressure,S1,28,,,80,7.996908,0.000000
per_condition,evidence_authority_pressure,S1,28,,,80,9.581363,0.000000
per_condition,evidence_true_belief_pressure,S1,28,,,80,-3.088202,0.000000
per_condition,evidence_true_rationale_pressure,S1,28,,,80,-3.011584,0.000000
per_condition,evidence_distractor_neutral,S1,28,,,80,1.158027,0.000000
pooled_false_pressure,"evidence_false_belief_pressure,evidence_false_rationale_pressure,evidence_emotional_pressure,evidence_authority_pressure",S1,28,,,320,4.919687,0.000000
pooled_evidence_aligned,"evidence_true_belief_pressure,evidence_true_rationale_pressure",S1,28,,,160,-3.049893,0.000000
distractor_only,evidence_distractor_neutral,S1,28,,,80,1.158027,0.000000
per_condition,evidence_false_belief_pressure,S1,29,,,80,0.510714,0.000000
per_condition,evidence_false_rationale_pressure,S1,29,,,80,1.589763,0.000000
per_condition,evidence_emotional_pressure,S1,29,,,80,7.996908,0.000000
per_condition,evidence_authority_pressure,S1,29,,,80,9.581363,0.000000
per_condition,evidence_true_belief_pressure,S1,29,,,80,-3.088202,0.000000
per_condition,evidence_true_rationale_pressure,S1,29,,,80,-3.011584,0.000000
per_condition,evidence_distractor_neutral,S1,29,,,80,1.158027,0.000000
pooled_false_pressure,"evidence_false_belief_pressure,evidence_false_rationale_pressure,evidence_emotional_pressure,evidence_authority_pressure",S1,29,,,320,4.919687,0.000000
pooled_evidence_aligned,"evidence_true_belief_pressure,evidence_true_rationale_pressure",S1,29,,,160,-3.049893,0.000000
distractor_only,evidence_distractor_neutral,S1,29,,,80,1.158027,0.000000
per_condition,evidence_false_belief_pressure,S1,30,,,80,0.510714,0.000000
per_condition,evidence_false_rationale_pressure,S1,30,,,80,1.589763,0.000000
per_condition,evidence_emotional_pressure,S1,30,,,80,7.996908,0.000000
per_condition,evidence_authority_pressure,S1,30,,,80,9.581363,0.000000
per_condition,evidence_true_belief_pressure,S1,30,,,80,-3.088202,0.000000
per_condition,evidence_true_rationale_pressure,S1,30,,,80,-3.011584,0.000000
per_condition,evidence_distractor_neutral,S1,30,,,80,1.158027,0.000000
pooled_false_pressure,"evidence_false_belief_pressure,evidence_false_rationale_pressure,evidence_emotional_pressure,evidence_authority_pressure",S1,30,,,320,4.919687,0.000000
pooled_evidence_aligned,"evidence_true_belief_pressure,evidence_true_rationale_pressure",S1,30,,,160,-3.049893,0.000000
distractor_only,evidence_distractor_neutral,S1,30,,,80,1.158027,0.000000
per_condition,evidence_false_belief_pressure,S1,31,,,80,0.510714,0.000000
per_condition,evidence_false_rationale_pressure,S1,31,,,80,1.589763,0.000000
per_condition,evidence_emotional_pressure,S1,31,,,80,7.996908,0.000000
per_condition,evidence_authority_pressure,S1,31,,,80,9.581363,0.000000
per_condition,evidence_true_belief_pressure,S1,31,,,80,-3.088202,0.000000
per_condition,evidence_true_rationale_pressure,S1,31,,,80,-3.011584,0.000000
per_condition,evidence_distractor_neutral,S1,31,,,80,1.158027,0.000000
pooled_false_pressure,"evidence_false_belief_pressure,evidence_false_rationale_pressure,evidence_emotional_pressure,evidence_authority_pressure",S1,31,,,320,4.919687,0.000000
pooled_evidence_aligned,"evidence_true_belief_pressure,evidence_true_rationale_pressure",S1,31,,,160,-3.049893,0.000000
distractor_only,evidence_distractor_neutral,S1,31,,,80,1.158027,0.000000
per_condition,evidence_false_belief_pressure,S1,32,,,80,0.510714,0.000000
per_condition,evidence_false_rationale_pressure,S1,32,,,80,1.589763,0.000000
per_condition,evidence_emotional_pressure,S1,32,,,80,7.996908,0.000000
per_condition,evidence_authority_pressure,S1,32,,,80,9.581363,0.000000
per_condition,evidence_true_belief_pressure,S1,32,,,80,-3.088202,0.000000
per_condition,evidence_true_rationale_pressure,S1,32,,,80,-3.011584,0.000000
per_condition,evidence_distractor_neutral,S1,32,,,80,1.158027,0.000000
pooled_false_pressure,"evidence_false_belief_pressure,evidence_false_rationale_pressure,evidence_emotional_pressure,evidence_authority_pressure",S1,32,,,320,4.919687,0.000000
pooled_evidence_aligned,"evidence_true_belief_pressure,evidence_true_rationale_pressure",S1,32,,,160,-3.049893,0.000000
distractor_only,evidence_distractor_neutral,S1,32,,,80,1.158027,0.000000
per_condition,evidence_false_belief_pressure,S1,33,,,80,0.510714,0.000000
per_condition,evidence_false_rationale_pressure,S1,33,,,80,1.589763,0.000000
per_condition,evidence_emotional_pressure,S1,33,,,80,7.996908,0.000000
per_condition,evidence_authority_pressure,S1,33,,,80,9.581363,0.000000
per_condition,evidence_true_belief_pressure,S1,33,,,80,-3.088202,0.000000
per_condition,evidence_true_rationale_pressure,S1,33,,,80,-3.011584,0.000000
per_condition,evidence_distractor_neutral,S1,33,,,80,1.158027,0.000000
pooled_false_pressure,"evidence_false_belief_pressure,evidence_false_rationale_pressure,evidence_emotional_pressure,evidence_authority_pressure",S1,33,,,320,4.919687,0.000000
pooled_evidence_aligned,"evidence_true_belief_pressure,evidence_true_rationale_pressure",S1,33,,,160,-3.049893,0.000000
distractor_only,evidence_distractor_neutral,S1,33,,,80,1.158027,0.000000
per_condition,evidence_false_belief_pressure,S1,34,,,80,0.510714,0.000000
per_condition,evidence_false_rationale_pressure,S1,34,,,80,1.589763,0.000000
per_condition,evidence_emotional_pressure,S1,34,,,80,7.996908,0.000000
per_condition,evidence_authority_pressure,S1,34,,,80,9.581363,0.000000
per_condition,evidence_true_belief_pressure,S1,34,,,80,-3.088202,0.000000
per_condition,evidence_true_rationale_pressure,S1,34,,,80,-3.011584,0.000000
per_condition,evidence_distractor_neutral,S1,34,,,80,1.158027,0.000000
pooled_false_pressure,"evidence_false_belief_pressure,evidence_false_rationale_pressure,evidence_emotional_pressure,evidence_authority_pressure",S1,34,,,320,4.919687,0.000000
pooled_evidence_aligned,"evidence_true_belief_pressure,evidence_true_rationale_pressure",S1,34,,,160,-3.049893,0.000000
distractor_only,evidence_distractor_neutral,S1,34,,,80,1.158027,0.000000
per_condition,evidence_false_belief_pressure,S1,35,,,80,0.510714,0.000000
per_condition,evidence_false_rationale_pressure,S1,35,,,80,1.589763,0.000000
per_condition,evidence_emotional_pressure,S1,35,,,80,7.996908,0.000000
per_condition,evidence_authority_pressure,S1,35,,,80,9.581363,0.000000
per_condition,evidence_true_belief_pressure,S1,35,,,80,-3.088202,0.000000
per_condition,evidence_true_rationale_pressure,S1,35,,,80,-3.011584,0.000000
per_condition,evidence_distractor_neutral,S1,35,,,80,1.158027,0.000000
pooled_false_pressure,"evidence_false_belief_pressure,evidence_false_rationale_pressure,evidence_emotional_pressure,evidence_authority_pressure",S1,35,,,320,4.919687,0.000000
pooled_evidence_aligned,"evidence_true_belief_pressure,evidence_true_rationale_pressure",S1,35,,,160,-3.049893,0.000000
distractor_only,evidence_distractor_neutral,S1,35,,,80,1.158027,0.000000
per_condition,evidence_false_belief_pressure,S2,0,,,80,0.510714,0.000000
per_condition,evidence_false_rationale_pressure,S2,0,,,80,1.589763,0.000000
per_condition,evidence_emotional_pressure,S2,0,,,80,7.996908,0.000000
per_condition,evidence_authority_pressure,S2,0,,,80,9.581363,0.000000
per_condition,evidence_true_belief_pressure,S2,0,,,80,-3.088202,0.000000
per_condition,evidence_true_rationale_pressure,S2,0,,,80,-3.011584,0.000000
per_condition,evidence_distractor_neutral,S2,0,,,80,1.158027,0.000000
pooled_false_pressure,"evidence_false_belief_pressure,evidence_false_rationale_pressure,evidence_emotional_pressure,evidence_authority_pressure",S2,0,,,320,4.919687,0.000000
pooled_evidence_aligned,"evidence_true_belief_pressure,evidence_true_rationale_pressure",S2,0,,,160,-3.049893,0.000000
distractor_only,evidence_distractor_neutral,S2,0,,,80,1.158027,0.000000
per_condition,evidence_false_belief_pressure,S2,1,,,80,0.510714,0.000000
per_condition,evidence_false_rationale_pressure,S2,1,,,80,1.589763,0.000000
per_condition,evidence_emotional_pressure,S2,1,,,80,7.996908,0.000000
per_condition,evidence_authority_pressure,S2,1,,,80,9.581363,0.000000
per_condition,evidence_true_belief_pressure,S2,1,,,80,-3.088202,0.000000
per_condition,evidence_true_rationale_pressure,S2,1,,,80,-3.011584,0.000000
per_condition,evidence_distractor_neutral,S2,1,,,80,1.158027,0.000000
pooled_false_pressure,"evidence_false_belief_pressure,evidence_false_rationale_pressure,evidence_emotional_pressure,evidence_authority_pressure",S2,1,,,320,4.919687,0.000000
pooled_evidence_aligned,"evidence_true_belief_pressure,evidence_true_rationale_pressure",S2,1,,,160,-3.049893,0.000000
distractor_only,evidence_distractor_neutral,S2,1,,,80,1.158027,0.000000
per_condition,evidence_false_belief_pressure,S2,2,,,80,0.510714,0.000000
per_condition,evidence_false_rationale_pressure,S2,2,,,80,1.589763,0.000000
per_condition,evidence_emotional_pressure,S2,2,,,80,7.996908,0.000000
per_condition,evidence_authority_pressure,S2,2,,,80,9.581363,0.000000
per_condition,evidence_true_belief_pressure,S2,2,,,80,-3.088202,0.000000
per_condition,evidence_true_rationale_pressure,S2,2,,,80,-3.011584,0.000000
per_condition,evidence_distractor_neutral,S2,2,,,80,1.158027,0.000000
pooled_false_pressure,"evidence_false_belief_pressure,evidence_false_rationale_pressure,evidence_emotional_pressure,evidence_authority_pressure",S2,2,,,320,4.919687,0.000000
pooled_evidence_aligned,"evidence_true_belief_pressure,evidence_true_rationale_pressure",S2,2,,,160,-3.049893,0.000000
distractor_only,evidence_distractor_neutral,S2,2,,,80,1.158027,0.000000
per_condition,evidence_false_belief_pressure,S2,3,,,80,0.510714,0.000000
per_condition,evidence_false_rationale_pressure,S2,3,,,80,1.589763,0.000000
per_condition,evidence_emotional_pressure,S2,3,,,80,7.996908,0.000000
per_condition,evidence_authority_pressure,S2,3,,,80,9.581363,0.000000
per_condition,evidence_true_belief_pressure,S2,3,,,80,-3.088202,0.000000
per_condition,evidence_true_rationale_pressure,S2,3,,,80,-3.011584,0.000000
per_condition,evidence_distractor_neutral,S2,3,,,80,1.158027,0.000000
pooled_false_pressure,"evidence_false_belief_pressure,evidence_false_rationale_pressure,evidence_emotional_pressure,evidence_authority_pressure",S2,3,,,320,4.919687,0.000000
pooled_evidence_aligned,"evidence_true_belief_pressure,evidence_true_rationale_pressure",S2,3,,,160,-3.049893,0.000000
distractor_only,evidence_distractor_neutral,S2,3,,,80,1.158027,0.000000
per_condition,evidence_false_belief_pressure,S2,4,,,80,0.510714,0.000000
per_condition,evidence_false_rationale_pressure,S2,4,,,80,1.589763,0.000000
per_condition,evidence_emotional_pressure,S2,4,,,80,7.996908,0.000000
per_condition,evidence_authority_pressure,S2,4,,,80,9.581363,0.000000
per_condition,evidence_true_belief_pressure,S2,4,,,80,-3.088202,0.000000
per_condition,evidence_true_rationale_pressure,S2,4,,,80,-3.011584,0.000000
per_condition,evidence_distractor_neutral,S2,4,,,80,1.158027,0.000000
pooled_false_pressure,"evidence_false_belief_pressure,evidence_false_rationale_pressure,evidence_emotional_pressure,evidence_authority_pressure",S2,4,,,320,4.919687,0.000000
pooled_evidence_aligned,"evidence_true_belief_pressure,evidence_true_rationale_pressure",S2,4,,,160,-3.049893,0.000000
distractor_only,evidence_distractor_neutral,S2,4,,,80,1.158027,0.000000
per_condition,evidence_false_belief_pressure,S2,5,,,80,0.510714,0.000000
per_condition,evidence_false_rationale_pressure,S2,5,,,80,1.589763,0.000000
per_condition,evidence_emotional_pressure,S2,5,,,80,7.996908,0.000000
per_condition,evidence_authority_pressure,S2,5,,,80,9.581363,0.000000
per_condition,evidence_true_belief_pressure,S2,5,,,80,-3.088202,0.000000
per_condition,evidence_true_rationale_pressure,S2,5,,,80,-3.011584,0.000000
per_condition,evidence_distractor_neutral,S2,5,,,80,1.158027,0.000000
pooled_false_pressure,"evidence_false_belief_pressure,evidence_false_rationale_pressure,evidence_emotional_pressure,evidence_authority_pressure",S2,5,,,320,4.919687,0.000000
pooled_evidence_aligned,"evidence_true_belief_pressure,evidence_true_rationale_pressure",S2,5,,,160,-3.049893,0.000000
distractor_only,evidence_distractor_neutral,S2,5,,,80,1.158027,0.000000
per_condition,evidence_false_belief_pressure,S2,6,,,80,0.510714,0.000000
per_condition,evidence_false_rationale_pressure,S2,6,,,80,1.589763,0.000000
per_condition,evidence_emotional_pressure,S2,6,,,80,7.996908,0.000000
per_condition,evidence_authority_pressure,S2,6,,,80,9.581363,0.000000
per_condition,evidence_true_belief_pressure,S2,6,,,80,-3.088202,0.000000
per_condition,evidence_true_rationale_pressure,S2,6,,,80,-3.011584,0.000000
per_condition,evidence_distractor_neutral,S2,6,,,80,1.158027,0.000000
pooled_false_pressure,"evidence_false_belief_pressure,evidence_false_rationale_pressure,evidence_emotional_pressure,evidence_authority_pressure",S2,6,,,320,4.919687,0.000000
pooled_evidence_aligned,"evidence_true_belief_pressure,evidence_true_rationale_pressure",S2,6,,,160,-3.049893,0.000000
distractor_only,evidence_distractor_neutral,S2,6,,,80,1.158027,0.000000
per_condition,evidence_false_belief_pressure,S2,7,,,80,0.510714,0.000000
per_condition,evidence_false_rationale_pressure,S2,7,,,80,1.589763,0.000000
per_condition,evidence_emotional_pressure,S2,7,,,80,7.996908,0.000000
per_condition,evidence_authority_pressure,S2,7,,,80,9.581363,0.000000
per_condition,evidence_true_belief_pressure,S2,7,,,80,-3.088202,0.000000
per_condition,evidence_true_rationale_pressure,S2,7,,,80,-3.011584,0.000000
per_condition,evidence_distractor_neutral,S2,7,,,80,1.158027,0.000000
pooled_false_pressure,"evidence_false_belief_pressure,evidence_false_rationale_pressure,evidence_emotional_pressure,evidence_authority_pressure",S2,7,,,320,4.919687,0.000000
pooled_evidence_aligned,"evidence_true_belief_pressure,evidence_true_rationale_pressure",S2,7,,,160,-3.049893,0.000000
distractor_only,evidence_distractor_neutral,S2,7,,,80,1.158027,0.000000
per_condition,evidence_false_belief_pressure,S2,8,,,80,0.510714,0.000000
per_condition,evidence_false_rationale_pressure,S2,8,,,80,1.589763,0.000000
per_condition,evidence_emotional_pressure,S2,8,,,80,7.996908,0.000000
per_condition,evidence_authority_pressure,S2,8,,,80,9.581363,0.000000
per_condition,evidence_true_belief_pressure,S2,8,,,80,-3.088202,0.000000
per_condition,evidence_true_rationale_pressure,S2,8,,,80,-3.011584,0.000000
per_condition,evidence_distractor_neutral,S2,8,,,80,1.158027,0.000000
pooled_false_pressure,"evidence_false_belief_pressure,evidence_false_rationale_pressure,evidence_emotional_pressure,evidence_authority_pressure",S2,8,,,320,4.919687,0.000000
pooled_evidence_aligned,"evidence_true_belief_pressure,evidence_true_rationale_pressure",S2,8,,,160,-3.049893,0.000000
distractor_only,evidence_distractor_neutral,S2,8,,,80,1.158027,0.000000
per_condition,evidence_false_belief_pressure,S2,9,,,80,0.510714,0.000000
per_condition,evidence_false_rationale_pressure,S2,9,,,80,1.589763,0.000000
per_condition,evidence_emotional_pressure,S2,9,,,80,7.996908,0.000000
per_condition,evidence_authority_pressure,S2,9,,,80,9.581363,0.000000
per_condition,evidence_true_belief_pressure,S2,9,,,80,-3.088202,0.000000
per_condition,evidence_true_rationale_pressure,S2,9,,,80,-3.011584,0.000000
per_condition,evidence_distractor_neutral,S2,9,,,80,1.158027,0.000000
pooled_false_pressure,"evidence_false_belief_pressure,evidence_false_rationale_pressure,evidence_emotional_pressure,evidence_authority_pressure",S2,9,,,320,4.919687,0.000000
pooled_evidence_aligned,"evidence_true_belief_pressure,evidence_true_rationale_pressure",S2,9,,,160,-3.049893,0.000000
distractor_only,evidence_distractor_neutral,S2,9,,,80,1.158027,0.000000
per_condition,evidence_false_belief_pressure,S2,10,,,80,0.510714,0.000000
per_condition,evidence_false_rationale_pressure,S2,10,,,80,1.589763,0.000000
per_condition,evidence_emotional_pressure,S2,10,,,80,7.996908,0.000000
per_condition,evidence_authority_pressure,S2,10,,,80,9.581363,0.000000
per_condition,evidence_true_belief_pressure,S2,10,,,80,-3.088202,0.000000
per_condition,evidence_true_rationale_pressure,S2,10,,,80,-3.011584,0.000000
per_condition,evidence_distractor_neutral,S2,10,,,80,1.158027,0.000000
pooled_false_pressure,"evidence_false_belief_pressure,evidence_false_rationale_pressure,evidence_emotional_pressure,evidence_authority_pressure",S2,10,,,320,4.919687,0.000000
pooled_evidence_aligned,"evidence_true_belief_pressure,evidence_true_rationale_pressure",S2,10,,,160,-3.049893,0.000000
distractor_only,evidence_distractor_neutral,S2,10,,,80,1.158027,0.000000
per_condition,evidence_false_belief_pressure,S2,11,,,80,0.510714,0.000000
per_condition,evidence_false_rationale_pressure,S2,11,,,80,1.589763,0.000000
per_condition,evidence_emotional_pressure,S2,11,,,80,7.996908,0.000000
per_condition,evidence_authority_pressure,S2,11,,,80,9.581363,0.000000
per_condition,evidence_true_belief_pressure,S2,11,,,80,-3.088202,0.000000
per_condition,evidence_true_rationale_pressure,S2,11,,,80,-3.011584,0.000000
per_condition,evidence_distractor_neutral,S2,11,,,80,1.158027,0.000000
pooled_false_pressure,"evidence_false_belief_pressure,evidence_false_rationale_pressure,evidence_emotional_pressure,evidence_authority_pressure",S2,11,,,320,4.919687,0.000000
pooled_evidence_aligned,"evidence_true_belief_pressure,evidence_true_rationale_pressure",S2,11,,,160,-3.049893,0.000000
distractor_only,evidence_distractor_neutral,S2,11,,,80,1.158027,0.000000
per_condition,evidence_false_belief_pressure,S2,12,,,80,0.510714,0.000000
per_condition,evidence_false_rationale_pressure,S2,12,,,80,1.589763,0.000000
per_condition,evidence_emotional_pressure,S2,12,,,80,7.996908,0.000000
per_condition,evidence_authority_pressure,S2,12,,,80,9.581363,0.000000
per_condition,evidence_true_belief_pressure,S2,12,,,80,-3.088202,0.000000
per_condition,evidence_true_rationale_pressure,S2,12,,,80,-3.011584,0.000000
per_condition,evidence_distractor_neutral,S2,12,,,80,1.158027,0.000000
pooled_false_pressure,"evidence_false_belief_pressure,evidence_false_rationale_pressure,evidence_emotional_pressure,evidence_authority_pressure",S2,12,,,320,4.919687,0.000000
pooled_evidence_aligned,"evidence_true_belief_pressure,evidence_true_rationale_pressure",S2,12,,,160,-3.049893,0.000000
distractor_only,evidence_distractor_neutral,S2,12,,,80,1.158027,0.000000
per_condition,evidence_false_belief_pressure,S2,13,,,80,0.510714,0.000000
per_condition,evidence_false_rationale_pressure,S2,13,,,80,1.589763,0.000000
per_condition,evidence_emotional_pressure,S2,13,,,80,7.996908,0.000000
per_condition,evidence_authority_pressure,S2,13,,,80,9.581363,0.000000
per_condition,evidence_true_belief_pressure,S2,13,,,80,-3.088202,0.000000
per_condition,evidence_true_rationale_pressure,S2,13,,,80,-3.011584,0.000000
per_condition,evidence_distractor_neutral,S2,13,,,80,1.158027,0.000000
pooled_false_pressure,"evidence_false_belief_pressure,evidence_false_rationale_pressure,evidence_emotional_pressure,evidence_authority_pressure",S2,13,,,320,4.919687,0.000000
pooled_evidence_aligned,"evidence_true_belief_pressure,evidence_true_rationale_pressure",S2,13,,,160,-3.049893,0.000000
distractor_only,evidence_distractor_neutral,S2,13,,,80,1.158027,0.000000
per_condition,evidence_false_belief_pressure,S2,14,,,80,0.510714,0.000000
per_condition,evidence_false_rationale_pressure,S2,14,,,80,1.589763,0.000000
per_condition,evidence_emotional_pressure,S2,14,,,80,7.996908,0.000000
per_condition,evidence_authority_pressure,S2,14,,,80,9.581363,0.000000
per_condition,evidence_true_belief_pressure,S2,14,,,80,-3.088202,0.000000
per_condition,evidence_true_rationale_pressure,S2,14,,,80,-3.011584,0.000000
per_condition,evidence_distractor_neutral,S2,14,,,80,1.158027,0.000000
pooled_false_pressure,"evidence_false_belief_pressure,evidence_false_rationale_pressure,evidence_emotional_pressure,evidence_authority_pressure",S2,14,,,320,4.919687,0.000000
pooled_evidence_aligned,"evidence_true_belief_pressure,evidence_true_rationale_pressure",S2,14,,,160,-3.049893,0.000000
distractor_only,evidence_distractor_neutral,S2,14,,,80,1.158027,0.000000
per_condition,evidence_false_belief_pressure,S2,15,,,80,0.510714,0.000000
per_condition,evidence_false_rationale_pressure,S2,15,,,80,1.589763,0.000000
per_condition,evidence_emotional_pressure,S2,15,,,80,7.996908,0.000000
per_condition,evidence_authority_pressure,S2,15,,,80,9.581363,0.000000
per_condition,evidence_true_belief_pressure,S2,15,,,80,-3.088202,0.000000
per_condition,evidence_true_rationale_pressure,S2,15,,,80,-3.011584,0.000000
per_condition,evidence_distractor_neutral,S2,15,,,80,1.158027,0.000000
pooled_false_pressure,"evidence_false_belief_pressure,evidence_false_rationale_pressure,evidence_emotional_pressure,evidence_authority_pressure",S2,15,,,320,4.919687,0.000000
pooled_evidence_aligned,"evidence_true_belief_pressure,evidence_true_rationale_pressure",S2,15,,,160,-3.049893,0.000000
distractor_only,evidence_distractor_neutral,S2,15,,,80,1.158027,0.000000
per_condition,evidence_false_belief_pressure,S2,16,,,80,0.510714,0.000000
per_condition,evidence_false_rationale_pressure,S2,16,,,80,1.589763,0.000000
per_condition,evidence_emotional_pressure,S2,16,,,80,7.996908,0.000000
per_condition,evidence_authority_pressure,S2,16,,,80,9.581363,0.000000
per_condition,evidence_true_belief_pressure,S2,16,,,80,-3.088202,0.000000
per_condition,evidence_true_rationale_pressure,S2,16,,,80,-3.011584,0.000000
per_condition,evidence_distractor_neutral,S2,16,,,80,1.158027,0.000000
pooled_false_pressure,"evidence_false_belief_pressure,evidence_false_rationale_pressure,evidence_emotional_pressure,evidence_authority_pressure",S2,16,,,320,4.919687,0.000000
pooled_evidence_aligned,"evidence_true_belief_pressure,evidence_true_rationale_pressure",S2,16,,,160,-3.049893,0.000000
distractor_only,evidence_distractor_neutral,S2,16,,,80,1.158027,0.000000
per_condition,evidence_false_belief_pressure,S2,17,,,80,0.510714,0.000000
per_condition,evidence_false_rationale_pressure,S2,17,,,80,1.589763,0.000000
per_condition,evidence_emotional_pressure,S2,17,,,80,7.996908,0.000000
per_condition,evidence_authority_pressure,S2,17,,,80,9.581363,0.000000
per_condition,evidence_true_belief_pressure,S2,17,,,80,-3.088202,0.000000
per_condition,evidence_true_rationale_pressure,S2,17,,,80,-3.011584,0.000000
per_condition,evidence_distractor_neutral,S2,17,,,80,1.158027,0.000000
pooled_false_pressure,"evidence_false_belief_pressure,evidence_false_rationale_pressure,evidence_emotional_pressure,evidence_authority_pressure",S2,17,,,320,4.919687,0.000000
pooled_evidence_aligned,"evidence_true_belief_pressure,evidence_true_rationale_pressure",S2,17,,,160,-3.049893,0.000000
distractor_only,evidence_distractor_neutral,S2,17,,,80,1.158027,0.000000
per_condition,evidence_false_belief_pressure,S2,18,,,80,0.510714,0.000000
per_condition,evidence_false_rationale_pressure,S2,18,,,80,1.589763,0.000000
per_condition,evidence_emotional_pressure,S2,18,,,80,7.996908,0.000000
per_condition,evidence_authority_pressure,S2,18,,,80,9.581363,0.000000
per_condition,evidence_true_belief_pressure,S2,18,,,80,-3.088202,0.000000
per_condition,evidence_true_rationale_pressure,S2,18,,,80,-3.011584,0.000000
per_condition,evidence_distractor_neutral,S2,18,,,80,1.158027,0.000000
pooled_false_pressure,"evidence_false_belief_pressure,evidence_false_rationale_pressure,evidence_emotional_pressure,evidence_authority_pressure",S2,18,,,320,4.919687,0.000000
pooled_evidence_aligned,"evidence_true_belief_pressure,evidence_true_rationale_pressure",S2,18,,,160,-3.049893,0.000000
distractor_only,evidence_distractor_neutral,S2,18,,,80,1.158027,0.000000
per_condition,evidence_false_belief_pressure,S2,19,,,80,0.510714,0.000000
per_condition,evidence_false_rationale_pressure,S2,19,,,80,1.589763,0.000000
per_condition,evidence_emotional_pressure,S2,19,,,80,7.996908,0.000000
per_condition,evidence_authority_pressure,S2,19,,,80,9.581363,0.000000
per_condition,evidence_true_belief_pressure,S2,19,,,80,-3.088202,0.000000
per_condition,evidence_true_rationale_pressure,S2,19,,,80,-3.011584,0.000000
per_condition,evidence_distractor_neutral,S2,19,,,80,1.158027,0.000000
pooled_false_pressure,"evidence_false_belief_pressure,evidence_false_rationale_pressure,evidence_emotional_pressure,evidence_authority_pressure",S2,19,,,320,4.919687,0.000000
pooled_evidence_aligned,"evidence_true_belief_pressure,evidence_true_rationale_pressure",S2,19,,,160,-3.049893,0.000000
distractor_only,evidence_distractor_neutral,S2,19,,,80,1.158027,0.000000
per_condition,evidence_false_belief_pressure,S2,20,,,80,0.510714,0.000000
per_condition,evidence_false_rationale_pressure,S2,20,,,80,1.589763,0.000000
per_condition,evidence_emotional_pressure,S2,20,,,80,7.996908,0.000000
per_condition,evidence_authority_pressure,S2,20,,,80,9.581363,0.000000
per_condition,evidence_true_belief_pressure,S2,20,,,80,-3.088202,0.000000
per_condition,evidence_true_rationale_pressure,S2,20,,,80,-3.011584,0.000000
per_condition,evidence_distractor_neutral,S2,20,,,80,1.158027,0.000000
pooled_false_pressure,"evidence_false_belief_pressure,evidence_false_rationale_pressure,evidence_emotional_pressure,evidence_authority_pressure",S2,20,,,320,4.919687,0.000000
pooled_evidence_aligned,"evidence_true_belief_pressure,evidence_true_rationale_pressure",S2,20,,,160,-3.049893,0.000000
distractor_only,evidence_distractor_neutral,S2,20,,,80,1.158027,0.000000
per_condition,evidence_false_belief_pressure,S2,21,,,80,0.510714,0.000000
per_condition,evidence_false_rationale_pressure,S2,21,,,80,1.589763,0.000000
per_condition,evidence_emotional_pressure,S2,21,,,80,7.996908,0.000000
per_condition,evidence_authority_pressure,S2,21,,,80,9.581363,0.000000
per_condition,evidence_true_belief_pressure,S2,21,,,80,-3.088202,0.000000
per_condition,evidence_true_rationale_pressure,S2,21,,,80,-3.011584,0.000000
per_condition,evidence_distractor_neutral,S2,21,,,80,1.158027,0.000000
pooled_false_pressure,"evidence_false_belief_pressure,evidence_false_rationale_pressure,evidence_emotional_pressure,evidence_authority_pressure",S2,21,,,320,4.919687,0.000000
pooled_evidence_aligned,"evidence_true_belief_pressure,evidence_true_rationale_pressure",S2,21,,,160,-3.049893,0.000000
distractor_only,evidence_distractor_neutral,S2,21,,,80,1.158027,0.000000
per_condition,evidence_false_belief_pressure,S2,22,,,80,0.510714,0.000000
per_condition,evidence_false_rationale_pressure,S2,22,,,80,1.589763,0.000000
per_condition,evidence_emotional_pressure,S2,22,,,80,7.996908,0.000000
per_condition,evidence_authority_pressure,S2,22,,,80,9.581363,0.000000
per_condition,evidence_true_belief_pressure,S2,22,,,80,-3.088202,0.000000
per_condition,evidence_true_rationale_pressure,S2,22,,,80,-3.011584,0.000000
per_condition,evidence_distractor_neutral,S2,22,,,80,1.158027,0.000000
pooled_false_pressure,"evidence_false_belief_pressure,evidence_false_rationale_pressure,evidence_emotional_pressure,evidence_authority_pressure",S2,22,,,320,4.919687,0.000000
pooled_evidence_aligned,"evidence_true_belief_pressure,evidence_true_rationale_pressure",S2,22,,,160,-3.049893,0.000000
distractor_only,evidence_distractor_neutral,S2,22,,,80,1.158027,0.000000
per_condition,evidence_false_belief_pressure,S2,23,,,80,0.510714,0.000000
per_condition,evidence_false_rationale_pressure,S2,23,,,80,1.589763,0.000000
per_condition,evidence_emotional_pressure,S2,23,,,80,7.996908,0.000000
per_condition,evidence_authority_pressure,S2,23,,,80,9.581363,0.000000
per_condition,evidence_true_belief_pressure,S2,23,,,80,-3.088202,0.000000
per_condition,evidence_true_rationale_pressure,S2,23,,,80,-3.011584,0.000000
per_condition,evidence_distractor_neutral,S2,23,,,80,1.158027,0.000000
pooled_false_pressure,"evidence_false_belief_pressure,evidence_false_rationale_pressure,evidence_emotional_pressure,evidence_authority_pressure",S2,23,,,320,4.919687,0.000000
pooled_evidence_aligned,"evidence_true_belief_pressure,evidence_true_rationale_pressure",S2,23,,,160,-3.049893,0.000000
distractor_only,evidence_distractor_neutral,S2,23,,,80,1.158027,0.000000
per_condition,evidence_false_belief_pressure,S2,24,,,80,0.510714,0.000000
per_condition,evidence_false_rationale_pressure,S2,24,,,80,1.589763,0.000000
per_condition,evidence_emotional_pressure,S2,24,,,80,7.996908,0.000000
per_condition,evidence_authority_pressure,S2,24,,,80,9.581363,0.000000
per_condition,evidence_true_belief_pressure,S2,24,,,80,-3.088202,0.000000
per_condition,evidence_true_rationale_pressure,S2,24,,,80,-3.011584,0.000000
per_condition,evidence_distractor_neutral,S2,24,,,80,1.158027,0.000000
pooled_false_pressure,"evidence_false_belief_pressure,evidence_false_rationale_pressure,evidence_emotional_pressure,evidence_authority_pressure",S2,24,,,320,4.919687,0.000000
pooled_evidence_aligned,"evidence_true_belief_pressure,evidence_true_rationale_pressure",S2,24,,,160,-3.049893,0.000000
distractor_only,evidence_distractor_neutral,S2,24,,,80,1.158027,0.000000
per_condition,evidence_false_belief_pressure,S2,25,,,80,0.510714,0.000000
per_condition,evidence_false_rationale_pressure,S2,25,,,80,1.589763,0.000000
per_condition,evidence_emotional_pressure,S2,25,,,80,7.996908,0.000000
per_condition,evidence_authority_pressure,S2,25,,,80,9.581363,0.000000
per_condition,evidence_true_belief_pressure,S2,25,,,80,-3.088202,0.000000
per_condition,evidence_true_rationale_pressure,S2,25,,,80,-3.011584,0.000000
per_condition,evidence_distractor_neutral,S2,25,,,80,1.158027,0.000000
pooled_false_pressure,"evidence_false_belief_pressure,evidence_false_rationale_pressure,evidence_emotional_pressure,evidence_authority_pressure",S2,25,,,320,4.919687,0.000000
pooled_evidence_aligned,"evidence_true_belief_pressure,evidence_true_rationale_pressure",S2,25,,,160,-3.049893,0.000000
distractor_only,evidence_distractor_neutral,S2,25,,,80,1.158027,0.000000
per_condition,evidence_false_belief_pressure,S2,26,,,80,0.510714,0.000000
per_condition,evidence_false_rationale_pressure,S2,26,,,80,1.589763,0.000000
per_condition,evidence_emotional_pressure,S2,26,,,80,7.996908,0.000000
per_condition,evidence_authority_pressure,S2,26,,,80,9.581363,0.000000
per_condition,evidence_true_belief_pressure,S2,26,,,80,-3.088202,0.000000
per_condition,evidence_true_rationale_pressure,S2,26,,,80,-3.011584,0.000000
per_condition,evidence_distractor_neutral,S2,26,,,80,1.158027,0.000000
pooled_false_pressure,"evidence_false_belief_pressure,evidence_false_rationale_pressure,evidence_emotional_pressure,evidence_authority_pressure",S2,26,,,320,4.919687,0.000000
pooled_evidence_aligned,"evidence_true_belief_pressure,evidence_true_rationale_pressure",S2,26,,,160,-3.049893,0.000000
distractor_only,evidence_distractor_neutral,S2,26,,,80,1.158027,0.000000
per_condition,evidence_false_belief_pressure,S2,27,,,80,0.510714,0.000000
per_condition,evidence_false_rationale_pressure,S2,27,,,80,1.589763,0.000000
per_condition,evidence_emotional_pressure,S2,27,,,80,7.996908,0.000000
per_condition,evidence_authority_pressure,S2,27,,,80,9.581363,0.000000
per_condition,evidence_true_belief_pressure,S2,27,,,80,-3.088202,0.000000
per_condition,evidence_true_rationale_pressure,S2,27,,,80,-3.011584,0.000000
per_condition,evidence_distractor_neutral,S2,27,,,80,1.158027,0.000000
pooled_false_pressure,"evidence_false_belief_pressure,evidence_false_rationale_pressure,evidence_emotional_pressure,evidence_authority_pressure",S2,27,,,320,4.919687,0.000000
pooled_evidence_aligned,"evidence_true_belief_pressure,evidence_true_rationale_pressure",S2,27,,,160,-3.049893,0.000000
distractor_only,evidence_distractor_neutral,S2,27,,,80,1.158027,0.000000
per_condition,evidence_false_belief_pressure,S2,28,,,80,0.510714,0.000000
per_condition,evidence_false_rationale_pressure,S2,28,,,80,1.589763,0.000000
per_condition,evidence_emotional_pressure,S2,28,,,80,7.996908,0.000000
per_condition,evidence_authority_pressure,S2,28,,,80,9.581363,0.000000
per_condition,evidence_true_belief_pressure,S2,28,,,80,-3.088202,0.000000
per_condition,evidence_true_rationale_pressure,S2,28,,,80,-3.011584,0.000000
per_condition,evidence_distractor_neutral,S2,28,,,80,1.158027,0.000000
pooled_false_pressure,"evidence_false_belief_pressure,evidence_false_rationale_pressure,evidence_emotional_pressure,evidence_authority_pressure",S2,28,,,320,4.919687,0.000000
pooled_evidence_aligned,"evidence_true_belief_pressure,evidence_true_rationale_pressure",S2,28,,,160,-3.049893,0.000000
distractor_only,evidence_distractor_neutral,S2,28,,,80,1.158027,0.000000
per_condition,evidence_false_belief_pressure,S2,29,,,80,0.510714,0.000000
per_condition,evidence_false_rationale_pressure,S2,29,,,80,1.589763,0.000000
per_condition,evidence_emotional_pressure,S2,29,,,80,7.996908,0.000000
per_condition,evidence_authority_pressure,S2,29,,,80,9.581363,0.000000
per_condition,evidence_true_belief_pressure,S2,29,,,80,-3.088202,0.000000
per_condition,evidence_true_rationale_pressure,S2,29,,,80,-3.011584,0.000000
per_condition,evidence_distractor_neutral,S2,29,,,80,1.158027,0.000000
pooled_false_pressure,"evidence_false_belief_pressure,evidence_false_rationale_pressure,evidence_emotional_pressure,evidence_authority_pressure",S2,29,,,320,4.919687,0.000000
pooled_evidence_aligned,"evidence_true_belief_pressure,evidence_true_rationale_pressure",S2,29,,,160,-3.049893,0.000000
distractor_only,evidence_distractor_neutral,S2,29,,,80,1.158027,0.000000
per_condition,evidence_false_belief_pressure,S2,30,,,80,0.510714,0.000000
per_condition,evidence_false_rationale_pressure,S2,30,,,80,1.589763,0.000000
per_condition,evidence_emotional_pressure,S2,30,,,80,7.996908,0.000000
per_condition,evidence_authority_pressure,S2,30,,,80,9.581363,0.000000
per_condition,evidence_true_belief_pressure,S2,30,,,80,-3.088202,0.000000
per_condition,evidence_true_rationale_pressure,S2,30,,,80,-3.011584,0.000000
per_condition,evidence_distractor_neutral,S2,30,,,80,1.158027,0.000000
pooled_false_pressure,"evidence_false_belief_pressure,evidence_false_rationale_pressure,evidence_emotional_pressure,evidence_authority_pressure",S2,30,,,320,4.919687,0.000000
pooled_evidence_aligned,"evidence_true_belief_pressure,evidence_true_rationale_pressure",S2,30,,,160,-3.049893,0.000000
distractor_only,evidence_distractor_neutral,S2,30,,,80,1.158027,0.000000
per_condition,evidence_false_belief_pressure,S2,31,,,80,0.510714,0.000000
per_condition,evidence_false_rationale_pressure,S2,31,,,80,1.589763,0.000000
per_condition,evidence_emotional_pressure,S2,31,,,80,7.996908,0.000000
per_condition,evidence_authority_pressure,S2,31,,,80,9.581363,0.000000
per_condition,evidence_true_belief_pressure,S2,31,,,80,-3.088202,0.000000
per_condition,evidence_true_rationale_pressure,S2,31,,,80,-3.011584,0.000000
per_condition,evidence_distractor_neutral,S2,31,,,80,1.158027,0.000000
pooled_false_pressure,"evidence_false_belief_pressure,evidence_false_rationale_pressure,evidence_emotional_pressure,evidence_authority_pressure",S2,31,,,320,4.919687,0.000000
pooled_evidence_aligned,"evidence_true_belief_pressure,evidence_true_rationale_pressure",S2,31,,,160,-3.049893,0.000000
distractor_only,evidence_distractor_neutral,S2,31,,,80,1.158027,0.000000
per_condition,evidence_false_belief_pressure,S2,32,,,80,0.510714,0.000000
per_condition,evidence_false_rationale_pressure,S2,32,,,80,1.589763,0.000000
per_condition,evidence_emotional_pressure,S2,32,,,80,7.996908,0.000000
per_condition,evidence_authority_pressure,S2,32,,,80,9.581363,0.000000
per_condition,evidence_true_belief_pressure,S2,32,,,80,-3.088202,0.000000
per_condition,evidence_true_rationale_pressure,S2,32,,,80,-3.011584,0.000000
per_condition,evidence_distractor_neutral,S2,32,,,80,1.158027,0.000000
pooled_false_pressure,"evidence_false_belief_pressure,evidence_false_rationale_pressure,evidence_emotional_pressure,evidence_authority_pressure",S2,32,,,320,4.919687,0.000000
pooled_evidence_aligned,"evidence_true_belief_pressure,evidence_true_rationale_pressure",S2,32,,,160,-3.049893,0.000000
distractor_only,evidence_distractor_neutral,S2,32,,,80,1.158027,0.000000
per_condition,evidence_false_belief_pressure,S2,33,,,80,0.510714,0.000000
per_condition,evidence_false_rationale_pressure,S2,33,,,80,1.589763,0.000000
per_condition,evidence_emotional_pressure,S2,33,,,80,7.996908,0.000000
per_condition,evidence_authority_pressure,S2,33,,,80,9.581363,0.000000
per_condition,evidence_true_belief_pressure,S2,33,,,80,-3.088202,0.000000
per_condition,evidence_true_rationale_pressure,S2,33,,,80,-3.011584,0.000000
per_condition,evidence_distractor_neutral,S2,33,,,80,1.158027,0.000000
pooled_false_pressure,"evidence_false_belief_pressure,evidence_false_rationale_pressure,evidence_emotional_pressure,evidence_authority_pressure",S2,33,,,320,4.919687,0.000000
pooled_evidence_aligned,"evidence_true_belief_pressure,evidence_true_rationale_pressure",S2,33,,,160,-3.049893,0.000000
distractor_only,evidence_distractor_neutral,S2,33,,,80,1.158027,0.000000
per_condition,evidence_false_belief_pressure,S2,34,,,80,0.510714,0.000000
per_condition,evidence_false_rationale_pressure,S2,34,,,80,1.589763,0.000000
per_condition,evidence_emotional_pressure,S2,34,,,80,7.996908,0.000000
per_condition,evidence_authority_pressure,S2,34,,,80,9.581363,0.000000
per_condition,evidence_true_belief_pressure,S2,34,,,80,-3.088202,0.000000
per_condition,evidence_true_rationale_pressure,S2,34,,,80,-3.011584,0.000000
per_condition,evidence_distractor_neutral,S2,34,,,80,1.158027,0.000000
pooled_false_pressure,"evidence_false_belief_pressure,evidence_false_rationale_pressure,evidence_emotional_pressure,evidence_authority_pressure",S2,34,,,320,4.919687,0.000000
pooled_evidence_aligned,"evidence_true_belief_pressure,evidence_true_rationale_pressure",S2,34,,,160,-3.049893,0.000000
distractor_only,evidence_distractor_neutral,S2,34,,,80,1.158027,0.000000
per_condition,evidence_false_belief_pressure,S2,35,,,80,0.510714,0.000000
per_condition,evidence_false_rationale_pressure,S2,35,,,80,1.589763,0.000000
per_condition,evidence_emotional_pressure,S2,35,,,80,7.996908,0.000000
per_condition,evidence_authority_pressure,S2,35,,,80,9.581363,0.000000
per_condition,evidence_true_belief_pressure,S2,35,,,80,-3.088202,0.000000
per_condition,evidence_true_rationale_pressure,S2,35,,,80,-3.011584,0.000000
per_condition,evidence_distractor_neutral,S2,35,,,80,1.158027,0.000000
pooled_false_pressure,"evidence_false_belief_pressure,evidence_false_rationale_pressure,evidence_emotional_pressure,evidence_authority_pressure",S2,35,,,320,4.919687,0.000000
pooled_evidence_aligned,"evidence_true_belief_pressure,evidence_true_rationale_pressure",S2,35,,,160,-3.049893,0.000000
distractor_only,evidence_distractor_neutral,S2,35,,,80,1.158027,0.000000
per_condition,evidence_false_belief_pressure,S3,0,0.121054,0.138303,80,0.510714,2.672441
per_condition,evidence_false_rationale_pressure,S3,0,0.318915,0.433240,80,1.589763,2.706713
per_condition,evidence_emotional_pressure,S3,0,0.020121,0.034107,80,7.996908,0.978467
per_condition,evidence_authority_pressure,S3,0,-0.406710,-0.497726,80,9.581363,1.075728
per_condition,evidence_true_belief_pressure,S3,0,0.113329,0.130895,80,-3.088202,2.672391
per_condition,evidence_true_rationale_pressure,S3,0,0.115068,0.171308,80,-3.011584,2.721144
per_condition,evidence_distractor_neutral,S3,0,0.220093,0.255931,80,1.158027,0.840126
pooled_false_pressure,"evidence_false_belief_pressure,evidence_false_rationale_pressure,evidence_emotional_pressure,evidence_authority_pressure",S3,0,-0.755556,-0.648932,320,4.919687,1.858337
pooled_evidence_aligned,"evidence_true_belief_pressure,evidence_true_rationale_pressure",S3,0,0.109013,0.151992,160,-3.049893,2.696768
distractor_only,evidence_distractor_neutral,S3,0,0.220093,0.255931,80,1.158027,0.840126
per_condition,evidence_false_belief_pressure,S3,1,-0.048817,-0.054337,80,0.510714,3.156129
per_condition,evidence_false_rationale_pressure,S3,1,0.272124,0.304430,80,1.589763,3.283896
per_condition,evidence_emotional_pressure,S3,1,-0.005655,-0.010994,80,7.996908,1.574541
per_condition,evidence_authority_pressure,S3,1,-0.428800,-0.525434,80,9.581363,1.682858
per_condition,evidence_true_belief_pressure,S3,1,-0.082556,-0.064885,80,-3.088202,3.156048
per_condition,evidence_true_rationale_pressure,S3,1,0.164916,0.163197,80,-3.011584,3.294531
per_condition,evidence_distractor_neutral,S3,1,0.253522,0.282349,80,1.158027,1.411670
pooled_false_pressure,"evidence_false_belief_pressure,evidence_false_rationale_pressure,evidence_emotional_pressure,evidence_authority_pressure",S3,1,-0.750593,-0.652772,320,4.919687,2.424356
pooled_evidence_aligned,"evidence_true_belief_pressure,evidence_true_rationale_pressure",S3,1,0.072558,0.042456,160,-3.049893,3.225289
distractor_only,evidence_distractor_neutral,S3,1,0.253522,0.282349,80,1.158027,1.411670
per_condition,evidence_false_belief_pressure,S3,2,-0.073223,-0.119714,80,0.510714,4.168876
per_condition,evidence_false_rationale_pressure,S3,2,0.151863,0.214674,80,1.589763,4.352363
per_condition,evidence_emotional_pressure,S3,2,-0.033392,-0.076840,80,7.996908,2.404568
per_condition,evidence_authority_pressure,S3,2,-0.289652,-0.372011,80,9.581363,2.423868
per_condition,evidence_true_belief_pressure,S3,2,-0.076505,-0.022738,80,-3.088202,4.168161
per_condition,evidence_true_rationale_pressure,S3,2,0.067429,0.088022,80,-3.011584,4.341688
per_condition,evidence_distractor_neutral,S3,2,0.127998,0.174098,80,1.158027,2.021952
pooled_false_pressure,"evidence_false_belief_pressure,evidence_false_rationale_pressure,evidence_emotional_pressure,evidence_authority_pressure",S3,2,-0.753472,-0.691007,320,4.919687,3.337418
pooled_evidence_aligned,"evidence_true_belief_pressure,evidence_true_rationale_pressure",S3,2,0.023760,0.031410,160,-3.049893,4.254924
distractor_only,evidence_distractor_neutral,S3,2,0.127998,0.174098,80,1.158027,2.021952
per_condition,evidence_false_belief_pressure,S3,3,-0.113868,-0.187389,80,0.510714,5.415236
per_condition,evidence_false_rationale_pressure,S3,3,0.081596,0.060384,80,1.589763,5.559296
per_condition,evidence_emotional_pressure,S3,3,0.030771,-0.020183,80,7.996908,3.388410
per_condition,evidence_authority_pressure,S3,3,-0.125678,-0.136685,80,9.581363,3.660982
per_condition,evidence_true_belief_pressure,S3,3,-0.118932,-0.094351,80,-3.088202,5.414325
per_condition,evidence_true_rationale_pressure,S3,3,0.099048,0.094233,80,-3.011584,5.552061
per_condition,evidence_distractor_neutral,S3,3,-0.001319,0.026653,80,1.158027,2.651616
pooled_false_pressure,"evidence_false_belief_pressure,evidence_false_rationale_pressure,evidence_emotional_pressure,evidence_authority_pressure",S3,3,-0.739406,-0.654050,320,4.919687,4.505981
pooled_evidence_aligned,"evidence_true_belief_pressure,evidence_true_rationale_pressure",S3,3,0.019015,0.011628,160,-3.049893,5.483193
distractor_only,evidence_distractor_neutral,S3,3,-0.001319,0.026653,80,1.158027,2.651616
per_condition,evidence_false_belief_pressure,S3,4,-0.061688,-0.088186,80,0.510714,6.629658
per_condition,evidence_false_rationale_pressure,S3,4,0.166662,0.294187,80,1.589763,6.745557
per_condition,evidence_emotional_pressure,S3,4,-0.061420,-0.050094,80,7.996908,4.175356
per_condition,evidence_authority_pressure,S3,4,-0.038544,-0.063830,80,9.581363,4.420933
per_condition,evidence_true_belief_pressure,S3,4,0.011068,0.057361,80,-3.088202,6.628566
per_condition,evidence_true_rationale_pressure,S3,4,0.097575,0.111088,80,-3.011584,6.723513
per_condition,evidence_distractor_neutral,S3,4,0.148669,0.147679,80,1.158027,3.318181
pooled_false_pressure,"evidence_false_belief_pressure,evidence_false_rationale_pressure,evidence_emotional_pressure,evidence_authority_pressure",S3,4,-0.742681,-0.656935,320,4.919687,5.492876
pooled_evidence_aligned,"evidence_true_belief_pressure,evidence_true_rationale_pressure",S3,4,0.063979,0.083945,160,-3.049893,6.676039
distractor_only,evidence_distractor_neutral,S3,4,0.148669,0.147679,80,1.158027,3.318181
per_condition,evidence_false_belief_pressure,S3,5,0.112877,0.088959,80,0.510714,8.782930
per_condition,evidence_false_rationale_pressure,S3,5,0.316329,0.392335,80,1.589763,8.984650
per_condition,evidence_emotional_pressure,S3,5,0.034090,0.096835,80,7.996908,5.636710
per_condition,evidence_authority_pressure,S3,5,0.146334,0.178880,80,9.581363,5.694140
per_condition,evidence_true_belief_pressure,S3,5,0.137585,0.161627,80,-3.088202,8.779812
per_condition,evidence_true_rationale_pressure,S3,5,0.264269,0.292499,80,-3.011584,8.953883
per_condition,evidence_distractor_neutral,S3,5,0.284427,0.217628,80,1.158027,4.249579
pooled_false_pressure,"evidence_false_belief_pressure,evidence_false_rationale_pressure,evidence_emotional_pressure,evidence_authority_pressure",S3,5,-0.741576,-0.637597,320,4.919687,7.274608
pooled_evidence_aligned,"evidence_true_belief_pressure,evidence_true_rationale_pressure",S3,5,0.201678,0.213468,160,-3.049893,8.866847
distractor_only,evidence_distractor_neutral,S3,5,0.284427,0.217628,80,1.158027,4.249579
per_condition,evidence_false_belief_pressure,S3,6,0.254998,0.333193,80,0.510714,13.438103
per_condition,evidence_false_rationale_pressure,S3,6,0.127392,0.206564,80,1.589763,13.498422
per_condition,evidence_emotional_pressure,S3,6,-0.055092,-0.086756,80,7.996908,9.654534
per_condition,evidence_authority_pressure,S3,6,0.157686,0.141092,80,9.581363,8.691152
per_condition,evidence_true_belief_pressure,S3,6,0.284613,0.325481,80,-3.088202,13.437024
per_condition,evidence_true_rationale_pressure,S3,6,0.152876,0.229137,80,-3.011584,13.505806
per_condition,evidence_distractor_neutral,S3,6,-0.056750,-0.096179,80,1.158027,6.234007
pooled_false_pressure,"evidence_false_belief_pressure,evidence_false_rationale_pressure,evidence_emotional_pressure,evidence_authority_pressure",S3,6,-0.755355,-0.705697,320,4.919687,11.320553
pooled_evidence_aligned,"evidence_true_belief_pressure,evidence_true_rationale_pressure",S3,6,0.204314,0.280860,160,-3.049893,13.471415
distractor_only,evidence_distractor_neutral,S3,6,-0.056750,-0.096179,80,1.158027,6.234007
per_condition,evidence_false_belief_pressure,S3,7,0.116344,0.147539,80,0.510714,15.580283
per_condition,evidence_false_rationale_pressure,S3,7,0.081743,0.108509,80,1.589763,16.287294
per_condition,evidence_emotional_pressure,S3,7,-0.039199,-0.046765,80,7.996908,12.278302
per_condition,evidence_authority_pressure,S3,7,-0.036303,-0.090342,80,9.581363,11.159385
per_condition,evidence_true_belief_pressure,S3,7,0.116920,0.152203,80,-3.088202,15.578410
per_condition,evidence_true_rationale_pressure,S3,7,0.093728,0.110970,80,-3.011584,16.226557
per_condition,evidence_distractor_neutral,S3,7,-0.039834,-0.086662,80,1.158027,8.011692
pooled_false_pressure,"evidence_false_belief_pressure,evidence_false_rationale_pressure,evidence_emotional_pressure,evidence_authority_pressure",S3,7,-0.745521,-0.703777,320,4.919687,13.826316
pooled_evidence_aligned,"evidence_true_belief_pressure,evidence_true_rationale_pressure",S3,7,0.078623,0.092547,160,-3.049893,15.902484
distractor_only,evidence_distractor_neutral,S3,7,-0.039834,-0.086662,80,1.158027,8.011692
per_condition,evidence_false_belief_pressure,S3,8,0.231042,0.257454,80,0.510714,22.048122
per_condition,evidence_false_rationale_pressure,S3,8,0.239221,0.200656,80,1.589763,22.697098
per_condition,evidence_emotional_pressure,S3,8,0.028225,0.017112,80,7.996908,18.648504
per_condition,evidence_authority_pressure,S3,8,-0.078459,-0.131130,80,9.581363,15.087629
per_condition,evidence_true_belief_pressure,S3,8,0.235869,0.243647,80,-3.088202,22.050270
per_condition,evidence_true_rationale_pressure,S3,8,0.210366,0.114088,80,-3.011584,22.642025
per_condition,evidence_distractor_neutral,S3,8,-0.042132,-0.081224,80,1.158027,9.377950
pooled_false_pressure,"evidence_false_belief_pressure,evidence_false_rationale_pressure,evidence_emotional_pressure,evidence_authority_pressure",S3,8,-0.716351,-0.690281,320,4.919687,19.620338
pooled_evidence_aligned,"evidence_true_belief_pressure,evidence_true_rationale_pressure",S3,8,0.188350,0.158063,160,-3.049893,22.346148
distractor_only,evidence_distractor_neutral,S3,8,-0.042132,-0.081224,80,1.158027,9.377950
per_condition,evidence_false_belief_pressure,S3,9,0.179925,0.190530,80,0.510714,20.747441
per_condition,evidence_false_rationale_pressure,S3,9,0.284493,0.253399,80,1.589763,21.326562
per_condition,evidence_emotional_pressure,S3,9,0.069759,0.088115,80,7.996908,18.533993
per_condition,evidence_authority_pressure,S3,9,-0.066284,-0.081224,80,9.581363,14.394117
per_condition,evidence_true_belief_pressure,S3,9,0.179077,0.148547,80,-3.088202,20.752436
per_condition,evidence_true_rationale_pressure,S3,9,0.142205,0.013338,80,-3.011584,21.235752
per_condition,evidence_distractor_neutral,S3,9,-0.049662,-0.073441,80,1.158027,8.761348
pooled_false_pressure,"evidence_false_belief_pressure,evidence_false_rationale_pressure,evidence_emotional_pressure,evidence_authority_pressure",S3,9,-0.676135,-0.690033,320,4.919687,18.750528
pooled_evidence_aligned,"evidence_true_belief_pressure,evidence_true_rationale_pressure",S3,9,0.143091,0.081976,160,-3.049893,20.994094
distractor_only,evidence_distractor_neutral,S3,9,-0.049662,-0.073441,80,1.158027,8.761348
per_condition,evidence_false_belief_pressure,S3,10,0.231105,0.319855,80,0.510714,21.587928
per_condition,evidence_false_rationale_pressure,S3,10,0.290657,0.211252,80,1.589763,22.914331
per_condition,evidence_emotional_pressure,S3,10,0.069278,0.071449,80,7.996908,22.597753
per_condition,evidence_authority_pressure,S3,10,-0.018982,0.013408,80,9.581363,16.124653
per_condition,evidence_true_belief_pressure,S3,10,0.218047,0.220839,80,-3.088202,21.591927
per_condition,evidence_true_rationale_pressure,S3,10,0.071505,-0.031106,80,-3.011584,22.559854
per_condition,evidence_distractor_neutral,S3,10,-0.184780,-0.216268,80,1.158027,9.139679
pooled_false_pressure,"evidence_false_belief_pressure,evidence_false_rationale_pressure,evidence_emotional_pressure,evidence_authority_pressure",S3,10,-0.456716,-0.252403,320,4.919687,20.806166
pooled_evidence_aligned,"evidence_true_belief_pressure,evidence_true_rationale_pressure",S3,10,0.109327,0.090528,160,-3.049893,22.075891
distractor_only,evidence_distractor_neutral,S3,10,-0.184780,-0.216268,80,1.158027,9.139679
per_condition,evidence_false_belief_pressure,S3,11,0.184937,0.243788,80,0.510714,23.284801
per_condition,evidence_false_rationale_pressure,S3,11,0.368106,0.251664,80,1.589763,24.213691
per_condition,evidence_emotional_pressure,S3,11,0.089747,0.104641,80,7.996908,23.486105
per_condition,evidence_authority_pressure,S3,11,0.026973,0.062236,80,9.581363,16.712982
per_condition,evidence_true_belief_pressure,S3,11,0.212876,0.195171,80,-3.088202,23.281094
per_condition,evidence_true_rationale_pressure,S3,11,0.095762,-0.059587,80,-3.011584,23.613642
per_condition,evidence_distractor_neutral,S3,11,-0.129831,-0.142780,80,1.158027,9.649234
pooled_false_pressure,"evidence_false_belief_pressure,evidence_false_rationale_pressure,evidence_emotional_pressure,evidence_authority_pressure",S3,11,-0.514390,-0.404834,320,4.919687,21.924395
pooled_evidence_aligned,"evidence_true_belief_pressure,evidence_true_rationale_pressure",S3,11,0.142529,0.077194,160,-3.049893,23.447368
distractor_only,evidence_distractor_neutral,S3,11,-0.129831,-0.142780,80,1.158027,9.649234
per_condition,evidence_false_belief_pressure,S3,12,0.181318,0.273394,80,0.510714,25.558157
per_condition,evidence_false_rationale_pressure,S3,12,0.293347,0.276160,80,1.589763,25.228195
per_condition,evidence_emotional_pressure,S3,12,0.079669,0.103844,80,7.996908,26.126143
per_condition,evidence_authority_pressure,S3,12,-0.039280,-0.024238,80,9.581363,18.917933
per_condition,evidence_true_belief_pressure,S3,12,0.313950,0.329489,80,-3.088202,25.561473
per_condition,evidence_true_rationale_pressure,S3,12,0.145084,0.135490,80,-3.011584,24.588805
per_condition,evidence_distractor_neutral,S3,12,-0.132947,-0.121941,80,1.158027,9.880217
pooled_false_pressure,"evidence_false_belief_pressure,evidence_false_rationale_pressure,evidence_emotional_pressure,evidence_authority_pressure",S3,12,-0.454952,-0.158393,320,4.919687,23.957607
pooled_evidence_aligned,"evidence_true_belief_pressure,evidence_true_rationale_pressure",S3,12,0.145460,0.142177,160,-3.049893,25.075139
distractor_only,evidence_distractor_neutral,S3,12,-0.132947,-0.121941,80,1.158027,9.880217
per_condition,evidence_false_belief_pressure,S3,13,0.082231,0.111041,80,0.510714,25.566923
per_condition,evidence_false_rationale_pressure,S3,13,0.273456,0.271261,80,1.589763,25.087793
per_condition,evidence_emotional_pressure,S3,13,0.146527,0.136709,80,7.996908,25.225732
per_condition,evidence_authority_pressure,S3,13,-0.064732,-0.024308,80,9.581363,18.334734
per_condition,evidence_true_belief_pressure,S3,13,0.195659,0.220417,80,-3.088202,25.579538
per_condition,evidence_true_rationale_pressure,S3,13,0.191192,0.217300,80,-3.011584,24.350505
per_condition,evidence_distractor_neutral,S3,13,-0.143120,-0.125316,80,1.158027,9.927801
pooled_false_pressure,"evidence_false_belief_pressure,evidence_false_rationale_pressure,evidence_emotional_pressure,evidence_authority_pressure",S3,13,-0.524115,-0.436457,320,4.919687,23.553795
pooled_evidence_aligned,"evidence_true_belief_pressure,evidence_true_rationale_pressure",S3,13,0.105409,0.119096,160,-3.049893,24.965021
distractor_only,evidence_distractor_neutral,S3,13,-0.143120,-0.125316,80,1.158027,9.927801
per_condition,evidence_false_belief_pressure,S3,14,0.133828,0.188537,80,0.510714,25.283138
per_condition,evidence_false_rationale_pressure,S3,14,0.160515,0.180567,80,1.589763,25.282700
per_condition,evidence_emotional_pressure,S3,14,0.198875,0.167135,80,7.996908,24.640764
per_condition,evidence_authority_pressure,S3,14,0.135410,0.205720,80,9.581363,19.234165
per_condition,evidence_true_belief_pressure,S3,14,0.172261,0.203399,80,-3.088202,25.318147
per_condition,evidence_true_rationale_pressure,S3,14,0.090971,0.069925,80,-3.011584,24.629211
per_condition,evidence_distractor_neutral,S3,14,-0.144151,-0.085795,80,1.158027,11.670754
pooled_false_pressure,"evidence_false_belief_pressure,evidence_false_rationale_pressure,evidence_emotional_pressure,evidence_authority_pressure",S3,14,-0.555564,-0.579645,320,4.919687,23.610192
pooled_evidence_aligned,"evidence_true_belief_pressure,evidence_true_rationale_pressure",S3,14,0.093822,0.095848,160,-3.049893,24.973679
distractor_only,evidence_distractor_neutral,S3,14,-0.144151,-0.085795,80,1.158027,11.670754
per_condition,evidence_false_belief_pressure,S3,15,0.047796,0.068097,80,0.510714,27.181991
per_condition,evidence_false_rationale_pressure,S3,15,0.087846,0.113104,80,1.589763,26.820799
per_condition,evidence_emotional_pressure,S3,15,0.062818,0.029489,80,7.996908,26.009359
per_condition,evidence_authority_pressure,S3,15,0.052844,0.138537,80,9.581363,21.082063
per_condition,evidence_true_belief_pressure,S3,15,0.138190,0.161416,80,-3.088202,27.221793
per_condition,evidence_true_rationale_pressure,S3,15,0.091788,0.075551,80,-3.011584,26.206283
per_condition,evidence_distractor_neutral,S3,15,-0.130680,-0.043319,80,1.158027,12.954413
pooled_false_pressure,"evidence_false_belief_pressure,evidence_false_rationale_pressure,evidence_emotional_pressure,evidence_authority_pressure",S3,15,-0.594333,-0.663669,320,4.919687,25.273553
pooled_evidence_aligned,"evidence_true_belief_pressure,evidence_true_rationale_pressure",S3,15,0.073143,0.070766,160,-3.049893,26.714038
distractor_only,evidence_distractor_neutral,S3,15,-0.130680,-0.043319,80,1.158027,12.954413
per_condition,evidence_false_belief_pressure,S3,16,0.069481,0.106821,80,0.510714,27.724459
per_condition,evidence_false_rationale_pressure,S3,16,0.112854,0.056095,80,1.589763,27.553334
per_condition,evidence_emotional_pressure,S3,16,0.138004,0.112213,80,7.996908,27.051189
per_condition,evidence_authority_pressure,S3,16,0.073306,0.117159,80,9.581363,23.201228
per_condition,evidence_true_belief_pressure,S3,16,0.174691,0.186334,80,-3.088202,27.682056
per_condition,evidence_true_rationale_pressure,S3,16,0.012979,0.074941,80,-3.011584,26.836096
per_condition,evidence_distractor_neutral,S3,16,-0.197612,-0.122175,80,1.158027,13.633138
pooled_false_pressure,"evidence_false_belief_pressure,evidence_false_rationale_pressure,evidence_emotional_pressure,evidence_authority_pressure",S3,16,-0.549589,-0.566603,320,4.919687,26.382553
pooled_evidence_aligned,"evidence_true_belief_pressure,evidence_true_rationale_pressure",S3,16,0.063055,0.090633,160,-3.049893,27.259076
distractor_only,evidence_distractor_neutral,S3,16,-0.197612,-0.122175,80,1.158027,13.633138
per_condition,evidence_false_belief_pressure,S3,17,0.011389,0.030356,80,0.510714,31.550637
per_condition,evidence_false_rationale_pressure,S3,17,-0.028397,-0.075457,80,1.589763,31.947428
per_condition,evidence_emotional_pressure,S3,17,0.247420,0.235443,80,7.996908,30.591478
per_condition,evidence_authority_pressure,S3,17,0.100879,0.172527,80,9.581363,26.493239
per_condition,evidence_true_belief_pressure,S3,17,0.069169,0.082161,80,-3.088202,31.505047
per_condition,evidence_true_rationale_pressure,S3,17,-0.035431,-0.033544,80,-3.011584,31.033918
per_condition,evidence_distractor_neutral,S3,17,-0.222968,-0.162822,80,1.158027,15.162301
pooled_false_pressure,"evidence_false_belief_pressure,evidence_false_rationale_pressure,evidence_emotional_pressure,evidence_authority_pressure",S3,17,-0.590175,-0.639065,320,4.919687,30.145695
pooled_evidence_aligned,"evidence_true_belief_pressure,evidence_true_rationale_pressure",S3,17,0.004073,0.022056,160,-3.049893,31.269483
distractor_only,evidence_distractor_neutral,S3,17,-0.222968,-0.162822,80,1.158027,15.162301
per_condition,evidence_false_belief_pressure,S3,18,0.018948,0.067815,80,0.510714,31.976009
per_condition,evidence_false_rationale_pressure,S3,18,0.032872,-0.005931,80,1.589763,32.588082
per_condition,evidence_emotional_pressure,S3,18,0.059999,0.042241,80,7.996908,31.506717
per_condition,evidence_authority_pressure,S3,18,-0.015637,0.085443,80,9.581363,27.407066
per_condition,evidence_true_belief_pressure,S3,18,0.090843,0.118378,80,-3.088202,31.967423
per_condition,evidence_true_rationale_pressure,S3,18,-0.021208,-0.012916,80,-3.011584,31.438738
per_condition,evidence_distractor_neutral,S3,18,-0.204251,-0.122504,80,1.158027,15.450862
pooled_false_pressure,"evidence_false_belief_pressure,evidence_false_rationale_pressure,evidence_emotional_pressure,evidence_authority_pressure",S3,18,-0.556450,-0.559450,320,4.919687,30.869469
pooled_evidence_aligned,"evidence_true_belief_pressure,evidence_true_rationale_pressure",S3,18,0.020586,0.049555,160,-3.049893,31.703080
distractor_only,evidence_distractor_neutral,S3,18,-0.204251,-0.122504,80,1.158027,15.450862
per_condition,evidence_false_belief_pressure,S3,19,-0.131304,-0.121097,80,0.510714,39.737290
per_condition,evidence_false_rationale_pressure,S3,19,0.021335,0.046038,80,1.589763,40.943459
per_condition,evidence_emotional_pressure,S3,19,0.001001,-0.019691,80,7.996908,39.024050
per_condition,evidence_authority_pressure,S3,19,-0.250120,-0.223582,80,9.581363,34.950330
per_condition,evidence_true_belief_pressure,S3,19,0.084121,0.105016,80,-3.088202,38.995030
per_condition,evidence_true_rationale_pressure,S3,19,0.104787,0.143812,80,-3.011584,38.360669
per_condition,evidence_distractor_neutral,S3,19,-0.197937,-0.094538,80,1.158027,19.355772
pooled_false_pressure,"evidence_false_belief_pressure,evidence_false_rationale_pressure,evidence_emotional_pressure,evidence_authority_pressure",S3,19,-0.564887,-0.575994,320,4.919687,38.663782
pooled_evidence_aligned,"evidence_true_belief_pressure,evidence_true_rationale_pressure",S3,19,0.083701,0.105581,160,-3.049893,38.677850
distractor_only,evidence_distractor_neutral,S3,19,-0.197937,-0.094538,80,1.158027,19.355772
per_condition,evidence_false_belief_pressure,S3,20,-0.148338,-0.147890,80,0.510714,44.412024
per_condition,evidence_false_rationale_pressure,S3,20,0.159160,0.235068,80,1.589763,45.835565
per_condition,evidence_emotional_pressure,S3,20,-0.032342,-0.028809,80,7.996908,43.617893
per_condition,evidence_authority_pressure,S3,20,-0.275578,-0.261814,80,9.581363,38.369748
per_condition,evidence_true_belief_pressure,S3,20,-0.061663,-0.033990,80,-3.088202,42.905121
per_condition,evidence_true_rationale_pressure,S3,20,0.075609,0.020323,80,-3.011584,42.575820
per_condition,evidence_distractor_neutral,S3,20,-0.196195,-0.145992,80,1.158027,21.524759
pooled_false_pressure,"evidence_false_belief_pressure,evidence_false_rationale_pressure,evidence_emotional_pressure,evidence_authority_pressure",S3,20,-0.518138,-0.525009,320,4.919687,43.058808
pooled_evidence_aligned,"evidence_true_belief_pressure,evidence_true_rationale_pressure",S3,20,0.015385,-0.014265,160,-3.049893,42.740471
distractor_only,evidence_distractor_neutral,S3,20,-0.196195,-0.145992,80,1.158027,21.524759
per_condition,evidence_false_belief_pressure,S3,21,-0.137081,-0.098922,80,0.510714,47.641085
per_condition,evidence_false_rationale_pressure,S3,21,0.180782,0.229301,80,1.589763,48.734022
per_condition,evidence_emotional_pressure,S3,21,0.056267,0.051852,80,7.996908,48.480674
per_condition,evidence_authority_pressure,S3,21,-0.212061,-0.169808,80,9.581363,42.904835
per_condition,evidence_true_belief_pressure,S3,21,-0.134127,-0.067464,80,-3.088202,46.341211
per_condition,evidence_true_rationale_pressure,S3,21,0.038685,-0.029841,80,-3.011584,45.998932
per_condition,evidence_distractor_neutral,S3,21,-0.184169,-0.177590,80,1.158027,24.171868
pooled_false_pressure,"evidence_false_belief_pressure,evidence_false_rationale_pressure,evidence_emotional_pressure,evidence_authority_pressure",S3,21,-0.351397,-0.316428,320,4.919687,46.940154
pooled_evidence_aligned,"evidence_true_belief_pressure,evidence_true_rationale_pressure",S3,21,-0.041518,-0.065206,160,-3.049893,46.170071
distractor_only,evidence_distractor_neutral,S3,21,-0.184169,-0.177590,80,1.158027,24.171868
per_condition,evidence_false_belief_pressure,S3,22,0.245544,0.336779,80,0.510714,50.717549
per_condition,evidence_false_rationale_pressure,S3,22,0.343804,0.412494,80,1.589763,50.844822
per_condition,evidence_emotional_pressure,S3,22,-0.059341,-0.014369,80,7.996908,53.851887
per_condition,evidence_authority_pressure,S3,22,-0.303343,-0.217370,80,9.581363,46.616627
per_condition,evidence_true_belief_pressure,S3,22,0.076391,0.127496,80,-3.088202,49.690943
per_condition,evidence_true_rationale_pressure,S3,22,-0.012914,0.013033,80,-3.011584,49.597707
per_condition,evidence_distractor_neutral,S3,22,-0.126841,-0.111111,80,1.158027,25.344324
pooled_false_pressure,"evidence_false_belief_pressure,evidence_false_rationale_pressure,evidence_emotional_pressure,evidence_authority_pressure",S3,22,-0.155045,-0.032632,320,4.919687,50.507721
pooled_evidence_aligned,"evidence_true_belief_pressure,evidence_true_rationale_pressure",S3,22,0.024906,0.063137,160,-3.049893,49.644325
distractor_only,evidence_distractor_neutral,S3,22,-0.126841,-0.111111,80,1.158027,25.344324
per_condition,evidence_false_belief_pressure,S3,23,0.234592,0.343976,80,0.510714,58.875320
per_condition,evidence_false_rationale_pressure,S3,23,0.358949,0.430497,80,1.589763,59.814010
per_condition,evidence_emotional_pressure,S3,23,-0.052674,-0.048148,80,7.996908,63.184406
per_condition,evidence_authority_pressure,S3,23,-0.323335,-0.227825,80,9.581363,54.946109
per_condition,evidence_true_belief_pressure,S3,23,0.170770,0.237857,80,-3.088202,57.831136
per_condition,evidence_true_rationale_pressure,S3,23,0.072968,0.150516,80,-3.011584,57.935647
per_condition,evidence_distractor_neutral,S3,23,-0.100781,-0.079817,80,1.158027,29.877034
pooled_false_pressure,"evidence_false_belief_pressure,evidence_false_rationale_pressure,evidence_emotional_pressure,evidence_authority_pressure",S3,23,-0.114584,0.004879,320,4.919687,59.204961
pooled_evidence_aligned,"evidence_true_belief_pressure,evidence_true_rationale_pressure",S3,23,0.115088,0.190800,160,-3.049893,57.883391
distractor_only,evidence_distractor_neutral,S3,23,-0.100781,-0.079817,80,1.158027,29.877034
per_condition,evidence_false_belief_pressure,S3,24,0.164000,0.270699,80,0.510714,68.685996
per_condition,evidence_false_rationale_pressure,S3,24,0.407747,0.507243,80,1.589763,69.824182
per_condition,evidence_emotional_pressure,S3,24,-0.074961,-0.054524,80,7.996908,75.581116
per_condition,evidence_authority_pressure,S3,24,-0.335953,-0.259564,80,9.581363,65.999586
per_condition,evidence_true_belief_pressure,S3,24,0.306847,0.405556,80,-3.088202,68.540088
per_condition,evidence_true_rationale_pressure,S3,24,0.170178,0.236920,80,-3.011584,67.844105
per_condition,evidence_distractor_neutral,S3,24,-0.051170,-0.053258,80,1.158027,36.894051
pooled_false_pressure,"evidence_false_belief_pressure,evidence_false_rationale_pressure,evidence_emotional_pressure,evidence_authority_pressure",S3,24,0.027805,0.123351,320,4.919687,70.022720
pooled_evidence_aligned,"evidence_true_belief_pressure,evidence_true_rationale_pressure",S3,24,0.226496,0.313779,160,-3.049893,68.192097
distractor_only,evidence_distractor_neutral,S3,24,-0.051170,-0.053258,80,1.158027,36.894051
per_condition,evidence_false_belief_pressure,S3,25,0.131164,0.215073,80,0.510714,78.680813
per_condition,evidence_false_rationale_pressure,S3,25,0.362610,0.460642,80,1.589763,79.524565
per_condition,evidence_emotional_pressure,S3,25,-0.076572,-0.057548,80,7.996908,86.287850
per_condition,evidence_authority_pressure,S3,25,-0.333072,-0.260361,80,9.581363,75.370193
per_condition,evidence_true_belief_pressure,S3,25,0.287842,0.374918,80,-3.088202,79.396958
per_condition,evidence_true_rationale_pressure,S3,25,0.122690,0.198875,80,-3.011584,78.292318
per_condition,evidence_distractor_neutral,S3,25,-0.039192,-0.042452,80,1.158027,41.996460
pooled_false_pressure,"evidence_false_belief_pressure,evidence_false_rationale_pressure,evidence_emotional_pressure,evidence_authority_pressure",S3,25,0.019886,0.105840,320,4.919687,79.965855
pooled_evidence_aligned,"evidence_true_belief_pressure,evidence_true_rationale_pressure",S3,25,0.190779,0.271645,160,-3.049893,78.844638
distractor_only,evidence_distractor_neutral,S3,25,-0.039192,-0.042452,80,1.158027,41.996460
per_condition,evidence_false_belief_pressure,S3,26,0.067365,0.151992,80,0.510714,90.234855
per_condition,evidence_false_rationale_pressure,S3,26,0.349325,0.465424,80,1.589763,90.941431
per_condition,evidence_emotional_pressure,S3,26,-0.039436,-0.045734,80,7.996908,97.320803
per_condition,evidence_authority_pressure,S3,26,-0.260313,-0.181763,80,9.581363,84.612340
per_condition,evidence_true_belief_pressure,S3,26,0.333397,0.410689,80,-3.088202,88.111552
per_condition,evidence_true_rationale_pressure,S3,26,0.117393,0.216714,80,-3.011584,87.793303
per_condition,evidence_distractor_neutral,S3,26,-0.031091,-0.025035,80,1.158027,47.872674
pooled_false_pressure,"evidence_false_belief_pressure,evidence_false_rationale_pressure,evidence_emotional_pressure,evidence_authority_pressure",S3,26,-0.056716,0.018369,320,4.919687,90.777357
pooled_evidence_aligned,"evidence_true_belief_pressure,evidence_true_rationale_pressure",S3,26,0.208865,0.310533,160,-3.049893,87.952427
distractor_only,evidence_distractor_neutral,S3,26,-0.031091,-0.025035,80,1.158027,47.872674
per_condition,evidence_false_belief_pressure,S3,27,0.228867,0.297515,80,0.510714,106.182151
per_condition,evidence_false_rationale_pressure,S3,27,0.408595,0.496132,80,1.589763,104.373026
per_condition,evidence_emotional_pressure,S3,27,-0.030568,-0.029208,80,7.996908,111.702510
per_condition,evidence_authority_pressure,S3,27,-0.298439,-0.242499,80,9.581363,102.110247
per_condition,evidence_true_belief_pressure,S3,27,0.430480,0.528997,80,-3.088202,104.662776
per_condition,evidence_true_rationale_pressure,S3,27,0.138715,0.243460,80,-3.011584,104.991034
per_condition,evidence_distractor_neutral,S3,27,0.005859,-0.001992,80,1.158027,56.542923
pooled_false_pressure,"evidence_false_belief_pressure,evidence_false_rationale_pressure,evidence_emotional_pressure,evidence_authority_pressure",S3,27,0.020036,0.128532,320,4.919687,106.091984
pooled_evidence_aligned,"evidence_true_belief_pressure,evidence_true_rationale_pressure",S3,27,0.256853,0.379122,160,-3.049893,104.826905
distractor_only,evidence_distractor_neutral,S3,27,0.005859,-0.001992,80,1.158027,56.542923
per_condition,evidence_false_belief_pressure,S3,28,0.201274,0.274590,80,0.510714,124.496237
per_condition,evidence_false_rationale_pressure,S3,28,0.399413,0.488420,80,1.589763,122.463646
per_condition,evidence_emotional_pressure,S3,28,-0.062133,-0.024895,80,7.996908,131.812302
per_condition,evidence_authority_pressure,S3,28,-0.286170,-0.213010,80,9.581363,121.456127
per_condition,evidence_true_belief_pressure,S3,28,0.423770,0.532771,80,-3.088202,122.562976
per_condition,evidence_true_rationale_pressure,S3,28,0.145436,0.248922,80,-3.011584,123.648126
per_condition,evidence_distractor_neutral,S3,28,0.051888,0.033005,80,1.158027,69.404668
pooled_false_pressure,"evidence_false_belief_pressure,evidence_false_rationale_pressure,evidence_emotional_pressure,evidence_authority_pressure",S3,28,0.080229,0.180941,320,4.919687,125.057078
pooled_evidence_aligned,"evidence_true_belief_pressure,evidence_true_rationale_pressure",S3,28,0.254742,0.381665,160,-3.049893,123.105551
distractor_only,evidence_distractor_neutral,S3,28,0.051888,0.033005,80,1.158027,69.404668
per_condition,evidence_false_belief_pressure,S3,29,0.287864,0.326442,80,0.510714,140.196832
per_condition,evidence_false_rationale_pressure,S3,29,0.453710,0.552461,80,1.589763,137.630255
per_condition,evidence_emotional_pressure,S3,29,-0.117219,-0.062494,80,7.996908,148.015380
per_condition,evidence_authority_pressure,S3,29,-0.309688,-0.260478,80,9.581363,139.572314
per_condition,evidence_true_belief_pressure,S3,29,0.479314,0.570089,80,-3.088202,144.460264
per_condition,evidence_true_rationale_pressure,S3,29,0.203189,0.300844,80,-3.011584,144.148050
per_condition,evidence_distractor_neutral,S3,29,0.080849,0.044890,80,1.158027,81.657864
pooled_false_pressure,"evidence_false_belief_pressure,evidence_false_rationale_pressure,evidence_emotional_pressure,evidence_authority_pressure",S3,29,0.150918,0.253199,320,4.919687,141.353695
pooled_evidence_aligned,"evidence_true_belief_pressure,evidence_true_rationale_pressure",S3,29,0.313100,0.425396,160,-3.049893,144.304157
distractor_only,evidence_distractor_neutral,S3,29,0.080849,0.044890,80,1.158027,81.657864
per_condition,evidence_false_belief_pressure,S3,30,0.188243,0.219644,80,0.510714,166.383232
per_condition,evidence_false_rationale_pressure,S3,30,0.451684,0.551571,80,1.589763,159.641727
per_condition,evidence_emotional_pressure,S3,30,-0.119644,-0.064815,80,7.996908,169.780445
per_condition,evidence_authority_pressure,S3,30,-0.315762,-0.273136,80,9.581363,167.211103
per_condition,evidence_true_belief_pressure,S3,30,0.404453,0.509025,80,-3.088202,173.102214
per_condition,evidence_true_rationale_pressure,S3,30,0.179143,0.293155,80,-3.011584,171.609581
per_condition,evidence_distractor_neutral,S3,30,0.091319,0.041280,80,1.158027,99.619491
pooled_false_pressure,"evidence_false_belief_pressure,evidence_false_rationale_pressure,evidence_emotional_pressure,evidence_authority_pressure",S3,30,0.141461,0.230647,320,4.919687,165.754127
pooled_evidence_aligned,"evidence_true_belief_pressure,evidence_true_rationale_pressure",S3,30,0.263941,0.385650,160,-3.049893,172.355897
distractor_only,evidence_distractor_neutral,S3,30,0.091319,0.041280,80,1.158027,99.619491
per_condition,evidence_false_belief_pressure,S3,31,0.165062,0.241022,80,0.510714,188.813358
per_condition,evidence_false_rationale_pressure,S3,31,0.443885,0.546554,80,1.589763,179.297247
per_condition,evidence_emotional_pressure,S3,31,-0.116906,-0.053774,80,7.996908,187.854360
per_condition,evidence_authority_pressure,S3,31,-0.326461,-0.290788,80,9.581363,186.584860
per_condition,evidence_true_belief_pressure,S3,31,0.378680,0.494093,80,-3.088202,198.263051
per_condition,evidence_true_rationale_pressure,S3,31,0.191675,0.305016,80,-3.011584,195.070947
per_condition,evidence_distractor_neutral,S3,31,0.081497,0.035115,80,1.158027,114.872598
pooled_false_pressure,"evidence_false_belief_pressure,evidence_false_rationale_pressure,evidence_emotional_pressure,evidence_authority_pressure",S3,31,0.035884,0.097487,320,4.919687,185.637456
pooled_evidence_aligned,"evidence_true_belief_pressure,evidence_true_rationale_pressure",S3,31,0.260804,0.384589,160,-3.049893,196.666999
distractor_only,evidence_distractor_neutral,S3,31,0.081497,0.035115,80,1.158027,114.872598
per_condition,evidence_false_belief_pressure,S3,32,0.160662,0.270605,80,0.510714,209.623792
per_condition,evidence_false_rationale_pressure,S3,32,0.437674,0.537131,80,1.589763,197.575999
per_condition,evidence_emotional_pressure,S3,32,-0.175194,-0.095874,80,7.996908,207.604172
per_condition,evidence_authority_pressure,S3,32,-0.314285,-0.253985,80,9.581363,210.077796
per_condition,evidence_true_belief_pressure,S3,32,0.362107,0.502203,80,-3.088202,219.813569
per_condition,evidence_true_rationale_pressure,S3,32,0.178675,0.308486,80,-3.011584,216.654773
per_condition,evidence_distractor_neutral,S3,32,0.066076,0.011580,80,1.158027,132.202466
pooled_false_pressure,"evidence_false_belief_pressure,evidence_false_rationale_pressure,evidence_emotional_pressure,evidence_authority_pressure",S3,32,0.089846,0.144840,320,4.919687,206.220440
pooled_evidence_aligned,"evidence_true_belief_pressure,evidence_true_rationale_pressure",S3,32,0.246563,0.382656,160,-3.049893,218.234171
distractor_only,evidence_distractor_neutral,S3,32,0.066076,0.011580,80,1.158027,132.202466
per_condition,evidence_false_belief_pressure,S3,33,0.190781,0.257736,80,0.510714,229.399178
per_condition,evidence_false_rationale_pressure,S3,33,0.456499,0.544796,80,1.589763,214.770631
per_condition,evidence_emotional_pressure,S3,33,-0.179393,-0.127590,80,7.996908,228.442215
per_condition,evidence_authority_pressure,S3,33,-0.314745,-0.257595,80,9.581363,227.743031
per_condition,evidence_true_belief_pressure,S3,33,0.401502,0.516948,80,-3.088202,237.510869
per_condition,evidence_true_rationale_pressure,S3,33,0.166664,0.292663,80,-3.011584,234.569044
per_condition,evidence_distractor_neutral,S3,33,0.083295,0.041210,80,1.158027,149.379585
pooled_false_pressure,"evidence_false_belief_pressure,evidence_false_rationale_pressure,evidence_emotional_pressure,evidence_authority_pressure",S3,33,0.091145,0.151192,320,4.919687,225.088764
pooled_evidence_aligned,"evidence_true_belief_pressure,evidence_true_rationale_pressure",S3,33,0.255320,0.383420,160,-3.049893,236.039956
distractor_only,evidence_distractor_neutral,S3,33,0.083295,0.041210,80,1.158027,149.379585
per_condition,evidence_false_belief_pressure,S3,34,0.207388,0.264627,80,0.510714,249.472236
per_condition,evidence_false_rationale_pressure,S3,34,0.471804,0.567112,80,1.589763,233.188245
per_condition,evidence_emotional_pressure,S3,34,-0.230443,-0.189170,80,7.996908,251.940606
per_condition,evidence_authority_pressure,S3,34,-0.357098,-0.323652,80,9.581363,251.721618
per_condition,evidence_true_belief_pressure,S3,34,0.428551,0.530544,80,-3.088202,258.581191
per_condition,evidence_true_rationale_pressure,S3,34,0.185083,0.308181,80,-3.011584,254.236846
per_condition,evidence_distractor_neutral,S3,34,0.040589,-0.024613,80,1.158027,170.738521
pooled_false_pressure,"evidence_false_belief_pressure,evidence_false_rationale_pressure,evidence_emotional_pressure,evidence_authority_pressure",S3,34,0.160408,0.229782,320,4.919687,246.580676
pooled_evidence_aligned,"evidence_true_belief_pressure,evidence_true_rationale_pressure",S3,34,0.276181,0.400261,160,-3.049893,256.409019
distractor_only,evidence_distractor_neutral,S3,34,0.040589,-0.024613,80,1.158027,170.738521
per_condition,evidence_false_belief_pressure,S3,35,0.204939,0.311252,80,0.510714,108.306616
per_condition,evidence_false_rationale_pressure,S3,35,0.396908,0.484154,80,1.589763,107.755330
per_condition,evidence_emotional_pressure,S3,35,-0.306629,-0.253938,80,7.996908,126.980614
per_condition,evidence_authority_pressure,S3,35,-0.346415,-0.314252,80,9.581363,113.939882
per_condition,evidence_true_belief_pressure,S3,35,0.347543,0.413057,80,-3.088202,109.294014
per_condition,evidence_true_rationale_pressure,S3,35,0.147867,0.267886,80,-3.011584,108.045820
per_condition,evidence_distractor_neutral,S3,35,0.079075,0.042499,80,1.158027,73.380924
pooled_false_pressure,"evidence_false_belief_pressure,evidence_false_rationale_pressure,evidence_emotional_pressure,evidence_authority_pressure",S3,35,0.377343,0.480913,320,4.919687,114.245611
pooled_evidence_aligned,"evidence_true_belief_pressure,evidence_true_rationale_pressure",S3,35,0.229479,0.335093,160,-3.049893,108.669917
distractor_only,evidence_distractor_neutral,S3,35,0.079075,0.042499,80,1.158027,73.380924
per_condition,evidence_false_belief_pressure,S4,0,0.202080,0.140131,80,0.510714,0.218705
per_condition,evidence_false_rationale_pressure,S4,0,-0.229046,-0.168636,80,1.589763,0.629089
per_condition,evidence_emotional_pressure,S4,0,0.141030,0.072925,80,7.996908,1.223887
per_condition,evidence_authority_pressure,S4,0,0.232787,0.181997,80,9.581363,1.128910
per_condition,evidence_true_belief_pressure,S4,0,0.371363,0.370394,80,-3.088202,0.218702
per_condition,evidence_true_rationale_pressure,S4,0,-0.040392,0.059025,80,-3.011584,0.597346
per_condition,evidence_distractor_neutral,S4,0,-0.196822,-0.196906,80,1.158027,0.452667
pooled_false_pressure,"evidence_false_belief_pressure,evidence_false_rationale_pressure,evidence_emotional_pressure,evidence_authority_pressure",S4,0,0.621300,0.565039,320,4.919687,0.800148
pooled_evidence_aligned,"evidence_true_belief_pressure,evidence_true_rationale_pressure",S4,0,-0.002231,0.141237,160,-3.049893,0.408024
distractor_only,evidence_distractor_neutral,S4,0,-0.196822,-0.196906,80,1.158027,0.452667
per_condition,evidence_false_belief_pressure,S4,1,0.152508,0.196249,80,0.510714,0.396259
per_condition,evidence_false_rationale_pressure,S4,1,-0.220922,-0.140131,80,1.589763,0.793693
per_condition,evidence_emotional_pressure,S4,1,0.071151,0.026278,80,7.996908,1.332264
per_condition,evidence_authority_pressure,S4,1,0.159090,0.109916,80,9.581363,1.207459
per_condition,evidence_true_belief_pressure,S4,1,0.283553,0.259400,80,-3.088202,0.396007
per_condition,evidence_true_rationale_pressure,S4,1,-0.047908,0.043694,80,-3.011584,0.761480
per_condition,evidence_distractor_neutral,S4,1,-0.201839,-0.200023,80,1.158027,0.536403
pooled_false_pressure,"evidence_false_belief_pressure,evidence_false_rationale_pressure,evidence_emotional_pressure,evidence_authority_pressure",S4,1,0.602776,0.554654,320,4.919687,0.932419
pooled_evidence_aligned,"evidence_true_belief_pressure,evidence_true_rationale_pressure",S4,1,-0.010986,0.092350,160,-3.049893,0.578744
distractor_only,evidence_distractor_neutral,S4,1,-0.201839,-0.200023,80,1.158027,0.536403
per_condition,evidence_false_belief_pressure,S4,2,0.029669,0.032044,80,0.510714,0.713695
per_condition,evidence_false_rationale_pressure,S4,2,-0.197047,-0.127051,80,1.589763,1.053339
per_condition,evidence_emotional_pressure,S4,2,0.055702,0.030544,80,7.996908,1.497694
per_condition,evidence_authority_pressure,S4,2,0.072936,0.010806,80,9.581363,1.353638
per_condition,evidence_true_belief_pressure,S4,2,0.126677,0.109681,80,-3.088202,0.712787
per_condition,evidence_true_rationale_pressure,S4,2,-0.058152,-0.030286,80,-3.011584,1.034676
per_condition,evidence_distractor_neutral,S4,2,-0.214046,-0.215026,80,1.158027,0.681554
pooled_false_pressure,"evidence_false_belief_pressure,evidence_false_rationale_pressure,evidence_emotional_pressure,evidence_authority_pressure",S4,2,0.569192,0.528855,320,4.919687,1.154592
pooled_evidence_aligned,"evidence_true_belief_pressure,evidence_true_rationale_pressure",S4,2,-0.016344,0.052514,160,-3.049893,0.873731
distractor_only,evidence_distractor_neutral,S4,2,-0.214046,-0.215026,80,1.158027,0.681554
per_condition,evidence_false_belief_pressure,S4,3,0.043564,0.089170,80,0.510714,1.435271
per_condition,evidence_false_rationale_pressure,S4,3,-0.146273,-0.043413,80,1.589763,1.643118
per_condition,evidence_emotional_pressure,S4,3,-0.031975,-0.033779,80,7.996908,1.804589
per_condition,evidence_authority_pressure,S4,3,0.019961,0.033849,80,9.581363,1.717290
per_condition,evidence_true_belief_pressure,S4,3,0.106518,0.130145,80,-3.088202,1.434357
per_condition,evidence_true_rationale_pressure,S4,3,-0.017986,-0.019198,80,-3.011584,1.612105
per_condition,evidence_distractor_neutral,S4,3,-0.214502,-0.213737,80,1.158027,0.822270
pooled_false_pressure,"evidence_false_belief_pressure,evidence_false_rationale_pressure,evidence_emotional_pressure,evidence_authority_pressure",S4,3,0.411183,0.508338,320,4.919687,1.650067
pooled_evidence_aligned,"evidence_true_belief_pressure,evidence_true_rationale_pressure",S4,3,0.012765,0.065390,160,-3.049893,1.523231
distractor_only,evidence_distractor_neutral,S4,3,-0.214502,-0.213737,80,1.158027,0.822270
per_condition,evidence_false_belief_pressure,S4,4,0.061983,0.092077,80,0.510714,1.884937
per_condition,evidence_false_rationale_pressure,S4,4,-0.044320,0.000117,80,1.589763,2.184117
per_condition,evidence_emotional_pressure,S4,4,-0.121821,-0.141796,80,7.996908,2.100627
per_condition,evidence_authority_pressure,S4,4,-0.056699,-0.062494,80,9.581363,2.053800
per_condition,evidence_true_belief_pressure,S4,4,0.096659,0.132700,80,-3.088202,1.883442
per_condition,evidence_true_rationale_pressure,S4,4,0.005707,-0.006610,80,-3.011584,2.092093
per_condition,evidence_distractor_neutral,S4,4,-0.143567,-0.175152,80,1.158027,1.073056
pooled_false_pressure,"evidence_false_belief_pressure,evidence_false_rationale_pressure,evidence_emotional_pressure,evidence_authority_pressure",S4,4,0.110679,0.255680,320,4.919687,2.055870
pooled_evidence_aligned,"evidence_true_belief_pressure,evidence_true_rationale_pressure",S4,4,0.034436,0.069079,160,-3.049893,1.987767
distractor_only,evidence_distractor_neutral,S4,4,-0.143567,-0.175152,80,1.158027,1.073056
per_condition,evidence_false_belief_pressure,S4,5,0.090036,0.122316,80,0.510714,2.352266
per_condition,evidence_false_rationale_pressure,S4,5,0.206763,0.219995,80,1.589763,2.849336
per_condition,evidence_emotional_pressure,S4,5,-0.239387,-0.244702,80,7.996908,2.485805
per_condition,evidence_authority_pressure,S4,5,-0.058172,-0.064088,80,9.581363,2.486785
per_condition,evidence_true_belief_pressure,S4,5,0.149291,0.186451,80,-3.088202,2.350449
per_condition,evidence_true_rationale_pressure,S4,5,0.140208,0.009892,80,-3.011584,2.716023
per_condition,evidence_distractor_neutral,S4,5,0.002020,-0.020417,80,1.158027,1.413597
pooled_false_pressure,"evidence_false_belief_pressure,evidence_false_rationale_pressure,evidence_emotional_pressure,evidence_authority_pressure",S4,5,-0.130352,-0.003445,320,4.919687,2.543548
pooled_evidence_aligned,"evidence_true_belief_pressure,evidence_true_rationale_pressure",S4,5,0.102099,0.079075,160,-3.049893,2.533236
distractor_only,evidence_distractor_neutral,S4,5,0.002020,-0.020417,80,1.158027,1.413597
per_condition,evidence_false_belief_pressure,S4,6,0.212527,0.248078,80,0.510714,3.285718
per_condition,evidence_false_rationale_pressure,S4,6,0.302841,0.336381,80,1.589763,3.773019
per_condition,evidence_emotional_pressure,S4,6,-0.229906,-0.242288,80,7.996908,3.258674
per_condition,evidence_authority_pressure,S4,6,-0.037220,-0.038678,80,9.581363,3.127939
per_condition,evidence_true_belief_pressure,S4,6,0.273204,0.301828,80,-3.088202,3.283067
per_condition,evidence_true_rationale_pressure,S4,6,0.229762,0.152555,80,-3.011584,3.649261
per_condition,evidence_distractor_neutral,S4,6,-0.082756,-0.078153,80,1.158027,1.799423
pooled_false_pressure,"evidence_false_belief_pressure,evidence_false_rationale_pressure,evidence_emotional_pressure,evidence_authority_pressure",S4,6,-0.385650,-0.406310,320,4.919687,3.361337
pooled_evidence_aligned,"evidence_true_belief_pressure,evidence_true_rationale_pressure",S4,6,0.180406,0.170257,160,-3.049893,3.466164
distractor_only,evidence_distractor_neutral,S4,6,-0.082756,-0.078153,80,1.158027,1.799423
per_condition,evidence_false_belief_pressure,S4,7,0.239557,0.305321,80,0.510714,4.213714
per_condition,evidence_false_rationale_pressure,S4,7,0.341385,0.363361,80,1.589763,4.716624
per_condition,evidence_emotional_pressure,S4,7,-0.219748,-0.231435,80,7.996908,3.882251
per_condition,evidence_authority_pressure,S4,7,0.000088,0.036943,80,9.581363,3.575274
per_condition,evidence_true_belief_pressure,S4,7,0.273541,0.332982,80,-3.088202,4.211156
per_condition,evidence_true_rationale_pressure,S4,7,0.280683,0.225410,80,-3.011584,4.554347
per_condition,evidence_distractor_neutral,S4,7,-0.091466,-0.075785,80,1.158027,2.241873
pooled_false_pressure,"evidence_false_belief_pressure,evidence_false_rationale_pressure,evidence_emotional_pressure,evidence_authority_pressure",S4,7,-0.571485,-0.631238,320,4.919687,4.096966
pooled_evidence_aligned,"evidence_true_belief_pressure,evidence_true_rationale_pressure",S4,7,0.224164,0.224555,160,-3.049893,4.382752
distractor_only,evidence_distractor_neutral,S4,7,-0.091466,-0.075785,80,1.158027,2.241873
per_condition,evidence_false_belief_pressure,S4,8,0.224958,0.279958,80,0.510714,5.449567
per_condition,evidence_false_rationale_pressure,S4,8,0.358428,0.382068,80,1.589763,6.207712
per_condition,evidence_emotional_pressure,S4,8,-0.181410,-0.177778,80,7.996908,4.939632
per_condition,evidence_authority_pressure,S4,8,0.030586,0.124098,80,9.581363,4.597817
per_condition,evidence_true_belief_pressure,S4,8,0.214314,0.239780,80,-3.088202,5.446293
per_condition,evidence_true_rationale_pressure,S4,8,0.326175,0.240717,80,-3.011584,6.026796
per_condition,evidence_distractor_neutral,S4,8,-0.004647,0.009447,80,1.158027,2.910355
pooled_false_pressure,"evidence_false_belief_pressure,evidence_false_rationale_pressure,evidence_emotional_pressure,evidence_authority_pressure",S4,8,-0.578773,-0.643819,320,4.919687,5.298682
pooled_evidence_aligned,"evidence_true_belief_pressure,evidence_true_rationale_pressure",S4,8,0.198101,0.176474,160,-3.049893,5.736545
distractor_only,evidence_distractor_neutral,S4,8,-0.004647,0.009447,80,1.158027,2.910355
per_condition,evidence_false_belief_pressure,S4,9,0.205354,0.307103,80,0.510714,5.695377
per_condition,evidence_false_rationale_pressure,S4,9,0.379509,0.403540,80,1.589763,6.540524
per_condition,evidence_emotional_pressure,S4,9,-0.169314,-0.193905,80,7.996908,5.172020
per_condition,evidence_authority_pressure,S4,9,0.035105,0.110056,80,9.581363,4.609474
per_condition,evidence_true_belief_pressure,S4,9,0.250174,0.284037,80,-3.088202,5.693901
per_condition,evidence_true_rationale_pressure,S4,9,0.368357,0.297187,80,-3.011584,6.317597
per_condition,evidence_distractor_neutral,S4,9,0.067492,0.072972,80,1.158027,2.973953
pooled_false_pressure,"evidence_false_belief_pressure,evidence_false_rationale_pressure,evidence_emotional_pressure,evidence_authority_pressure",S4,9,-0.595565,-0.651417,320,4.919687,5.504349
pooled_evidence_aligned,"evidence_true_belief_pressure,evidence_true_rationale_pressure",S4,9,0.218552,0.200545,160,-3.049893,6.005749
distractor_only,evidence_distractor_neutral,S4,9,0.067492,0.072972,80,1.158027,2.973953
per_condition,evidence_false_belief_pressure,S4,10,0.160867,0.230356,80,0.510714,6.300099
per_condition,evidence_false_rationale_pressure,S4,10,0.276821,0.256048,80,1.589763,6.829166
per_condition,evidence_emotional_pressure,S4,10,0.006211,0.009728,80,7.996908,4.943785
per_condition,evidence_authority_pressure,S4,10,0.213688,0.344585,80,9.581363,4.290848
per_condition,evidence_true_belief_pressure,S4,10,0.083680,0.046343,80,-3.088202,6.301388
per_condition,evidence_true_rationale_pressure,S4,10,0.278238,0.182161,80,-3.011584,6.582932
per_condition,evidence_distractor_neutral,S4,10,0.112759,0.146859,80,1.158027,3.215225
pooled_false_pressure,"evidence_false_belief_pressure,evidence_false_rationale_pressure,evidence_emotional_pressure,evidence_authority_pressure",S4,10,-0.693645,-0.674342,320,4.919687,5.590975
pooled_evidence_aligned,"evidence_true_belief_pressure,evidence_true_rationale_pressure",S4,10,0.185128,0.107468,160,-3.049893,6.442160
distractor_only,evidence_distractor_neutral,S4,10,0.112759,0.146859,80,1.158027,3.215225
per_condition,evidence_false_belief_pressure,S4,11,0.136283,0.150328,80,0.510714,6.025564
per_condition,evidence_false_rationale_pressure,S4,11,0.243334,0.215635,80,1.589763,6.386756
per_condition,evidence_emotional_pressure,S4,11,0.125243,0.118050,80,7.996908,4.738714
per_condition,evidence_authority_pressure,S4,11,0.245681,0.358251,80,9.581363,4.148319
per_condition,evidence_true_belief_pressure,S4,11,0.080286,0.025340,80,-3.088202,6.025303
per_condition,evidence_true_rationale_pressure,S4,11,0.264575,0.184060,80,-3.011584,6.168058
per_condition,evidence_distractor_neutral,S4,11,0.118099,0.136568,80,1.158027,3.114127
pooled_false_pressure,"evidence_false_belief_pressure,evidence_false_rationale_pressure,evidence_emotional_pressure,evidence_authority_pressure",S4,11,-0.697690,-0.674874,320,4.919687,5.324838
pooled_evidence_aligned,"evidence_true_belief_pressure,evidence_true_rationale_pressure",S4,11,0.193324,0.100085,160,-3.049893,6.096681
distractor_only,evidence_distractor_neutral,S4,11,0.118099,0.136568,80,1.158027,3.114127
per_condition,evidence_false_belief_pressure,S4,12,0.174178,0.153422,80,0.510714,7.390240
per_condition,evidence_false_rationale_pressure,S4,12,0.337140,0.328129,80,1.589763,7.446702
per_condition,evidence_emotional_pressure,S4,12,0.225357,0.244304,80,7.996908,5.882533
per_condition,evidence_authority_pressure,S4,12,0.438505,0.583708,80,9.581363,5.151400
per_condition,evidence_true_belief_pressure,S4,12,0.041296,-0.015870,80,-3.088202,7.393395
per_condition,evidence_true_rationale_pressure,S4,12,0.235059,0.126559,80,-3.011584,7.329559
per_condition,evidence_distractor_neutral,S4,12,0.165870,0.220581,80,1.158027,3.405422
pooled_false_pressure,"evidence_false_belief_pressure,evidence_false_rationale_pressure,evidence_emotional_pressure,evidence_authority_pressure",S4,12,-0.682777,-0.668378,320,4.919687,6.467719
pooled_evidence_aligned,"evidence_true_belief_pressure,evidence_true_rationale_pressure",S4,12,0.151704,0.064075,160,-3.049893,7.361477
distractor_only,evidence_distractor_neutral,S4,12,0.165870,0.220581,80,1.158027,3.405422
per_condition,evidence_false_belief_pressure,S4,13,0.160071,0.201852,80,0.510714,8.270598
per_condition,evidence_false_rationale_pressure,S4,13,0.335351,0.372152,80,1.589763,8.105941
per_condition,evidence_emotional_pressure,S4,13,0.178181,0.194702,80,7.996908,6.483545
per_condition,evidence_authority_pressure,S4,13,0.401480,0.588326,80,9.581363,5.631475
per_condition,evidence_true_belief_pressure,S4,13,0.076517,0.060150,80,-3.088202,8.280558
per_condition,evidence_true_rationale_pressure,S4,13,0.179180,0.104805,80,-3.011584,8.061731
per_condition,evidence_distractor_neutral,S4,13,0.181237,0.231130,80,1.158027,3.691250
pooled_false_pressure,"evidence_false_belief_pressure,evidence_false_rationale_pressure,evidence_emotional_pressure,evidence_authority_pressure",S4,13,-0.702018,-0.688443,320,4.919687,7.122890
pooled_evidence_aligned,"evidence_true_belief_pressure,evidence_true_rationale_pressure",S4,13,0.118457,0.074962,160,-3.049893,8.171144
distractor_only,evidence_distractor_neutral,S4,13,0.181237,0.231130,80,1.158027,3.691250
per_condition,evidence_false_belief_pressure,S4,14,0.115177,0.088303,80,0.510714,8.089833
per_condition,evidence_false_rationale_pressure,S4,14,0.352699,0.372269,80,1.589763,7.947782
per_condition,evidence_emotional_pressure,S4,14,0.227839,0.207665,80,7.996908,6.526378
per_condition,evidence_authority_pressure,S4,14,0.287965,0.364721,80,9.581363,5.907076
per_condition,evidence_true_belief_pressure,S4,14,-0.026583,-0.073582,80,-3.088202,8.094645
per_condition,evidence_true_rationale_pressure,S4,14,0.187176,0.024004,80,-3.011584,7.879357
per_condition,evidence_distractor_neutral,S4,14,0.147614,0.191491,80,1.158027,3.853043
pooled_false_pressure,"evidence_false_belief_pressure,evidence_false_rationale_pressure,evidence_emotional_pressure,evidence_authority_pressure",S4,14,-0.709390,-0.698491,320,4.919687,7.117767
pooled_evidence_aligned,"evidence_true_belief_pressure,evidence_true_rationale_pressure",S4,14,0.080893,-0.017453,160,-3.049893,7.987001
distractor_only,evidence_distractor_neutral,S4,14,0.147614,0.191491,80,1.158027,3.853043
per_condition,evidence_false_belief_pressure,S4,15,0.219324,0.218776,80,0.510714,9.017907
per_condition,evidence_false_rationale_pressure,S4,15,0.417434,0.483708,80,1.589763,8.944940
per_condition,evidence_emotional_pressure,S4,15,0.124102,0.066338,80,7.996908,7.603027
per_condition,evidence_authority_pressure,S4,15,0.261686,0.319151,80,9.581363,7.024539
per_condition,evidence_true_belief_pressure,S4,15,0.010004,-0.041069,80,-3.088202,9.031039
per_condition,evidence_true_rationale_pressure,S4,15,0.223995,0.159658,80,-3.011584,8.885727
per_condition,evidence_distractor_neutral,S4,15,0.119263,0.162049,80,1.158027,4.144487
pooled_false_pressure,"evidence_false_belief_pressure,evidence_false_rationale_pressure,evidence_emotional_pressure,evidence_authority_pressure",S4,15,-0.677453,-0.674380,320,4.919687,8.147603
pooled_evidence_aligned,"evidence_true_belief_pressure,evidence_true_rationale_pressure",S4,15,0.126948,0.072911,160,-3.049893,8.958383
distractor_only,evidence_distractor_neutral,S4,15,0.119263,0.162049,80,1.158027,4.144487
per_condition,evidence_false_belief_pressure,S4,16,0.289827,0.410314,80,0.510714,9.439456
per_condition,evidence_false_rationale_pressure,S4,16,0.374843,0.446179,80,1.589763,9.420420
per_condition,evidence_emotional_pressure,S4,16,0.176458,0.111205,80,7.996908,8.332174
per_condition,evidence_authority_pressure,S4,16,0.429729,0.502555,80,9.581363,7.769421
per_condition,evidence_true_belief_pressure,S4,16,0.144487,0.116737,80,-3.088202,9.461753
per_condition,evidence_true_rationale_pressure,S4,16,0.246199,0.198312,80,-3.011584,9.365642
per_condition,evidence_distractor_neutral,S4,16,0.130137,0.168823,80,1.158027,4.510073
pooled_false_pressure,"evidence_false_belief_pressure,evidence_false_rationale_pressure,evidence_emotional_pressure,evidence_authority_pressure",S4,16,-0.616770,-0.645482,320,4.919687,8.740368
pooled_evidence_aligned,"evidence_true_belief_pressure,evidence_true_rationale_pressure",S4,16,0.199019,0.157327,160,-3.049893,9.413697
distractor_only,evidence_distractor_neutral,S4,16,0.130137,0.168823,80,1.158027,4.510073
per_condition,evidence_false_belief_pressure,S4,17,0.163276,0.266456,80,0.510714,10.004744
per_condition,evidence_false_rationale_pressure,S4,17,0.325552,0.412330,80,1.589763,9.983588
per_condition,evidence_emotional_pressure,S4,17,0.057219,0.048687,80,7.996908,9.427916
per_condition,evidence_authority_pressure,S4,17,0.117204,0.125434,80,9.581363,9.018013
per_condition,evidence_true_belief_pressure,S4,17,0.149275,0.149906,80,-3.088202,9.977731
per_condition,evidence_true_rationale_pressure,S4,17,0.151273,0.167417,80,-3.011584,9.993813
per_condition,evidence_distractor_neutral,S4,17,0.102765,0.151383,80,1.158027,4.787185
pooled_false_pressure,"evidence_false_belief_pressure,evidence_false_rationale_pressure,evidence_emotional_pressure,evidence_authority_pressure",S4,17,-0.510645,-0.573962,320,4.919687,9.608565
pooled_evidence_aligned,"evidence_true_belief_pressure,evidence_true_rationale_pressure",S4,17,0.149678,0.158388,160,-3.049893,9.985772
distractor_only,evidence_distractor_neutral,S4,17,0.102765,0.151383,80,1.158027,4.787185
per_condition,evidence_false_belief_pressure,S4,18,0.462213,0.505790,80,0.510714,12.886200
per_condition,evidence_false_rationale_pressure,S4,18,0.270954,0.328293,80,1.589763,12.910295
per_condition,evidence_emotional_pressure,S4,18,0.211190,0.192405,80,7.996908,14.295416
per_condition,evidence_authority_pressure,S4,18,0.457893,0.510150,80,9.581363,13.767961
per_condition,evidence_true_belief_pressure,S4,18,0.225183,0.249461,80,-3.088202,12.938906
per_condition,evidence_true_rationale_pressure,S4,18,0.047614,0.161955,80,-3.011584,12.785087
per_condition,evidence_distractor_neutral,S4,18,0.038615,0.042710,80,1.158027,5.623982
pooled_false_pressure,"evidence_false_belief_pressure,evidence_false_rationale_pressure,evidence_emotional_pressure,evidence_authority_pressure",S4,18,0.633818,0.678315,320,4.919687,13.464968
pooled_evidence_aligned,"evidence_true_belief_pressure,evidence_true_rationale_pressure",S4,18,0.121042,0.197252,160,-3.049893,12.861997
distractor_only,evidence_distractor_neutral,S4,18,0.038615,0.042710,80,1.158027,5.623982
per_condition,evidence_false_belief_pressure,S4,19,0.339172,0.388772,80,0.510714,16.598471
per_condition,evidence_false_rationale_pressure,S4,19,0.089128,0.164651,80,1.589763,17.866905
per_condition,evidence_emotional_pressure,S4,19,0.173432,0.155391,80,7.996908,20.156218
per_condition,evidence_authority_pressure,S4,19,0.441312,0.465893,80,9.581363,18.180248
per_condition,evidence_true_belief_pressure,S4,19,-0.103205,-0.090366,80,-3.088202,16.923231
per_condition,evidence_true_rationale_pressure,S4,19,-0.056189,-0.066714,80,-3.011584,17.291731
per_condition,evidence_distractor_neutral,S4,19,-0.046797,-0.018542,80,1.158027,7.242865
pooled_false_pressure,"evidence_false_belief_pressure,evidence_false_rationale_pressure,evidence_emotional_pressure,evidence_authority_pressure",S4,19,0.523590,0.578025,320,4.919687,18.200461
pooled_evidence_aligned,"evidence_true_belief_pressure,evidence_true_rationale_pressure",S4,19,-0.070822,-0.082234,160,-3.049893,17.107481
distractor_only,evidence_distractor_neutral,S4,19,-0.046797,-0.018542,80,1.158027,7.242865
per_condition,evidence_false_belief_pressure,S4,20,0.092234,0.205180,80,0.510714,22.696582
per_condition,evidence_false_rationale_pressure,S4,20,0.110779,0.166807,80,1.589763,24.410548
per_condition,evidence_emotional_pressure,S4,20,-0.023683,0.010478,80,7.996908,26.947648
per_condition,evidence_authority_pressure,S4,20,0.036720,-0.013971,80,9.581363,23.756232
per_condition,evidence_true_belief_pressure,S4,20,-0.182871,-0.210431,80,-3.088202,20.332814
per_condition,evidence_true_rationale_pressure,S4,20,0.033570,0.065143,80,-3.011584,20.708258
per_condition,evidence_distractor_neutral,S4,20,-0.172654,-0.110150,80,1.158027,8.888598
pooled_false_pressure,"evidence_false_belief_pressure,evidence_false_rationale_pressure,evidence_emotional_pressure,evidence_authority_pressure",S4,20,0.261891,0.300927,320,4.919687,24.452753
pooled_evidence_aligned,"evidence_true_belief_pressure,evidence_true_rationale_pressure",S4,20,-0.055457,-0.068405,160,-3.049893,20.520536
distractor_only,evidence_distractor_neutral,S4,20,-0.172654,-0.110150,80,1.158027,8.888598
per_condition,evidence_false_belief_pressure,S4,21,0.166604,0.281411,80,0.510714,24.989908
per_condition,evidence_false_rationale_pressure,S4,21,0.166457,0.210009,80,1.589763,27.571963
per_condition,evidence_emotional_pressure,S4,21,0.047471,0.042147,80,7.996908,30.510009
per_condition,evidence_authority_pressure,S4,21,0.111166,0.074988,80,9.581363,26.762365
per_condition,evidence_true_belief_pressure,S4,21,-0.175614,-0.174801,80,-3.088202,22.298068
per_condition,evidence_true_rationale_pressure,S4,21,-0.024616,0.069456,80,-3.011584,22.980464
per_condition,evidence_distractor_neutral,S4,21,-0.218112,-0.134857,80,1.158027,9.408924
pooled_false_pressure,"evidence_false_belief_pressure,evidence_false_rationale_pressure,evidence_emotional_pressure,evidence_authority_pressure",S4,21,0.319160,0.361680,320,4.919687,27.458561
pooled_evidence_aligned,"evidence_true_belief_pressure,evidence_true_rationale_pressure",S4,21,-0.080967,-0.044577,160,-3.049893,22.639266
distractor_only,evidence_distractor_neutral,S4,21,-0.218112,-0.134857,80,1.158027,9.408924
per_condition,evidence_false_belief_pressure,S4,22,0.205305,0.280544,80,0.510714,24.128351
per_condition,evidence_false_rationale_pressure,S4,22,0.151600,0.224262,80,1.589763,27.556904
per_condition,evidence_emotional_pressure,S4,22,0.161125,0.232091,80,7.996908,31.943572
per_condition,evidence_authority_pressure,S4,22,0.098641,0.077614,80,9.581363,26.763772
per_condition,evidence_true_belief_pressure,S4,22,-0.119460,-0.140061,80,-3.088202,21.810143
per_condition,evidence_true_rationale_pressure,S4,22,-0.034143,0.156353,80,-3.011584,22.520023
per_condition,evidence_distractor_neutral,S4,22,-0.212015,-0.138068,80,1.158027,9.233629
pooled_false_pressure,"evidence_false_belief_pressure,evidence_false_rationale_pressure,evidence_emotional_pressure,evidence_authority_pressure",S4,22,0.391333,0.440466,320,4.919687,27.598150
pooled_evidence_aligned,"evidence_true_belief_pressure,evidence_true_rationale_pressure",S4,22,-0.064045,0.009153,160,-3.049893,22.165083
distractor_only,evidence_distractor_neutral,S4,22,-0.212015,-0.138068,80,1.158027,9.233629
per_condition,evidence_false_belief_pressure,S4,23,0.361501,0.380825,80,0.510714,28.043730
per_condition,evidence_false_rationale_pressure,S4,23,0.263775,0.368378,80,1.589763,31.836004
per_condition,evidence_emotional_pressure,S4,23,0.229796,0.336732,80,7.996908,38.005872
per_condition,evidence_authority_pressure,S4,23,0.184138,0.144140,80,9.581363,31.155592
per_condition,evidence_true_belief_pressure,S4,23,-0.075563,-0.095007,80,-3.088202,27.158488
per_condition,evidence_true_rationale_pressure,S4,23,0.016122,0.227942,80,-3.011584,28.128975
per_condition,evidence_distractor_neutral,S4,23,-0.234432,-0.168261,80,1.158027,10.150568
pooled_false_pressure,"evidence_false_belief_pressure,evidence_false_rationale_pressure,evidence_emotional_pressure,evidence_authority_pressure",S4,23,0.435164,0.495939,320,4.919687,32.260300
pooled_evidence_aligned,"evidence_true_belief_pressure,evidence_true_rationale_pressure",S4,23,-0.018387,0.065730,160,-3.049893,27.643732
distractor_only,evidence_distractor_neutral,S4,23,-0.234432,-0.168261,80,1.158027,10.150568
per_condition,evidence_false_belief_pressure,S4,24,0.460067,0.394374,80,0.510714,30.912523
per_condition,evidence_false_rationale_pressure,S4,24,0.279105,0.367651,80,1.589763,35.826727
per_condition,evidence_emotional_pressure,S4,24,0.579412,0.561767,80,7.996908,43.805217
per_condition,evidence_authority_pressure,S4,24,0.611405,0.445851,80,9.581363,35.661821
per_condition,evidence_true_belief_pressure,S4,24,-0.073718,-0.084154,80,-3.088202,32.765987
per_condition,evidence_true_rationale_pressure,S4,24,-0.098710,0.216596,80,-3.011584,33.477006
per_condition,evidence_distractor_neutral,S4,24,-0.173930,-0.093835,80,1.158027,11.511734
pooled_false_pressure,"evidence_false_belief_pressure,evidence_false_rationale_pressure,evidence_emotional_pressure,evidence_authority_pressure",S4,24,0.581323,0.570265,320,4.919687,36.551572
pooled_evidence_aligned,"evidence_true_belief_pressure,evidence_true_rationale_pressure",S4,24,-0.087198,0.062188,160,-3.049893,33.121496
distractor_only,evidence_distractor_neutral,S4,24,-0.173930,-0.093835,80,1.158027,11.511734
per_condition,evidence_false_belief_pressure,S4,25,0.536067,0.452532,80,0.510714,32.423811
per_condition,evidence_false_rationale_pressure,S4,25,0.284324,0.370230,80,1.589763,37.927396
per_condition,evidence_emotional_pressure,S4,25,0.582803,0.587248,80,7.996908,46.755796
per_condition,evidence_authority_pressure,S4,25,0.596829,0.466690,80,9.581363,37.445446
per_condition,evidence_true_belief_pressure,S4,25,-0.070603,-0.080989,80,-3.088202,33.617857
per_condition,evidence_true_rationale_pressure,S4,25,-0.134397,0.186592,80,-3.011584,34.904422
per_condition,evidence_distractor_neutral,S4,25,-0.164282,-0.067581,80,1.158027,12.160433
pooled_false_pressure,"evidence_false_belief_pressure,evidence_false_rationale_pressure,evidence_emotional_pressure,evidence_authority_pressure",S4,25,0.574009,0.578020,320,4.919687,38.638112
pooled_evidence_aligned,"evidence_true_belief_pressure,evidence_true_rationale_pressure",S4,25,-0.106270,0.046241,160,-3.049893,34.261140
distractor_only,evidence_distractor_neutral,S4,25,-0.164282,-0.067581,80,1.158027,12.160433
per_condition,evidence_false_belief_pressure,S4,26,0.471411,0.420792,80,0.510714,36.905211
per_condition,evidence_false_rationale_pressure,S4,26,0.241932,0.318565,80,1.589763,42.619005
per_condition,evidence_emotional_pressure,S4,26,0.593798,0.567323,80,7.996908,51.745993
per_condition,evidence_authority_pressure,S4,26,0.597755,0.460689,80,9.581363,42.151140
per_condition,evidence_true_belief_pressure,S4,26,-0.046214,-0.063596,80,-3.088202,37.320036
per_condition,evidence_true_rationale_pressure,S4,26,-0.128529,0.160338,80,-3.011584,38.832100
per_condition,evidence_distractor_neutral,S4,26,-0.157976,-0.107407,80,1.158027,13.088621
pooled_false_pressure,"evidence_false_belief_pressure,evidence_false_rationale_pressure,evidence_emotional_pressure,evidence_authority_pressure",S4,26,0.567853,0.554949,320,4.919687,43.355337
pooled_evidence_aligned,"evidence_true_belief_pressure,evidence_true_rationale_pressure",S4,26,-0.094261,0.038849,160,-3.049893,38.076068
distractor_only,evidence_distractor_neutral,S4,26,-0.157976,-0.107407,80,1.158027,13.088621
per_condition,evidence_false_belief_pressure,S4,27,0.498946,0.452438,80,0.510714,40.169588
per_condition,evidence_false_rationale_pressure,S4,27,0.242535,0.326910,80,1.589763,46.431770
per_condition,evidence_emotional_pressure,S4,27,0.597975,0.575457,80,7.996908,56.728766
per_condition,evidence_authority_pressure,S4,27,0.594522,0.477872,80,9.581363,46.051364
per_condition,evidence_true_belief_pressure,S4,27,-0.034345,-0.035724,80,-3.088202,41.023910
per_condition,evidence_true_rationale_pressure,S4,27,-0.131938,0.177121,80,-3.011584,42.759392
per_condition,evidence_distractor_neutral,S4,27,-0.168044,-0.092804,80,1.158027,14.150401
pooled_false_pressure,"evidence_false_belief_pressure,evidence_false_rationale_pressure,evidence_emotional_pressure,evidence_authority_pressure",S4,27,0.570453,0.563837,320,4.919687,47.345372
pooled_evidence_aligned,"evidence_true_belief_pressure,evidence_true_rationale_pressure",S4,27,-0.092248,0.064482,160,-3.049893,41.891651
distractor_only,evidence_distractor_neutral,S4,27,-0.168044,-0.092804,80,1.158027,14.150401
per_condition,evidence_false_belief_pressure,S4,28,0.549580,0.438865,80,0.510714,42.726341
per_condition,evidence_false_rationale_pressure,S4,28,0.278490,0.392405,80,1.589763,49.854155
per_condition,evidence_emotional_pressure,S4,28,0.592598,0.562986,80,7.996908,62.283100
per_condition,evidence_authority_pressure,S4,28,0.575546,0.432841,80,9.581363,50.059395
per_condition,evidence_true_belief_pressure,S4,28,-0.016172,-0.041796,80,-3.088202,43.751891
per_condition,evidence_true_rationale_pressure,S4,28,-0.176511,0.185138,80,-3.011584,46.000972
per_condition,evidence_distractor_neutral,S4,28,-0.162236,-0.055954,80,1.158027,15.392744
pooled_false_pressure,"evidence_false_belief_pressure,evidence_false_rationale_pressure,evidence_emotional_pressure,evidence_authority_pressure",S4,28,0.589561,0.594680,320,4.919687,51.230748
pooled_evidence_aligned,"evidence_true_belief_pressure,evidence_true_rationale_pressure",S4,28,-0.116866,0.069000,160,-3.049893,44.876431
distractor_only,evidence_distractor_neutral,S4,28,-0.162236,-0.055954,80,1.158027,15.392744
per_condition,evidence_false_belief_pressure,S4,29,0.592288,0.454079,80,0.510714,45.550484
per_condition,evidence_false_rationale_pressure,S4,29,0.272890,0.410408,80,1.589763,53.032614
per_condition,evidence_emotional_pressure,S4,29,0.681021,0.620136,80,7.996908,67.378245
per_condition,evidence_authority_pressure,S4,29,0.692145,0.541749,80,9.581363,54.951063
per_condition,evidence_true_belief_pressure,S4,29,0.000391,-0.028106,80,-3.088202,46.556262
per_condition,evidence_true_rationale_pressure,S4,29,-0.226686,0.171964,80,-3.011584,48.861874
per_condition,evidence_distractor_neutral,S4,29,-0.156674,-0.051289,80,1.158027,16.400587
pooled_false_pressure,"evidence_false_belief_pressure,evidence_false_rationale_pressure,evidence_emotional_pressure,evidence_authority_pressure",S4,29,0.655984,0.646505,320,4.919687,55.228101
pooled_evidence_aligned,"evidence_true_belief_pressure,evidence_true_rationale_pressure",S4,29,-0.147138,0.066184,160,-3.049893,47.709068
distractor_only,evidence_distractor_neutral,S4,29,-0.156674,-0.051289,80,1.158027,16.400587
per_condition,evidence_false_belief_pressure,S4,30,0.589453,0.418987,80,0.510714,50.113860
per_condition,evidence_false_rationale_pressure,S4,30,0.260677,0.414393,80,1.589763,58.056863
per_condition,evidence_emotional_pressure,S4,30,0.720819,0.644726,80,7.996908,74.214057
per_condition,evidence_authority_pressure,S4,30,0.732508,0.589287,80,9.581363,60.900558
per_condition,evidence_true_belief_pressure,S4,30,0.007359,-0.021636,80,-3.088202,51.481597
per_condition,evidence_true_rationale_pressure,S4,30,-0.245795,0.170206,80,-3.011584,54.100436
per_condition,evidence_distractor_neutral,S4,30,-0.133078,-0.021636,80,1.158027,18.033047
pooled_false_pressure,"evidence_false_belief_pressure,evidence_false_rationale_pressure,evidence_emotional_pressure,evidence_authority_pressure",S4,30,0.675626,0.655577,320,4.919687,60.821334
pooled_evidence_aligned,"evidence_true_belief_pressure,evidence_true_rationale_pressure",S4,30,-0.159768,0.067538,160,-3.049893,52.791016
distractor_only,evidence_distractor_neutral,S4,30,-0.133078,-0.021636,80,1.158027,18.033047
per_condition,evidence_false_belief_pressure,S4,31,0.578013,0.406118,80,0.510714,54.768737
per_condition,evidence_false_rationale_pressure,S4,31,0.236181,0.423277,80,1.589763,63.820020
per_condition,evidence_emotional_pressure,S4,31,0.737941,0.632396,80,7.996908,82.229969
per_condition,evidence_authority_pressure,S4,31,0.726662,0.536568,80,9.581363,67.274862
per_condition,evidence_true_belief_pressure,S4,31,0.028879,0.009165,80,-3.088202,56.386013
per_condition,evidence_true_rationale_pressure,S4,31,-0.235374,0.225246,80,-3.011584,59.704384
per_condition,evidence_distractor_neutral,S4,31,-0.104545,0.059892,80,1.158027,20.377403
pooled_false_pressure,"evidence_false_belief_pressure,evidence_false_rationale_pressure,evidence_emotional_pressure,evidence_authority_pressure",S4,31,0.675215,0.659205,320,4.919687,67.023397
pooled_evidence_aligned,"evidence_true_belief_pressure,evidence_true_rationale_pressure",S4,31,-0.148498,0.109560,160,-3.049893,58.045199
distractor_only,evidence_distractor_neutral,S4,31,-0.104545,0.059892,80,1.158027,20.377403
per_condition,evidence_false_belief_pressure,S4,32,0.604204,0.423207,80,0.510714,62.070935
per_condition,evidence_false_rationale_pressure,S4,32,0.248186,0.476887,80,1.589763,72.483372
per_condition,evidence_emotional_pressure,S4,32,0.713586,0.601149,80,7.996908,94.223723
per_condition,evidence_authority_pressure,S4,32,0.715470,0.531130,80,9.581363,77.725543
per_condition,evidence_true_belief_pressure,S4,32,0.062660,0.053446,80,-3.088202,63.586087
per_condition,evidence_true_rationale_pressure,S4,32,-0.216090,0.293226,80,-3.011584,66.913008
per_condition,evidence_distractor_neutral,S4,32,-0.016296,0.169855,80,1.158027,24.467275
pooled_false_pressure,"evidence_false_belief_pressure,evidence_false_rationale_pressure,evidence_emotional_pressure,evidence_authority_pressure",S4,32,0.690009,0.692723,320,4.919687,76.625893
pooled_evidence_aligned,"evidence_true_belief_pressure,evidence_true_rationale_pressure",S4,32,-0.125440,0.164004,160,-3.049893,65.249547
distractor_only,evidence_distractor_neutral,S4,32,-0.016296,0.169855,80,1.158027,24.467275
per_condition,evidence_false_belief_pressure,S4,33,0.504213,0.243554,80,0.510714,70.620593
per_condition,evidence_false_rationale_pressure,S4,33,0.231722,0.485091,80,1.589763,82.360694
per_condition,evidence_emotional_pressure,S4,33,0.694040,0.590459,80,7.996908,105.891989
per_condition,evidence_authority_pressure,S4,33,0.641019,0.394960,80,9.581363,87.114243
per_condition,evidence_true_belief_pressure,S4,33,0.062626,0.019151,80,-3.088202,71.353753
per_condition,evidence_true_rationale_pressure,S4,33,-0.238447,0.215588,80,-3.011584,75.589935
per_condition,evidence_distractor_neutral,S4,33,-0.011784,0.127848,80,1.158027,28.381478
pooled_false_pressure,"evidence_false_belief_pressure,evidence_false_rationale_pressure,evidence_emotional_pressure,evidence_authority_pressure",S4,33,0.661945,0.673416,320,4.919687,86.496880
pooled_evidence_aligned,"evidence_true_belief_pressure,evidence_true_rationale_pressure",S4,33,-0.138561,0.116495,160,-3.049893,73.471844
distractor_only,evidence_distractor_neutral,S4,33,-0.011784,0.127848,80,1.158027,28.381478
per_condition,evidence_false_belief_pressure,S4,34,0.370919,0.088350,80,0.510714,87.058950
per_condition,evidence_false_rationale_pressure,S4,34,0.248675,0.473511,80,1.589763,101.618936
per_condition,evidence_emotional_pressure,S4,34,0.589406,0.514299,80,7.996908,128.763601
per_condition,evidence_authority_pressure,S4,34,0.452732,0.097539,80,9.581363,106.735994
per_condition,evidence_true_belief_pressure,S4,34,-0.037697,-0.098640,80,-3.088202,88.090182
per_condition,evidence_true_rationale_pressure,S4,34,-0.323048,-0.095827,80,-3.011584,93.928495
per_condition,evidence_distractor_neutral,S4,34,0.091527,0.169292,80,1.158027,38.456789
pooled_false_pressure,"evidence_false_belief_pressure,evidence_false_rationale_pressure,evidence_emotional_pressure,evidence_authority_pressure",S4,34,0.610384,0.632474,320,4.919687,106.044370
pooled_evidence_aligned,"evidence_true_belief_pressure,evidence_true_rationale_pressure",S4,34,-0.223345,-0.094782,160,-3.049893,91.009339
distractor_only,evidence_distractor_neutral,S4,34,0.091527,0.169292,80,1.158027,38.456789
per_condition,evidence_false_belief_pressure,S4,35,-0.076145,-0.214955,80,0.510714,44.236432
per_condition,evidence_false_rationale_pressure,S4,35,0.059710,0.188279,80,1.589763,47.294871
per_condition,evidence_emotional_pressure,S4,35,0.474276,0.475082,80,7.996908,63.755567
per_condition,evidence_authority_pressure,S4,35,0.383654,0.155696,80,9.581363,49.578407
per_condition,evidence_true_belief_pressure,S4,35,-0.423096,-0.444562,80,-3.088202,47.841926
per_condition,evidence_true_rationale_pressure,S4,35,-0.583334,-0.582911,80,-3.011584,47.601177
per_condition,evidence_distractor_neutral,S4,35,0.270020,0.261674,80,1.158027,18.081619
pooled_false_pressure,"evidence_false_belief_pressure,evidence_false_rationale_pressure,evidence_emotional_pressure,evidence_authority_pressure",S4,35,0.503380,0.500400,320,4.919687,51.216319
pooled_evidence_aligned,"evidence_true_belief_pressure,evidence_true_rationale_pressure",S4,35,-0.517096,-0.519829,160,-3.049893,47.721552
distractor_only,evidence_distractor_neutral,S4,35,0.270020,0.261674,80,1.158027,18.081619
