anchor,layer_index,layer_bucket,delta_type,behavior_delta_name,behavior_transform,n_families,pearson_correlation,spearman_correlation,mean_hidden_metric,std_hidden_metric
end_of_evidence_block,0,early,false_belief_pressure_delta,delta_evidence_false_belief_pressure,negative,80,0.0,0.0,0.0,0.0
end_of_evidence_block,1,early,false_belief_pressure_delta,delta_evidence_false_belief_pressure,negative,80,0.0,0.0,0.0,0.0
end_of_evidence_block,2,early,false_belief_pressure_delta,delta_evidence_false_belief_pressure,negative,80,0.0,0.0,0.0,0.0
end_of_evidence_block,3,early,false_belief_pressure_delta,delta_evidence_false_belief_pressure,negative,80,0.0,0.0,0.0,0.0
end_of_evidence_block,4,early,false_belief_pressure_delta,delta_evidence_false_belief_pressure,negative,80,0.0,0.0,0.0,0.0
end_of_evidence_block,5,early,false_belief_pressure_delta,delta_evidence_false_belief_pressure,negative,80,0.0,0.0,0.0,0.0
end_of_evidence_block,6,early,false_belief_pressure_delta,delta_evidence_false_belief_pressure,negative,80,0.0,0.0,0.0,0.0
end_of_evidence_block,7,early,false_belief_pressure_delta,delta_evidence_false_belief_pressure,negative,80,0.0,0.0,0.0,0.0
end_of_evidence_block,8,early,false_belief_pressure_delta,delta_evidence_false_belief_pressure,negative,80,0.0,0.0,0.0,0.0
end_of_evidence_block,9,early,false_belief_pressure_delta,delta_evidence_false_belief_pressure,negative,80,0.0,0.0,0.0,0.0
end_of_evidence_block,10,early,false_belief_pressure_delta,delta_evidence_false_belief_pressure,negative,80,0.0,0.0,0.0,0.0
end_of_evidence_block,11,early,false_belief_pressure_delta,delta_evidence_false_belief_pressure,negative,80,0.0,0.0,0.0,0.0
end_of_evidence_block,12,middle,false_belief_pressure_delta,delta_evidence_false_belief_pressure,negative,80,0.0,0.0,0.0,0.0
end_of_evidence_block,13,middle,false_belief_pressure_delta,delta_evidence_false_belief_pressure,negative,80,0.0,0.0,0.0,0.0
end_of_evidence_block,14,middle,false_belief_pressure_delta,delta_evidence_false_belief_pressure,negative,80,0.0,0.0,0.0,0.0
end_of_evidence_block,15,middle,false_belief_pressure_delta,delta_evidence_false_belief_pressure,negative,80,0.0,0.0,0.0,0.0
end_of_evidence_block,16,middle,false_belief_pressure_delta,delta_evidence_false_belief_pressure,negative,80,0.0,0.0,0.0,0.0
end_of_evidence_block,17,middle,false_belief_pressure_delta,delta_evidence_false_belief_pressure,negative,80,0.0,0.0,0.0,0.0
end_of_evidence_block,18,middle,false_belief_pressure_delta,delta_evidence_false_belief_pressure,negative,80,0.0,0.0,0.0,0.0
end_of_evidence_block,19,middle,false_belief_pressure_delta,delta_evidence_false_belief_pressure,negative,80,0.0,0.0,0.0,0.0
end_of_evidence_block,20,middle,false_belief_pressure_delta,delta_evidence_false_belief_pressure,negative,80,0.0,0.0,0.0,0.0
end_of_evidence_block,21,middle,false_belief_pressure_delta,delta_evidence_false_belief_pressure,negative,80,0.0,0.0,0.0,0.0
end_of_evidence_block,22,middle,false_belief_pressure_delta,delta_evidence_false_belief_pressure,negative,80,0.0,0.0,0.0,0.0
end_of_evidence_block,23,middle,false_belief_pressure_delta,delta_evidence_false_belief_pressure,negative,80,0.0,0.0,0.0,0.0
end_of_evidence_block,24,late,false_belief_pressure_delta,delta_evidence_false_belief_pressure,negative,80,0.0,0.0,0.0,0.0
end_of_evidence_block,25,late,false_belief_pressure_delta,delta_evidence_false_belief_pressure,negative,80,0.0,0.0,0.0,0.0
end_of_evidence_block,26,late,false_belief_pressure_delta,delta_evidence_false_belief_pressure,negative,80,0.0,0.0,0.0,0.0
end_of_evidence_block,27,late,false_belief_pressure_delta,delta_evidence_false_belief_pressure,negative,80,0.0,0.0,0.0,0.0
end_of_evidence_block,28,late,false_belief_pressure_delta,delta_evidence_false_belief_pressure,negative,80,0.0,0.0,0.0,0.0
end_of_evidence_block,29,late,false_belief_pressure_delta,delta_evidence_false_belief_pressure,negative,80,0.0,0.0,0.0,0.0
end_of_evidence_block,30,late,false_belief_pressure_delta,delta_evidence_false_belief_pressure,negative,80,0.0,0.0,0.0,0.0
end_of_evidence_block,31,late,false_belief_pressure_delta,delta_evidence_false_belief_pressure,negative,80,0.0,0.0,0.0,0.0
end_of_evidence_block,32,late,false_belief_pressure_delta,delta_evidence_false_belief_pressure,negative,80,0.0,0.0,0.0,0.0
end_of_evidence_block,33,late,false_belief_pressure_delta,delta_evidence_false_belief_pressure,negative,80,0.0,0.0,0.0,0.0
end_of_evidence_block,34,late,false_belief_pressure_delta,delta_evidence_false_belief_pressure,negative,80,0.0,0.0,0.0,0.0
end_of_evidence_block,35,late,false_belief_pressure_delta,delta_evidence_false_belief_pressure,negative,80,0.0,0.0,0.0,0.0
end_of_evidence_block,0,early,false_rationale_pressure_delta,delta_evidence_false_rationale_pressure,negative,80,0.0,0.0,0.0,0.0
end_of_evidence_block,1,early,false_rationale_pressure_delta,delta_evidence_false_rationale_pressure,negative,80,0.0,0.0,0.0,0.0
end_of_evidence_block,2,early,false_rationale_pressure_delta,delta_evidence_false_rationale_pressure,negative,80,0.0,0.0,0.0,0.0
end_of_evidence_block,3,early,false_rationale_pressure_delta,delta_evidence_false_rationale_pressure,negative,80,0.0,0.0,0.0,0.0
end_of_evidence_block,4,early,false_rationale_pressure_delta,delta_evidence_false_rationale_pressure,negative,80,0.0,0.0,0.0,0.0
end_of_evidence_block,5,early,false_rationale_pressure_delta,delta_evidence_false_rationale_pressure,negative,80,0.0,0.0,0.0,0.0
end_of_evidence_block,6,early,false_rationale_pressure_delta,delta_evidence_false_rationale_pressure,negative,80,0.0,0.0,0.0,0.0
end_of_evidence_block,7,early,false_rationale_pressure_delta,delta_evidence_false_rationale_pressure,negative,80,0.0,0.0,0.0,0.0
end_of_evidence_block,8,early,false_rationale_pressure_delta,delta_evidence_false_rationale_pressure,negative,80,0.0,0.0,0.0,0.0
end_of_evidence_block,9,early,false_rationale_pressure_delta,delta_evidence_false_rationale_pressure,negative,80,0.0,0.0,0.0,0.0
end_of_evidence_block,10,early,false_rationale_pressure_delta,delta_evidence_false_rationale_pressure,negative,80,0.0,0.0,0.0,0.0
end_of_evidence_block,11,early,false_rationale_pressure_delta,delta_evidence_false_rationale_pressure,negative,80,0.0,0.0,0.0,0.0
end_of_evidence_block,12,middle,false_rationale_pressure_delta,delta_evidence_false_rationale_pressure,negative,80,0.0,0.0,0.0,0.0
end_of_evidence_block,13,middle,false_rationale_pressure_delta,delta_evidence_false_rationale_pressure,negative,80,0.0,0.0,0.0,0.0
end_of_evidence_block,14,middle,false_rationale_pressure_delta,delta_evidence_false_rationale_pressure,negative,80,0.0,0.0,0.0,0.0
end_of_evidence_block,15,middle,false_rationale_pressure_delta,delta_evidence_false_rationale_pressure,negative,80,0.0,0.0,0.0,0.0
end_of_evidence_block,16,middle,false_rationale_pressure_delta,delta_evidence_false_rationale_pressure,negative,80,0.0,0.0,0.0,0.0
end_of_evidence_block,17,middle,false_rationale_pressure_delta,delta_evidence_false_rationale_pressure,negative,80,0.0,0.0,0.0,0.0
end_of_evidence_block,18,middle,false_rationale_pressure_delta,delta_evidence_false_rationale_pressure,negative,80,0.0,0.0,0.0,0.0
end_of_evidence_block,19,middle,false_rationale_pressure_delta,delta_evidence_false_rationale_pressure,negative,80,0.0,0.0,0.0,0.0
end_of_evidence_block,20,middle,false_rationale_pressure_delta,delta_evidence_false_rationale_pressure,negative,80,0.0,0.0,0.0,0.0
end_of_evidence_block,21,middle,false_rationale_pressure_delta,delta_evidence_false_rationale_pressure,negative,80,0.0,0.0,0.0,0.0
end_of_evidence_block,22,middle,false_rationale_pressure_delta,delta_evidence_false_rationale_pressure,negative,80,0.0,0.0,0.0,0.0
end_of_evidence_block,23,middle,false_rationale_pressure_delta,delta_evidence_false_rationale_pressure,negative,80,0.0,0.0,0.0,0.0
end_of_evidence_block,24,late,false_rationale_pressure_delta,delta_evidence_false_rationale_pressure,negative,80,0.0,0.0,0.0,0.0
end_of_evidence_block,25,late,false_rationale_pressure_delta,delta_evidence_false_rationale_pressure,negative,80,0.0,0.0,0.0,0.0
end_of_evidence_block,26,late,false_rationale_pressure_delta,delta_evidence_false_rationale_pressure,negative,80,0.0,0.0,0.0,0.0
end_of_evidence_block,27,late,false_rationale_pressure_delta,delta_evidence_false_rationale_pressure,negative,80,0.0,0.0,0.0,0.0
end_of_evidence_block,28,late,false_rationale_pressure_delta,delta_evidence_false_rationale_pressure,negative,80,0.0,0.0,0.0,0.0
end_of_evidence_block,29,late,false_rationale_pressure_delta,delta_evidence_false_rationale_pressure,negative,80,0.0,0.0,0.0,0.0
end_of_evidence_block,30,late,false_rationale_pressure_delta,delta_evidence_false_rationale_pressure,negative,80,0.0,0.0,0.0,0.0
end_of_evidence_block,31,late,false_rationale_pressure_delta,delta_evidence_false_rationale_pressure,negative,80,0.0,0.0,0.0,0.0
end_of_evidence_block,32,late,false_rationale_pressure_delta,delta_evidence_false_rationale_pressure,negative,80,0.0,0.0,0.0,0.0
end_of_evidence_block,33,late,false_rationale_pressure_delta,delta_evidence_false_rationale_pressure,negative,80,0.0,0.0,0.0,0.0
end_of_evidence_block,34,late,false_rationale_pressure_delta,delta_evidence_false_rationale_pressure,negative,80,0.0,0.0,0.0,0.0
end_of_evidence_block,35,late,false_rationale_pressure_delta,delta_evidence_false_rationale_pressure,negative,80,0.0,0.0,0.0,0.0
end_of_evidence_block,0,early,emotional_pressure_delta,delta_evidence_emotional_pressure,negative,80,0.0,0.0,0.0,0.0
end_of_evidence_block,1,early,emotional_pressure_delta,delta_evidence_emotional_pressure,negative,80,0.0,0.0,0.0,0.0
end_of_evidence_block,2,early,emotional_pressure_delta,delta_evidence_emotional_pressure,negative,80,0.0,0.0,0.0,0.0
end_of_evidence_block,3,early,emotional_pressure_delta,delta_evidence_emotional_pressure,negative,80,0.0,0.0,0.0,0.0
end_of_evidence_block,4,early,emotional_pressure_delta,delta_evidence_emotional_pressure,negative,80,0.0,0.0,0.0,0.0
end_of_evidence_block,5,early,emotional_pressure_delta,delta_evidence_emotional_pressure,negative,80,0.0,0.0,0.0,0.0
end_of_evidence_block,6,early,emotional_pressure_delta,delta_evidence_emotional_pressure,negative,80,0.0,0.0,0.0,0.0
end_of_evidence_block,7,early,emotional_pressure_delta,delta_evidence_emotional_pressure,negative,80,0.0,0.0,0.0,0.0
end_of_evidence_block,8,early,emotional_pressure_delta,delta_evidence_emotional_pressure,negative,80,0.0,0.0,0.0,0.0
end_of_evidence_block,9,early,emotional_pressure_delta,delta_evidence_emotional_pressure,negative,80,0.0,0.0,0.0,0.0
end_of_evidence_block,10,early,emotional_pressure_delta,delta_evidence_emotional_pressure,negative,80,0.0,0.0,0.0,0.0
end_of_evidence_block,11,early,emotional_pressure_delta,delta_evidence_emotional_pressure,negative,80,0.0,0.0,0.0,0.0
end_of_evidence_block,12,middle,emotional_pressure_delta,delta_evidence_emotional_pressure,negative,80,0.0,0.0,0.0,0.0
end_of_evidence_block,13,middle,emotional_pressure_delta,delta_evidence_emotional_pressure,negative,80,0.0,0.0,0.0,0.0
end_of_evidence_block,14,middle,emotional_pressure_delta,delta_evidence_emotional_pressure,negative,80,0.0,0.0,0.0,0.0
end_of_evidence_block,15,middle,emotional_pressure_delta,delta_evidence_emotional_pressure,negative,80,0.0,0.0,0.0,0.0
end_of_evidence_block,16,middle,emotional_pressure_delta,delta_evidence_emotional_pressure,negative,80,0.0,0.0,0.0,0.0
end_of_evidence_block,17,middle,emotional_pressure_delta,delta_evidence_emotional_pressure,negative,80,0.0,0.0,0.0,0.0
end_of_evidence_block,18,middle,emotional_pressure_delta,delta_evidence_emotional_pressure,negative,80,0.0,0.0,0.0,0.0
end_of_evidence_block,19,middle,emotional_pressure_delta,delta_evidence_emotional_pressure,negative,80,0.0,0.0,0.0,0.0
end_of_evidence_block,20,middle,emotional_pressure_delta,delta_evidence_emotional_pressure,negative,80,0.0,0.0,0.0,0.0
end_of_evidence_block,21,middle,emotional_pressure_delta,delta_evidence_emotional_pressure,negative,80,0.0,0.0,0.0,0.0
end_of_evidence_block,22,middle,emotional_pressure_delta,delta_evidence_emotional_pressure,negative,80,0.0,0.0,0.0,0.0
end_of_evidence_block,23,middle,emotional_pressure_delta,delta_evidence_emotional_pressure,negative,80,0.0,0.0,0.0,0.0
end_of_evidence_block,24,late,emotional_pressure_delta,delta_evidence_emotional_pressure,negative,80,0.0,0.0,0.0,0.0
end_of_evidence_block,25,late,emotional_pressure_delta,delta_evidence_emotional_pressure,negative,80,0.0,0.0,0.0,0.0
end_of_evidence_block,26,late,emotional_pressure_delta,delta_evidence_emotional_pressure,negative,80,0.0,0.0,0.0,0.0
end_of_evidence_block,27,late,emotional_pressure_delta,delta_evidence_emotional_pressure,negative,80,0.0,0.0,0.0,0.0
end_of_evidence_block,28,late,emotional_pressure_delta,delta_evidence_emotional_pressure,negative,80,0.0,0.0,0.0,0.0
end_of_evidence_block,29,late,emotional_pressure_delta,delta_evidence_emotional_pressure,negative,80,0.0,0.0,0.0,0.0
end_of_evidence_block,30,late,emotional_pressure_delta,delta_evidence_emotional_pressure,negative,80,0.0,0.0,0.0,0.0
end_of_evidence_block,31,late,emotional_pressure_delta,delta_evidence_emotional_pressure,negative,80,0.0,0.0,0.0,0.0
end_of_evidence_block,32,late,emotional_pressure_delta,delta_evidence_emotional_pressure,negative,80,0.0,0.0,0.0,0.0
end_of_evidence_block,33,late,emotional_pressure_delta,delta_evidence_emotional_pressure,negative,80,0.0,0.0,0.0,0.0
end_of_evidence_block,34,late,emotional_pressure_delta,delta_evidence_emotional_pressure,negative,80,0.0,0.0,0.0,0.0
end_of_evidence_block,35,late,emotional_pressure_delta,delta_evidence_emotional_pressure,negative,80,0.0,0.0,0.0,0.0
end_of_evidence_block,0,early,authority_pressure_delta,delta_evidence_authority_pressure,negative,80,0.0,0.0,0.0,0.0
end_of_evidence_block,1,early,authority_pressure_delta,delta_evidence_authority_pressure,negative,80,0.0,0.0,0.0,0.0
end_of_evidence_block,2,early,authority_pressure_delta,delta_evidence_authority_pressure,negative,80,0.0,0.0,0.0,0.0
end_of_evidence_block,3,early,authority_pressure_delta,delta_evidence_authority_pressure,negative,80,0.0,0.0,0.0,0.0
end_of_evidence_block,4,early,authority_pressure_delta,delta_evidence_authority_pressure,negative,80,0.0,0.0,0.0,0.0
end_of_evidence_block,5,early,authority_pressure_delta,delta_evidence_authority_pressure,negative,80,0.0,0.0,0.0,0.0
end_of_evidence_block,6,early,authority_pressure_delta,delta_evidence_authority_pressure,negative,80,0.0,0.0,0.0,0.0
end_of_evidence_block,7,early,authority_pressure_delta,delta_evidence_authority_pressure,negative,80,0.0,0.0,0.0,0.0
end_of_evidence_block,8,early,authority_pressure_delta,delta_evidence_authority_pressure,negative,80,0.0,0.0,0.0,0.0
end_of_evidence_block,9,early,authority_pressure_delta,delta_evidence_authority_pressure,negative,80,0.0,0.0,0.0,0.0
end_of_evidence_block,10,early,authority_pressure_delta,delta_evidence_authority_pressure,negative,80,0.0,0.0,0.0,0.0
end_of_evidence_block,11,early,authority_pressure_delta,delta_evidence_authority_pressure,negative,80,0.0,0.0,0.0,0.0
end_of_evidence_block,12,middle,authority_pressure_delta,delta_evidence_authority_pressure,negative,80,0.0,0.0,0.0,0.0
end_of_evidence_block,13,middle,authority_pressure_delta,delta_evidence_authority_pressure,negative,80,0.0,0.0,0.0,0.0
end_of_evidence_block,14,middle,authority_pressure_delta,delta_evidence_authority_pressure,negative,80,0.0,0.0,0.0,0.0
end_of_evidence_block,15,middle,authority_pressure_delta,delta_evidence_authority_pressure,negative,80,0.0,0.0,0.0,0.0
end_of_evidence_block,16,middle,authority_pressure_delta,delta_evidence_authority_pressure,negative,80,0.0,0.0,0.0,0.0
end_of_evidence_block,17,middle,authority_pressure_delta,delta_evidence_authority_pressure,negative,80,0.0,0.0,0.0,0.0
end_of_evidence_block,18,middle,authority_pressure_delta,delta_evidence_authority_pressure,negative,80,0.0,0.0,0.0,0.0
end_of_evidence_block,19,middle,authority_pressure_delta,delta_evidence_authority_pressure,negative,80,0.0,0.0,0.0,0.0
end_of_evidence_block,20,middle,authority_pressure_delta,delta_evidence_authority_pressure,negative,80,0.0,0.0,0.0,0.0
end_of_evidence_block,21,middle,authority_pressure_delta,delta_evidence_authority_pressure,negative,80,0.0,0.0,0.0,0.0
end_of_evidence_block,22,middle,authority_pressure_delta,delta_evidence_authority_pressure,negative,80,0.0,0.0,0.0,0.0
end_of_evidence_block,23,middle,authority_pressure_delta,delta_evidence_authority_pressure,negative,80,0.0,0.0,0.0,0.0
end_of_evidence_block,24,late,authority_pressure_delta,delta_evidence_authority_pressure,negative,80,0.0,0.0,0.0,0.0
end_of_evidence_block,25,late,authority_pressure_delta,delta_evidence_authority_pressure,negative,80,0.0,0.0,0.0,0.0
end_of_evidence_block,26,late,authority_pressure_delta,delta_evidence_authority_pressure,negative,80,0.0,0.0,0.0,0.0
end_of_evidence_block,27,late,authority_pressure_delta,delta_evidence_authority_pressure,negative,80,0.0,0.0,0.0,0.0
end_of_evidence_block,28,late,authority_pressure_delta,delta_evidence_authority_pressure,negative,80,0.0,0.0,0.0,0.0
end_of_evidence_block,29,late,authority_pressure_delta,delta_evidence_authority_pressure,negative,80,0.0,0.0,0.0,0.0
end_of_evidence_block,30,late,authority_pressure_delta,delta_evidence_authority_pressure,negative,80,0.0,0.0,0.0,0.0
end_of_evidence_block,31,late,authority_pressure_delta,delta_evidence_authority_pressure,negative,80,0.0,0.0,0.0,0.0
end_of_evidence_block,32,late,authority_pressure_delta,delta_evidence_authority_pressure,negative,80,0.0,0.0,0.0,0.0
end_of_evidence_block,33,late,authority_pressure_delta,delta_evidence_authority_pressure,negative,80,0.0,0.0,0.0,0.0
end_of_evidence_block,34,late,authority_pressure_delta,delta_evidence_authority_pressure,negative,80,0.0,0.0,0.0,0.0
end_of_evidence_block,35,late,authority_pressure_delta,delta_evidence_authority_pressure,negative,80,0.0,0.0,0.0,0.0
end_of_evidence_block,0,early,true_belief_pressure_delta,delta_evidence_true_belief_pressure,negative,80,0.0,0.0,0.0,0.0
end_of_evidence_block,1,early,true_belief_pressure_delta,delta_evidence_true_belief_pressure,negative,80,0.0,0.0,0.0,0.0
end_of_evidence_block,2,early,true_belief_pressure_delta,delta_evidence_true_belief_pressure,negative,80,0.0,0.0,0.0,0.0
end_of_evidence_block,3,early,true_belief_pressure_delta,delta_evidence_true_belief_pressure,negative,80,0.0,0.0,0.0,0.0
end_of_evidence_block,4,early,true_belief_pressure_delta,delta_evidence_true_belief_pressure,negative,80,0.0,0.0,0.0,0.0
end_of_evidence_block,5,early,true_belief_pressure_delta,delta_evidence_true_belief_pressure,negative,80,0.0,0.0,0.0,0.0
end_of_evidence_block,6,early,true_belief_pressure_delta,delta_evidence_true_belief_pressure,negative,80,0.0,0.0,0.0,0.0
end_of_evidence_block,7,early,true_belief_pressure_delta,delta_evidence_true_belief_pressure,negative,80,0.0,0.0,0.0,0.0
end_of_evidence_block,8,early,true_belief_pressure_delta,delta_evidence_true_belief_pressure,negative,80,0.0,0.0,0.0,0.0
end_of_evidence_block,9,early,true_belief_pressure_delta,delta_evidence_true_belief_pressure,negative,80,0.0,0.0,0.0,0.0
end_of_evidence_block,10,early,true_belief_pressure_delta,delta_evidence_true_belief_pressure,negative,80,0.0,0.0,0.0,0.0
end_of_evidence_block,11,early,true_belief_pressure_delta,delta_evidence_true_belief_pressure,negative,80,0.0,0.0,0.0,0.0
end_of_evidence_block,12,middle,true_belief_pressure_delta,delta_evidence_true_belief_pressure,negative,80,0.0,0.0,0.0,0.0
end_of_evidence_block,13,middle,true_belief_pressure_delta,delta_evidence_true_belief_pressure,negative,80,0.0,0.0,0.0,0.0
end_of_evidence_block,14,middle,true_belief_pressure_delta,delta_evidence_true_belief_pressure,negative,80,0.0,0.0,0.0,0.0
end_of_evidence_block,15,middle,true_belief_pressure_delta,delta_evidence_true_belief_pressure,negative,80,0.0,0.0,0.0,0.0
end_of_evidence_block,16,middle,true_belief_pressure_delta,delta_evidence_true_belief_pressure,negative,80,0.0,0.0,0.0,0.0
end_of_evidence_block,17,middle,true_belief_pressure_delta,delta_evidence_true_belief_pressure,negative,80,0.0,0.0,0.0,0.0
end_of_evidence_block,18,middle,true_belief_pressure_delta,delta_evidence_true_belief_pressure,negative,80,0.0,0.0,0.0,0.0
end_of_evidence_block,19,middle,true_belief_pressure_delta,delta_evidence_true_belief_pressure,negative,80,0.0,0.0,0.0,0.0
end_of_evidence_block,20,middle,true_belief_pressure_delta,delta_evidence_true_belief_pressure,negative,80,0.0,0.0,0.0,0.0
end_of_evidence_block,21,middle,true_belief_pressure_delta,delta_evidence_true_belief_pressure,negative,80,0.0,0.0,0.0,0.0
end_of_evidence_block,22,middle,true_belief_pressure_delta,delta_evidence_true_belief_pressure,negative,80,0.0,0.0,0.0,0.0
end_of_evidence_block,23,middle,true_belief_pressure_delta,delta_evidence_true_belief_pressure,negative,80,0.0,0.0,0.0,0.0
end_of_evidence_block,24,late,true_belief_pressure_delta,delta_evidence_true_belief_pressure,negative,80,0.0,0.0,0.0,0.0
end_of_evidence_block,25,late,true_belief_pressure_delta,delta_evidence_true_belief_pressure,negative,80,0.0,0.0,0.0,0.0
end_of_evidence_block,26,late,true_belief_pressure_delta,delta_evidence_true_belief_pressure,negative,80,0.0,0.0,0.0,0.0
end_of_evidence_block,27,late,true_belief_pressure_delta,delta_evidence_true_belief_pressure,negative,80,0.0,0.0,0.0,0.0
end_of_evidence_block,28,late,true_belief_pressure_delta,delta_evidence_true_belief_pressure,negative,80,0.0,0.0,0.0,0.0
end_of_evidence_block,29,late,true_belief_pressure_delta,delta_evidence_true_belief_pressure,negative,80,0.0,0.0,0.0,0.0
end_of_evidence_block,30,late,true_belief_pressure_delta,delta_evidence_true_belief_pressure,negative,80,0.0,0.0,0.0,0.0
end_of_evidence_block,31,late,true_belief_pressure_delta,delta_evidence_true_belief_pressure,negative,80,0.0,0.0,0.0,0.0
end_of_evidence_block,32,late,true_belief_pressure_delta,delta_evidence_true_belief_pressure,negative,80,0.0,0.0,0.0,0.0
end_of_evidence_block,33,late,true_belief_pressure_delta,delta_evidence_true_belief_pressure,negative,80,0.0,0.0,0.0,0.0
end_of_evidence_block,34,late,true_belief_pressure_delta,delta_evidence_true_belief_pressure,negative,80,0.0,0.0,0.0,0.0
end_of_evidence_block,35,late,true_belief_pressure_delta,delta_evidence_true_belief_pressure,negative,80,0.0,0.0,0.0,0.0
end_of_evidence_block,0,early,true_rationale_pressure_delta,delta_evidence_true_rationale_pressure,negative,80,0.0,0.0,0.0,0.0
end_of_evidence_block,1,early,true_rationale_pressure_delta,delta_evidence_true_rationale_pressure,negative,80,0.0,0.0,0.0,0.0
end_of_evidence_block,2,early,true_rationale_pressure_delta,delta_evidence_true_rationale_pressure,negative,80,0.0,0.0,0.0,0.0
end_of_evidence_block,3,early,true_rationale_pressure_delta,delta_evidence_true_rationale_pressure,negative,80,0.0,0.0,0.0,0.0
end_of_evidence_block,4,early,true_rationale_pressure_delta,delta_evidence_true_rationale_pressure,negative,80,0.0,0.0,0.0,0.0
end_of_evidence_block,5,early,true_rationale_pressure_delta,delta_evidence_true_rationale_pressure,negative,80,0.0,0.0,0.0,0.0
end_of_evidence_block,6,early,true_rationale_pressure_delta,delta_evidence_true_rationale_pressure,negative,80,0.0,0.0,0.0,0.0
end_of_evidence_block,7,early,true_rationale_pressure_delta,delta_evidence_true_rationale_pressure,negative,80,0.0,0.0,0.0,0.0
end_of_evidence_block,8,early,true_rationale_pressure_delta,delta_evidence_true_rationale_pressure,negative,80,0.0,0.0,0.0,0.0
end_of_evidence_block,9,early,true_rationale_pressure_delta,delta_evidence_true_rationale_pressure,negative,80,0.0,0.0,0.0,0.0
end_of_evidence_block,10,early,true_rationale_pressure_delta,delta_evidence_true_rationale_pressure,negative,80,0.0,0.0,0.0,0.0
end_of_evidence_block,11,early,true_rationale_pressure_delta,delta_evidence_true_rationale_pressure,negative,80,0.0,0.0,0.0,0.0
end_of_evidence_block,12,middle,true_rationale_pressure_delta,delta_evidence_true_rationale_pressure,negative,80,0.0,0.0,0.0,0.0
end_of_evidence_block,13,middle,true_rationale_pressure_delta,delta_evidence_true_rationale_pressure,negative,80,0.0,0.0,0.0,0.0
end_of_evidence_block,14,middle,true_rationale_pressure_delta,delta_evidence_true_rationale_pressure,negative,80,0.0,0.0,0.0,0.0
end_of_evidence_block,15,middle,true_rationale_pressure_delta,delta_evidence_true_rationale_pressure,negative,80,0.0,0.0,0.0,0.0
end_of_evidence_block,16,middle,true_rationale_pressure_delta,delta_evidence_true_rationale_pressure,negative,80,0.0,0.0,0.0,0.0
end_of_evidence_block,17,middle,true_rationale_pressure_delta,delta_evidence_true_rationale_pressure,negative,80,0.0,0.0,0.0,0.0
end_of_evidence_block,18,middle,true_rationale_pressure_delta,delta_evidence_true_rationale_pressure,negative,80,0.0,0.0,0.0,0.0
end_of_evidence_block,19,middle,true_rationale_pressure_delta,delta_evidence_true_rationale_pressure,negative,80,0.0,0.0,0.0,0.0
end_of_evidence_block,20,middle,true_rationale_pressure_delta,delta_evidence_true_rationale_pressure,negative,80,0.0,0.0,0.0,0.0
end_of_evidence_block,21,middle,true_rationale_pressure_delta,delta_evidence_true_rationale_pressure,negative,80,0.0,0.0,0.0,0.0
end_of_evidence_block,22,middle,true_rationale_pressure_delta,delta_evidence_true_rationale_pressure,negative,80,0.0,0.0,0.0,0.0
end_of_evidence_block,23,middle,true_rationale_pressure_delta,delta_evidence_true_rationale_pressure,negative,80,0.0,0.0,0.0,0.0
end_of_evidence_block,24,late,true_rationale_pressure_delta,delta_evidence_true_rationale_pressure,negative,80,0.0,0.0,0.0,0.0
end_of_evidence_block,25,late,true_rationale_pressure_delta,delta_evidence_true_rationale_pressure,negative,80,0.0,0.0,0.0,0.0
end_of_evidence_block,26,late,true_rationale_pressure_delta,delta_evidence_true_rationale_pressure,negative,80,0.0,0.0,0.0,0.0
end_of_evidence_block,27,late,true_rationale_pressure_delta,delta_evidence_true_rationale_pressure,negative,80,0.0,0.0,0.0,0.0
end_of_evidence_block,28,late,true_rationale_pressure_delta,delta_evidence_true_rationale_pressure,negative,80,0.0,0.0,0.0,0.0
end_of_evidence_block,29,late,true_rationale_pressure_delta,delta_evidence_true_rationale_pressure,negative,80,0.0,0.0,0.0,0.0
end_of_evidence_block,30,late,true_rationale_pressure_delta,delta_evidence_true_rationale_pressure,negative,80,0.0,0.0,0.0,0.0
end_of_evidence_block,31,late,true_rationale_pressure_delta,delta_evidence_true_rationale_pressure,negative,80,0.0,0.0,0.0,0.0
end_of_evidence_block,32,late,true_rationale_pressure_delta,delta_evidence_true_rationale_pressure,negative,80,0.0,0.0,0.0,0.0
end_of_evidence_block,33,late,true_rationale_pressure_delta,delta_evidence_true_rationale_pressure,negative,80,0.0,0.0,0.0,0.0
end_of_evidence_block,34,late,true_rationale_pressure_delta,delta_evidence_true_rationale_pressure,negative,80,0.0,0.0,0.0,0.0
end_of_evidence_block,35,late,true_rationale_pressure_delta,delta_evidence_true_rationale_pressure,negative,80,0.0,0.0,0.0,0.0
end_of_evidence_block,0,early,distractor_delta,delta_evidence_distractor_neutral,absolute,80,0.0,0.0,0.0,0.0
end_of_evidence_block,1,early,distractor_delta,delta_evidence_distractor_neutral,absolute,80,0.0,0.0,0.0,0.0
end_of_evidence_block,2,early,distractor_delta,delta_evidence_distractor_neutral,absolute,80,0.0,0.0,0.0,0.0
end_of_evidence_block,3,early,distractor_delta,delta_evidence_distractor_neutral,absolute,80,0.0,0.0,0.0,0.0
end_of_evidence_block,4,early,distractor_delta,delta_evidence_distractor_neutral,absolute,80,0.0,0.0,0.0,0.0
end_of_evidence_block,5,early,distractor_delta,delta_evidence_distractor_neutral,absolute,80,0.0,0.0,0.0,0.0
end_of_evidence_block,6,early,distractor_delta,delta_evidence_distractor_neutral,absolute,80,0.0,0.0,0.0,0.0
end_of_evidence_block,7,early,distractor_delta,delta_evidence_distractor_neutral,absolute,80,0.0,0.0,0.0,0.0
end_of_evidence_block,8,early,distractor_delta,delta_evidence_distractor_neutral,absolute,80,0.0,0.0,0.0,0.0
end_of_evidence_block,9,early,distractor_delta,delta_evidence_distractor_neutral,absolute,80,0.0,0.0,0.0,0.0
end_of_evidence_block,10,early,distractor_delta,delta_evidence_distractor_neutral,absolute,80,0.0,0.0,0.0,0.0
end_of_evidence_block,11,early,distractor_delta,delta_evidence_distractor_neutral,absolute,80,0.0,0.0,0.0,0.0
end_of_evidence_block,12,middle,distractor_delta,delta_evidence_distractor_neutral,absolute,80,0.0,0.0,0.0,0.0
end_of_evidence_block,13,middle,distractor_delta,delta_evidence_distractor_neutral,absolute,80,0.0,0.0,0.0,0.0
end_of_evidence_block,14,middle,distractor_delta,delta_evidence_distractor_neutral,absolute,80,0.0,0.0,0.0,0.0
end_of_evidence_block,15,middle,distractor_delta,delta_evidence_distractor_neutral,absolute,80,0.0,0.0,0.0,0.0
end_of_evidence_block,16,middle,distractor_delta,delta_evidence_distractor_neutral,absolute,80,0.0,0.0,0.0,0.0
end_of_evidence_block,17,middle,distractor_delta,delta_evidence_distractor_neutral,absolute,80,0.0,0.0,0.0,0.0
end_of_evidence_block,18,middle,distractor_delta,delta_evidence_distractor_neutral,absolute,80,0.0,0.0,0.0,0.0
end_of_evidence_block,19,middle,distractor_delta,delta_evidence_distractor_neutral,absolute,80,0.0,0.0,0.0,0.0
end_of_evidence_block,20,middle,distractor_delta,delta_evidence_distractor_neutral,absolute,80,0.0,0.0,0.0,0.0
end_of_evidence_block,21,middle,distractor_delta,delta_evidence_distractor_neutral,absolute,80,0.0,0.0,0.0,0.0
end_of_evidence_block,22,middle,distractor_delta,delta_evidence_distractor_neutral,absolute,80,0.0,0.0,0.0,0.0
end_of_evidence_block,23,middle,distractor_delta,delta_evidence_distractor_neutral,absolute,80,0.0,0.0,0.0,0.0
end_of_evidence_block,24,late,distractor_delta,delta_evidence_distractor_neutral,absolute,80,0.0,0.0,0.0,0.0
end_of_evidence_block,25,late,distractor_delta,delta_evidence_distractor_neutral,absolute,80,0.0,0.0,0.0,0.0
end_of_evidence_block,26,late,distractor_delta,delta_evidence_distractor_neutral,absolute,80,0.0,0.0,0.0,0.0
end_of_evidence_block,27,late,distractor_delta,delta_evidence_distractor_neutral,absolute,80,0.0,0.0,0.0,0.0
end_of_evidence_block,28,late,distractor_delta,delta_evidence_distractor_neutral,absolute,80,0.0,0.0,0.0,0.0
end_of_evidence_block,29,late,distractor_delta,delta_evidence_distractor_neutral,absolute,80,0.0,0.0,0.0,0.0
end_of_evidence_block,30,late,distractor_delta,delta_evidence_distractor_neutral,absolute,80,0.0,0.0,0.0,0.0
end_of_evidence_block,31,late,distractor_delta,delta_evidence_distractor_neutral,absolute,80,0.0,0.0,0.0,0.0
end_of_evidence_block,32,late,distractor_delta,delta_evidence_distractor_neutral,absolute,80,0.0,0.0,0.0,0.0
end_of_evidence_block,33,late,distractor_delta,delta_evidence_distractor_neutral,absolute,80,0.0,0.0,0.0,0.0
end_of_evidence_block,34,late,distractor_delta,delta_evidence_distractor_neutral,absolute,80,0.0,0.0,0.0,0.0
end_of_evidence_block,35,late,distractor_delta,delta_evidence_distractor_neutral,absolute,80,0.0,0.0,0.0,0.0
end_of_question_block,0,early,false_belief_pressure_delta,delta_evidence_false_belief_pressure,negative,80,0.0,0.0,0.0,0.0
end_of_question_block,1,early,false_belief_pressure_delta,delta_evidence_false_belief_pressure,negative,80,0.0,0.0,0.0,0.0
end_of_question_block,2,early,false_belief_pressure_delta,delta_evidence_false_belief_pressure,negative,80,0.0,0.0,0.0,0.0
end_of_question_block,3,early,false_belief_pressure_delta,delta_evidence_false_belief_pressure,negative,80,0.0,0.0,0.0,0.0
end_of_question_block,4,early,false_belief_pressure_delta,delta_evidence_false_belief_pressure,negative,80,0.0,0.0,0.0,0.0
end_of_question_block,5,early,false_belief_pressure_delta,delta_evidence_false_belief_pressure,negative,80,0.0,0.0,0.0,0.0
end_of_question_block,6,early,false_belief_pressure_delta,delta_evidence_false_belief_pressure,negative,80,0.0,0.0,0.0,0.0
end_of_question_block,7,early,false_belief_pressure_delta,delta_evidence_false_belief_pressure,negative,80,0.0,0.0,0.0,0.0
end_of_question_block,8,early,false_belief_pressure_delta,delta_evidence_false_belief_pressure,negative,80,0.0,0.0,0.0,0.0
end_of_question_block,9,early,false_belief_pressure_delta,delta_evidence_false_belief_pressure,negative,80,0.0,0.0,0.0,0.0
end_of_question_block,10,early,false_belief_pressure_delta,delta_evidence_false_belief_pressure,negative,80,0.0,0.0,0.0,0.0
end_of_question_block,11,early,false_belief_pressure_delta,delta_evidence_false_belief_pressure,negative,80,0.0,0.0,0.0,0.0
end_of_question_block,12,middle,false_belief_pressure_delta,delta_evidence_false_belief_pressure,negative,80,0.0,0.0,0.0,0.0
end_of_question_block,13,middle,false_belief_pressure_delta,delta_evidence_false_belief_pressure,negative,80,0.0,0.0,0.0,0.0
end_of_question_block,14,middle,false_belief_pressure_delta,delta_evidence_false_belief_pressure,negative,80,0.0,0.0,0.0,0.0
end_of_question_block,15,middle,false_belief_pressure_delta,delta_evidence_false_belief_pressure,negative,80,0.0,0.0,0.0,0.0
end_of_question_block,16,middle,false_belief_pressure_delta,delta_evidence_false_belief_pressure,negative,80,0.0,0.0,0.0,0.0
end_of_question_block,17,middle,false_belief_pressure_delta,delta_evidence_false_belief_pressure,negative,80,0.0,0.0,0.0,0.0
end_of_question_block,18,middle,false_belief_pressure_delta,delta_evidence_false_belief_pressure,negative,80,0.0,0.0,0.0,0.0
end_of_question_block,19,middle,false_belief_pressure_delta,delta_evidence_false_belief_pressure,negative,80,0.0,0.0,0.0,0.0
end_of_question_block,20,middle,false_belief_pressure_delta,delta_evidence_false_belief_pressure,negative,80,0.0,0.0,0.0,0.0
end_of_question_block,21,middle,false_belief_pressure_delta,delta_evidence_false_belief_pressure,negative,80,0.0,0.0,0.0,0.0
end_of_question_block,22,middle,false_belief_pressure_delta,delta_evidence_false_belief_pressure,negative,80,0.0,0.0,0.0,0.0
end_of_question_block,23,middle,false_belief_pressure_delta,delta_evidence_false_belief_pressure,negative,80,0.0,0.0,0.0,0.0
end_of_question_block,24,late,false_belief_pressure_delta,delta_evidence_false_belief_pressure,negative,80,0.0,0.0,0.0,0.0
end_of_question_block,25,late,false_belief_pressure_delta,delta_evidence_false_belief_pressure,negative,80,0.0,0.0,0.0,0.0
end_of_question_block,26,late,false_belief_pressure_delta,delta_evidence_false_belief_pressure,negative,80,0.0,0.0,0.0,0.0
end_of_question_block,27,late,false_belief_pressure_delta,delta_evidence_false_belief_pressure,negative,80,0.0,0.0,0.0,0.0
end_of_question_block,28,late,false_belief_pressure_delta,delta_evidence_false_belief_pressure,negative,80,0.0,0.0,0.0,0.0
end_of_question_block,29,late,false_belief_pressure_delta,delta_evidence_false_belief_pressure,negative,80,0.0,0.0,0.0,0.0
end_of_question_block,30,late,false_belief_pressure_delta,delta_evidence_false_belief_pressure,negative,80,0.0,0.0,0.0,0.0
end_of_question_block,31,late,false_belief_pressure_delta,delta_evidence_false_belief_pressure,negative,80,0.0,0.0,0.0,0.0
end_of_question_block,32,late,false_belief_pressure_delta,delta_evidence_false_belief_pressure,negative,80,0.0,0.0,0.0,0.0
end_of_question_block,33,late,false_belief_pressure_delta,delta_evidence_false_belief_pressure,negative,80,0.0,0.0,0.0,0.0
end_of_question_block,34,late,false_belief_pressure_delta,delta_evidence_false_belief_pressure,negative,80,0.0,0.0,0.0,0.0
end_of_question_block,35,late,false_belief_pressure_delta,delta_evidence_false_belief_pressure,negative,80,0.0,0.0,0.0,0.0
end_of_question_block,0,early,false_rationale_pressure_delta,delta_evidence_false_rationale_pressure,negative,80,0.0,0.0,0.0,0.0
end_of_question_block,1,early,false_rationale_pressure_delta,delta_evidence_false_rationale_pressure,negative,80,0.0,0.0,0.0,0.0
end_of_question_block,2,early,false_rationale_pressure_delta,delta_evidence_false_rationale_pressure,negative,80,0.0,0.0,0.0,0.0
end_of_question_block,3,early,false_rationale_pressure_delta,delta_evidence_false_rationale_pressure,negative,80,0.0,0.0,0.0,0.0
end_of_question_block,4,early,false_rationale_pressure_delta,delta_evidence_false_rationale_pressure,negative,80,0.0,0.0,0.0,0.0
end_of_question_block,5,early,false_rationale_pressure_delta,delta_evidence_false_rationale_pressure,negative,80,0.0,0.0,0.0,0.0
end_of_question_block,6,early,false_rationale_pressure_delta,delta_evidence_false_rationale_pressure,negative,80,0.0,0.0,0.0,0.0
end_of_question_block,7,early,false_rationale_pressure_delta,delta_evidence_false_rationale_pressure,negative,80,0.0,0.0,0.0,0.0
end_of_question_block,8,early,false_rationale_pressure_delta,delta_evidence_false_rationale_pressure,negative,80,0.0,0.0,0.0,0.0
end_of_question_block,9,early,false_rationale_pressure_delta,delta_evidence_false_rationale_pressure,negative,80,0.0,0.0,0.0,0.0
end_of_question_block,10,early,false_rationale_pressure_delta,delta_evidence_false_rationale_pressure,negative,80,0.0,0.0,0.0,0.0
end_of_question_block,11,early,false_rationale_pressure_delta,delta_evidence_false_rationale_pressure,negative,80,0.0,0.0,0.0,0.0
end_of_question_block,12,middle,false_rationale_pressure_delta,delta_evidence_false_rationale_pressure,negative,80,0.0,0.0,0.0,0.0
end_of_question_block,13,middle,false_rationale_pressure_delta,delta_evidence_false_rationale_pressure,negative,80,0.0,0.0,0.0,0.0
end_of_question_block,14,middle,false_rationale_pressure_delta,delta_evidence_false_rationale_pressure,negative,80,0.0,0.0,0.0,0.0
end_of_question_block,15,middle,false_rationale_pressure_delta,delta_evidence_false_rationale_pressure,negative,80,0.0,0.0,0.0,0.0
end_of_question_block,16,middle,false_rationale_pressure_delta,delta_evidence_false_rationale_pressure,negative,80,0.0,0.0,0.0,0.0
end_of_question_block,17,middle,false_rationale_pressure_delta,delta_evidence_false_rationale_pressure,negative,80,0.0,0.0,0.0,0.0
end_of_question_block,18,middle,false_rationale_pressure_delta,delta_evidence_false_rationale_pressure,negative,80,0.0,0.0,0.0,0.0
end_of_question_block,19,middle,false_rationale_pressure_delta,delta_evidence_false_rationale_pressure,negative,80,0.0,0.0,0.0,0.0
end_of_question_block,20,middle,false_rationale_pressure_delta,delta_evidence_false_rationale_pressure,negative,80,0.0,0.0,0.0,0.0
end_of_question_block,21,middle,false_rationale_pressure_delta,delta_evidence_false_rationale_pressure,negative,80,0.0,0.0,0.0,0.0
end_of_question_block,22,middle,false_rationale_pressure_delta,delta_evidence_false_rationale_pressure,negative,80,0.0,0.0,0.0,0.0
end_of_question_block,23,middle,false_rationale_pressure_delta,delta_evidence_false_rationale_pressure,negative,80,0.0,0.0,0.0,0.0
end_of_question_block,24,late,false_rationale_pressure_delta,delta_evidence_false_rationale_pressure,negative,80,0.0,0.0,0.0,0.0
end_of_question_block,25,late,false_rationale_pressure_delta,delta_evidence_false_rationale_pressure,negative,80,0.0,0.0,0.0,0.0
end_of_question_block,26,late,false_rationale_pressure_delta,delta_evidence_false_rationale_pressure,negative,80,0.0,0.0,0.0,0.0
end_of_question_block,27,late,false_rationale_pressure_delta,delta_evidence_false_rationale_pressure,negative,80,0.0,0.0,0.0,0.0
end_of_question_block,28,late,false_rationale_pressure_delta,delta_evidence_false_rationale_pressure,negative,80,0.0,0.0,0.0,0.0
end_of_question_block,29,late,false_rationale_pressure_delta,delta_evidence_false_rationale_pressure,negative,80,0.0,0.0,0.0,0.0
end_of_question_block,30,late,false_rationale_pressure_delta,delta_evidence_false_rationale_pressure,negative,80,0.0,0.0,0.0,0.0
end_of_question_block,31,late,false_rationale_pressure_delta,delta_evidence_false_rationale_pressure,negative,80,0.0,0.0,0.0,0.0
end_of_question_block,32,late,false_rationale_pressure_delta,delta_evidence_false_rationale_pressure,negative,80,0.0,0.0,0.0,0.0
end_of_question_block,33,late,false_rationale_pressure_delta,delta_evidence_false_rationale_pressure,negative,80,0.0,0.0,0.0,0.0
end_of_question_block,34,late,false_rationale_pressure_delta,delta_evidence_false_rationale_pressure,negative,80,0.0,0.0,0.0,0.0
end_of_question_block,35,late,false_rationale_pressure_delta,delta_evidence_false_rationale_pressure,negative,80,0.0,0.0,0.0,0.0
end_of_question_block,0,early,emotional_pressure_delta,delta_evidence_emotional_pressure,negative,80,0.0,0.0,0.0,0.0
end_of_question_block,1,early,emotional_pressure_delta,delta_evidence_emotional_pressure,negative,80,0.0,0.0,0.0,0.0
end_of_question_block,2,early,emotional_pressure_delta,delta_evidence_emotional_pressure,negative,80,0.0,0.0,0.0,0.0
end_of_question_block,3,early,emotional_pressure_delta,delta_evidence_emotional_pressure,negative,80,0.0,0.0,0.0,0.0
end_of_question_block,4,early,emotional_pressure_delta,delta_evidence_emotional_pressure,negative,80,0.0,0.0,0.0,0.0
end_of_question_block,5,early,emotional_pressure_delta,delta_evidence_emotional_pressure,negative,80,0.0,0.0,0.0,0.0
end_of_question_block,6,early,emotional_pressure_delta,delta_evidence_emotional_pressure,negative,80,0.0,0.0,0.0,0.0
end_of_question_block,7,early,emotional_pressure_delta,delta_evidence_emotional_pressure,negative,80,0.0,0.0,0.0,0.0
end_of_question_block,8,early,emotional_pressure_delta,delta_evidence_emotional_pressure,negative,80,0.0,0.0,0.0,0.0
end_of_question_block,9,early,emotional_pressure_delta,delta_evidence_emotional_pressure,negative,80,0.0,0.0,0.0,0.0
end_of_question_block,10,early,emotional_pressure_delta,delta_evidence_emotional_pressure,negative,80,0.0,0.0,0.0,0.0
end_of_question_block,11,early,emotional_pressure_delta,delta_evidence_emotional_pressure,negative,80,0.0,0.0,0.0,0.0
end_of_question_block,12,middle,emotional_pressure_delta,delta_evidence_emotional_pressure,negative,80,0.0,0.0,0.0,0.0
end_of_question_block,13,middle,emotional_pressure_delta,delta_evidence_emotional_pressure,negative,80,0.0,0.0,0.0,0.0
end_of_question_block,14,middle,emotional_pressure_delta,delta_evidence_emotional_pressure,negative,80,0.0,0.0,0.0,0.0
end_of_question_block,15,middle,emotional_pressure_delta,delta_evidence_emotional_pressure,negative,80,0.0,0.0,0.0,0.0
end_of_question_block,16,middle,emotional_pressure_delta,delta_evidence_emotional_pressure,negative,80,0.0,0.0,0.0,0.0
end_of_question_block,17,middle,emotional_pressure_delta,delta_evidence_emotional_pressure,negative,80,0.0,0.0,0.0,0.0
end_of_question_block,18,middle,emotional_pressure_delta,delta_evidence_emotional_pressure,negative,80,0.0,0.0,0.0,0.0
end_of_question_block,19,middle,emotional_pressure_delta,delta_evidence_emotional_pressure,negative,80,0.0,0.0,0.0,0.0
end_of_question_block,20,middle,emotional_pressure_delta,delta_evidence_emotional_pressure,negative,80,0.0,0.0,0.0,0.0
end_of_question_block,21,middle,emotional_pressure_delta,delta_evidence_emotional_pressure,negative,80,0.0,0.0,0.0,0.0
end_of_question_block,22,middle,emotional_pressure_delta,delta_evidence_emotional_pressure,negative,80,0.0,0.0,0.0,0.0
end_of_question_block,23,middle,emotional_pressure_delta,delta_evidence_emotional_pressure,negative,80,0.0,0.0,0.0,0.0
end_of_question_block,24,late,emotional_pressure_delta,delta_evidence_emotional_pressure,negative,80,0.0,0.0,0.0,0.0
end_of_question_block,25,late,emotional_pressure_delta,delta_evidence_emotional_pressure,negative,80,0.0,0.0,0.0,0.0
end_of_question_block,26,late,emotional_pressure_delta,delta_evidence_emotional_pressure,negative,80,0.0,0.0,0.0,0.0
end_of_question_block,27,late,emotional_pressure_delta,delta_evidence_emotional_pressure,negative,80,0.0,0.0,0.0,0.0
end_of_question_block,28,late,emotional_pressure_delta,delta_evidence_emotional_pressure,negative,80,0.0,0.0,0.0,0.0
end_of_question_block,29,late,emotional_pressure_delta,delta_evidence_emotional_pressure,negative,80,0.0,0.0,0.0,0.0
end_of_question_block,30,late,emotional_pressure_delta,delta_evidence_emotional_pressure,negative,80,0.0,0.0,0.0,0.0
end_of_question_block,31,late,emotional_pressure_delta,delta_evidence_emotional_pressure,negative,80,0.0,0.0,0.0,0.0
end_of_question_block,32,late,emotional_pressure_delta,delta_evidence_emotional_pressure,negative,80,0.0,0.0,0.0,0.0
end_of_question_block,33,late,emotional_pressure_delta,delta_evidence_emotional_pressure,negative,80,0.0,0.0,0.0,0.0
end_of_question_block,34,late,emotional_pressure_delta,delta_evidence_emotional_pressure,negative,80,0.0,0.0,0.0,0.0
end_of_question_block,35,late,emotional_pressure_delta,delta_evidence_emotional_pressure,negative,80,0.0,0.0,0.0,0.0
end_of_question_block,0,early,authority_pressure_delta,delta_evidence_authority_pressure,negative,80,0.0,0.0,0.0,0.0
end_of_question_block,1,early,authority_pressure_delta,delta_evidence_authority_pressure,negative,80,0.0,0.0,0.0,0.0
end_of_question_block,2,early,authority_pressure_delta,delta_evidence_authority_pressure,negative,80,0.0,0.0,0.0,0.0
end_of_question_block,3,early,authority_pressure_delta,delta_evidence_authority_pressure,negative,80,0.0,0.0,0.0,0.0
end_of_question_block,4,early,authority_pressure_delta,delta_evidence_authority_pressure,negative,80,0.0,0.0,0.0,0.0
end_of_question_block,5,early,authority_pressure_delta,delta_evidence_authority_pressure,negative,80,0.0,0.0,0.0,0.0
end_of_question_block,6,early,authority_pressure_delta,delta_evidence_authority_pressure,negative,80,0.0,0.0,0.0,0.0
end_of_question_block,7,early,authority_pressure_delta,delta_evidence_authority_pressure,negative,80,0.0,0.0,0.0,0.0
end_of_question_block,8,early,authority_pressure_delta,delta_evidence_authority_pressure,negative,80,0.0,0.0,0.0,0.0
end_of_question_block,9,early,authority_pressure_delta,delta_evidence_authority_pressure,negative,80,0.0,0.0,0.0,0.0
end_of_question_block,10,early,authority_pressure_delta,delta_evidence_authority_pressure,negative,80,0.0,0.0,0.0,0.0
end_of_question_block,11,early,authority_pressure_delta,delta_evidence_authority_pressure,negative,80,0.0,0.0,0.0,0.0
end_of_question_block,12,middle,authority_pressure_delta,delta_evidence_authority_pressure,negative,80,0.0,0.0,0.0,0.0
end_of_question_block,13,middle,authority_pressure_delta,delta_evidence_authority_pressure,negative,80,0.0,0.0,0.0,0.0
end_of_question_block,14,middle,authority_pressure_delta,delta_evidence_authority_pressure,negative,80,0.0,0.0,0.0,0.0
end_of_question_block,15,middle,authority_pressure_delta,delta_evidence_authority_pressure,negative,80,0.0,0.0,0.0,0.0
end_of_question_block,16,middle,authority_pressure_delta,delta_evidence_authority_pressure,negative,80,0.0,0.0,0.0,0.0
end_of_question_block,17,middle,authority_pressure_delta,delta_evidence_authority_pressure,negative,80,0.0,0.0,0.0,0.0
end_of_question_block,18,middle,authority_pressure_delta,delta_evidence_authority_pressure,negative,80,0.0,0.0,0.0,0.0
end_of_question_block,19,middle,authority_pressure_delta,delta_evidence_authority_pressure,negative,80,0.0,0.0,0.0,0.0
end_of_question_block,20,middle,authority_pressure_delta,delta_evidence_authority_pressure,negative,80,0.0,0.0,0.0,0.0
end_of_question_block,21,middle,authority_pressure_delta,delta_evidence_authority_pressure,negative,80,0.0,0.0,0.0,0.0
end_of_question_block,22,middle,authority_pressure_delta,delta_evidence_authority_pressure,negative,80,0.0,0.0,0.0,0.0
end_of_question_block,23,middle,authority_pressure_delta,delta_evidence_authority_pressure,negative,80,0.0,0.0,0.0,0.0
end_of_question_block,24,late,authority_pressure_delta,delta_evidence_authority_pressure,negative,80,0.0,0.0,0.0,0.0
end_of_question_block,25,late,authority_pressure_delta,delta_evidence_authority_pressure,negative,80,0.0,0.0,0.0,0.0
end_of_question_block,26,late,authority_pressure_delta,delta_evidence_authority_pressure,negative,80,0.0,0.0,0.0,0.0
end_of_question_block,27,late,authority_pressure_delta,delta_evidence_authority_pressure,negative,80,0.0,0.0,0.0,0.0
end_of_question_block,28,late,authority_pressure_delta,delta_evidence_authority_pressure,negative,80,0.0,0.0,0.0,0.0
end_of_question_block,29,late,authority_pressure_delta,delta_evidence_authority_pressure,negative,80,0.0,0.0,0.0,0.0
end_of_question_block,30,late,authority_pressure_delta,delta_evidence_authority_pressure,negative,80,0.0,0.0,0.0,0.0
end_of_question_block,31,late,authority_pressure_delta,delta_evidence_authority_pressure,negative,80,0.0,0.0,0.0,0.0
end_of_question_block,32,late,authority_pressure_delta,delta_evidence_authority_pressure,negative,80,0.0,0.0,0.0,0.0
end_of_question_block,33,late,authority_pressure_delta,delta_evidence_authority_pressure,negative,80,0.0,0.0,0.0,0.0
end_of_question_block,34,late,authority_pressure_delta,delta_evidence_authority_pressure,negative,80,0.0,0.0,0.0,0.0
end_of_question_block,35,late,authority_pressure_delta,delta_evidence_authority_pressure,negative,80,0.0,0.0,0.0,0.0
end_of_question_block,0,early,true_belief_pressure_delta,delta_evidence_true_belief_pressure,negative,80,0.0,0.0,0.0,0.0
end_of_question_block,1,early,true_belief_pressure_delta,delta_evidence_true_belief_pressure,negative,80,0.0,0.0,0.0,0.0
end_of_question_block,2,early,true_belief_pressure_delta,delta_evidence_true_belief_pressure,negative,80,0.0,0.0,0.0,0.0
end_of_question_block,3,early,true_belief_pressure_delta,delta_evidence_true_belief_pressure,negative,80,0.0,0.0,0.0,0.0
end_of_question_block,4,early,true_belief_pressure_delta,delta_evidence_true_belief_pressure,negative,80,0.0,0.0,0.0,0.0
end_of_question_block,5,early,true_belief_pressure_delta,delta_evidence_true_belief_pressure,negative,80,0.0,0.0,0.0,0.0
end_of_question_block,6,early,true_belief_pressure_delta,delta_evidence_true_belief_pressure,negative,80,0.0,0.0,0.0,0.0
end_of_question_block,7,early,true_belief_pressure_delta,delta_evidence_true_belief_pressure,negative,80,0.0,0.0,0.0,0.0
end_of_question_block,8,early,true_belief_pressure_delta,delta_evidence_true_belief_pressure,negative,80,0.0,0.0,0.0,0.0
end_of_question_block,9,early,true_belief_pressure_delta,delta_evidence_true_belief_pressure,negative,80,0.0,0.0,0.0,0.0
end_of_question_block,10,early,true_belief_pressure_delta,delta_evidence_true_belief_pressure,negative,80,0.0,0.0,0.0,0.0
end_of_question_block,11,early,true_belief_pressure_delta,delta_evidence_true_belief_pressure,negative,80,0.0,0.0,0.0,0.0
end_of_question_block,12,middle,true_belief_pressure_delta,delta_evidence_true_belief_pressure,negative,80,0.0,0.0,0.0,0.0
end_of_question_block,13,middle,true_belief_pressure_delta,delta_evidence_true_belief_pressure,negative,80,0.0,0.0,0.0,0.0
end_of_question_block,14,middle,true_belief_pressure_delta,delta_evidence_true_belief_pressure,negative,80,0.0,0.0,0.0,0.0
end_of_question_block,15,middle,true_belief_pressure_delta,delta_evidence_true_belief_pressure,negative,80,0.0,0.0,0.0,0.0
end_of_question_block,16,middle,true_belief_pressure_delta,delta_evidence_true_belief_pressure,negative,80,0.0,0.0,0.0,0.0
end_of_question_block,17,middle,true_belief_pressure_delta,delta_evidence_true_belief_pressure,negative,80,0.0,0.0,0.0,0.0
end_of_question_block,18,middle,true_belief_pressure_delta,delta_evidence_true_belief_pressure,negative,80,0.0,0.0,0.0,0.0
end_of_question_block,19,middle,true_belief_pressure_delta,delta_evidence_true_belief_pressure,negative,80,0.0,0.0,0.0,0.0
end_of_question_block,20,middle,true_belief_pressure_delta,delta_evidence_true_belief_pressure,negative,80,0.0,0.0,0.0,0.0
end_of_question_block,21,middle,true_belief_pressure_delta,delta_evidence_true_belief_pressure,negative,80,0.0,0.0,0.0,0.0
end_of_question_block,22,middle,true_belief_pressure_delta,delta_evidence_true_belief_pressure,negative,80,0.0,0.0,0.0,0.0
end_of_question_block,23,middle,true_belief_pressure_delta,delta_evidence_true_belief_pressure,negative,80,0.0,0.0,0.0,0.0
end_of_question_block,24,late,true_belief_pressure_delta,delta_evidence_true_belief_pressure,negative,80,0.0,0.0,0.0,0.0
end_of_question_block,25,late,true_belief_pressure_delta,delta_evidence_true_belief_pressure,negative,80,0.0,0.0,0.0,0.0
end_of_question_block,26,late,true_belief_pressure_delta,delta_evidence_true_belief_pressure,negative,80,0.0,0.0,0.0,0.0
end_of_question_block,27,late,true_belief_pressure_delta,delta_evidence_true_belief_pressure,negative,80,0.0,0.0,0.0,0.0
end_of_question_block,28,late,true_belief_pressure_delta,delta_evidence_true_belief_pressure,negative,80,0.0,0.0,0.0,0.0
end_of_question_block,29,late,true_belief_pressure_delta,delta_evidence_true_belief_pressure,negative,80,0.0,0.0,0.0,0.0
end_of_question_block,30,late,true_belief_pressure_delta,delta_evidence_true_belief_pressure,negative,80,0.0,0.0,0.0,0.0
end_of_question_block,31,late,true_belief_pressure_delta,delta_evidence_true_belief_pressure,negative,80,0.0,0.0,0.0,0.0
end_of_question_block,32,late,true_belief_pressure_delta,delta_evidence_true_belief_pressure,negative,80,0.0,0.0,0.0,0.0
end_of_question_block,33,late,true_belief_pressure_delta,delta_evidence_true_belief_pressure,negative,80,0.0,0.0,0.0,0.0
end_of_question_block,34,late,true_belief_pressure_delta,delta_evidence_true_belief_pressure,negative,80,0.0,0.0,0.0,0.0
end_of_question_block,35,late,true_belief_pressure_delta,delta_evidence_true_belief_pressure,negative,80,0.0,0.0,0.0,0.0
end_of_question_block,0,early,true_rationale_pressure_delta,delta_evidence_true_rationale_pressure,negative,80,0.0,0.0,0.0,0.0
end_of_question_block,1,early,true_rationale_pressure_delta,delta_evidence_true_rationale_pressure,negative,80,0.0,0.0,0.0,0.0
end_of_question_block,2,early,true_rationale_pressure_delta,delta_evidence_true_rationale_pressure,negative,80,0.0,0.0,0.0,0.0
end_of_question_block,3,early,true_rationale_pressure_delta,delta_evidence_true_rationale_pressure,negative,80,0.0,0.0,0.0,0.0
end_of_question_block,4,early,true_rationale_pressure_delta,delta_evidence_true_rationale_pressure,negative,80,0.0,0.0,0.0,0.0
end_of_question_block,5,early,true_rationale_pressure_delta,delta_evidence_true_rationale_pressure,negative,80,0.0,0.0,0.0,0.0
end_of_question_block,6,early,true_rationale_pressure_delta,delta_evidence_true_rationale_pressure,negative,80,0.0,0.0,0.0,0.0
end_of_question_block,7,early,true_rationale_pressure_delta,delta_evidence_true_rationale_pressure,negative,80,0.0,0.0,0.0,0.0
end_of_question_block,8,early,true_rationale_pressure_delta,delta_evidence_true_rationale_pressure,negative,80,0.0,0.0,0.0,0.0
end_of_question_block,9,early,true_rationale_pressure_delta,delta_evidence_true_rationale_pressure,negative,80,0.0,0.0,0.0,0.0
end_of_question_block,10,early,true_rationale_pressure_delta,delta_evidence_true_rationale_pressure,negative,80,0.0,0.0,0.0,0.0
end_of_question_block,11,early,true_rationale_pressure_delta,delta_evidence_true_rationale_pressure,negative,80,0.0,0.0,0.0,0.0
end_of_question_block,12,middle,true_rationale_pressure_delta,delta_evidence_true_rationale_pressure,negative,80,0.0,0.0,0.0,0.0
end_of_question_block,13,middle,true_rationale_pressure_delta,delta_evidence_true_rationale_pressure,negative,80,0.0,0.0,0.0,0.0
end_of_question_block,14,middle,true_rationale_pressure_delta,delta_evidence_true_rationale_pressure,negative,80,0.0,0.0,0.0,0.0
end_of_question_block,15,middle,true_rationale_pressure_delta,delta_evidence_true_rationale_pressure,negative,80,0.0,0.0,0.0,0.0
end_of_question_block,16,middle,true_rationale_pressure_delta,delta_evidence_true_rationale_pressure,negative,80,0.0,0.0,0.0,0.0
end_of_question_block,17,middle,true_rationale_pressure_delta,delta_evidence_true_rationale_pressure,negative,80,0.0,0.0,0.0,0.0
end_of_question_block,18,middle,true_rationale_pressure_delta,delta_evidence_true_rationale_pressure,negative,80,0.0,0.0,0.0,0.0
end_of_question_block,19,middle,true_rationale_pressure_delta,delta_evidence_true_rationale_pressure,negative,80,0.0,0.0,0.0,0.0
end_of_question_block,20,middle,true_rationale_pressure_delta,delta_evidence_true_rationale_pressure,negative,80,0.0,0.0,0.0,0.0
end_of_question_block,21,middle,true_rationale_pressure_delta,delta_evidence_true_rationale_pressure,negative,80,0.0,0.0,0.0,0.0
end_of_question_block,22,middle,true_rationale_pressure_delta,delta_evidence_true_rationale_pressure,negative,80,0.0,0.0,0.0,0.0
end_of_question_block,23,middle,true_rationale_pressure_delta,delta_evidence_true_rationale_pressure,negative,80,0.0,0.0,0.0,0.0
end_of_question_block,24,late,true_rationale_pressure_delta,delta_evidence_true_rationale_pressure,negative,80,0.0,0.0,0.0,0.0
end_of_question_block,25,late,true_rationale_pressure_delta,delta_evidence_true_rationale_pressure,negative,80,0.0,0.0,0.0,0.0
end_of_question_block,26,late,true_rationale_pressure_delta,delta_evidence_true_rationale_pressure,negative,80,0.0,0.0,0.0,0.0
end_of_question_block,27,late,true_rationale_pressure_delta,delta_evidence_true_rationale_pressure,negative,80,0.0,0.0,0.0,0.0
end_of_question_block,28,late,true_rationale_pressure_delta,delta_evidence_true_rationale_pressure,negative,80,0.0,0.0,0.0,0.0
end_of_question_block,29,late,true_rationale_pressure_delta,delta_evidence_true_rationale_pressure,negative,80,0.0,0.0,0.0,0.0
end_of_question_block,30,late,true_rationale_pressure_delta,delta_evidence_true_rationale_pressure,negative,80,0.0,0.0,0.0,0.0
end_of_question_block,31,late,true_rationale_pressure_delta,delta_evidence_true_rationale_pressure,negative,80,0.0,0.0,0.0,0.0
end_of_question_block,32,late,true_rationale_pressure_delta,delta_evidence_true_rationale_pressure,negative,80,0.0,0.0,0.0,0.0
end_of_question_block,33,late,true_rationale_pressure_delta,delta_evidence_true_rationale_pressure,negative,80,0.0,0.0,0.0,0.0
end_of_question_block,34,late,true_rationale_pressure_delta,delta_evidence_true_rationale_pressure,negative,80,0.0,0.0,0.0,0.0
end_of_question_block,35,late,true_rationale_pressure_delta,delta_evidence_true_rationale_pressure,negative,80,0.0,0.0,0.0,0.0
end_of_question_block,0,early,distractor_delta,delta_evidence_distractor_neutral,absolute,80,0.0,0.0,0.0,0.0
end_of_question_block,1,early,distractor_delta,delta_evidence_distractor_neutral,absolute,80,0.0,0.0,0.0,0.0
end_of_question_block,2,early,distractor_delta,delta_evidence_distractor_neutral,absolute,80,0.0,0.0,0.0,0.0
end_of_question_block,3,early,distractor_delta,delta_evidence_distractor_neutral,absolute,80,0.0,0.0,0.0,0.0
end_of_question_block,4,early,distractor_delta,delta_evidence_distractor_neutral,absolute,80,0.0,0.0,0.0,0.0
end_of_question_block,5,early,distractor_delta,delta_evidence_distractor_neutral,absolute,80,0.0,0.0,0.0,0.0
end_of_question_block,6,early,distractor_delta,delta_evidence_distractor_neutral,absolute,80,0.0,0.0,0.0,0.0
end_of_question_block,7,early,distractor_delta,delta_evidence_distractor_neutral,absolute,80,0.0,0.0,0.0,0.0
end_of_question_block,8,early,distractor_delta,delta_evidence_distractor_neutral,absolute,80,0.0,0.0,0.0,0.0
end_of_question_block,9,early,distractor_delta,delta_evidence_distractor_neutral,absolute,80,0.0,0.0,0.0,0.0
end_of_question_block,10,early,distractor_delta,delta_evidence_distractor_neutral,absolute,80,0.0,0.0,0.0,0.0
end_of_question_block,11,early,distractor_delta,delta_evidence_distractor_neutral,absolute,80,0.0,0.0,0.0,0.0
end_of_question_block,12,middle,distractor_delta,delta_evidence_distractor_neutral,absolute,80,0.0,0.0,0.0,0.0
end_of_question_block,13,middle,distractor_delta,delta_evidence_distractor_neutral,absolute,80,0.0,0.0,0.0,0.0
end_of_question_block,14,middle,distractor_delta,delta_evidence_distractor_neutral,absolute,80,0.0,0.0,0.0,0.0
end_of_question_block,15,middle,distractor_delta,delta_evidence_distractor_neutral,absolute,80,0.0,0.0,0.0,0.0
end_of_question_block,16,middle,distractor_delta,delta_evidence_distractor_neutral,absolute,80,0.0,0.0,0.0,0.0
end_of_question_block,17,middle,distractor_delta,delta_evidence_distractor_neutral,absolute,80,0.0,0.0,0.0,0.0
end_of_question_block,18,middle,distractor_delta,delta_evidence_distractor_neutral,absolute,80,0.0,0.0,0.0,0.0
end_of_question_block,19,middle,distractor_delta,delta_evidence_distractor_neutral,absolute,80,0.0,0.0,0.0,0.0
end_of_question_block,20,middle,distractor_delta,delta_evidence_distractor_neutral,absolute,80,0.0,0.0,0.0,0.0
end_of_question_block,21,middle,distractor_delta,delta_evidence_distractor_neutral,absolute,80,0.0,0.0,0.0,0.0
end_of_question_block,22,middle,distractor_delta,delta_evidence_distractor_neutral,absolute,80,0.0,0.0,0.0,0.0
end_of_question_block,23,middle,distractor_delta,delta_evidence_distractor_neutral,absolute,80,0.0,0.0,0.0,0.0
end_of_question_block,24,late,distractor_delta,delta_evidence_distractor_neutral,absolute,80,0.0,0.0,0.0,0.0
end_of_question_block,25,late,distractor_delta,delta_evidence_distractor_neutral,absolute,80,0.0,0.0,0.0,0.0
end_of_question_block,26,late,distractor_delta,delta_evidence_distractor_neutral,absolute,80,0.0,0.0,0.0,0.0
end_of_question_block,27,late,distractor_delta,delta_evidence_distractor_neutral,absolute,80,0.0,0.0,0.0,0.0
end_of_question_block,28,late,distractor_delta,delta_evidence_distractor_neutral,absolute,80,0.0,0.0,0.0,0.0
end_of_question_block,29,late,distractor_delta,delta_evidence_distractor_neutral,absolute,80,0.0,0.0,0.0,0.0
end_of_question_block,30,late,distractor_delta,delta_evidence_distractor_neutral,absolute,80,0.0,0.0,0.0,0.0
end_of_question_block,31,late,distractor_delta,delta_evidence_distractor_neutral,absolute,80,0.0,0.0,0.0,0.0
end_of_question_block,32,late,distractor_delta,delta_evidence_distractor_neutral,absolute,80,0.0,0.0,0.0,0.0
end_of_question_block,33,late,distractor_delta,delta_evidence_distractor_neutral,absolute,80,0.0,0.0,0.0,0.0
end_of_question_block,34,late,distractor_delta,delta_evidence_distractor_neutral,absolute,80,0.0,0.0,0.0,0.0
end_of_question_block,35,late,distractor_delta,delta_evidence_distractor_neutral,absolute,80,0.0,0.0,0.0,0.0
end_of_answer_choices,0,early,false_belief_pressure_delta,delta_evidence_false_belief_pressure,negative,80,0.0,0.0,0.0,0.0
end_of_answer_choices,1,early,false_belief_pressure_delta,delta_evidence_false_belief_pressure,negative,80,0.0,0.0,0.0,0.0
end_of_answer_choices,2,early,false_belief_pressure_delta,delta_evidence_false_belief_pressure,negative,80,0.0,0.0,0.0,0.0
end_of_answer_choices,3,early,false_belief_pressure_delta,delta_evidence_false_belief_pressure,negative,80,0.0,0.0,0.0,0.0
end_of_answer_choices,4,early,false_belief_pressure_delta,delta_evidence_false_belief_pressure,negative,80,0.0,0.0,0.0,0.0
end_of_answer_choices,5,early,false_belief_pressure_delta,delta_evidence_false_belief_pressure,negative,80,0.0,0.0,0.0,0.0
end_of_answer_choices,6,early,false_belief_pressure_delta,delta_evidence_false_belief_pressure,negative,80,0.0,0.0,0.0,0.0
end_of_answer_choices,7,early,false_belief_pressure_delta,delta_evidence_false_belief_pressure,negative,80,0.0,0.0,0.0,0.0
end_of_answer_choices,8,early,false_belief_pressure_delta,delta_evidence_false_belief_pressure,negative,80,0.0,0.0,0.0,0.0
end_of_answer_choices,9,early,false_belief_pressure_delta,delta_evidence_false_belief_pressure,negative,80,0.0,0.0,0.0,0.0
end_of_answer_choices,10,early,false_belief_pressure_delta,delta_evidence_false_belief_pressure,negative,80,0.0,0.0,0.0,0.0
end_of_answer_choices,11,early,false_belief_pressure_delta,delta_evidence_false_belief_pressure,negative,80,0.0,0.0,0.0,0.0
end_of_answer_choices,12,middle,false_belief_pressure_delta,delta_evidence_false_belief_pressure,negative,80,0.0,0.0,0.0,0.0
end_of_answer_choices,13,middle,false_belief_pressure_delta,delta_evidence_false_belief_pressure,negative,80,0.0,0.0,0.0,0.0
end_of_answer_choices,14,middle,false_belief_pressure_delta,delta_evidence_false_belief_pressure,negative,80,0.0,0.0,0.0,0.0
end_of_answer_choices,15,middle,false_belief_pressure_delta,delta_evidence_false_belief_pressure,negative,80,0.0,0.0,0.0,0.0
end_of_answer_choices,16,middle,false_belief_pressure_delta,delta_evidence_false_belief_pressure,negative,80,0.0,0.0,0.0,0.0
end_of_answer_choices,17,middle,false_belief_pressure_delta,delta_evidence_false_belief_pressure,negative,80,0.0,0.0,0.0,0.0
end_of_answer_choices,18,middle,false_belief_pressure_delta,delta_evidence_false_belief_pressure,negative,80,0.0,0.0,0.0,0.0
end_of_answer_choices,19,middle,false_belief_pressure_delta,delta_evidence_false_belief_pressure,negative,80,0.0,0.0,0.0,0.0
end_of_answer_choices,20,middle,false_belief_pressure_delta,delta_evidence_false_belief_pressure,negative,80,0.0,0.0,0.0,0.0
end_of_answer_choices,21,middle,false_belief_pressure_delta,delta_evidence_false_belief_pressure,negative,80,0.0,0.0,0.0,0.0
end_of_answer_choices,22,middle,false_belief_pressure_delta,delta_evidence_false_belief_pressure,negative,80,0.0,0.0,0.0,0.0
end_of_answer_choices,23,middle,false_belief_pressure_delta,delta_evidence_false_belief_pressure,negative,80,0.0,0.0,0.0,0.0
end_of_answer_choices,24,late,false_belief_pressure_delta,delta_evidence_false_belief_pressure,negative,80,0.0,0.0,0.0,0.0
end_of_answer_choices,25,late,false_belief_pressure_delta,delta_evidence_false_belief_pressure,negative,80,0.0,0.0,0.0,0.0
end_of_answer_choices,26,late,false_belief_pressure_delta,delta_evidence_false_belief_pressure,negative,80,0.0,0.0,0.0,0.0
end_of_answer_choices,27,late,false_belief_pressure_delta,delta_evidence_false_belief_pressure,negative,80,0.0,0.0,0.0,0.0
end_of_answer_choices,28,late,false_belief_pressure_delta,delta_evidence_false_belief_pressure,negative,80,0.0,0.0,0.0,0.0
end_of_answer_choices,29,late,false_belief_pressure_delta,delta_evidence_false_belief_pressure,negative,80,0.0,0.0,0.0,0.0
end_of_answer_choices,30,late,false_belief_pressure_delta,delta_evidence_false_belief_pressure,negative,80,0.0,0.0,0.0,0.0
end_of_answer_choices,31,late,false_belief_pressure_delta,delta_evidence_false_belief_pressure,negative,80,0.0,0.0,0.0,0.0
end_of_answer_choices,32,late,false_belief_pressure_delta,delta_evidence_false_belief_pressure,negative,80,0.0,0.0,0.0,0.0
end_of_answer_choices,33,late,false_belief_pressure_delta,delta_evidence_false_belief_pressure,negative,80,0.0,0.0,0.0,0.0
end_of_answer_choices,34,late,false_belief_pressure_delta,delta_evidence_false_belief_pressure,negative,80,0.0,0.0,0.0,0.0
end_of_answer_choices,35,late,false_belief_pressure_delta,delta_evidence_false_belief_pressure,negative,80,0.0,0.0,0.0,0.0
end_of_answer_choices,0,early,false_rationale_pressure_delta,delta_evidence_false_rationale_pressure,negative,80,0.0,0.0,0.0,0.0
end_of_answer_choices,1,early,false_rationale_pressure_delta,delta_evidence_false_rationale_pressure,negative,80,0.0,0.0,0.0,0.0
end_of_answer_choices,2,early,false_rationale_pressure_delta,delta_evidence_false_rationale_pressure,negative,80,0.0,0.0,0.0,0.0
end_of_answer_choices,3,early,false_rationale_pressure_delta,delta_evidence_false_rationale_pressure,negative,80,0.0,0.0,0.0,0.0
end_of_answer_choices,4,early,false_rationale_pressure_delta,delta_evidence_false_rationale_pressure,negative,80,0.0,0.0,0.0,0.0
end_of_answer_choices,5,early,false_rationale_pressure_delta,delta_evidence_false_rationale_pressure,negative,80,0.0,0.0,0.0,0.0
end_of_answer_choices,6,early,false_rationale_pressure_delta,delta_evidence_false_rationale_pressure,negative,80,0.0,0.0,0.0,0.0
end_of_answer_choices,7,early,false_rationale_pressure_delta,delta_evidence_false_rationale_pressure,negative,80,0.0,0.0,0.0,0.0
end_of_answer_choices,8,early,false_rationale_pressure_delta,delta_evidence_false_rationale_pressure,negative,80,0.0,0.0,0.0,0.0
end_of_answer_choices,9,early,false_rationale_pressure_delta,delta_evidence_false_rationale_pressure,negative,80,0.0,0.0,0.0,0.0
end_of_answer_choices,10,early,false_rationale_pressure_delta,delta_evidence_false_rationale_pressure,negative,80,0.0,0.0,0.0,0.0
end_of_answer_choices,11,early,false_rationale_pressure_delta,delta_evidence_false_rationale_pressure,negative,80,0.0,0.0,0.0,0.0
end_of_answer_choices,12,middle,false_rationale_pressure_delta,delta_evidence_false_rationale_pressure,negative,80,0.0,0.0,0.0,0.0
end_of_answer_choices,13,middle,false_rationale_pressure_delta,delta_evidence_false_rationale_pressure,negative,80,0.0,0.0,0.0,0.0
end_of_answer_choices,14,middle,false_rationale_pressure_delta,delta_evidence_false_rationale_pressure,negative,80,0.0,0.0,0.0,0.0
end_of_answer_choices,15,middle,false_rationale_pressure_delta,delta_evidence_false_rationale_pressure,negative,80,0.0,0.0,0.0,0.0
end_of_answer_choices,16,middle,false_rationale_pressure_delta,delta_evidence_false_rationale_pressure,negative,80,0.0,0.0,0.0,0.0
end_of_answer_choices,17,middle,false_rationale_pressure_delta,delta_evidence_false_rationale_pressure,negative,80,0.0,0.0,0.0,0.0
end_of_answer_choices,18,middle,false_rationale_pressure_delta,delta_evidence_false_rationale_pressure,negative,80,0.0,0.0,0.0,0.0
end_of_answer_choices,19,middle,false_rationale_pressure_delta,delta_evidence_false_rationale_pressure,negative,80,0.0,0.0,0.0,0.0
end_of_answer_choices,20,middle,false_rationale_pressure_delta,delta_evidence_false_rationale_pressure,negative,80,0.0,0.0,0.0,0.0
end_of_answer_choices,21,middle,false_rationale_pressure_delta,delta_evidence_false_rationale_pressure,negative,80,0.0,0.0,0.0,0.0
end_of_answer_choices,22,middle,false_rationale_pressure_delta,delta_evidence_false_rationale_pressure,negative,80,0.0,0.0,0.0,0.0
end_of_answer_choices,23,middle,false_rationale_pressure_delta,delta_evidence_false_rationale_pressure,negative,80,0.0,0.0,0.0,0.0
end_of_answer_choices,24,late,false_rationale_pressure_delta,delta_evidence_false_rationale_pressure,negative,80,0.0,0.0,0.0,0.0
end_of_answer_choices,25,late,false_rationale_pressure_delta,delta_evidence_false_rationale_pressure,negative,80,0.0,0.0,0.0,0.0
end_of_answer_choices,26,late,false_rationale_pressure_delta,delta_evidence_false_rationale_pressure,negative,80,0.0,0.0,0.0,0.0
end_of_answer_choices,27,late,false_rationale_pressure_delta,delta_evidence_false_rationale_pressure,negative,80,0.0,0.0,0.0,0.0
end_of_answer_choices,28,late,false_rationale_pressure_delta,delta_evidence_false_rationale_pressure,negative,80,0.0,0.0,0.0,0.0
end_of_answer_choices,29,late,false_rationale_pressure_delta,delta_evidence_false_rationale_pressure,negative,80,0.0,0.0,0.0,0.0
end_of_answer_choices,30,late,false_rationale_pressure_delta,delta_evidence_false_rationale_pressure,negative,80,0.0,0.0,0.0,0.0
end_of_answer_choices,31,late,false_rationale_pressure_delta,delta_evidence_false_rationale_pressure,negative,80,0.0,0.0,0.0,0.0
end_of_answer_choices,32,late,false_rationale_pressure_delta,delta_evidence_false_rationale_pressure,negative,80,0.0,0.0,0.0,0.0
end_of_answer_choices,33,late,false_rationale_pressure_delta,delta_evidence_false_rationale_pressure,negative,80,0.0,0.0,0.0,0.0
end_of_answer_choices,34,late,false_rationale_pressure_delta,delta_evidence_false_rationale_pressure,negative,80,0.0,0.0,0.0,0.0
end_of_answer_choices,35,late,false_rationale_pressure_delta,delta_evidence_false_rationale_pressure,negative,80,0.0,0.0,0.0,0.0
end_of_answer_choices,0,early,emotional_pressure_delta,delta_evidence_emotional_pressure,negative,80,0.0,0.0,0.0,0.0
end_of_answer_choices,1,early,emotional_pressure_delta,delta_evidence_emotional_pressure,negative,80,0.0,0.0,0.0,0.0
end_of_answer_choices,2,early,emotional_pressure_delta,delta_evidence_emotional_pressure,negative,80,0.0,0.0,0.0,0.0
end_of_answer_choices,3,early,emotional_pressure_delta,delta_evidence_emotional_pressure,negative,80,0.0,0.0,0.0,0.0
end_of_answer_choices,4,early,emotional_pressure_delta,delta_evidence_emotional_pressure,negative,80,0.0,0.0,0.0,0.0
end_of_answer_choices,5,early,emotional_pressure_delta,delta_evidence_emotional_pressure,negative,80,0.0,0.0,0.0,0.0
end_of_answer_choices,6,early,emotional_pressure_delta,delta_evidence_emotional_pressure,negative,80,0.0,0.0,0.0,0.0
end_of_answer_choices,7,early,emotional_pressure_delta,delta_evidence_emotional_pressure,negative,80,0.0,0.0,0.0,0.0
end_of_answer_choices,8,early,emotional_pressure_delta,delta_evidence_emotional_pressure,negative,80,0.0,0.0,0.0,0.0
end_of_answer_choices,9,early,emotional_pressure_delta,delta_evidence_emotional_pressure,negative,80,0.0,0.0,0.0,0.0
end_of_answer_choices,10,early,emotional_pressure_delta,delta_evidence_emotional_pressure,negative,80,0.0,0.0,0.0,0.0
end_of_answer_choices,11,early,emotional_pressure_delta,delta_evidence_emotional_pressure,negative,80,0.0,0.0,0.0,0.0
end_of_answer_choices,12,middle,emotional_pressure_delta,delta_evidence_emotional_pressure,negative,80,0.0,0.0,0.0,0.0
end_of_answer_choices,13,middle,emotional_pressure_delta,delta_evidence_emotional_pressure,negative,80,0.0,0.0,0.0,0.0
end_of_answer_choices,14,middle,emotional_pressure_delta,delta_evidence_emotional_pressure,negative,80,0.0,0.0,0.0,0.0
end_of_answer_choices,15,middle,emotional_pressure_delta,delta_evidence_emotional_pressure,negative,80,0.0,0.0,0.0,0.0
end_of_answer_choices,16,middle,emotional_pressure_delta,delta_evidence_emotional_pressure,negative,80,0.0,0.0,0.0,0.0
end_of_answer_choices,17,middle,emotional_pressure_delta,delta_evidence_emotional_pressure,negative,80,0.0,0.0,0.0,0.0
end_of_answer_choices,18,middle,emotional_pressure_delta,delta_evidence_emotional_pressure,negative,80,0.0,0.0,0.0,0.0
end_of_answer_choices,19,middle,emotional_pressure_delta,delta_evidence_emotional_pressure,negative,80,0.0,0.0,0.0,0.0
end_of_answer_choices,20,middle,emotional_pressure_delta,delta_evidence_emotional_pressure,negative,80,0.0,0.0,0.0,0.0
end_of_answer_choices,21,middle,emotional_pressure_delta,delta_evidence_emotional_pressure,negative,80,0.0,0.0,0.0,0.0
end_of_answer_choices,22,middle,emotional_pressure_delta,delta_evidence_emotional_pressure,negative,80,0.0,0.0,0.0,0.0
end_of_answer_choices,23,middle,emotional_pressure_delta,delta_evidence_emotional_pressure,negative,80,0.0,0.0,0.0,0.0
end_of_answer_choices,24,late,emotional_pressure_delta,delta_evidence_emotional_pressure,negative,80,0.0,0.0,0.0,0.0
end_of_answer_choices,25,late,emotional_pressure_delta,delta_evidence_emotional_pressure,negative,80,0.0,0.0,0.0,0.0
end_of_answer_choices,26,late,emotional_pressure_delta,delta_evidence_emotional_pressure,negative,80,0.0,0.0,0.0,0.0
end_of_answer_choices,27,late,emotional_pressure_delta,delta_evidence_emotional_pressure,negative,80,0.0,0.0,0.0,0.0
end_of_answer_choices,28,late,emotional_pressure_delta,delta_evidence_emotional_pressure,negative,80,0.0,0.0,0.0,0.0
end_of_answer_choices,29,late,emotional_pressure_delta,delta_evidence_emotional_pressure,negative,80,0.0,0.0,0.0,0.0
end_of_answer_choices,30,late,emotional_pressure_delta,delta_evidence_emotional_pressure,negative,80,0.0,0.0,0.0,0.0
end_of_answer_choices,31,late,emotional_pressure_delta,delta_evidence_emotional_pressure,negative,80,0.0,0.0,0.0,0.0
end_of_answer_choices,32,late,emotional_pressure_delta,delta_evidence_emotional_pressure,negative,80,0.0,0.0,0.0,0.0
end_of_answer_choices,33,late,emotional_pressure_delta,delta_evidence_emotional_pressure,negative,80,0.0,0.0,0.0,0.0
end_of_answer_choices,34,late,emotional_pressure_delta,delta_evidence_emotional_pressure,negative,80,0.0,0.0,0.0,0.0
end_of_answer_choices,35,late,emotional_pressure_delta,delta_evidence_emotional_pressure,negative,80,0.0,0.0,0.0,0.0
end_of_answer_choices,0,early,authority_pressure_delta,delta_evidence_authority_pressure,negative,80,0.0,0.0,0.0,0.0
end_of_answer_choices,1,early,authority_pressure_delta,delta_evidence_authority_pressure,negative,80,0.0,0.0,0.0,0.0
end_of_answer_choices,2,early,authority_pressure_delta,delta_evidence_authority_pressure,negative,80,0.0,0.0,0.0,0.0
end_of_answer_choices,3,early,authority_pressure_delta,delta_evidence_authority_pressure,negative,80,0.0,0.0,0.0,0.0
end_of_answer_choices,4,early,authority_pressure_delta,delta_evidence_authority_pressure,negative,80,0.0,0.0,0.0,0.0
end_of_answer_choices,5,early,authority_pressure_delta,delta_evidence_authority_pressure,negative,80,0.0,0.0,0.0,0.0
end_of_answer_choices,6,early,authority_pressure_delta,delta_evidence_authority_pressure,negative,80,0.0,0.0,0.0,0.0
end_of_answer_choices,7,early,authority_pressure_delta,delta_evidence_authority_pressure,negative,80,0.0,0.0,0.0,0.0
end_of_answer_choices,8,early,authority_pressure_delta,delta_evidence_authority_pressure,negative,80,0.0,0.0,0.0,0.0
end_of_answer_choices,9,early,authority_pressure_delta,delta_evidence_authority_pressure,negative,80,0.0,0.0,0.0,0.0
end_of_answer_choices,10,early,authority_pressure_delta,delta_evidence_authority_pressure,negative,80,0.0,0.0,0.0,0.0
end_of_answer_choices,11,early,authority_pressure_delta,delta_evidence_authority_pressure,negative,80,0.0,0.0,0.0,0.0
end_of_answer_choices,12,middle,authority_pressure_delta,delta_evidence_authority_pressure,negative,80,0.0,0.0,0.0,0.0
end_of_answer_choices,13,middle,authority_pressure_delta,delta_evidence_authority_pressure,negative,80,0.0,0.0,0.0,0.0
end_of_answer_choices,14,middle,authority_pressure_delta,delta_evidence_authority_pressure,negative,80,0.0,0.0,0.0,0.0
end_of_answer_choices,15,middle,authority_pressure_delta,delta_evidence_authority_pressure,negative,80,0.0,0.0,0.0,0.0
end_of_answer_choices,16,middle,authority_pressure_delta,delta_evidence_authority_pressure,negative,80,0.0,0.0,0.0,0.0
end_of_answer_choices,17,middle,authority_pressure_delta,delta_evidence_authority_pressure,negative,80,0.0,0.0,0.0,0.0
end_of_answer_choices,18,middle,authority_pressure_delta,delta_evidence_authority_pressure,negative,80,0.0,0.0,0.0,0.0
end_of_answer_choices,19,middle,authority_pressure_delta,delta_evidence_authority_pressure,negative,80,0.0,0.0,0.0,0.0
end_of_answer_choices,20,middle,authority_pressure_delta,delta_evidence_authority_pressure,negative,80,0.0,0.0,0.0,0.0
end_of_answer_choices,21,middle,authority_pressure_delta,delta_evidence_authority_pressure,negative,80,0.0,0.0,0.0,0.0
end_of_answer_choices,22,middle,authority_pressure_delta,delta_evidence_authority_pressure,negative,80,0.0,0.0,0.0,0.0
end_of_answer_choices,23,middle,authority_pressure_delta,delta_evidence_authority_pressure,negative,80,0.0,0.0,0.0,0.0
end_of_answer_choices,24,late,authority_pressure_delta,delta_evidence_authority_pressure,negative,80,0.0,0.0,0.0,0.0
end_of_answer_choices,25,late,authority_pressure_delta,delta_evidence_authority_pressure,negative,80,0.0,0.0,0.0,0.0
end_of_answer_choices,26,late,authority_pressure_delta,delta_evidence_authority_pressure,negative,80,0.0,0.0,0.0,0.0
end_of_answer_choices,27,late,authority_pressure_delta,delta_evidence_authority_pressure,negative,80,0.0,0.0,0.0,0.0
end_of_answer_choices,28,late,authority_pressure_delta,delta_evidence_authority_pressure,negative,80,0.0,0.0,0.0,0.0
end_of_answer_choices,29,late,authority_pressure_delta,delta_evidence_authority_pressure,negative,80,0.0,0.0,0.0,0.0
end_of_answer_choices,30,late,authority_pressure_delta,delta_evidence_authority_pressure,negative,80,0.0,0.0,0.0,0.0
end_of_answer_choices,31,late,authority_pressure_delta,delta_evidence_authority_pressure,negative,80,0.0,0.0,0.0,0.0
end_of_answer_choices,32,late,authority_pressure_delta,delta_evidence_authority_pressure,negative,80,0.0,0.0,0.0,0.0
end_of_answer_choices,33,late,authority_pressure_delta,delta_evidence_authority_pressure,negative,80,0.0,0.0,0.0,0.0
end_of_answer_choices,34,late,authority_pressure_delta,delta_evidence_authority_pressure,negative,80,0.0,0.0,0.0,0.0
end_of_answer_choices,35,late,authority_pressure_delta,delta_evidence_authority_pressure,negative,80,0.0,0.0,0.0,0.0
end_of_answer_choices,0,early,true_belief_pressure_delta,delta_evidence_true_belief_pressure,negative,80,0.0,0.0,0.0,0.0
end_of_answer_choices,1,early,true_belief_pressure_delta,delta_evidence_true_belief_pressure,negative,80,0.0,0.0,0.0,0.0
end_of_answer_choices,2,early,true_belief_pressure_delta,delta_evidence_true_belief_pressure,negative,80,0.0,0.0,0.0,0.0
end_of_answer_choices,3,early,true_belief_pressure_delta,delta_evidence_true_belief_pressure,negative,80,0.0,0.0,0.0,0.0
end_of_answer_choices,4,early,true_belief_pressure_delta,delta_evidence_true_belief_pressure,negative,80,0.0,0.0,0.0,0.0
end_of_answer_choices,5,early,true_belief_pressure_delta,delta_evidence_true_belief_pressure,negative,80,0.0,0.0,0.0,0.0
end_of_answer_choices,6,early,true_belief_pressure_delta,delta_evidence_true_belief_pressure,negative,80,0.0,0.0,0.0,0.0
end_of_answer_choices,7,early,true_belief_pressure_delta,delta_evidence_true_belief_pressure,negative,80,0.0,0.0,0.0,0.0
end_of_answer_choices,8,early,true_belief_pressure_delta,delta_evidence_true_belief_pressure,negative,80,0.0,0.0,0.0,0.0
end_of_answer_choices,9,early,true_belief_pressure_delta,delta_evidence_true_belief_pressure,negative,80,0.0,0.0,0.0,0.0
end_of_answer_choices,10,early,true_belief_pressure_delta,delta_evidence_true_belief_pressure,negative,80,0.0,0.0,0.0,0.0
end_of_answer_choices,11,early,true_belief_pressure_delta,delta_evidence_true_belief_pressure,negative,80,0.0,0.0,0.0,0.0
end_of_answer_choices,12,middle,true_belief_pressure_delta,delta_evidence_true_belief_pressure,negative,80,0.0,0.0,0.0,0.0
end_of_answer_choices,13,middle,true_belief_pressure_delta,delta_evidence_true_belief_pressure,negative,80,0.0,0.0,0.0,0.0
end_of_answer_choices,14,middle,true_belief_pressure_delta,delta_evidence_true_belief_pressure,negative,80,0.0,0.0,0.0,0.0
end_of_answer_choices,15,middle,true_belief_pressure_delta,delta_evidence_true_belief_pressure,negative,80,0.0,0.0,0.0,0.0
end_of_answer_choices,16,middle,true_belief_pressure_delta,delta_evidence_true_belief_pressure,negative,80,0.0,0.0,0.0,0.0
end_of_answer_choices,17,middle,true_belief_pressure_delta,delta_evidence_true_belief_pressure,negative,80,0.0,0.0,0.0,0.0
end_of_answer_choices,18,middle,true_belief_pressure_delta,delta_evidence_true_belief_pressure,negative,80,0.0,0.0,0.0,0.0
end_of_answer_choices,19,middle,true_belief_pressure_delta,delta_evidence_true_belief_pressure,negative,80,0.0,0.0,0.0,0.0
end_of_answer_choices,20,middle,true_belief_pressure_delta,delta_evidence_true_belief_pressure,negative,80,0.0,0.0,0.0,0.0
end_of_answer_choices,21,middle,true_belief_pressure_delta,delta_evidence_true_belief_pressure,negative,80,0.0,0.0,0.0,0.0
end_of_answer_choices,22,middle,true_belief_pressure_delta,delta_evidence_true_belief_pressure,negative,80,0.0,0.0,0.0,0.0
end_of_answer_choices,23,middle,true_belief_pressure_delta,delta_evidence_true_belief_pressure,negative,80,0.0,0.0,0.0,0.0
end_of_answer_choices,24,late,true_belief_pressure_delta,delta_evidence_true_belief_pressure,negative,80,0.0,0.0,0.0,0.0
end_of_answer_choices,25,late,true_belief_pressure_delta,delta_evidence_true_belief_pressure,negative,80,0.0,0.0,0.0,0.0
end_of_answer_choices,26,late,true_belief_pressure_delta,delta_evidence_true_belief_pressure,negative,80,0.0,0.0,0.0,0.0
end_of_answer_choices,27,late,true_belief_pressure_delta,delta_evidence_true_belief_pressure,negative,80,0.0,0.0,0.0,0.0
end_of_answer_choices,28,late,true_belief_pressure_delta,delta_evidence_true_belief_pressure,negative,80,0.0,0.0,0.0,0.0
end_of_answer_choices,29,late,true_belief_pressure_delta,delta_evidence_true_belief_pressure,negative,80,0.0,0.0,0.0,0.0
end_of_answer_choices,30,late,true_belief_pressure_delta,delta_evidence_true_belief_pressure,negative,80,0.0,0.0,0.0,0.0
end_of_answer_choices,31,late,true_belief_pressure_delta,delta_evidence_true_belief_pressure,negative,80,0.0,0.0,0.0,0.0
end_of_answer_choices,32,late,true_belief_pressure_delta,delta_evidence_true_belief_pressure,negative,80,0.0,0.0,0.0,0.0
end_of_answer_choices,33,late,true_belief_pressure_delta,delta_evidence_true_belief_pressure,negative,80,0.0,0.0,0.0,0.0
end_of_answer_choices,34,late,true_belief_pressure_delta,delta_evidence_true_belief_pressure,negative,80,0.0,0.0,0.0,0.0
end_of_answer_choices,35,late,true_belief_pressure_delta,delta_evidence_true_belief_pressure,negative,80,0.0,0.0,0.0,0.0
end_of_answer_choices,0,early,true_rationale_pressure_delta,delta_evidence_true_rationale_pressure,negative,80,0.0,0.0,0.0,0.0
end_of_answer_choices,1,early,true_rationale_pressure_delta,delta_evidence_true_rationale_pressure,negative,80,0.0,0.0,0.0,0.0
end_of_answer_choices,2,early,true_rationale_pressure_delta,delta_evidence_true_rationale_pressure,negative,80,0.0,0.0,0.0,0.0
end_of_answer_choices,3,early,true_rationale_pressure_delta,delta_evidence_true_rationale_pressure,negative,80,0.0,0.0,0.0,0.0
end_of_answer_choices,4,early,true_rationale_pressure_delta,delta_evidence_true_rationale_pressure,negative,80,0.0,0.0,0.0,0.0
end_of_answer_choices,5,early,true_rationale_pressure_delta,delta_evidence_true_rationale_pressure,negative,80,0.0,0.0,0.0,0.0
end_of_answer_choices,6,early,true_rationale_pressure_delta,delta_evidence_true_rationale_pressure,negative,80,0.0,0.0,0.0,0.0
end_of_answer_choices,7,early,true_rationale_pressure_delta,delta_evidence_true_rationale_pressure,negative,80,0.0,0.0,0.0,0.0
end_of_answer_choices,8,early,true_rationale_pressure_delta,delta_evidence_true_rationale_pressure,negative,80,0.0,0.0,0.0,0.0
end_of_answer_choices,9,early,true_rationale_pressure_delta,delta_evidence_true_rationale_pressure,negative,80,0.0,0.0,0.0,0.0
end_of_answer_choices,10,early,true_rationale_pressure_delta,delta_evidence_true_rationale_pressure,negative,80,0.0,0.0,0.0,0.0
end_of_answer_choices,11,early,true_rationale_pressure_delta,delta_evidence_true_rationale_pressure,negative,80,0.0,0.0,0.0,0.0
end_of_answer_choices,12,middle,true_rationale_pressure_delta,delta_evidence_true_rationale_pressure,negative,80,0.0,0.0,0.0,0.0
end_of_answer_choices,13,middle,true_rationale_pressure_delta,delta_evidence_true_rationale_pressure,negative,80,0.0,0.0,0.0,0.0
end_of_answer_choices,14,middle,true_rationale_pressure_delta,delta_evidence_true_rationale_pressure,negative,80,0.0,0.0,0.0,0.0
end_of_answer_choices,15,middle,true_rationale_pressure_delta,delta_evidence_true_rationale_pressure,negative,80,0.0,0.0,0.0,0.0
end_of_answer_choices,16,middle,true_rationale_pressure_delta,delta_evidence_true_rationale_pressure,negative,80,0.0,0.0,0.0,0.0
end_of_answer_choices,17,middle,true_rationale_pressure_delta,delta_evidence_true_rationale_pressure,negative,80,0.0,0.0,0.0,0.0
end_of_answer_choices,18,middle,true_rationale_pressure_delta,delta_evidence_true_rationale_pressure,negative,80,0.0,0.0,0.0,0.0
end_of_answer_choices,19,middle,true_rationale_pressure_delta,delta_evidence_true_rationale_pressure,negative,80,0.0,0.0,0.0,0.0
end_of_answer_choices,20,middle,true_rationale_pressure_delta,delta_evidence_true_rationale_pressure,negative,80,0.0,0.0,0.0,0.0
end_of_answer_choices,21,middle,true_rationale_pressure_delta,delta_evidence_true_rationale_pressure,negative,80,0.0,0.0,0.0,0.0
end_of_answer_choices,22,middle,true_rationale_pressure_delta,delta_evidence_true_rationale_pressure,negative,80,0.0,0.0,0.0,0.0
end_of_answer_choices,23,middle,true_rationale_pressure_delta,delta_evidence_true_rationale_pressure,negative,80,0.0,0.0,0.0,0.0
end_of_answer_choices,24,late,true_rationale_pressure_delta,delta_evidence_true_rationale_pressure,negative,80,0.0,0.0,0.0,0.0
end_of_answer_choices,25,late,true_rationale_pressure_delta,delta_evidence_true_rationale_pressure,negative,80,0.0,0.0,0.0,0.0
end_of_answer_choices,26,late,true_rationale_pressure_delta,delta_evidence_true_rationale_pressure,negative,80,0.0,0.0,0.0,0.0
end_of_answer_choices,27,late,true_rationale_pressure_delta,delta_evidence_true_rationale_pressure,negative,80,0.0,0.0,0.0,0.0
end_of_answer_choices,28,late,true_rationale_pressure_delta,delta_evidence_true_rationale_pressure,negative,80,0.0,0.0,0.0,0.0
end_of_answer_choices,29,late,true_rationale_pressure_delta,delta_evidence_true_rationale_pressure,negative,80,0.0,0.0,0.0,0.0
end_of_answer_choices,30,late,true_rationale_pressure_delta,delta_evidence_true_rationale_pressure,negative,80,0.0,0.0,0.0,0.0
end_of_answer_choices,31,late,true_rationale_pressure_delta,delta_evidence_true_rationale_pressure,negative,80,0.0,0.0,0.0,0.0
end_of_answer_choices,32,late,true_rationale_pressure_delta,delta_evidence_true_rationale_pressure,negative,80,0.0,0.0,0.0,0.0
end_of_answer_choices,33,late,true_rationale_pressure_delta,delta_evidence_true_rationale_pressure,negative,80,0.0,0.0,0.0,0.0
end_of_answer_choices,34,late,true_rationale_pressure_delta,delta_evidence_true_rationale_pressure,negative,80,0.0,0.0,0.0,0.0
end_of_answer_choices,35,late,true_rationale_pressure_delta,delta_evidence_true_rationale_pressure,negative,80,0.0,0.0,0.0,0.0
end_of_answer_choices,0,early,distractor_delta,delta_evidence_distractor_neutral,absolute,80,0.0,0.0,0.0,0.0
end_of_answer_choices,1,early,distractor_delta,delta_evidence_distractor_neutral,absolute,80,0.0,0.0,0.0,0.0
end_of_answer_choices,2,early,distractor_delta,delta_evidence_distractor_neutral,absolute,80,0.0,0.0,0.0,0.0
end_of_answer_choices,3,early,distractor_delta,delta_evidence_distractor_neutral,absolute,80,0.0,0.0,0.0,0.0
end_of_answer_choices,4,early,distractor_delta,delta_evidence_distractor_neutral,absolute,80,0.0,0.0,0.0,0.0
end_of_answer_choices,5,early,distractor_delta,delta_evidence_distractor_neutral,absolute,80,0.0,0.0,0.0,0.0
end_of_answer_choices,6,early,distractor_delta,delta_evidence_distractor_neutral,absolute,80,0.0,0.0,0.0,0.0
end_of_answer_choices,7,early,distractor_delta,delta_evidence_distractor_neutral,absolute,80,0.0,0.0,0.0,0.0
end_of_answer_choices,8,early,distractor_delta,delta_evidence_distractor_neutral,absolute,80,0.0,0.0,0.0,0.0
end_of_answer_choices,9,early,distractor_delta,delta_evidence_distractor_neutral,absolute,80,0.0,0.0,0.0,0.0
end_of_answer_choices,10,early,distractor_delta,delta_evidence_distractor_neutral,absolute,80,0.0,0.0,0.0,0.0
end_of_answer_choices,11,early,distractor_delta,delta_evidence_distractor_neutral,absolute,80,0.0,0.0,0.0,0.0
end_of_answer_choices,12,middle,distractor_delta,delta_evidence_distractor_neutral,absolute,80,0.0,0.0,0.0,0.0
end_of_answer_choices,13,middle,distractor_delta,delta_evidence_distractor_neutral,absolute,80,0.0,0.0,0.0,0.0
end_of_answer_choices,14,middle,distractor_delta,delta_evidence_distractor_neutral,absolute,80,0.0,0.0,0.0,0.0
end_of_answer_choices,15,middle,distractor_delta,delta_evidence_distractor_neutral,absolute,80,0.0,0.0,0.0,0.0
end_of_answer_choices,16,middle,distractor_delta,delta_evidence_distractor_neutral,absolute,80,0.0,0.0,0.0,0.0
end_of_answer_choices,17,middle,distractor_delta,delta_evidence_distractor_neutral,absolute,80,0.0,0.0,0.0,0.0
end_of_answer_choices,18,middle,distractor_delta,delta_evidence_distractor_neutral,absolute,80,0.0,0.0,0.0,0.0
end_of_answer_choices,19,middle,distractor_delta,delta_evidence_distractor_neutral,absolute,80,0.0,0.0,0.0,0.0
end_of_answer_choices,20,middle,distractor_delta,delta_evidence_distractor_neutral,absolute,80,0.0,0.0,0.0,0.0
end_of_answer_choices,21,middle,distractor_delta,delta_evidence_distractor_neutral,absolute,80,0.0,0.0,0.0,0.0
end_of_answer_choices,22,middle,distractor_delta,delta_evidence_distractor_neutral,absolute,80,0.0,0.0,0.0,0.0
end_of_answer_choices,23,middle,distractor_delta,delta_evidence_distractor_neutral,absolute,80,0.0,0.0,0.0,0.0
end_of_answer_choices,24,late,distractor_delta,delta_evidence_distractor_neutral,absolute,80,0.0,0.0,0.0,0.0
end_of_answer_choices,25,late,distractor_delta,delta_evidence_distractor_neutral,absolute,80,0.0,0.0,0.0,0.0
end_of_answer_choices,26,late,distractor_delta,delta_evidence_distractor_neutral,absolute,80,0.0,0.0,0.0,0.0
end_of_answer_choices,27,late,distractor_delta,delta_evidence_distractor_neutral,absolute,80,0.0,0.0,0.0,0.0
end_of_answer_choices,28,late,distractor_delta,delta_evidence_distractor_neutral,absolute,80,0.0,0.0,0.0,0.0
end_of_answer_choices,29,late,distractor_delta,delta_evidence_distractor_neutral,absolute,80,0.0,0.0,0.0,0.0
end_of_answer_choices,30,late,distractor_delta,delta_evidence_distractor_neutral,absolute,80,0.0,0.0,0.0,0.0
end_of_answer_choices,31,late,distractor_delta,delta_evidence_distractor_neutral,absolute,80,0.0,0.0,0.0,0.0
end_of_answer_choices,32,late,distractor_delta,delta_evidence_distractor_neutral,absolute,80,0.0,0.0,0.0,0.0
end_of_answer_choices,33,late,distractor_delta,delta_evidence_distractor_neutral,absolute,80,0.0,0.0,0.0,0.0
end_of_answer_choices,34,late,distractor_delta,delta_evidence_distractor_neutral,absolute,80,0.0,0.0,0.0,0.0
end_of_answer_choices,35,late,distractor_delta,delta_evidence_distractor_neutral,absolute,80,0.0,0.0,0.0,0.0
end_of_user_message,0,early,false_belief_pressure_delta,delta_evidence_false_belief_pressure,negative,80,0.12105369814145912,0.13830285982184717,2.672441026487941,0.039904700142344596
end_of_user_message,1,early,false_belief_pressure_delta,delta_evidence_false_belief_pressure,negative,80,-0.04881711518981811,-0.054336615096108765,3.1561294269996125,0.037592202807634964
end_of_user_message,2,early,false_belief_pressure_delta,delta_evidence_false_belief_pressure,negative,80,-0.07322288135154868,-0.11971401781528364,4.168876033668353,0.0558523662934857
end_of_user_message,3,early,false_belief_pressure_delta,delta_evidence_false_belief_pressure,negative,80,-0.11386804240211908,-0.18738865447726208,5.415236485943283,0.09103954151303029
end_of_user_message,4,early,false_belief_pressure_delta,delta_evidence_false_belief_pressure,negative,80,-0.06168822125137572,-0.08818565400843882,6.62965842296484,0.11214631577920392
end_of_user_message,5,early,false_belief_pressure_delta,delta_evidence_false_belief_pressure,negative,80,0.11287690286343088,0.0889592123769339,8.782929969873777,0.136141509018381
end_of_user_message,6,early,false_belief_pressure_delta,delta_evidence_false_belief_pressure,negative,80,0.25499797465589374,0.3331926863572433,13.438103488610977,0.23056269486601386
end_of_user_message,7,early,false_belief_pressure_delta,delta_evidence_false_belief_pressure,negative,80,0.116343595202834,0.14753867791842476,15.580282521674018,0.2418088866055205
end_of_user_message,8,early,false_belief_pressure_delta,delta_evidence_false_belief_pressure,negative,80,0.2310416041337326,0.25745428973277074,22.048121518722333,0.41984544000720914
end_of_user_message,9,early,false_belief_pressure_delta,delta_evidence_false_belief_pressure,negative,80,0.1799252358123314,0.19052977027660573,20.747441251227134,0.42040508042445074
end_of_user_message,10,early,false_belief_pressure_delta,delta_evidence_false_belief_pressure,negative,80,0.23110528747631462,0.31985466479137364,21.587927517078587,0.4956525507763293
end_of_user_message,11,early,false_belief_pressure_delta,delta_evidence_false_belief_pressure,negative,80,0.18493703401009493,0.2437880918893577,23.284801293114917,0.45820009862770944
end_of_user_message,12,middle,false_belief_pressure_delta,delta_evidence_false_belief_pressure,negative,80,0.18131805760804312,0.2733942803563057,25.55815663605919,0.47415008304854067
end_of_user_message,13,middle,false_belief_pressure_delta,delta_evidence_false_belief_pressure,negative,80,0.082230926950915,0.1110407876230661,25.5669230009148,0.46209400573324644
end_of_user_message,14,middle,false_belief_pressure_delta,delta_evidence_false_belief_pressure,negative,80,0.13382827566837677,0.18853727144866386,25.28313785241784,0.473452772162388
end_of_user_message,15,middle,false_belief_pressure_delta,delta_evidence_false_belief_pressure,negative,80,0.04779550199233495,0.06809657759024848,27.1819906297167,0.5504054815524522
end_of_user_message,16,middle,false_belief_pressure_delta,delta_evidence_false_belief_pressure,negative,80,0.06948073037030213,0.10682137834036569,27.724458839434323,0.6319891190358409
end_of_user_message,17,middle,false_belief_pressure_delta,delta_evidence_false_belief_pressure,negative,80,0.0113887652337858,0.030356305672761368,31.55063665096902,0.6203224723985546
end_of_user_message,18,middle,false_belief_pressure_delta,delta_evidence_false_belief_pressure,negative,80,0.018948329382979023,0.06781528363806845,31.976009015614704,0.7428992946641155
end_of_user_message,19,middle,false_belief_pressure_delta,delta_evidence_false_belief_pressure,negative,80,-0.13130386212953804,-0.12109704641350211,39.73728992568656,1.4804319785694873
end_of_user_message,20,middle,false_belief_pressure_delta,delta_evidence_false_belief_pressure,negative,80,-0.14833775556730697,-0.14789029535864978,44.41202414538375,2.6130229969574197
end_of_user_message,21,middle,false_belief_pressure_delta,delta_evidence_false_belief_pressure,negative,80,-0.13708146316853112,-0.09892170651664323,47.64108501928864,2.684840237221364
end_of_user_message,22,middle,false_belief_pressure_delta,delta_evidence_false_belief_pressure,negative,80,0.2455439661980919,0.33677918424753867,50.717548940559865,1.8646664593526816
end_of_user_message,23,middle,false_belief_pressure_delta,delta_evidence_false_belief_pressure,negative,80,0.23459229943694423,0.34397562119081104,58.87532021969175,2.343606820803866
end_of_user_message,24,late,false_belief_pressure_delta,delta_evidence_false_belief_pressure,negative,80,0.1639995920465507,0.27069854664791376,68.68599580207493,3.754187179431036
end_of_user_message,25,late,false_belief_pressure_delta,delta_evidence_false_belief_pressure,negative,80,0.13116351110646204,0.21507266760431318,78.68081253066899,4.0472061142260225
end_of_user_message,26,late,false_belief_pressure_delta,delta_evidence_false_belief_pressure,negative,80,0.06736537614610592,0.15199249882794186,90.2348550554537,5.690385920995592
end_of_user_message,27,late,false_belief_pressure_delta,delta_evidence_false_belief_pressure,negative,80,0.22886713828200897,0.2975152367557431,106.18215075928792,5.858995304030424
end_of_user_message,28,late,false_belief_pressure_delta,delta_evidence_false_belief_pressure,negative,80,0.2012743778037851,0.2745897796530708,124.49623744372016,6.428338180338408
end_of_user_message,29,late,false_belief_pressure_delta,delta_evidence_false_belief_pressure,negative,80,0.28786438855448465,0.32644163150492267,140.1968319554829,7.452846488566669
end_of_user_message,30,late,false_belief_pressure_delta,delta_evidence_false_belief_pressure,negative,80,0.18824319364527,0.21964369432723863,166.38323152035315,8.205322347220141
end_of_user_message,31,late,false_belief_pressure_delta,delta_evidence_false_belief_pressure,negative,80,0.16506242441534852,0.24102203469292077,188.8133581905178,8.924379860837488
end_of_user_message,32,late,false_belief_pressure_delta,delta_evidence_false_belief_pressure,negative,80,0.16066166159796982,0.27060478199718707,209.6237915807811,9.947169968358104
end_of_user_message,33,late,false_belief_pressure_delta,delta_evidence_false_belief_pressure,negative,80,0.19078087287288578,0.25773558368495075,229.3991780661417,10.845312718601551
end_of_user_message,34,late,false_belief_pressure_delta,delta_evidence_false_belief_pressure,negative,80,0.2073883045951398,0.26462728551336145,249.47223599452704,12.482260331432402
end_of_user_message,35,late,false_belief_pressure_delta,delta_evidence_false_belief_pressure,negative,80,0.20493944828227523,0.3112517580872011,108.30661600156596,5.308433183082517
end_of_user_message,0,early,false_rationale_pressure_delta,delta_evidence_false_rationale_pressure,negative,80,0.3189146395365298,0.43323956868260666,2.7067126616295054,0.0484548845260587
end_of_user_message,1,early,false_rationale_pressure_delta,delta_evidence_false_rationale_pressure,negative,80,0.2721237703333891,0.30443037974683546,3.2838962550660584,0.06941949379125337
end_of_user_message,2,early,false_rationale_pressure_delta,delta_evidence_false_rationale_pressure,negative,80,0.15186313161503978,0.2146741678387248,4.352362616333839,0.08911367131391858
end_of_user_message,3,early,false_rationale_pressure_delta,delta_evidence_false_rationale_pressure,negative,80,0.08159602867658039,0.06038443506797937,5.5592962898690335,0.10820316676632642
end_of_user_message,4,early,false_rationale_pressure_delta,delta_evidence_false_rationale_pressure,negative,80,0.16666167907143373,0.2941865916549461,6.745556977593479,0.15614270254563747
end_of_user_message,5,early,false_rationale_pressure_delta,delta_evidence_false_rationale_pressure,negative,80,0.31632890420308973,0.39233473980309425,8.984650494520688,0.20924707349520072
end_of_user_message,6,early,false_rationale_pressure_delta,delta_evidence_false_rationale_pressure,negative,80,0.12739185912812337,0.20656352555086732,13.49842224258436,0.2959366110649665
end_of_user_message,7,early,false_rationale_pressure_delta,delta_evidence_false_rationale_pressure,negative,80,0.0817426043651149,0.10850914205344585,16.28729386001691,0.3401645001941209
end_of_user_message,8,early,false_rationale_pressure_delta,delta_evidence_false_rationale_pressure,negative,80,0.23922125633348612,0.20065635255508674,22.697098075705448,0.4230993280270296
end_of_user_message,9,early,false_rationale_pressure_delta,delta_evidence_false_rationale_pressure,negative,80,0.2844926002809221,0.25339896858884203,21.326562059050467,0.40099911115916287
end_of_user_message,10,early,false_rationale_pressure_delta,delta_evidence_false_rationale_pressure,negative,80,0.29065745686880246,0.21125175808720112,22.914331389615633,0.48623447132323727
end_of_user_message,11,early,false_rationale_pressure_delta,delta_evidence_false_rationale_pressure,negative,80,0.36810586857203065,0.2516643225503985,24.213690858396166,0.5355025145139527
end_of_user_message,12,middle,false_rationale_pressure_delta,delta_evidence_false_rationale_pressure,negative,80,0.2933465534178103,0.2761603375527426,25.22819501107808,0.4905024216491602
end_of_user_message,13,middle,false_rationale_pressure_delta,delta_evidence_false_rationale_pressure,negative,80,0.2734555374466284,0.2712611345522738,25.087792528373512,0.49106243517888093
end_of_user_message,14,middle,false_rationale_pressure_delta,delta_evidence_false_rationale_pressure,negative,80,0.16051455818666813,0.18056727613689638,25.282700068629115,0.5259682357328184
end_of_user_message,15,middle,false_rationale_pressure_delta,delta_evidence_false_rationale_pressure,negative,80,0.08784564564930933,0.11310360993905298,26.820798780657707,0.6302993946602352
end_of_user_message,16,middle,false_rationale_pressure_delta,delta_evidence_false_rationale_pressure,negative,80,0.11285432123569747,0.05609470229723394,27.553334277538482,0.6929373274773065
end_of_user_message,17,middle,false_rationale_pressure_delta,delta_evidence_false_rationale_pressure,negative,80,-0.028396725205707057,-0.07545710267229254,31.947427618965172,0.8579767242664975
end_of_user_message,18,middle,false_rationale_pressure_delta,delta_evidence_false_rationale_pressure,negative,80,0.03287204969985607,-0.00593061415846226,32.588082300200355,1.0365373741189552
end_of_user_message,19,middle,false_rationale_pressure_delta,delta_evidence_false_rationale_pressure,negative,80,0.02133548217999841,0.046038443506797935,40.94345904878112,1.5711178659259917
end_of_user_message,20,middle,false_rationale_pressure_delta,delta_evidence_false_rationale_pressure,negative,80,0.15916008586024605,0.23506797937177684,45.835564555909826,2.5045266775068824
end_of_user_message,21,middle,false_rationale_pressure_delta,delta_evidence_false_rationale_pressure,negative,80,0.18078186166155505,0.22930145335208627,48.73402188660335,2.6170409256843574
end_of_user_message,22,middle,false_rationale_pressure_delta,delta_evidence_false_rationale_pressure,negative,80,0.3438044129637479,0.4124941397093296,50.844822269296074,2.1982305445635197
end_of_user_message,23,middle,false_rationale_pressure_delta,delta_evidence_false_rationale_pressure,negative,80,0.35894854591226316,0.4304969526488514,59.814010349766576,2.5156860623348494
end_of_user_message,24,late,false_rationale_pressure_delta,delta_evidence_false_rationale_pressure,negative,80,0.40774717260105164,0.5072433192686358,69.82418181949639,3.4310557294582726
end_of_user_message,25,late,false_rationale_pressure_delta,delta_evidence_false_rationale_pressure,negative,80,0.3626097354872592,0.46064228785747774,79.52456529700899,3.686168027563513
end_of_user_message,26,late,false_rationale_pressure_delta,delta_evidence_false_rationale_pressure,negative,80,0.3493249916883132,0.4654242850445382,90.94143115103341,4.9507956731653096
end_of_user_message,27,late,false_rationale_pressure_delta,delta_evidence_false_rationale_pressure,negative,80,0.4085948506269186,0.4961322081575246,104.37302605459442,5.668663880636428
end_of_user_message,28,late,false_rationale_pressure_delta,delta_evidence_false_rationale_pressure,negative,80,0.39941264416010147,0.48842006563525553,122.46364596170058,5.936076509877436
end_of_user_message,29,late,false_rationale_pressure_delta,delta_evidence_false_rationale_pressure,negative,80,0.4537100501273615,0.5524613220815753,137.6302552319359,7.1047499615087775
end_of_user_message,30,late,false_rationale_pressure_delta,delta_evidence_false_rationale_pressure,negative,80,0.45168425027768755,0.5515705578996718,159.64172668719027,8.03778522401297
end_of_user_message,31,late,false_rationale_pressure_delta,delta_evidence_false_rationale_pressure,negative,80,0.44388537937640243,0.5465541490857947,179.29724743804323,8.843518681191645
end_of_user_message,32,late,false_rationale_pressure_delta,delta_evidence_false_rationale_pressure,negative,80,0.4376744112289735,0.5371308016877637,197.57599886107954,9.772374414298309
end_of_user_message,33,late,false_rationale_pressure_delta,delta_evidence_false_rationale_pressure,negative,80,0.45649854219453784,0.5447960618846694,214.77063093865758,11.717075841307246
end_of_user_message,34,late,false_rationale_pressure_delta,delta_evidence_false_rationale_pressure,negative,80,0.47180414692985523,0.5671120487576183,233.18824454991028,14.071474641924656
end_of_user_message,35,late,false_rationale_pressure_delta,delta_evidence_false_rationale_pressure,negative,80,0.39690774416679686,0.48415377402719173,107.75533036068596,5.792877904376785
end_of_user_message,0,early,emotional_pressure_delta,delta_evidence_emotional_pressure,negative,80,0.02012103836512821,0.03410689170182841,0.9784669058283612,0.027732822991726788
end_of_user_message,1,early,emotional_pressure_delta,delta_evidence_emotional_pressure,negative,80,-0.0056551594037003465,-0.010993905297702765,1.5745414944561689,0.0280813417154624
end_of_user_message,2,early,emotional_pressure_delta,delta_evidence_emotional_pressure,negative,80,-0.0333924235884313,-0.07684013127051102,2.4045675792238677,0.04231439764407378
end_of_user_message,3,early,emotional_pressure_delta,delta_evidence_emotional_pressure,negative,80,0.03077074868308542,-0.020182841068917018,3.38841006446539,0.08350863994828073
end_of_user_message,4,early,emotional_pressure_delta,delta_evidence_emotional_pressure,negative,80,-0.06141969220050868,-0.05009376465072667,4.1753561065454345,0.10995726865779146
end_of_user_message,5,early,emotional_pressure_delta,delta_evidence_emotional_pressure,negative,80,0.03408999853786756,0.09683544303797469,5.63671026942202,0.1459175020897957
end_of_user_message,6,early,emotional_pressure_delta,delta_evidence_emotional_pressure,negative,80,-0.055092354596821824,-0.086755743084857,9.654534258646494,0.2587339193284636
end_of_user_message,7,early,emotional_pressure_delta,delta_evidence_emotional_pressure,negative,80,-0.03919949563302929,-0.04676511954992968,12.278301674429489,0.3438821312108971
end_of_user_message,8,early,emotional_pressure_delta,delta_evidence_emotional_pressure,negative,80,0.028225469882999777,0.01711204875761838,18.64850363914919,0.40768637079288766
end_of_user_message,9,early,emotional_pressure_delta,delta_evidence_emotional_pressure,negative,80,0.06975917060520435,0.08811533052039382,18.533992995255147,0.41347273721165406
end_of_user_message,10,early,emotional_pressure_delta,delta_evidence_emotional_pressure,negative,80,0.06927782954934382,0.07144866385372714,22.59775293454114,0.6329282087193995
end_of_user_message,11,early,emotional_pressure_delta,delta_evidence_emotional_pressure,negative,80,0.0897465330982876,0.10464135021097046,23.48610526040174,0.5340445247825566
end_of_user_message,12,middle,emotional_pressure_delta,delta_evidence_emotional_pressure,negative,80,0.07966872179320764,0.10384435067979372,26.12614325298144,0.4833068693364617
end_of_user_message,13,middle,emotional_pressure_delta,delta_evidence_emotional_pressure,negative,80,0.14652659436141988,0.13670886075949368,25.225731596166064,0.4770495293488242
end_of_user_message,14,middle,emotional_pressure_delta,delta_evidence_emotional_pressure,negative,80,0.19887463971801234,0.16713548992030006,24.640763917715162,0.4764936641456459
end_of_user_message,15,middle,emotional_pressure_delta,delta_evidence_emotional_pressure,negative,80,0.06281802646916036,0.029488982653539615,26.009358670998314,0.53341314552621
end_of_user_message,16,middle,emotional_pressure_delta,delta_evidence_emotional_pressure,negative,80,0.1380038941704437,0.11221284575714956,27.051188731148066,0.6048987388508085
end_of_user_message,17,middle,emotional_pressure_delta,delta_evidence_emotional_pressure,negative,80,0.2474203476249909,0.23544303797468355,30.591478282489067,0.5925714297690166
end_of_user_message,18,middle,emotional_pressure_delta,delta_evidence_emotional_pressure,negative,80,0.05999877559113961,0.042240975152367556,31.506716751738274,0.637707086876055
end_of_user_message,19,middle,emotional_pressure_delta,delta_evidence_emotional_pressure,negative,80,0.0010005058858519815,-0.01969057665260197,39.02404997992045,1.0376414466918338
end_of_user_message,20,middle,emotional_pressure_delta,delta_evidence_emotional_pressure,negative,80,-0.032341737878076086,-0.028809188935771213,43.61789303385362,1.414176736567045
end_of_user_message,21,middle,emotional_pressure_delta,delta_evidence_emotional_pressure,negative,80,0.05626737936775087,0.05185185185185185,48.48067447690332,1.9861484822531041
end_of_user_message,22,middle,emotional_pressure_delta,delta_evidence_emotional_pressure,negative,80,-0.05934109297595167,-0.014369432723863103,53.85188699878203,2.1209564990280163
end_of_user_message,23,middle,emotional_pressure_delta,delta_evidence_emotional_pressure,negative,80,-0.05267407574508844,-0.04814814814814815,63.18440614120649,2.2265078116151207
end_of_user_message,24,late,emotional_pressure_delta,delta_evidence_emotional_pressure,negative,80,-0.07496051188346169,-0.05452414439756212,75.58111631984933,3.011000052418423
end_of_user_message,25,late,emotional_pressure_delta,delta_evidence_emotional_pressure,negative,80,-0.07657196430621489,-0.05754805438349742,86.28785036049871,2.913741952265137
end_of_user_message,26,late,emotional_pressure_delta,delta_evidence_emotional_pressure,negative,80,-0.03943631017574074,-0.04573370839193624,97.3208031056407,3.3796209601021725
end_of_user_message,27,late,emotional_pressure_delta,delta_evidence_emotional_pressure,negative,80,-0.03056797818704248,-0.029207688701359587,111.7025100550303,4.121807146152239
end_of_user_message,28,late,emotional_pressure_delta,delta_evidence_emotional_pressure,negative,80,-0.06213303875213414,-0.024894514767932488,131.81230164935258,4.245047748554587
end_of_user_message,29,late,emotional_pressure_delta,delta_evidence_emotional_pressure,negative,80,-0.11721859168751561,-0.062494139709329585,148.01538010504464,4.450759633711983
end_of_user_message,30,late,emotional_pressure_delta,delta_evidence_emotional_pressure,negative,80,-0.11964442933544225,-0.06481481481481481,169.78044513625602,5.07741590192788
end_of_user_message,31,late,emotional_pressure_delta,delta_evidence_emotional_pressure,negative,80,-0.11690629575773838,-0.05377402719174871,187.8543595682446,5.647285686877039
end_of_user_message,32,late,emotional_pressure_delta,delta_evidence_emotional_pressure,negative,80,-0.1751939926078771,-0.09587435536802626,207.60417244022534,6.420995973510844
end_of_user_message,33,late,emotional_pressure_delta,delta_evidence_emotional_pressure,negative,80,-0.17939301667734964,-0.1275902484763244,228.44221537244107,7.879668443142768
end_of_user_message,34,late,emotional_pressure_delta,delta_evidence_emotional_pressure,negative,80,-0.23044263021669906,-0.18917018284106893,251.94060551611506,10.056671695459771
end_of_user_message,35,late,emotional_pressure_delta,delta_evidence_emotional_pressure,negative,80,-0.306628981967777,-0.2539381153305204,126.98061440476633,4.614900390245662
end_of_user_message,0,early,authority_pressure_delta,delta_evidence_authority_pressure,negative,80,-0.40670959888088887,-0.4977262072198781,1.0757284561351101,0.06432809359331135
end_of_user_message,1,early,authority_pressure_delta,delta_evidence_authority_pressure,negative,80,-0.4287997931088046,-0.5254336615096109,1.6828584673065545,0.05923928425269264
end_of_user_message,2,early,authority_pressure_delta,delta_evidence_authority_pressure,negative,80,-0.2896518940330712,-0.3720112517580872,2.423867508483755,0.06932060781572605
end_of_user_message,3,early,authority_pressure_delta,delta_evidence_authority_pressure,negative,80,-0.12567789723499795,-0.136685419596812,3.6609824459541485,0.0907583152486072
end_of_user_message,4,early,authority_pressure_delta,delta_evidence_authority_pressure,negative,80,-0.0385439053345799,-0.06383028598218472,4.420933192622649,0.15459545200110467
end_of_user_message,5,early,authority_pressure_delta,delta_evidence_authority_pressure,negative,80,0.1463340687667061,0.17887951242381622,5.6941395977823595,0.15889756680723807
end_of_user_message,6,early,authority_pressure_delta,delta_evidence_authority_pressure,negative,80,0.1576863785422549,0.14109235818096577,8.691152372917411,0.21050404130575828
end_of_user_message,7,early,authority_pressure_delta,delta_evidence_authority_pressure,negative,80,-0.036302915143728035,-0.09034224097515237,11.159384866289678,0.23767689407336584
end_of_user_message,8,early,authority_pressure_delta,delta_evidence_authority_pressure,negative,80,-0.07845942800988766,-0.13112986404125646,15.08762936141014,0.36824276325920346
end_of_user_message,9,early,authority_pressure_delta,delta_evidence_authority_pressure,negative,80,-0.0662839729202256,-0.08122362869198312,14.394117213882865,0.3762381602566293
end_of_user_message,10,early,authority_pressure_delta,delta_evidence_authority_pressure,negative,80,-0.018981530175777635,0.013408345053914673,16.12465327079572,0.5460918974982313
end_of_user_message,11,early,authority_pressure_delta,delta_evidence_authority_pressure,negative,80,0.026973188782701617,0.06223628691983123,16.712981998131774,0.5762764803416586
end_of_user_message,12,middle,authority_pressure_delta,delta_evidence_authority_pressure,negative,80,-0.039279831958160503,-0.024238162212845756,18.917933328096872,0.500915691336367
end_of_user_message,13,middle,authority_pressure_delta,delta_evidence_authority_pressure,negative,80,-0.06473205941383746,-0.024308485700890763,18.334734461795755,0.45579887707495725
end_of_user_message,14,middle,authority_pressure_delta,delta_evidence_authority_pressure,negative,80,0.13540997936677904,0.20571964369432724,19.234165341943196,0.4133667902380554
end_of_user_message,15,middle,authority_pressure_delta,delta_evidence_authority_pressure,negative,80,0.052843524151676584,0.13853727144866385,21.08206306907264,0.404583622840664
end_of_user_message,16,middle,authority_pressure_delta,delta_evidence_authority_pressure,negative,80,0.07330580689226518,0.11715893108298171,23.201228246521403,0.48628072590704435
end_of_user_message,17,middle,authority_pressure_delta,delta_evidence_authority_pressure,negative,80,0.10087880836686834,0.17252695733708392,26.493239172116024,0.4124677689595882
end_of_user_message,18,middle,authority_pressure_delta,delta_evidence_authority_pressure,negative,80,-0.015637311350169287,0.08544303797468354,27.407066191806194,0.3945211266721956
end_of_user_message,19,middle,authority_pressure_delta,delta_evidence_authority_pressure,negative,80,-0.25012045831033236,-0.22358180965775903,34.95033034829793,0.9430212579436946
end_of_user_message,20,middle,authority_pressure_delta,delta_evidence_authority_pressure,negative,80,-0.2755784977014586,-0.26181434599156117,38.36974835326361,2.0836193194836805
end_of_user_message,21,middle,authority_pressure_delta,delta_evidence_authority_pressure,negative,80,-0.21206070358217366,-0.1698077824660103,42.90483465567704,2.7202583048448865
end_of_user_message,22,middle,authority_pressure_delta,delta_evidence_authority_pressure,negative,80,-0.3033434453092721,-0.21736990154711675,46.61662713525317,2.7780970098439814
end_of_user_message,23,middle,authority_pressure_delta,delta_evidence_authority_pressure,negative,80,-0.3233350200306712,-0.22782466010314112,54.94610887759501,3.0565689109321763
end_of_user_message,24,late,authority_pressure_delta,delta_evidence_authority_pressure,negative,80,-0.33595346350951943,-0.259563994374121,65.99958559906082,4.4678879879488616
end_of_user_message,25,late,authority_pressure_delta,delta_evidence_authority_pressure,negative,80,-0.3330720646952998,-0.2603609939052977,75.3701934744612,4.924489565468794
end_of_user_message,26,late,authority_pressure_delta,delta_evidence_authority_pressure,negative,80,-0.26031286891492017,-0.1817627754336615,84.61233976487144,5.23479821453589
end_of_user_message,27,late,authority_pressure_delta,delta_evidence_authority_pressure,negative,80,-0.2984388048689998,-0.24249882794186592,102.11024742685997,7.96719421272378
end_of_user_message,28,late,authority_pressure_delta,delta_evidence_authority_pressure,negative,80,-0.286170315757014,-0.2130098452883263,121.45612704080925,8.971028253996817
end_of_user_message,29,late,authority_pressure_delta,delta_evidence_authority_pressure,negative,80,-0.30968786802756215,-0.26047819971870606,139.57231374843914,10.97835070864991
end_of_user_message,30,late,authority_pressure_delta,delta_evidence_authority_pressure,negative,80,-0.3157621899095774,-0.27313642756680734,167.21110332413056,14.050844095885537
end_of_user_message,31,late,authority_pressure_delta,delta_evidence_authority_pressure,negative,80,-0.3264613306366159,-0.29078762306610406,186.5848596501225,15.906494972227659
end_of_user_message,32,late,authority_pressure_delta,delta_evidence_authority_pressure,negative,80,-0.31428482534411417,-0.2539849976558837,210.0777960218761,17.858749977249634
end_of_user_message,33,late,authority_pressure_delta,delta_evidence_authority_pressure,negative,80,-0.3147451853288643,-0.25759493670886074,227.74303080274694,18.95050855113286
end_of_user_message,34,late,authority_pressure_delta,delta_evidence_authority_pressure,negative,80,-0.3570979504792555,-0.32365213314580404,251.72161833638992,21.15564590067467
end_of_user_message,35,late,authority_pressure_delta,delta_evidence_authority_pressure,negative,80,-0.346414665494237,-0.31425222691045473,113.93988180277924,8.519337856822315
end_of_user_message,0,early,true_belief_pressure_delta,delta_evidence_true_belief_pressure,negative,80,0.11332884266091522,0.13089545241443976,2.672391289190475,0.039660349827283455
end_of_user_message,1,early,true_belief_pressure_delta,delta_evidence_true_belief_pressure,negative,80,-0.08255567602686031,-0.06488513830285982,3.1560479418987244,0.03775460921930995
end_of_user_message,2,early,true_belief_pressure_delta,delta_evidence_true_belief_pressure,negative,80,-0.07650520390441706,-0.02273792780121894,4.168160613970861,0.05737136984499804
end_of_user_message,3,early,true_belief_pressure_delta,delta_evidence_true_belief_pressure,negative,80,-0.11893202474380857,-0.09435067979371776,5.414325160322675,0.09376579288422791
end_of_user_message,4,early,true_belief_pressure_delta,delta_evidence_true_belief_pressure,negative,80,0.011067953352065264,0.05736052508204407,6.628565758888146,0.11767881813406098
end_of_user_message,5,early,true_belief_pressure_delta,delta_evidence_true_belief_pressure,negative,80,0.13758544249988996,0.16162681669010784,8.779812340433656,0.13887627237285174
end_of_user_message,6,early,true_belief_pressure_delta,delta_evidence_true_belief_pressure,negative,80,0.2846128532993512,0.3254805438349742,13.437023533495601,0.23187938689735757
end_of_user_message,7,early,true_belief_pressure_delta,delta_evidence_true_belief_pressure,negative,80,0.11691986870423626,0.1522034692920769,15.578409793588353,0.2604114490033008
end_of_user_message,8,early,true_belief_pressure_delta,delta_evidence_true_belief_pressure,negative,80,0.2358686769993958,0.2436474449132677,22.050270478757934,0.44101680655999975
end_of_user_message,9,early,true_belief_pressure_delta,delta_evidence_true_belief_pressure,negative,80,0.1790773601006586,0.14854664791373653,20.752436098191893,0.4451606835844036
end_of_user_message,10,early,true_belief_pressure_delta,delta_evidence_true_belief_pressure,negative,80,0.21804707649691246,0.22083919362400375,21.59192692533643,0.5156187192757423
end_of_user_message,11,early,true_belief_pressure_delta,delta_evidence_true_belief_pressure,negative,80,0.21287593719233225,0.19517112048757618,23.281094165916983,0.49625124924346037
end_of_user_message,12,middle,true_belief_pressure_delta,delta_evidence_true_belief_pressure,negative,80,0.31395018757591725,0.3294889826535396,25.561472777799946,0.5164469401678308
end_of_user_message,13,middle,true_belief_pressure_delta,delta_evidence_true_belief_pressure,negative,80,0.19565921925541488,0.2204172526957337,25.579538141130552,0.49039615006684867
end_of_user_message,14,middle,true_belief_pressure_delta,delta_evidence_true_belief_pressure,negative,80,0.17226141914106383,0.20339896858884202,25.31814700974273,0.5000360934014635
end_of_user_message,15,middle,true_belief_pressure_delta,delta_evidence_true_belief_pressure,negative,80,0.1381896664748735,0.1614158462259728,27.221792605890688,0.5830330720965217
end_of_user_message,16,middle,true_belief_pressure_delta,delta_evidence_true_belief_pressure,negative,80,0.17469120455597842,0.18633380215658696,27.682055966724754,0.6861070588900076
end_of_user_message,17,middle,true_belief_pressure_delta,delta_evidence_true_belief_pressure,negative,80,0.06916938450858272,0.08216127519924989,31.5050470850286,0.6987799291258487
end_of_user_message,18,middle,true_belief_pressure_delta,delta_evidence_true_belief_pressure,negative,80,0.09084250320521121,0.1183778715424285,31.96742257395934,0.754879174363275
end_of_user_message,19,middle,true_belief_pressure_delta,delta_evidence_true_belief_pressure,negative,80,0.08412055249867503,0.10501640881387717,38.995030071176906,0.9452367259963097
end_of_user_message,20,middle,true_belief_pressure_delta,delta_evidence_true_belief_pressure,negative,80,-0.06166267312919181,-0.033989685888420065,42.90512140039929,1.2138861659991143
end_of_user_message,21,middle,true_belief_pressure_delta,delta_evidence_true_belief_pressure,negative,80,-0.1341269836913087,-0.06746366619784341,46.34121087746649,1.6255950987055052
end_of_user_message,22,middle,true_belief_pressure_delta,delta_evidence_true_belief_pressure,negative,80,0.07639119796418586,0.12749648382559775,49.69094339315389,1.6979418606873242
end_of_user_message,23,middle,true_belief_pressure_delta,delta_evidence_true_belief_pressure,negative,80,0.17076956507794955,0.23785747773089544,57.83113609687052,2.1072302818737705
end_of_user_message,24,late,true_belief_pressure_delta,delta_evidence_true_belief_pressure,negative,80,0.30684723625267746,0.40555555555555556,68.54008840587498,3.500112783863378
end_of_user_message,25,late,true_belief_pressure_delta,delta_evidence_true_belief_pressure,negative,80,0.2878419268361525,0.37491795593061417,79.39695752471972,4.012795675295292
end_of_user_message,26,late,true_belief_pressure_delta,delta_evidence_true_belief_pressure,negative,80,0.33339680117879983,0.41068917018284107,88.11155195952952,4.541918503376636
end_of_user_message,27,late,true_belief_pressure_delta,delta_evidence_true_belief_pressure,negative,80,0.4304803188705815,0.5289967182372246,104.66277595732372,5.323909929031421
end_of_user_message,28,late,true_belief_pressure_delta,delta_evidence_true_belief_pressure,negative,80,0.4237704294210921,0.5327707454289733,122.5629758616667,6.189099817927884
end_of_user_message,29,late,true_belief_pressure_delta,delta_evidence_true_belief_pressure,negative,80,0.47931448818511935,0.5700890764181903,144.46026425557744,7.8394868306243914
end_of_user_message,30,late,true_belief_pressure_delta,delta_evidence_true_belief_pressure,negative,80,0.4044529200217082,0.5090248476324426,173.10221357222647,8.718584980639582
end_of_user_message,31,late,true_belief_pressure_delta,delta_evidence_true_belief_pressure,negative,80,0.37868048102536406,0.4940928270042194,198.263051452394,10.345491349221598
end_of_user_message,32,late,true_belief_pressure_delta,delta_evidence_true_belief_pressure,negative,80,0.3621066876018256,0.5022034692920769,219.81356898590107,11.326110482077194
end_of_user_message,33,late,true_belief_pressure_delta,delta_evidence_true_belief_pressure,negative,80,0.4015024452792754,0.5169479606188467,237.5108689664508,12.175768828377818
end_of_user_message,34,late,true_belief_pressure_delta,delta_evidence_true_belief_pressure,negative,80,0.4285513271877963,0.5305438349742148,258.5811914969147,13.878521507899887
end_of_user_message,35,late,true_belief_pressure_delta,delta_evidence_true_belief_pressure,negative,80,0.3475428686986972,0.4130567276136896,109.29401403715465,5.7505619379511375
end_of_user_message,0,early,true_rationale_pressure_delta,delta_evidence_true_rationale_pressure,negative,80,0.11506769582778378,0.17130801687763714,2.7211444040031574,0.05260822686767302
end_of_user_message,1,early,true_rationale_pressure_delta,delta_evidence_true_rationale_pressure,negative,80,0.16491631989689834,0.16319737458977965,3.2945306099615124,0.0737052029347629
end_of_user_message,2,early,true_rationale_pressure_delta,delta_evidence_true_rationale_pressure,negative,80,0.06742884285751306,0.08802156586966714,4.341687608397911,0.08349887058195109
end_of_user_message,3,early,true_rationale_pressure_delta,delta_evidence_true_rationale_pressure,negative,80,0.09904781660712869,0.09423347398030943,5.552060544744921,0.10908578463201733
end_of_user_message,4,early,true_rationale_pressure_delta,delta_evidence_true_rationale_pressure,negative,80,0.0975749838550867,0.11108766994842945,6.72351274041854,0.13270684579358005
end_of_user_message,5,early,true_rationale_pressure_delta,delta_evidence_true_rationale_pressure,negative,80,0.26426880843481576,0.29249882794186594,8.9538825877451,0.192496374299634
end_of_user_message,6,early,true_rationale_pressure_delta,delta_evidence_true_rationale_pressure,negative,80,0.15287552231491172,0.22913736521331457,13.505806163171382,0.283806774000129
end_of_user_message,7,early,true_rationale_pressure_delta,delta_evidence_true_rationale_pressure,negative,80,0.0937280837756886,0.1109704641350211,16.2265573038041,0.2791187024035171
end_of_user_message,8,early,true_rationale_pressure_delta,delta_evidence_true_rationale_pressure,negative,80,0.21036613580675723,0.11408813877168307,22.642025310592892,0.3987371078543643
end_of_user_message,9,early,true_rationale_pressure_delta,delta_evidence_true_rationale_pressure,negative,80,0.14220539447667768,0.013338021565869667,21.235751624194826,0.37332323688899044
end_of_user_message,10,early,true_rationale_pressure_delta,delta_evidence_true_rationale_pressure,negative,80,0.07150508191952623,-0.031106422878574777,22.55985421309113,0.49699626774434374
end_of_user_message,11,early,true_rationale_pressure_delta,delta_evidence_true_rationale_pressure,negative,80,0.09576195238414147,-0.059587435536802624,23.61364184140701,0.5284189000448528
end_of_user_message,12,middle,true_rationale_pressure_delta,delta_evidence_true_rationale_pressure,negative,80,0.1450839554369981,0.1354899203000469,24.588804503006642,0.48479987426779103
end_of_user_message,13,middle,true_rationale_pressure_delta,delta_evidence_true_rationale_pressure,negative,80,0.19119195968672867,0.21729957805907174,24.35050450111912,0.4776538000551365
end_of_user_message,14,middle,true_rationale_pressure_delta,delta_evidence_true_rationale_pressure,negative,80,0.0909706290511219,0.06992498827941866,24.629211264494362,0.4923151013927022
end_of_user_message,15,middle,true_rationale_pressure_delta,delta_evidence_true_rationale_pressure,negative,80,0.09178820276320224,0.07555086732301922,26.206282515879753,0.5877855847868122
end_of_user_message,16,middle,true_rationale_pressure_delta,delta_evidence_true_rationale_pressure,negative,80,0.012978686150761401,0.07494139709329582,26.83609586247428,0.6405632346029898
end_of_user_message,17,middle,true_rationale_pressure_delta,delta_evidence_true_rationale_pressure,negative,80,-0.03543149119169645,-0.03354430379746835,31.03391827727525,0.7097088067024109
end_of_user_message,18,middle,true_rationale_pressure_delta,delta_evidence_true_rationale_pressure,negative,80,-0.021208302697038023,-0.012916080637599626,31.43873768494351,0.7531639373857872
end_of_user_message,19,middle,true_rationale_pressure_delta,delta_evidence_true_rationale_pressure,negative,80,0.10478661699818906,0.1438115330520394,38.36066928127036,0.8887699026439193
end_of_user_message,20,middle,true_rationale_pressure_delta,delta_evidence_true_rationale_pressure,negative,80,0.07560913395898464,0.020323488045007033,42.575819612534005,1.2939561002118987
end_of_user_message,21,middle,true_rationale_pressure_delta,delta_evidence_true_rationale_pressure,negative,80,0.0386852254490862,-0.02984060009376465,45.99893172834322,1.4909918257721855
end_of_user_message,22,middle,true_rationale_pressure_delta,delta_evidence_true_rationale_pressure,negative,80,-0.0129139896725019,0.01303328645100797,49.597707459941404,1.7444243985372254
end_of_user_message,23,middle,true_rationale_pressure_delta,delta_evidence_true_rationale_pressure,negative,80,0.07296780566312513,0.1505157055789967,57.93564670406569,2.1167070206176484
end_of_user_message,24,late,true_rationale_pressure_delta,delta_evidence_true_rationale_pressure,negative,80,0.17017832965673405,0.2369198312236287,67.84410538628535,3.2326067276459285
end_of_user_message,25,late,true_rationale_pressure_delta,delta_evidence_true_rationale_pressure,negative,80,0.12268985319668584,0.1988748241912799,78.2923176964776,3.7609788754278797
end_of_user_message,26,late,true_rationale_pressure_delta,delta_evidence_true_rationale_pressure,negative,80,0.11739265232711611,0.21671354899203,87.7933027864187,4.604278917411052
end_of_user_message,27,late,true_rationale_pressure_delta,delta_evidence_true_rationale_pressure,negative,80,0.13871519141746244,0.24345991561181435,104.99103409000084,6.062933786414402
end_of_user_message,28,late,true_rationale_pressure_delta,delta_evidence_true_rationale_pressure,negative,80,0.14543570597161376,0.24892170651664322,123.64812609733738,7.469149327700764
end_of_user_message,29,late,true_rationale_pressure_delta,delta_evidence_true_rationale_pressure,negative,80,0.20318906878574577,0.3008438818565401,144.14805049849934,9.091489073925803
end_of_user_message,30,late,true_rationale_pressure_delta,delta_evidence_true_rationale_pressure,negative,80,0.17914309548889662,0.29315518049695266,171.6095814086368,10.779450177286241
end_of_user_message,31,late,true_rationale_pressure_delta,delta_evidence_true_rationale_pressure,negative,80,0.19167516289089553,0.30501640881387715,195.07094700580066,12.169589729782576
end_of_user_message,32,late,true_rationale_pressure_delta,delta_evidence_true_rationale_pressure,negative,80,0.17867457249675092,0.30848570089076416,216.65477339097646,13.569622741534175
end_of_user_message,33,late,true_rationale_pressure_delta,delta_evidence_true_rationale_pressure,negative,80,0.16666375181255152,0.2926629160806376,234.56904381314357,14.633437089709187
end_of_user_message,34,late,true_rationale_pressure_delta,delta_evidence_true_rationale_pressure,negative,80,0.18508259807416233,0.3081809657759025,254.2368461930038,16.392541802426052
end_of_user_message,35,late,true_rationale_pressure_delta,delta_evidence_true_rationale_pressure,negative,80,0.14786653878283365,0.2678856071261135,108.04581994583646,5.865970915949758
end_of_user_message,0,early,distractor_delta,delta_evidence_distractor_neutral,absolute,80,0.2356704751999142,0.25349273323956867,0.8401262757467238,0.029004369377835792
end_of_user_message,1,early,distractor_delta,delta_evidence_distractor_neutral,absolute,80,0.2633391585998243,0.2759728082512893,1.4116700973253282,0.06844687562174799
end_of_user_message,2,early,distractor_delta,delta_evidence_distractor_neutral,absolute,80,0.14717051398993589,0.1745897796530708,2.0219524714268404,0.08198617178580034
end_of_user_message,3,early,distractor_delta,delta_evidence_distractor_neutral,absolute,80,-0.013146778674008465,0.015611814345991562,2.651615541620167,0.11990822031810441
end_of_user_message,4,early,distractor_delta,delta_evidence_distractor_neutral,absolute,80,0.15241994104001544,0.13511486169714018,3.318181335251194,0.1302266630743851
end_of_user_message,5,early,distractor_delta,delta_evidence_distractor_neutral,absolute,80,0.2715097520154611,0.2012892639474918,4.249578609602194,0.20385038770529687
end_of_user_message,6,early,distractor_delta,delta_evidence_distractor_neutral,absolute,80,-0.12203964509656659,-0.12165963431786217,6.2340065398639695,0.3586276177596474
end_of_user_message,7,early,distractor_delta,delta_evidence_distractor_neutral,absolute,80,-0.10998570127603859,-0.11570557899671824,8.011692465506583,0.42116139575017103
end_of_user_message,8,early,distractor_delta,delta_evidence_distractor_neutral,absolute,80,-0.1148412968140923,-0.1087669948429442,9.377949971634806,0.5768178097953505
end_of_user_message,9,early,distractor_delta,delta_evidence_distractor_neutral,absolute,80,-0.11328648052958198,-0.09706985466479137,8.761347843658436,0.5000464089664379
end_of_user_message,10,early,distractor_delta,delta_evidence_distractor_neutral,absolute,80,-0.20215435677521906,-0.21842475386779184,9.13967941957438,0.6976240940846571
end_of_user_message,11,early,distractor_delta,delta_evidence_distractor_neutral,absolute,80,-0.11834498131654525,-0.13159868729488983,9.649234129972468,0.8534945486726727
end_of_user_message,12,middle,distractor_delta,delta_evidence_distractor_neutral,absolute,80,-0.09566145189906873,-0.09934364744491327,9.880216735429133,1.0716384494158473
end_of_user_message,13,middle,distractor_delta,delta_evidence_distractor_neutral,absolute,80,-0.07769079790408845,-0.10086732301922176,9.927800620862905,1.1264619941999718
end_of_user_message,14,middle,distractor_delta,delta_evidence_distractor_neutral,absolute,80,-0.10677038850015774,-0.06622128457571495,11.670753971871386,1.0576573876180686
end_of_user_message,15,middle,distractor_delta,delta_evidence_distractor_neutral,absolute,80,-0.08409537853494303,-0.023769338959212377,12.954413181981973,1.2544287839354222
end_of_user_message,16,middle,distractor_delta,delta_evidence_distractor_neutral,absolute,80,-0.15960032831226176,-0.10360993905297702,13.633137606761682,1.2303359707192516
end_of_user_message,17,middle,distractor_delta,delta_evidence_distractor_neutral,absolute,80,-0.2094009588473202,-0.1485700890764182,15.16230052229887,1.4063887477614962
end_of_user_message,18,middle,distractor_delta,delta_evidence_distractor_neutral,absolute,80,-0.18642438999438185,-0.10726676043131739,15.450862010664324,1.2939673342866866
end_of_user_message,19,middle,distractor_delta,delta_evidence_distractor_neutral,absolute,80,-0.1609536189724383,-0.07165963431786217,19.355772278746674,1.5019418235587814
end_of_user_message,20,middle,distractor_delta,delta_evidence_distractor_neutral,absolute,80,-0.16078569590594355,-0.12355836849507736,21.52475945484651,1.9116827494606172
end_of_user_message,21,middle,distractor_delta,delta_evidence_distractor_neutral,absolute,80,-0.18336225163111794,-0.1668073136427567,24.17186809256123,2.2487522544823184
end_of_user_message,22,middle,distractor_delta,delta_evidence_distractor_neutral,absolute,80,-0.10555721779879554,-0.09390529770276605,25.34432447161378,1.95181693031685
end_of_user_message,23,middle,distractor_delta,delta_evidence_distractor_neutral,absolute,80,-0.07924245031431483,-0.06507266760431317,29.87703418321479,2.2647833150175924
end_of_user_message,24,late,distractor_delta,delta_evidence_distractor_neutral,absolute,80,-0.04293223933356931,-0.04498359118612283,36.89405119568608,2.9752589617756886
end_of_user_message,25,late,distractor_delta,delta_evidence_distractor_neutral,absolute,80,-0.030364625924686958,-0.03429442100328176,41.99646013355897,3.248187567931547
end_of_user_message,26,late,distractor_delta,delta_evidence_distractor_neutral,absolute,80,-0.020726263859015895,-0.016057196436943273,47.87267426759803,3.9178601175787597
end_of_user_message,27,late,distractor_delta,delta_evidence_distractor_neutral,absolute,80,0.004105524773431736,-0.0005860290670417253,56.54292276269088,4.766915602178372
end_of_user_message,28,late,distractor_delta,delta_evidence_distractor_neutral,absolute,80,0.03695666178650358,0.02444913267698078,69.40466800426022,6.168078369713542
end_of_user_message,29,late,distractor_delta,delta_evidence_distractor_neutral,absolute,80,0.04771061043004739,0.031129864041256446,81.65786396668264,7.763231102818267
end_of_user_message,30,late,distractor_delta,delta_evidence_distractor_neutral,absolute,80,0.04083556356194229,0.01727613689639006,99.61949062664084,9.96418722928309
end_of_user_message,31,late,distractor_delta,delta_evidence_distractor_neutral,absolute,80,0.02460167809231346,0.010056258790436005,114.87259840449524,11.983457881125057
end_of_user_message,32,late,distractor_delta,delta_evidence_distractor_neutral,absolute,80,0.0068430010470081765,-0.013877168307548055,132.20246613808317,14.180912570476808
end_of_user_message,33,late,distractor_delta,delta_evidence_distractor_neutral,absolute,80,0.021842048949464093,0.016197843413033288,149.37958534566405,16.165058296068025
end_of_user_message,34,late,distractor_delta,delta_evidence_distractor_neutral,absolute,80,-0.024002106438726033,-0.04960150023441163,170.73852136984834,20.618271704826512
end_of_user_message,35,late,distractor_delta,delta_evidence_distractor_neutral,absolute,80,0.03165863681171042,0.023183309892170652,73.38092370188804,7.184051763843186
final_answer_position,0,early,false_belief_pressure_delta,delta_evidence_false_belief_pressure,negative,80,0.20207994463112433,0.14013127051101734,0.2187052243846955,0.03292039456207317
final_answer_position,1,early,false_belief_pressure_delta,delta_evidence_false_belief_pressure,negative,80,0.15250840860550052,0.19624941397093296,0.39625885809009026,0.0299789427623895
final_answer_position,2,early,false_belief_pressure_delta,delta_evidence_false_belief_pressure,negative,80,0.029668676135492254,0.03204406938584154,0.7136948843064229,0.06698726118455349
final_answer_position,3,early,false_belief_pressure_delta,delta_evidence_false_belief_pressure,negative,80,0.043563828277900125,0.08917018284106892,1.4352707123702912,0.08147961019725865
final_answer_position,4,early,false_belief_pressure_delta,delta_evidence_false_belief_pressure,negative,80,0.061982542314753836,0.09207688701359587,1.884936697831288,0.1100551523249538
final_answer_position,5,early,false_belief_pressure_delta,delta_evidence_false_belief_pressure,negative,80,0.09003573345637303,0.1223159868729489,2.3522658707812827,0.10979753385737383
final_answer_position,6,early,false_belief_pressure_delta,delta_evidence_false_belief_pressure,negative,80,0.21252670358593537,0.24807782466010314,3.285717870067811,0.15298771910087472
final_answer_position,7,early,false_belief_pressure_delta,delta_evidence_false_belief_pressure,negative,80,0.23955729652537677,0.3053211439287389,4.213714140997362,0.19344896661285566
final_answer_position,8,early,false_belief_pressure_delta,delta_evidence_false_belief_pressure,negative,80,0.2249577384733344,0.279957805907173,5.44956672157576,0.22201715903932237
final_answer_position,9,early,false_belief_pressure_delta,delta_evidence_false_belief_pressure,negative,80,0.2053535534376929,0.30710267229254573,5.69537653516208,0.21450200502180622
final_answer_position,10,early,false_belief_pressure_delta,delta_evidence_false_belief_pressure,negative,80,0.16086702975162087,0.23035630567276136,6.300099174379094,0.2365148244715115
final_answer_position,11,early,false_belief_pressure_delta,delta_evidence_false_belief_pressure,negative,80,0.13628302777824036,0.15032817627754336,6.025564236186073,0.20911883631628514
final_answer_position,12,middle,false_belief_pressure_delta,delta_evidence_false_belief_pressure,negative,80,0.1741777098349408,0.1534224097515237,7.390240209635758,0.24766994321615785
final_answer_position,13,middle,false_belief_pressure_delta,delta_evidence_false_belief_pressure,negative,80,0.16007051460090288,0.20185185185185187,8.270597830020446,0.2521138805662516
final_answer_position,14,middle,false_belief_pressure_delta,delta_evidence_false_belief_pressure,negative,80,0.11517663128675891,0.08830285982184716,8.089832701454554,0.25008983983345234
final_answer_position,15,middle,false_belief_pressure_delta,delta_evidence_false_belief_pressure,negative,80,0.21932358332517732,0.2187763713080169,9.017907162302276,0.2888353255907206
final_answer_position,16,middle,false_belief_pressure_delta,delta_evidence_false_belief_pressure,negative,80,0.28982733486326734,0.41031411157993436,9.439455662688676,0.31442221649533303
final_answer_position,17,middle,false_belief_pressure_delta,delta_evidence_false_belief_pressure,negative,80,0.16327627358766078,0.2664556962025316,10.004744233646937,0.33278215201158334
final_answer_position,18,middle,false_belief_pressure_delta,delta_evidence_false_belief_pressure,negative,80,0.4622130430644961,0.5057899671823722,12.886199784630426,0.5160452566853407
final_answer_position,19,middle,false_belief_pressure_delta,delta_evidence_false_belief_pressure,negative,80,0.3391715880539293,0.38877168307548055,16.59847141699309,0.8085718818496065
final_answer_position,20,middle,false_belief_pressure_delta,delta_evidence_false_belief_pressure,negative,80,0.09223360129049447,0.20518049695264884,22.69658236791998,2.098569032252693
final_answer_position,21,middle,false_belief_pressure_delta,delta_evidence_false_belief_pressure,negative,80,0.16660411264510228,0.28141115799343647,24.989907560611634,2.3925219072373753
final_answer_position,22,middle,false_belief_pressure_delta,delta_evidence_false_belief_pressure,negative,80,0.20530456402355587,0.2805438349742147,24.128351043329424,1.8907241691696237
final_answer_position,23,middle,false_belief_pressure_delta,delta_evidence_false_belief_pressure,negative,80,0.36150064144833316,0.38082512892639475,28.043730425266126,2.09068925748978
final_answer_position,24,late,false_belief_pressure_delta,delta_evidence_false_belief_pressure,negative,80,0.46006663004273346,0.39437412095639945,30.91252333781956,2.4077432132040784
final_answer_position,25,late,false_belief_pressure_delta,delta_evidence_false_belief_pressure,negative,80,0.5360667629017745,0.4525316455696203,32.42381087447377,2.6216852287090724
final_answer_position,26,late,false_belief_pressure_delta,delta_evidence_false_belief_pressure,negative,80,0.4714109506184791,0.4207923112986404,36.90521052288555,3.250613466206111
final_answer_position,27,late,false_belief_pressure_delta,delta_evidence_false_belief_pressure,negative,80,0.49894636079643806,0.4524378809188936,40.169588278618164,3.65223454772595
final_answer_position,28,late,false_belief_pressure_delta,delta_evidence_false_belief_pressure,negative,80,0.5495803077208334,0.4388654477262072,42.72634139667032,3.858431346268825
final_answer_position,29,late,false_belief_pressure_delta,delta_evidence_false_belief_pressure,negative,80,0.592287860823913,0.45407876230661043,45.55048375384076,4.252770457502102
final_answer_position,30,late,false_belief_pressure_delta,delta_evidence_false_belief_pressure,negative,80,0.5894530521988965,0.4189873417721519,50.113859979579146,5.105969296252762
final_answer_position,31,late,false_belief_pressure_delta,delta_evidence_false_belief_pressure,negative,80,0.5780125702829214,0.4061181434599156,54.768736546320994,6.143789463451071
final_answer_position,32,late,false_belief_pressure_delta,delta_evidence_false_belief_pressure,negative,80,0.6042041719356891,0.42320675105485234,62.070934633920004,6.6601971400874405
final_answer_position,33,late,false_belief_pressure_delta,delta_evidence_false_belief_pressure,negative,80,0.5042129699099689,0.243553680262541,70.62059259200302,6.632226897738985
final_answer_position,34,late,false_belief_pressure_delta,delta_evidence_false_belief_pressure,negative,80,0.37091946556849714,0.0883497421472105,87.05894998621434,7.932549407791886
final_answer_position,35,late,false_belief_pressure_delta,delta_evidence_false_belief_pressure,negative,80,-0.07614505818554484,-0.21495546179090483,44.236432375736534,4.333997166615911
final_answer_position,0,early,false_rationale_pressure_delta,delta_evidence_false_rationale_pressure,negative,80,-0.2290459442867031,-0.16863572433192686,0.62908858572048,0.4267362111083427
final_answer_position,1,early,false_rationale_pressure_delta,delta_evidence_false_rationale_pressure,negative,80,-0.22092210353043848,-0.14013127051101734,0.793693409415577,0.40525875443743353
final_answer_position,2,early,false_rationale_pressure_delta,delta_evidence_false_rationale_pressure,negative,80,-0.19704650705350782,-0.12705110173464604,1.0533390522141919,0.36960451691324064
final_answer_position,3,early,false_rationale_pressure_delta,delta_evidence_false_rationale_pressure,negative,80,-0.1462733161205191,-0.043413033286451005,1.6431179884520695,0.2706331099385971
final_answer_position,4,early,false_rationale_pressure_delta,delta_evidence_false_rationale_pressure,negative,80,-0.044320432936019415,0.00011720581340834506,2.1841174092835614,0.2333571690034866
final_answer_position,5,early,false_rationale_pressure_delta,delta_evidence_false_rationale_pressure,negative,80,0.20676278718905647,0.21999531176746367,2.8493359121717377,0.20766521501521829
final_answer_position,6,early,false_rationale_pressure_delta,delta_evidence_false_rationale_pressure,negative,80,0.30284116382096976,0.3363806844819503,3.773018803438133,0.22625510522313244
final_answer_position,7,early,false_rationale_pressure_delta,delta_evidence_false_rationale_pressure,negative,80,0.34138536149808485,0.36336146272855135,4.716624070443382,0.2684700762097492
final_answer_position,8,early,false_rationale_pressure_delta,delta_evidence_false_rationale_pressure,negative,80,0.35842770200494983,0.3820675105485232,6.207712072664545,0.34704182045953763
final_answer_position,9,early,false_rationale_pressure_delta,delta_evidence_false_rationale_pressure,negative,80,0.37950908699876146,0.403539615564932,6.540523604054897,0.34367415109503263
final_answer_position,10,early,false_rationale_pressure_delta,delta_evidence_false_rationale_pressure,negative,80,0.27682057695254964,0.2560478199718706,6.829166345551857,0.3514469744621744
final_answer_position,11,early,false_rationale_pressure_delta,delta_evidence_false_rationale_pressure,negative,80,0.2433342828803454,0.21563525550867324,6.38675602737131,0.3219851803764816
final_answer_position,12,middle,false_rationale_pressure_delta,delta_evidence_false_rationale_pressure,negative,80,0.3371402301293215,0.32812939521800283,7.446701908080312,0.3188030985655657
final_answer_position,13,middle,false_rationale_pressure_delta,delta_evidence_false_rationale_pressure,negative,80,0.3353513053327206,0.3721518987341772,8.105940940572362,0.30697975342022765
final_answer_position,14,middle,false_rationale_pressure_delta,delta_evidence_false_rationale_pressure,negative,80,0.35269943433013157,0.37226910454758555,7.947781623677502,0.29343309107403376
final_answer_position,15,middle,false_rationale_pressure_delta,delta_evidence_false_rationale_pressure,negative,80,0.41743430407232496,0.48370839193624005,8.944939856760666,0.39709941223808753
final_answer_position,16,middle,false_rationale_pressure_delta,delta_evidence_false_rationale_pressure,negative,80,0.37484295213207314,0.44617909048288795,9.420419927016884,0.4384867814884256
final_answer_position,17,middle,false_rationale_pressure_delta,delta_evidence_false_rationale_pressure,negative,80,0.3255524860322873,0.4123300515705579,9.983588094754406,0.4421560589337022
final_answer_position,18,middle,false_rationale_pressure_delta,delta_evidence_false_rationale_pressure,negative,80,0.270953657467794,0.3282934833567745,12.910294752701585,0.6328938135160327
final_answer_position,19,middle,false_rationale_pressure_delta,delta_evidence_false_rationale_pressure,negative,80,0.089127537108678,0.16465072667604314,17.866905160820853,1.179340005533089
final_answer_position,20,middle,false_rationale_pressure_delta,delta_evidence_false_rationale_pressure,negative,80,0.11077935778530584,0.1668073136427567,24.410548033889956,2.280996352737018
final_answer_position,21,middle,false_rationale_pressure_delta,delta_evidence_false_rationale_pressure,negative,80,0.16645710530041968,0.21000937646507267,27.571962719656277,2.719738071440608
final_answer_position,22,middle,false_rationale_pressure_delta,delta_evidence_false_rationale_pressure,negative,80,0.1516002451679099,0.22426160337552742,27.556904316381313,2.577210385741592
final_answer_position,23,middle,false_rationale_pressure_delta,delta_evidence_false_rationale_pressure,negative,80,0.2637754452111598,0.3683778715424285,31.83600368270922,3.0813803982205563
final_answer_position,24,late,false_rationale_pressure_delta,delta_evidence_false_rationale_pressure,negative,80,0.2791049614492114,0.36765119549929676,35.826727373026976,3.801360118925237
final_answer_position,25,late,false_rationale_pressure_delta,delta_evidence_false_rationale_pressure,negative,80,0.28432384866846133,0.37022972339428034,37.92739596810735,4.038004452463769
final_answer_position,26,late,false_rationale_pressure_delta,delta_evidence_false_rationale_pressure,negative,80,0.2419324315794853,0.31856540084388185,42.61900518056878,4.673543273573704
final_answer_position,27,late,false_rationale_pressure_delta,delta_evidence_false_rationale_pressure,negative,80,0.24253455392064446,0.326910454758556,46.43177023329472,5.47466482449582
final_answer_position,28,late,false_rationale_pressure_delta,delta_evidence_false_rationale_pressure,negative,80,0.2784898396730055,0.3924050632911392,49.854155197939114,5.965294376920334
final_answer_position,29,late,false_rationale_pressure_delta,delta_evidence_false_rationale_pressure,negative,80,0.27288962558884716,0.41040787623066105,53.0326137603378,6.629029096538664
final_answer_position,30,late,false_rationale_pressure_delta,delta_evidence_false_rationale_pressure,negative,80,0.26067702078115845,0.4143928738865448,58.05686283028606,7.739458180500048
final_answer_position,31,late,false_rationale_pressure_delta,delta_evidence_false_rationale_pressure,negative,80,0.23618119584486577,0.4232770745428973,63.820019673115965,9.216746397258014
final_answer_position,32,late,false_rationale_pressure_delta,delta_evidence_false_rationale_pressure,negative,80,0.24818561471460365,0.4768870135958744,72.48337231714711,10.363567908811671
final_answer_position,33,late,false_rationale_pressure_delta,delta_evidence_false_rationale_pressure,negative,80,0.23172228730282002,0.48509142053445853,82.3606939270612,10.954133999886189
final_answer_position,34,late,false_rationale_pressure_delta,delta_evidence_false_rationale_pressure,negative,80,0.2486750715735415,0.473511486169714,101.61893591389753,13.654029970716955
final_answer_position,35,late,false_rationale_pressure_delta,delta_evidence_false_rationale_pressure,negative,80,0.05971037089944868,0.1882794186591655,47.294871156809414,5.327733998318739
final_answer_position,0,early,emotional_pressure_delta,delta_evidence_emotional_pressure,negative,80,0.1410301123999551,0.07292545710267229,1.22388673195396,0.02119729498375261
final_answer_position,1,early,emotional_pressure_delta,delta_evidence_emotional_pressure,negative,80,0.07115111033438996,0.02627754336615096,1.3322644071630068,0.023892674508615267
final_answer_position,2,early,emotional_pressure_delta,delta_evidence_emotional_pressure,negative,80,0.05570213692065928,0.03054383497421472,1.4976943875582076,0.03064075939528763
final_answer_position,3,early,emotional_pressure_delta,delta_evidence_emotional_pressure,negative,80,-0.03197506939957468,-0.033778715424285045,1.8045892515084088,0.05431626916587369
final_answer_position,4,early,emotional_pressure_delta,delta_evidence_emotional_pressure,negative,80,-0.12182143574109411,-0.14179559306141584,2.100627243319994,0.07034821987756175
final_answer_position,5,early,emotional_pressure_delta,delta_evidence_emotional_pressure,negative,80,-0.23938653321631365,-0.2447022972339428,2.4858050684355293,0.09718038670302619
final_answer_position,6,early,emotional_pressure_delta,delta_evidence_emotional_pressure,negative,80,-0.2299059654686999,-0.2422878574777309,3.2586736703703503,0.16411511951063984
final_answer_position,7,early,emotional_pressure_delta,delta_evidence_emotional_pressure,negative,80,-0.21974754578811898,-0.23143459915611814,3.882251148012667,0.19548855199643503
final_answer_position,8,early,emotional_pressure_delta,delta_evidence_emotional_pressure,negative,80,-0.18141048220307998,-0.17777777777777778,4.939631543309462,0.24279607446266058
final_answer_position,9,early,emotional_pressure_delta,delta_evidence_emotional_pressure,negative,80,-0.16931365612673788,-0.19390529770276604,5.172020224152144,0.2567291647749367
final_answer_position,10,early,emotional_pressure_delta,delta_evidence_emotional_pressure,negative,80,0.006211478361279127,0.009728082512892639,4.943785130790271,0.22081224659266016
final_answer_position,11,early,emotional_pressure_delta,delta_evidence_emotional_pressure,negative,80,0.1252427259413544,0.11804969526488514,4.738714236698667,0.20293095536313296
final_answer_position,12,middle,emotional_pressure_delta,delta_evidence_emotional_pressure,negative,80,0.225357412419729,0.24430379746835443,5.882533473708251,0.2926800959720017
final_answer_position,13,middle,emotional_pressure_delta,delta_evidence_emotional_pressure,negative,80,0.17818068260012268,0.1947022972339428,6.483544514252065,0.3076594475691391
final_answer_position,14,middle,emotional_pressure_delta,delta_evidence_emotional_pressure,negative,80,0.22783883872067323,0.20766526019690576,6.526377679562084,0.21900966693121793
final_answer_position,15,middle,emotional_pressure_delta,delta_evidence_emotional_pressure,negative,80,0.12410203541857903,0.0663384903891233,7.603026593624394,0.27566964369689684
final_answer_position,16,middle,emotional_pressure_delta,delta_evidence_emotional_pressure,negative,80,0.17645792649667227,0.11120487576183778,8.332174032103776,0.3153793853023435
final_answer_position,17,middle,emotional_pressure_delta,delta_evidence_emotional_pressure,negative,80,0.05721896044114792,0.04868729488982654,9.427915648408568,0.3802347192673323
final_answer_position,18,middle,emotional_pressure_delta,delta_evidence_emotional_pressure,negative,80,0.21118962680056902,0.19240506329113924,14.295415925892296,0.6607415841564234
final_answer_position,19,middle,emotional_pressure_delta,delta_evidence_emotional_pressure,negative,80,0.17343151280295122,0.15539146741678386,20.15621846676492,1.0584806783229357
final_answer_position,20,middle,emotional_pressure_delta,delta_evidence_emotional_pressure,negative,80,-0.02368305469383029,0.010478199718706048,26.947648103165896,2.0093001305125835
final_answer_position,21,middle,emotional_pressure_delta,delta_evidence_emotional_pressure,negative,80,0.047471076901827655,0.04214721050164088,30.510009404671354,2.3128953598694033
final_answer_position,22,middle,emotional_pressure_delta,delta_evidence_emotional_pressure,negative,80,0.16112514388595847,0.23209095171120486,31.94357200929756,2.936179941927286
final_answer_position,23,middle,emotional_pressure_delta,delta_evidence_emotional_pressure,negative,80,0.22979643074675182,0.33673230192217535,38.00587206669835,3.890609591300081
final_answer_position,24,late,emotional_pressure_delta,delta_evidence_emotional_pressure,negative,80,0.5794116465356026,0.5617674636661979,43.805217354889805,4.960796540356727
final_answer_position,25,late,emotional_pressure_delta,delta_evidence_emotional_pressure,negative,80,0.5828029506933438,0.587248007501172,46.75579574649896,5.256069304967656
final_answer_position,26,late,emotional_pressure_delta,delta_evidence_emotional_pressure,negative,80,0.5937982502660026,0.5673230192217534,51.745993166404254,5.878515020432262
final_answer_position,27,late,emotional_pressure_delta,delta_evidence_emotional_pressure,negative,80,0.5979750304920126,0.5754571026722926,56.72876597548709,6.736225703886503
final_answer_position,28,late,emotional_pressure_delta,delta_evidence_emotional_pressure,negative,80,0.592597908257825,0.5629864041256446,62.28309950765343,7.573745330165568
final_answer_position,29,late,emotional_pressure_delta,delta_evidence_emotional_pressure,negative,80,0.6810208822097398,0.6201359587435537,67.37824500511596,9.098861656562065
final_answer_position,30,late,emotional_pressure_delta,delta_evidence_emotional_pressure,negative,80,0.7208193589354536,0.6447257383966245,74.21405682094232,10.977517391662397
final_answer_position,31,late,emotional_pressure_delta,delta_evidence_emotional_pressure,negative,80,0.7379408948954074,0.6323956868260666,82.22996918748672,13.24987895826225
final_answer_position,32,late,emotional_pressure_delta,delta_evidence_emotional_pressure,negative,80,0.7135855634166323,0.6011486169714018,94.22372340586655,14.144878599113134
final_answer_position,33,late,emotional_pressure_delta,delta_evidence_emotional_pressure,negative,80,0.6940398055978423,0.5904594467885607,105.89198881759746,14.110761253138444
final_answer_position,34,late,emotional_pressure_delta,delta_evidence_emotional_pressure,negative,80,0.589406005484575,0.5142991092358181,128.7636010745186,13.610620804674683
final_answer_position,35,late,emotional_pressure_delta,delta_evidence_emotional_pressure,negative,80,0.4742757850638391,0.47508204406938587,63.75556693895535,5.766506966106975
final_answer_position,0,early,authority_pressure_delta,delta_evidence_authority_pressure,negative,80,0.23278663003145805,0.1819971870604782,1.128909622390224,0.02325388053848741
final_answer_position,1,early,authority_pressure_delta,delta_evidence_authority_pressure,negative,80,0.1590895113601871,0.10991561181434599,1.2074590853488338,0.023825872207688444
final_answer_position,2,early,authority_pressure_delta,delta_evidence_authority_pressure,negative,80,0.07293563232519538,0.010806375996249415,1.3536378440420545,0.0284049636014789
final_answer_position,3,early,authority_pressure_delta,delta_evidence_authority_pressure,negative,80,0.019960619833596666,0.03384903891233005,1.7172899606610006,0.04949215323569082
final_answer_position,4,early,authority_pressure_delta,delta_evidence_authority_pressure,negative,80,-0.0566990147294633,-0.062494139709329585,2.0537996425930705,0.07219566910097967
final_answer_position,5,early,authority_pressure_delta,delta_evidence_authority_pressure,negative,80,-0.05817156869611662,-0.06408813877168308,2.4867851430319816,0.10360102356842026
final_answer_position,6,early,authority_pressure_delta,delta_evidence_authority_pressure,negative,80,-0.037219771354625945,-0.03867791842475387,3.1279388805077715,0.15956090962515207
final_answer_position,7,early,authority_pressure_delta,delta_evidence_authority_pressure,negative,80,8.844158490026567e-05,0.03694327238631036,3.5752743770320805,0.1909196512382523
final_answer_position,8,early,authority_pressure_delta,delta_evidence_authority_pressure,negative,80,0.030585882948313423,0.12409751523675575,4.597816864412339,0.2384665252722374
final_answer_position,9,early,authority_pressure_delta,delta_evidence_authority_pressure,negative,80,0.03510545007824836,0.11005625879043601,4.6094738203800585,0.2473431750508157
final_answer_position,10,early,authority_pressure_delta,delta_evidence_authority_pressure,negative,80,0.2136882038441126,0.34458509142053445,4.290848048855408,0.18594915614704483
final_answer_position,11,early,authority_pressure_delta,delta_evidence_authority_pressure,negative,80,0.2456805182379017,0.3582512892639475,4.148318839883666,0.16482658433791056
final_answer_position,12,middle,authority_pressure_delta,delta_evidence_authority_pressure,negative,80,0.4385050857624573,0.58370839193624,5.1514000258494415,0.24481087506529342
final_answer_position,13,middle,authority_pressure_delta,delta_evidence_authority_pressure,negative,80,0.40147966700020327,0.5883263009845289,5.631474913251742,0.23454726999526598
final_answer_position,14,middle,authority_pressure_delta,delta_evidence_authority_pressure,negative,80,0.2879652428149528,0.3647210501640881,5.907076144231611,0.15389831311339164
final_answer_position,15,middle,authority_pressure_delta,delta_evidence_authority_pressure,negative,80,0.2616859512909395,0.3191514299109236,7.024539358533599,0.19215204257221638
final_answer_position,16,middle,authority_pressure_delta,delta_evidence_authority_pressure,negative,80,0.429729131808395,0.5025550867323019,7.769421038262567,0.22650591950316418
final_answer_position,17,middle,authority_pressure_delta,delta_evidence_authority_pressure,negative,80,0.11720427970596688,0.12543366150961088,9.018012666359736,0.22887106949352976
final_answer_position,18,middle,authority_pressure_delta,delta_evidence_authority_pressure,negative,80,0.4578934991387525,0.5101500234411627,13.76796069091975,0.5759228430561568
final_answer_position,19,middle,authority_pressure_delta,delta_evidence_authority_pressure,negative,80,0.4413119594652189,0.4658931082981716,18.180248424642595,0.8499310384103339
final_answer_position,20,middle,authority_pressure_delta,delta_evidence_authority_pressure,negative,80,0.03671981589406596,-0.01397093295827473,23.75623181859892,1.2769189947836552
final_answer_position,21,middle,authority_pressure_delta,delta_evidence_authority_pressure,negative,80,0.1111656800625432,0.07498827941865917,26.762364991644127,1.661312475990139
final_answer_position,22,middle,authority_pressure_delta,delta_evidence_authority_pressure,negative,80,0.09864113128809396,0.0776136896390061,26.763771896567,1.9929051667941735
final_answer_position,23,middle,authority_pressure_delta,delta_evidence_authority_pressure,negative,80,0.18413777190547004,0.14413970932958275,31.15559212900954,2.75169914677908
final_answer_position,24,late,authority_pressure_delta,delta_evidence_authority_pressure,negative,80,0.6114052014909369,0.44585091420534456,35.66182145135432,4.732763296248037
final_answer_position,25,late,authority_pressure_delta,delta_evidence_authority_pressure,negative,80,0.5968285847073163,0.46669010782934833,37.44544595815158,4.669884482815952
final_answer_position,26,late,authority_pressure_delta,delta_evidence_authority_pressure,negative,80,0.5977545603740237,0.46068917018284106,42.15113993269556,5.528244636936416
final_answer_position,27,late,authority_pressure_delta,delta_evidence_authority_pressure,negative,80,0.5945223060472236,0.47787154242850444,46.051364155606635,6.280761182438424
final_answer_position,28,late,authority_pressure_delta,delta_evidence_authority_pressure,negative,80,0.5755455437263329,0.4328410689170183,50.05939479290533,7.128318777230934
final_answer_position,29,late,authority_pressure_delta,delta_evidence_authority_pressure,negative,80,0.6921447953810731,0.5417487107360525,54.9510626026964,9.03695456081519
final_answer_position,30,late,authority_pressure_delta,delta_evidence_authority_pressure,negative,80,0.7325081733287121,0.5892873886544773,60.90055792596452,11.301345983449787
final_answer_position,31,late,authority_pressure_delta,delta_evidence_authority_pressure,negative,80,0.7266624979991743,0.5365682137834037,67.27486156161434,13.84425964843894
final_answer_position,32,late,authority_pressure_delta,delta_evidence_authority_pressure,negative,80,0.7154701141108418,0.5311298640412564,77.7255434443887,14.556976125601494
final_answer_position,33,late,authority_pressure_delta,delta_evidence_authority_pressure,negative,80,0.6410192544058031,0.39496015002344115,87.1142427954945,14.195326207609888
final_answer_position,34,late,authority_pressure_delta,delta_evidence_authority_pressure,negative,80,0.4527319922782173,0.09753867791842476,106.73599430138904,14.17832385591054
final_answer_position,35,late,authority_pressure_delta,delta_evidence_authority_pressure,negative,80,0.38365438652426,0.15569620253164557,49.578407025048634,5.705015090194487
final_answer_position,0,early,true_belief_pressure_delta,delta_evidence_true_belief_pressure,negative,80,0.3713629379577018,0.37039381153305206,0.21870242643258697,0.032813664249158894
final_answer_position,1,early,true_belief_pressure_delta,delta_evidence_true_belief_pressure,negative,80,0.2835531367993254,0.25939990623534925,0.39600667733910033,0.029460786920121825
final_answer_position,2,early,true_belief_pressure_delta,delta_evidence_true_belief_pressure,negative,80,0.12667699608414862,0.1096812001875293,0.7127868010791097,0.06660081041117924
final_answer_position,3,early,true_belief_pressure_delta,delta_evidence_true_belief_pressure,negative,80,0.10651766105451939,0.13014533520862634,1.4343567144250824,0.08051283626912431
final_answer_position,4,early,true_belief_pressure_delta,delta_evidence_true_belief_pressure,negative,80,0.09665905101231768,0.13270042194092826,1.8834421468668605,0.10940024306155471
final_answer_position,5,early,true_belief_pressure_delta,delta_evidence_true_belief_pressure,negative,80,0.14929085963041155,0.1864510079699953,2.3504486284623214,0.10977749700712133
final_answer_position,6,early,true_belief_pressure_delta,delta_evidence_true_belief_pressure,negative,80,0.273203581596959,0.30182841068917016,3.2830667880842617,0.15086721134772962
final_answer_position,7,early,true_belief_pressure_delta,delta_evidence_true_belief_pressure,negative,80,0.2735406504740944,0.3329817158931083,4.21115567171775,0.18929936696815514
final_answer_position,8,early,true_belief_pressure_delta,delta_evidence_true_belief_pressure,negative,80,0.21431384958829944,0.2397796530707923,5.44629279122317,0.21509494311089755
final_answer_position,9,early,true_belief_pressure_delta,delta_evidence_true_belief_pressure,negative,80,0.2501738832789165,0.2840365682137834,5.693901283104527,0.20993902975756118
final_answer_position,10,early,true_belief_pressure_delta,delta_evidence_true_belief_pressure,negative,80,0.08367970650986856,0.04634317862165963,6.301387663922004,0.22048840323350197
final_answer_position,11,early,true_belief_pressure_delta,delta_evidence_true_belief_pressure,negative,80,0.08028638613830877,0.0253398968588842,6.025303136422298,0.1958801382482317
final_answer_position,12,middle,true_belief_pressure_delta,delta_evidence_true_belief_pressure,negative,80,0.0412957988635751,-0.015869667135489922,7.393395228479944,0.24681578404810434
final_answer_position,13,middle,true_belief_pressure_delta,delta_evidence_true_belief_pressure,negative,80,0.07651670803476324,0.06015002344116268,8.280557573777447,0.26097895932186976
final_answer_position,14,middle,true_belief_pressure_delta,delta_evidence_true_belief_pressure,negative,80,-0.02658326557255458,-0.07358180965775903,8.094644733483081,0.25374052474286773
final_answer_position,15,middle,true_belief_pressure_delta,delta_evidence_true_belief_pressure,negative,80,0.010004248660868034,-0.04106891701828411,9.031039226097043,0.30654486084645366
final_answer_position,16,middle,true_belief_pressure_delta,delta_evidence_true_belief_pressure,negative,80,0.14448695983058682,0.11673699015471167,9.461752675994498,0.3305522378339138
final_answer_position,17,middle,true_belief_pressure_delta,delta_evidence_true_belief_pressure,negative,80,0.14927463791479692,0.14990623534927333,9.977731025556626,0.3918763644285731
final_answer_position,18,middle,true_belief_pressure_delta,delta_evidence_true_belief_pressure,negative,80,0.22518345799755193,0.24946085325832162,12.938906323128748,0.4941506506553513
final_answer_position,19,middle,true_belief_pressure_delta,delta_evidence_true_belief_pressure,negative,80,-0.1032047622499065,-0.09036568213783404,16.923231355343297,0.952663997260486
final_answer_position,20,middle,true_belief_pressure_delta,delta_evidence_true_belief_pressure,negative,80,-0.18287058583419086,-0.2104313173933427,20.33281381999793,1.2875778073292434
final_answer_position,21,middle,true_belief_pressure_delta,delta_evidence_true_belief_pressure,negative,80,-0.17561431614686537,-0.1748007501172058,22.298067582331505,1.366687164600975
final_answer_position,22,middle,true_belief_pressure_delta,delta_evidence_true_belief_pressure,negative,80,-0.11945957919673997,-0.14006094702297234,21.810142860178466,1.8867846775684682
final_answer_position,23,middle,true_belief_pressure_delta,delta_evidence_true_belief_pressure,negative,80,-0.07556302454835853,-0.0950070323488045,27.158487820112008,3.180175300847269
final_answer_position,24,late,true_belief_pressure_delta,delta_evidence_true_belief_pressure,negative,80,-0.07371827012087827,-0.08415377402719175,32.76598667538532,4.195896150199108
final_answer_position,25,late,true_belief_pressure_delta,delta_evidence_true_belief_pressure,negative,80,-0.07060324812874005,-0.08098921706516643,33.61785692365481,3.941878880681567
final_answer_position,26,late,true_belief_pressure_delta,delta_evidence_true_belief_pressure,negative,80,-0.04621416043273434,-0.06359587435536802,37.32003588905011,4.237966616248449
final_answer_position,27,late,true_belief_pressure_delta,delta_evidence_true_belief_pressure,negative,80,-0.034345248015992355,-0.03572433192686357,41.02391035639495,4.5290560951170695
final_answer_position,28,late,true_belief_pressure_delta,delta_evidence_true_belief_pressure,negative,80,-0.016171724558042527,-0.041795593061415844,43.75189052567016,4.665699041660297
final_answer_position,29,late,true_belief_pressure_delta,delta_evidence_true_belief_pressure,negative,80,0.00039141951801170894,-0.028105954055321142,46.556261997805095,5.107470386036824
final_answer_position,30,late,true_belief_pressure_delta,delta_evidence_true_belief_pressure,negative,80,0.007358573238815839,-0.0216361931551805,51.4815970536628,5.7449925189366295
final_answer_position,31,late,true_belief_pressure_delta,delta_evidence_true_belief_pressure,negative,80,0.028879270323419658,0.009165494608532583,56.38601265236889,6.284574324732215
final_answer_position,32,late,true_belief_pressure_delta,delta_evidence_true_belief_pressure,negative,80,0.06266042631578125,0.053445850914205346,63.58608715516168,7.082810683859265
final_answer_position,33,late,true_belief_pressure_delta,delta_evidence_true_belief_pressure,negative,80,0.06262589585262568,0.01915142991092358,71.35375305833976,7.590237099795292
final_answer_position,34,late,true_belief_pressure_delta,delta_evidence_true_belief_pressure,negative,80,-0.0376973564492106,-0.0986404125644632,88.09018209642288,8.456461726111227
final_answer_position,35,late,true_belief_pressure_delta,delta_evidence_true_belief_pressure,negative,80,-0.4230959972154041,-0.44456165025785277,47.8419260524664,7.176137492448181
final_answer_position,0,early,true_rationale_pressure_delta,delta_evidence_true_rationale_pressure,negative,80,-0.04039243802878299,0.05902484763244257,0.5973458825285338,0.40688072344925236
final_answer_position,1,early,true_rationale_pressure_delta,delta_evidence_true_rationale_pressure,negative,80,-0.047908450567419214,0.04369432723863104,0.7614804436020275,0.38237478178109335
final_answer_position,2,early,true_rationale_pressure_delta,delta_evidence_true_rationale_pressure,negative,80,-0.05815191520868921,-0.030285982184716363,1.0346758823084703,0.3427595424289278
final_answer_position,3,early,true_rationale_pressure_delta,delta_evidence_true_rationale_pressure,negative,80,-0.017986331029073672,-0.01919831223628692,1.6121052819583892,0.25257255003833134
final_answer_position,4,early,true_rationale_pressure_delta,delta_evidence_true_rationale_pressure,negative,80,0.005707248971922447,-0.006610407876230661,2.0920926319365662,0.22188987010591513
final_answer_position,5,early,true_rationale_pressure_delta,delta_evidence_true_rationale_pressure,negative,80,0.140207841809124,0.009892170651664322,2.716023275275895,0.17660751046606485
final_answer_position,6,early,true_rationale_pressure_delta,delta_evidence_true_rationale_pressure,negative,80,0.22976190233746993,0.15255508673230192,3.6492605032636205,0.1898839072591354
final_answer_position,7,early,true_rationale_pressure_delta,delta_evidence_true_rationale_pressure,negative,80,0.28068297021448857,0.2254102203469292,4.554347339514509,0.2230908638058661
final_answer_position,8,early,true_rationale_pressure_delta,delta_evidence_true_rationale_pressure,negative,80,0.3261747458640319,0.24071729957805907,6.026796224911548,0.28057442649104775
final_answer_position,9,early,true_rationale_pressure_delta,delta_evidence_true_rationale_pressure,negative,80,0.3683566197273713,0.2971870604781997,6.317597477375355,0.29165028589458664
final_answer_position,10,early,true_rationale_pressure_delta,delta_evidence_true_rationale_pressure,negative,80,0.278237912244876,0.18216127519924988,6.582931742703148,0.27406705817935595
final_answer_position,11,early,true_rationale_pressure_delta,delta_evidence_true_rationale_pressure,negative,80,0.2645752773409684,0.18406000937646508,6.168058036728285,0.26410936901300885
final_answer_position,12,middle,true_rationale_pressure_delta,delta_evidence_true_rationale_pressure,negative,80,0.23505945690163813,0.12655883731833098,7.329559375975957,0.27386674095845587
final_answer_position,13,middle,true_rationale_pressure_delta,delta_evidence_true_rationale_pressure,negative,80,0.17917966929867557,0.10480543834974215,8.061731067928669,0.2733840460312628
final_answer_position,14,middle,true_rationale_pressure_delta,delta_evidence_true_rationale_pressure,negative,80,0.18717564134286352,0.024003750586029066,7.879357325179906,0.26081528738163795
final_answer_position,15,middle,true_rationale_pressure_delta,delta_evidence_true_rationale_pressure,negative,80,0.22399542525230362,0.15965775902484763,8.885726603149642,0.33096668150655767
final_answer_position,16,middle,true_rationale_pressure_delta,delta_evidence_true_rationale_pressure,negative,80,0.24619916497766983,0.19831223628691982,9.365641515376444,0.3608323800145497
final_answer_position,17,middle,true_rationale_pressure_delta,delta_evidence_true_rationale_pressure,negative,80,0.1512728216718228,0.16741678387248007,9.993812979078468,0.39901943950597885
final_answer_position,18,middle,true_rationale_pressure_delta,delta_evidence_true_rationale_pressure,negative,80,0.047613528568485594,0.1619549929676512,12.785087328320275,0.48141620835206145
final_answer_position,19,middle,true_rationale_pressure_delta,delta_evidence_true_rationale_pressure,negative,80,-0.0561894321419181,-0.06671354899203001,17.291731180088625,1.1120675548135712
final_answer_position,20,middle,true_rationale_pressure_delta,delta_evidence_true_rationale_pressure,negative,80,0.0335701531980363,0.06514299109235819,20.708257766821117,1.345428066501111
final_answer_position,21,middle,true_rationale_pressure_delta,delta_evidence_true_rationale_pressure,negative,80,-0.024615823453256993,0.06945616502578528,22.980464109434273,1.4865133932991619
final_answer_position,22,middle,true_rationale_pressure_delta,delta_evidence_true_rationale_pressure,negative,80,-0.034142777719900375,0.1563525550867323,22.520022877454117,2.2406542362401054
final_answer_position,23,middle,true_rationale_pressure_delta,delta_evidence_true_rationale_pressure,negative,80,0.016121807240172384,0.22794186591654947,28.128975379557765,3.636422019515612
final_answer_position,24,late,true_rationale_pressure_delta,delta_evidence_true_rationale_pressure,negative,80,-0.09870962728731021,0.21659634317862167,33.47700605045357,4.973040032133103
final_answer_position,25,late,true_rationale_pressure_delta,delta_evidence_true_rationale_pressure,negative,80,-0.13439662644418984,0.18659165494608532,34.904422411316666,4.8801504381060115
final_answer_position,26,late,true_rationale_pressure_delta,delta_evidence_true_rationale_pressure,negative,80,-0.1285285093539334,0.16033755274261605,38.83210042053517,5.552756790906109
final_answer_position,27,late,true_rationale_pressure_delta,delta_evidence_true_rationale_pressure,negative,80,-0.13193791847461503,0.17712142522269106,42.75939158589607,6.0735320951517995
final_answer_position,28,late,true_rationale_pressure_delta,delta_evidence_true_rationale_pressure,negative,80,-0.17651080243101436,0.18513830285982186,46.00097179307149,7.107289936701316
final_answer_position,29,late,true_rationale_pressure_delta,delta_evidence_true_rationale_pressure,negative,80,-0.22668644887472572,0.17196436943272386,48.861874071277356,8.22845319589122
final_answer_position,30,late,true_rationale_pressure_delta,delta_evidence_true_rationale_pressure,negative,80,-0.2457946712921631,0.1702062822315987,54.10043578849476,9.679014614753509
final_answer_position,31,late,true_rationale_pressure_delta,delta_evidence_true_rationale_pressure,negative,80,-0.23537354405691865,0.22524613220815753,59.70438446221326,11.314433069287254
final_answer_position,32,late,true_rationale_pressure_delta,delta_evidence_true_rationale_pressure,negative,80,-0.21609041326879633,0.29322550398499764,66.91300759345356,12.561256284788502
final_answer_position,33,late,true_rationale_pressure_delta,delta_evidence_true_rationale_pressure,negative,80,-0.23844669741939797,0.2155883731833099,75.58993488621783,13.275270254319363
final_answer_position,34,late,true_rationale_pressure_delta,delta_evidence_true_rationale_pressure,negative,80,-0.32304830105188037,-0.09582747304266291,93.92849545425305,15.006901392976546
final_answer_position,35,late,true_rationale_pressure_delta,delta_evidence_true_rationale_pressure,negative,80,-0.5833338415181653,-0.5829113924050633,47.601177465895276,8.103681348792504
final_answer_position,0,early,distractor_delta,delta_evidence_distractor_neutral,absolute,80,-0.15921118966048065,-0.17107360525082044,0.4526668148414247,0.19126411548332106
final_answer_position,1,early,distractor_delta,delta_evidence_distractor_neutral,absolute,80,-0.15895893052829624,-0.17412095639943742,0.5364033196152003,0.17569176211705892
final_answer_position,2,early,distractor_delta,delta_evidence_distractor_neutral,absolute,80,-0.17480829576003,-0.19132676980778246,0.6815539284384414,0.17557181722650414
final_answer_position,3,early,distractor_delta,delta_evidence_distractor_neutral,absolute,80,-0.17473864257741395,-0.18886544772620723,0.8222697139391867,0.1663534901226769
final_answer_position,4,early,distractor_delta,delta_evidence_distractor_neutral,absolute,80,-0.09778906600970132,-0.15335208626347868,1.0730556088099912,0.1741185153957188
final_answer_position,5,early,distractor_delta,delta_evidence_distractor_neutral,absolute,80,0.051550774460968216,-0.0008438818565400844,1.4135971448458766,0.16690103411137708
final_answer_position,6,early,distractor_delta,delta_evidence_distractor_neutral,absolute,80,-0.02829387043927518,-0.056657290201594,1.7994234256587922,0.19531994797288912
final_answer_position,7,early,distractor_delta,delta_evidence_distractor_neutral,absolute,80,-0.03586321108370476,-0.055368026254102205,2.2418732053342594,0.2255963460389843
final_answer_position,8,early,distractor_delta,delta_evidence_distractor_neutral,absolute,80,0.04329304444929412,0.03143459915611815,2.9103550808160112,0.24643032891875402
final_answer_position,9,early,distractor_delta,delta_evidence_distractor_neutral,absolute,80,0.10958489937477339,0.09240506329113925,2.9739531903379985,0.2319431664729239
final_answer_position,10,early,distractor_delta,delta_evidence_distractor_neutral,absolute,80,0.10957841965151839,0.14906235349273325,3.215224880810072,0.24727788996476094
final_answer_position,11,early,distractor_delta,delta_evidence_distractor_neutral,absolute,80,0.13749193329272255,0.15084388185654007,3.114127285869951,0.22801517564964077
final_answer_position,12,middle,distractor_delta,delta_evidence_distractor_neutral,absolute,80,0.20693191654688048,0.23520862634786685,3.4054216672824618,0.23268202073337013
final_answer_position,13,middle,distractor_delta,delta_evidence_distractor_neutral,absolute,80,0.24790664820717406,0.25609470229723397,3.6912495150373337,0.24662604840165125
final_answer_position,14,middle,distractor_delta,delta_evidence_distractor_neutral,absolute,80,0.20079907489673163,0.21343178621659634,3.853042510518155,0.2792846867446404
final_answer_position,15,middle,distractor_delta,delta_evidence_distractor_neutral,absolute,80,0.17908797338915866,0.18225503984997657,4.144486977567771,0.32098491231645093
final_answer_position,16,middle,distractor_delta,delta_evidence_distractor_neutral,absolute,80,0.1808782785208575,0.1898499765588373,4.510073203798942,0.3095556324838752
final_answer_position,17,middle,distractor_delta,delta_evidence_distractor_neutral,absolute,80,0.1504692117815361,0.1726207219878106,4.787184850490764,0.2663288068067264
final_answer_position,18,middle,distractor_delta,delta_evidence_distractor_neutral,absolute,80,0.06582403044776479,0.05935302390998594,5.6239820734254975,0.3742257206849645
final_answer_position,19,middle,distractor_delta,delta_evidence_distractor_neutral,absolute,80,-0.03597304912771553,-0.00426629160806376,7.242864548567364,0.5844747194835431
final_answer_position,20,middle,distractor_delta,delta_evidence_distractor_neutral,absolute,80,-0.07143847354272607,-0.07531645569620253,8.888597593235364,1.17536211996091
final_answer_position,21,middle,distractor_delta,delta_evidence_distractor_neutral,absolute,80,-0.1119994136334868,-0.10058602906704173,9.408924063490295,1.1313084661686024
final_answer_position,22,middle,distractor_delta,delta_evidence_distractor_neutral,absolute,80,-0.1049145685391163,-0.10339896858884201,9.233628627494655,1.0883357977796182
final_answer_position,23,middle,distractor_delta,delta_evidence_distractor_neutral,absolute,80,-0.12605398242731625,-0.136615096108767,10.150567688952902,1.3716568630621842
final_answer_position,24,late,distractor_delta,delta_evidence_distractor_neutral,absolute,80,-0.0529124898010188,-0.06218940459446789,11.511734398034408,1.6089197089688307
final_answer_position,25,late,distractor_delta,delta_evidence_distractor_neutral,absolute,80,-0.04305916630409719,-0.034950773558368495,12.160433413167391,1.5694062023121162
final_answer_position,26,late,distractor_delta,delta_evidence_distractor_neutral,absolute,80,-0.04653238189919024,-0.07550398499765588,13.088621357062133,1.794603320044854
final_answer_position,27,late,distractor_delta,delta_evidence_distractor_neutral,absolute,80,-0.045999735126329946,-0.06132208157524613,14.15040050615298,1.9509814617849486
final_answer_position,28,late,distractor_delta,delta_evidence_distractor_neutral,absolute,80,-0.02941163214790478,-0.023605250820440692,15.392743813332753,2.082931780194858
final_answer_position,29,late,distractor_delta,delta_evidence_distractor_neutral,absolute,80,-0.02044497314221428,-0.017815283638068447,16.400587358752265,2.211376368231879
final_answer_position,30,late,distractor_delta,delta_evidence_distractor_neutral,absolute,80,0.005101548043932444,0.012400375058602907,18.033046548647388,2.458810611535763
final_answer_position,31,late,distractor_delta,delta_evidence_distractor_neutral,absolute,80,0.04637771058531382,0.09573370839193623,20.377402726097593,2.650279011611056
final_answer_position,32,late,distractor_delta,delta_evidence_distractor_neutral,absolute,80,0.13052740104772842,0.2041022034692921,24.467275354784817,2.8520870491827357
final_answer_position,33,late,distractor_delta,delta_evidence_distractor_neutral,absolute,80,0.11430578693662113,0.15836849507735584,28.38147837786614,3.055805410917048
final_answer_position,34,late,distractor_delta,delta_evidence_distractor_neutral,absolute,80,0.18989800183454922,0.19777308954524145,38.45678858349241,4.667483699504446
final_answer_position,35,late,distractor_delta,delta_evidence_distractor_neutral,absolute,80,0.3384550944733922,0.28626347866854196,18.081618974937214,2.319630849070711
