anchor,layer_index,layer_bucket,cosine_pair,n_families,mean_cosine,median_cosine,std_cosine,min_cosine,max_cosine
end_of_answer_choices,0,early,authority_vs_distractor,80,0.0,0.0,0.0,0.0,0.0
end_of_answer_choices,0,early,emotional_vs_authority,80,0.0,0.0,0.0,0.0,0.0
end_of_answer_choices,0,early,emotional_vs_distractor,80,0.0,0.0,0.0,0.0,0.0
end_of_answer_choices,0,early,false_belief_vs_authority,80,0.0,0.0,0.0,0.0,0.0
end_of_answer_choices,0,early,false_belief_vs_distractor,80,0.0,0.0,0.0,0.0,0.0
end_of_answer_choices,0,early,false_belief_vs_emotional,80,0.0,0.0,0.0,0.0,0.0
end_of_answer_choices,0,early,false_belief_vs_false_rationale,80,0.0,0.0,0.0,0.0,0.0
end_of_answer_choices,0,early,false_belief_vs_true_belief,80,0.0,0.0,0.0,0.0,0.0
end_of_answer_choices,0,early,false_belief_vs_true_rationale,80,0.0,0.0,0.0,0.0,0.0
end_of_answer_choices,0,early,false_rationale_vs_authority,80,0.0,0.0,0.0,0.0,0.0
end_of_answer_choices,0,early,false_rationale_vs_emotional,80,0.0,0.0,0.0,0.0,0.0
end_of_answer_choices,1,early,authority_vs_distractor,80,0.0,0.0,0.0,0.0,0.0
end_of_answer_choices,1,early,emotional_vs_authority,80,0.0,0.0,0.0,0.0,0.0
end_of_answer_choices,1,early,emotional_vs_distractor,80,0.0,0.0,0.0,0.0,0.0
end_of_answer_choices,1,early,false_belief_vs_authority,80,0.0,0.0,0.0,0.0,0.0
end_of_answer_choices,1,early,false_belief_vs_distractor,80,0.0,0.0,0.0,0.0,0.0
end_of_answer_choices,1,early,false_belief_vs_emotional,80,0.0,0.0,0.0,0.0,0.0
end_of_answer_choices,1,early,false_belief_vs_false_rationale,80,0.0,0.0,0.0,0.0,0.0
end_of_answer_choices,1,early,false_belief_vs_true_belief,80,0.0,0.0,0.0,0.0,0.0
end_of_answer_choices,1,early,false_belief_vs_true_rationale,80,0.0,0.0,0.0,0.0,0.0
end_of_answer_choices,1,early,false_rationale_vs_authority,80,0.0,0.0,0.0,0.0,0.0
end_of_answer_choices,1,early,false_rationale_vs_emotional,80,0.0,0.0,0.0,0.0,0.0
end_of_answer_choices,2,early,authority_vs_distractor,80,0.0,0.0,0.0,0.0,0.0
end_of_answer_choices,2,early,emotional_vs_authority,80,0.0,0.0,0.0,0.0,0.0
end_of_answer_choices,2,early,emotional_vs_distractor,80,0.0,0.0,0.0,0.0,0.0
end_of_answer_choices,2,early,false_belief_vs_authority,80,0.0,0.0,0.0,0.0,0.0
end_of_answer_choices,2,early,false_belief_vs_distractor,80,0.0,0.0,0.0,0.0,0.0
end_of_answer_choices,2,early,false_belief_vs_emotional,80,0.0,0.0,0.0,0.0,0.0
end_of_answer_choices,2,early,false_belief_vs_false_rationale,80,0.0,0.0,0.0,0.0,0.0
end_of_answer_choices,2,early,false_belief_vs_true_belief,80,0.0,0.0,0.0,0.0,0.0
end_of_answer_choices,2,early,false_belief_vs_true_rationale,80,0.0,0.0,0.0,0.0,0.0
end_of_answer_choices,2,early,false_rationale_vs_authority,80,0.0,0.0,0.0,0.0,0.0
end_of_answer_choices,2,early,false_rationale_vs_emotional,80,0.0,0.0,0.0,0.0,0.0
end_of_answer_choices,3,early,authority_vs_distractor,80,0.0,0.0,0.0,0.0,0.0
end_of_answer_choices,3,early,emotional_vs_authority,80,0.0,0.0,0.0,0.0,0.0
end_of_answer_choices,3,early,emotional_vs_distractor,80,0.0,0.0,0.0,0.0,0.0
end_of_answer_choices,3,early,false_belief_vs_authority,80,0.0,0.0,0.0,0.0,0.0
end_of_answer_choices,3,early,false_belief_vs_distractor,80,0.0,0.0,0.0,0.0,0.0
end_of_answer_choices,3,early,false_belief_vs_emotional,80,0.0,0.0,0.0,0.0,0.0
end_of_answer_choices,3,early,false_belief_vs_false_rationale,80,0.0,0.0,0.0,0.0,0.0
end_of_answer_choices,3,early,false_belief_vs_true_belief,80,0.0,0.0,0.0,0.0,0.0
end_of_answer_choices,3,early,false_belief_vs_true_rationale,80,0.0,0.0,0.0,0.0,0.0
end_of_answer_choices,3,early,false_rationale_vs_authority,80,0.0,0.0,0.0,0.0,0.0
end_of_answer_choices,3,early,false_rationale_vs_emotional,80,0.0,0.0,0.0,0.0,0.0
end_of_answer_choices,4,early,authority_vs_distractor,80,0.0,0.0,0.0,0.0,0.0
end_of_answer_choices,4,early,emotional_vs_authority,80,0.0,0.0,0.0,0.0,0.0
end_of_answer_choices,4,early,emotional_vs_distractor,80,0.0,0.0,0.0,0.0,0.0
end_of_answer_choices,4,early,false_belief_vs_authority,80,0.0,0.0,0.0,0.0,0.0
end_of_answer_choices,4,early,false_belief_vs_distractor,80,0.0,0.0,0.0,0.0,0.0
end_of_answer_choices,4,early,false_belief_vs_emotional,80,0.0,0.0,0.0,0.0,0.0
end_of_answer_choices,4,early,false_belief_vs_false_rationale,80,0.0,0.0,0.0,0.0,0.0
end_of_answer_choices,4,early,false_belief_vs_true_belief,80,0.0,0.0,0.0,0.0,0.0
end_of_answer_choices,4,early,false_belief_vs_true_rationale,80,0.0,0.0,0.0,0.0,0.0
end_of_answer_choices,4,early,false_rationale_vs_authority,80,0.0,0.0,0.0,0.0,0.0
end_of_answer_choices,4,early,false_rationale_vs_emotional,80,0.0,0.0,0.0,0.0,0.0
end_of_answer_choices,5,early,authority_vs_distractor,80,0.0,0.0,0.0,0.0,0.0
end_of_answer_choices,5,early,emotional_vs_authority,80,0.0,0.0,0.0,0.0,0.0
end_of_answer_choices,5,early,emotional_vs_distractor,80,0.0,0.0,0.0,0.0,0.0
end_of_answer_choices,5,early,false_belief_vs_authority,80,0.0,0.0,0.0,0.0,0.0
end_of_answer_choices,5,early,false_belief_vs_distractor,80,0.0,0.0,0.0,0.0,0.0
end_of_answer_choices,5,early,false_belief_vs_emotional,80,0.0,0.0,0.0,0.0,0.0
end_of_answer_choices,5,early,false_belief_vs_false_rationale,80,0.0,0.0,0.0,0.0,0.0
end_of_answer_choices,5,early,false_belief_vs_true_belief,80,0.0,0.0,0.0,0.0,0.0
end_of_answer_choices,5,early,false_belief_vs_true_rationale,80,0.0,0.0,0.0,0.0,0.0
end_of_answer_choices,5,early,false_rationale_vs_authority,80,0.0,0.0,0.0,0.0,0.0
end_of_answer_choices,5,early,false_rationale_vs_emotional,80,0.0,0.0,0.0,0.0,0.0
end_of_answer_choices,6,early,authority_vs_distractor,80,0.0,0.0,0.0,0.0,0.0
end_of_answer_choices,6,early,emotional_vs_authority,80,0.0,0.0,0.0,0.0,0.0
end_of_answer_choices,6,early,emotional_vs_distractor,80,0.0,0.0,0.0,0.0,0.0
end_of_answer_choices,6,early,false_belief_vs_authority,80,0.0,0.0,0.0,0.0,0.0
end_of_answer_choices,6,early,false_belief_vs_distractor,80,0.0,0.0,0.0,0.0,0.0
end_of_answer_choices,6,early,false_belief_vs_emotional,80,0.0,0.0,0.0,0.0,0.0
end_of_answer_choices,6,early,false_belief_vs_false_rationale,80,0.0,0.0,0.0,0.0,0.0
end_of_answer_choices,6,early,false_belief_vs_true_belief,80,0.0,0.0,0.0,0.0,0.0
end_of_answer_choices,6,early,false_belief_vs_true_rationale,80,0.0,0.0,0.0,0.0,0.0
end_of_answer_choices,6,early,false_rationale_vs_authority,80,0.0,0.0,0.0,0.0,0.0
end_of_answer_choices,6,early,false_rationale_vs_emotional,80,0.0,0.0,0.0,0.0,0.0
end_of_answer_choices,7,early,authority_vs_distractor,80,0.0,0.0,0.0,0.0,0.0
end_of_answer_choices,7,early,emotional_vs_authority,80,0.0,0.0,0.0,0.0,0.0
end_of_answer_choices,7,early,emotional_vs_distractor,80,0.0,0.0,0.0,0.0,0.0
end_of_answer_choices,7,early,false_belief_vs_authority,80,0.0,0.0,0.0,0.0,0.0
end_of_answer_choices,7,early,false_belief_vs_distractor,80,0.0,0.0,0.0,0.0,0.0
end_of_answer_choices,7,early,false_belief_vs_emotional,80,0.0,0.0,0.0,0.0,0.0
end_of_answer_choices,7,early,false_belief_vs_false_rationale,80,0.0,0.0,0.0,0.0,0.0
end_of_answer_choices,7,early,false_belief_vs_true_belief,80,0.0,0.0,0.0,0.0,0.0
end_of_answer_choices,7,early,false_belief_vs_true_rationale,80,0.0,0.0,0.0,0.0,0.0
end_of_answer_choices,7,early,false_rationale_vs_authority,80,0.0,0.0,0.0,0.0,0.0
end_of_answer_choices,7,early,false_rationale_vs_emotional,80,0.0,0.0,0.0,0.0,0.0
end_of_answer_choices,8,early,authority_vs_distractor,80,0.0,0.0,0.0,0.0,0.0
end_of_answer_choices,8,early,emotional_vs_authority,80,0.0,0.0,0.0,0.0,0.0
end_of_answer_choices,8,early,emotional_vs_distractor,80,0.0,0.0,0.0,0.0,0.0
end_of_answer_choices,8,early,false_belief_vs_authority,80,0.0,0.0,0.0,0.0,0.0
end_of_answer_choices,8,early,false_belief_vs_distractor,80,0.0,0.0,0.0,0.0,0.0
end_of_answer_choices,8,early,false_belief_vs_emotional,80,0.0,0.0,0.0,0.0,0.0
end_of_answer_choices,8,early,false_belief_vs_false_rationale,80,0.0,0.0,0.0,0.0,0.0
end_of_answer_choices,8,early,false_belief_vs_true_belief,80,0.0,0.0,0.0,0.0,0.0
end_of_answer_choices,8,early,false_belief_vs_true_rationale,80,0.0,0.0,0.0,0.0,0.0
end_of_answer_choices,8,early,false_rationale_vs_authority,80,0.0,0.0,0.0,0.0,0.0
end_of_answer_choices,8,early,false_rationale_vs_emotional,80,0.0,0.0,0.0,0.0,0.0
end_of_answer_choices,9,early,authority_vs_distractor,80,0.0,0.0,0.0,0.0,0.0
end_of_answer_choices,9,early,emotional_vs_authority,80,0.0,0.0,0.0,0.0,0.0
end_of_answer_choices,9,early,emotional_vs_distractor,80,0.0,0.0,0.0,0.0,0.0
end_of_answer_choices,9,early,false_belief_vs_authority,80,0.0,0.0,0.0,0.0,0.0
end_of_answer_choices,9,early,false_belief_vs_distractor,80,0.0,0.0,0.0,0.0,0.0
end_of_answer_choices,9,early,false_belief_vs_emotional,80,0.0,0.0,0.0,0.0,0.0
end_of_answer_choices,9,early,false_belief_vs_false_rationale,80,0.0,0.0,0.0,0.0,0.0
end_of_answer_choices,9,early,false_belief_vs_true_belief,80,0.0,0.0,0.0,0.0,0.0
end_of_answer_choices,9,early,false_belief_vs_true_rationale,80,0.0,0.0,0.0,0.0,0.0
end_of_answer_choices,9,early,false_rationale_vs_authority,80,0.0,0.0,0.0,0.0,0.0
end_of_answer_choices,9,early,false_rationale_vs_emotional,80,0.0,0.0,0.0,0.0,0.0
end_of_answer_choices,10,early,authority_vs_distractor,80,0.0,0.0,0.0,0.0,0.0
end_of_answer_choices,10,early,emotional_vs_authority,80,0.0,0.0,0.0,0.0,0.0
end_of_answer_choices,10,early,emotional_vs_distractor,80,0.0,0.0,0.0,0.0,0.0
end_of_answer_choices,10,early,false_belief_vs_authority,80,0.0,0.0,0.0,0.0,0.0
end_of_answer_choices,10,early,false_belief_vs_distractor,80,0.0,0.0,0.0,0.0,0.0
end_of_answer_choices,10,early,false_belief_vs_emotional,80,0.0,0.0,0.0,0.0,0.0
end_of_answer_choices,10,early,false_belief_vs_false_rationale,80,0.0,0.0,0.0,0.0,0.0
end_of_answer_choices,10,early,false_belief_vs_true_belief,80,0.0,0.0,0.0,0.0,0.0
end_of_answer_choices,10,early,false_belief_vs_true_rationale,80,0.0,0.0,0.0,0.0,0.0
end_of_answer_choices,10,early,false_rationale_vs_authority,80,0.0,0.0,0.0,0.0,0.0
end_of_answer_choices,10,early,false_rationale_vs_emotional,80,0.0,0.0,0.0,0.0,0.0
end_of_answer_choices,11,early,authority_vs_distractor,80,0.0,0.0,0.0,0.0,0.0
end_of_answer_choices,11,early,emotional_vs_authority,80,0.0,0.0,0.0,0.0,0.0
end_of_answer_choices,11,early,emotional_vs_distractor,80,0.0,0.0,0.0,0.0,0.0
end_of_answer_choices,11,early,false_belief_vs_authority,80,0.0,0.0,0.0,0.0,0.0
end_of_answer_choices,11,early,false_belief_vs_distractor,80,0.0,0.0,0.0,0.0,0.0
end_of_answer_choices,11,early,false_belief_vs_emotional,80,0.0,0.0,0.0,0.0,0.0
end_of_answer_choices,11,early,false_belief_vs_false_rationale,80,0.0,0.0,0.0,0.0,0.0
end_of_answer_choices,11,early,false_belief_vs_true_belief,80,0.0,0.0,0.0,0.0,0.0
end_of_answer_choices,11,early,false_belief_vs_true_rationale,80,0.0,0.0,0.0,0.0,0.0
end_of_answer_choices,11,early,false_rationale_vs_authority,80,0.0,0.0,0.0,0.0,0.0
end_of_answer_choices,11,early,false_rationale_vs_emotional,80,0.0,0.0,0.0,0.0,0.0
end_of_answer_choices,12,middle,authority_vs_distractor,80,0.0,0.0,0.0,0.0,0.0
end_of_answer_choices,12,middle,emotional_vs_authority,80,0.0,0.0,0.0,0.0,0.0
end_of_answer_choices,12,middle,emotional_vs_distractor,80,0.0,0.0,0.0,0.0,0.0
end_of_answer_choices,12,middle,false_belief_vs_authority,80,0.0,0.0,0.0,0.0,0.0
end_of_answer_choices,12,middle,false_belief_vs_distractor,80,0.0,0.0,0.0,0.0,0.0
end_of_answer_choices,12,middle,false_belief_vs_emotional,80,0.0,0.0,0.0,0.0,0.0
end_of_answer_choices,12,middle,false_belief_vs_false_rationale,80,0.0,0.0,0.0,0.0,0.0
end_of_answer_choices,12,middle,false_belief_vs_true_belief,80,0.0,0.0,0.0,0.0,0.0
end_of_answer_choices,12,middle,false_belief_vs_true_rationale,80,0.0,0.0,0.0,0.0,0.0
end_of_answer_choices,12,middle,false_rationale_vs_authority,80,0.0,0.0,0.0,0.0,0.0
end_of_answer_choices,12,middle,false_rationale_vs_emotional,80,0.0,0.0,0.0,0.0,0.0
end_of_answer_choices,13,middle,authority_vs_distractor,80,0.0,0.0,0.0,0.0,0.0
end_of_answer_choices,13,middle,emotional_vs_authority,80,0.0,0.0,0.0,0.0,0.0
end_of_answer_choices,13,middle,emotional_vs_distractor,80,0.0,0.0,0.0,0.0,0.0
end_of_answer_choices,13,middle,false_belief_vs_authority,80,0.0,0.0,0.0,0.0,0.0
end_of_answer_choices,13,middle,false_belief_vs_distractor,80,0.0,0.0,0.0,0.0,0.0
end_of_answer_choices,13,middle,false_belief_vs_emotional,80,0.0,0.0,0.0,0.0,0.0
end_of_answer_choices,13,middle,false_belief_vs_false_rationale,80,0.0,0.0,0.0,0.0,0.0
end_of_answer_choices,13,middle,false_belief_vs_true_belief,80,0.0,0.0,0.0,0.0,0.0
end_of_answer_choices,13,middle,false_belief_vs_true_rationale,80,0.0,0.0,0.0,0.0,0.0
end_of_answer_choices,13,middle,false_rationale_vs_authority,80,0.0,0.0,0.0,0.0,0.0
end_of_answer_choices,13,middle,false_rationale_vs_emotional,80,0.0,0.0,0.0,0.0,0.0
end_of_answer_choices,14,middle,authority_vs_distractor,80,0.0,0.0,0.0,0.0,0.0
end_of_answer_choices,14,middle,emotional_vs_authority,80,0.0,0.0,0.0,0.0,0.0
end_of_answer_choices,14,middle,emotional_vs_distractor,80,0.0,0.0,0.0,0.0,0.0
end_of_answer_choices,14,middle,false_belief_vs_authority,80,0.0,0.0,0.0,0.0,0.0
end_of_answer_choices,14,middle,false_belief_vs_distractor,80,0.0,0.0,0.0,0.0,0.0
end_of_answer_choices,14,middle,false_belief_vs_emotional,80,0.0,0.0,0.0,0.0,0.0
end_of_answer_choices,14,middle,false_belief_vs_false_rationale,80,0.0,0.0,0.0,0.0,0.0
end_of_answer_choices,14,middle,false_belief_vs_true_belief,80,0.0,0.0,0.0,0.0,0.0
end_of_answer_choices,14,middle,false_belief_vs_true_rationale,80,0.0,0.0,0.0,0.0,0.0
end_of_answer_choices,14,middle,false_rationale_vs_authority,80,0.0,0.0,0.0,0.0,0.0
end_of_answer_choices,14,middle,false_rationale_vs_emotional,80,0.0,0.0,0.0,0.0,0.0
end_of_answer_choices,15,middle,authority_vs_distractor,80,0.0,0.0,0.0,0.0,0.0
end_of_answer_choices,15,middle,emotional_vs_authority,80,0.0,0.0,0.0,0.0,0.0
end_of_answer_choices,15,middle,emotional_vs_distractor,80,0.0,0.0,0.0,0.0,0.0
end_of_answer_choices,15,middle,false_belief_vs_authority,80,0.0,0.0,0.0,0.0,0.0
end_of_answer_choices,15,middle,false_belief_vs_distractor,80,0.0,0.0,0.0,0.0,0.0
end_of_answer_choices,15,middle,false_belief_vs_emotional,80,0.0,0.0,0.0,0.0,0.0
end_of_answer_choices,15,middle,false_belief_vs_false_rationale,80,0.0,0.0,0.0,0.0,0.0
end_of_answer_choices,15,middle,false_belief_vs_true_belief,80,0.0,0.0,0.0,0.0,0.0
end_of_answer_choices,15,middle,false_belief_vs_true_rationale,80,0.0,0.0,0.0,0.0,0.0
end_of_answer_choices,15,middle,false_rationale_vs_authority,80,0.0,0.0,0.0,0.0,0.0
end_of_answer_choices,15,middle,false_rationale_vs_emotional,80,0.0,0.0,0.0,0.0,0.0
end_of_answer_choices,16,middle,authority_vs_distractor,80,0.0,0.0,0.0,0.0,0.0
end_of_answer_choices,16,middle,emotional_vs_authority,80,0.0,0.0,0.0,0.0,0.0
end_of_answer_choices,16,middle,emotional_vs_distractor,80,0.0,0.0,0.0,0.0,0.0
end_of_answer_choices,16,middle,false_belief_vs_authority,80,0.0,0.0,0.0,0.0,0.0
end_of_answer_choices,16,middle,false_belief_vs_distractor,80,0.0,0.0,0.0,0.0,0.0
end_of_answer_choices,16,middle,false_belief_vs_emotional,80,0.0,0.0,0.0,0.0,0.0
end_of_answer_choices,16,middle,false_belief_vs_false_rationale,80,0.0,0.0,0.0,0.0,0.0
end_of_answer_choices,16,middle,false_belief_vs_true_belief,80,0.0,0.0,0.0,0.0,0.0
end_of_answer_choices,16,middle,false_belief_vs_true_rationale,80,0.0,0.0,0.0,0.0,0.0
end_of_answer_choices,16,middle,false_rationale_vs_authority,80,0.0,0.0,0.0,0.0,0.0
end_of_answer_choices,16,middle,false_rationale_vs_emotional,80,0.0,0.0,0.0,0.0,0.0
end_of_answer_choices,17,middle,authority_vs_distractor,80,0.0,0.0,0.0,0.0,0.0
end_of_answer_choices,17,middle,emotional_vs_authority,80,0.0,0.0,0.0,0.0,0.0
end_of_answer_choices,17,middle,emotional_vs_distractor,80,0.0,0.0,0.0,0.0,0.0
end_of_answer_choices,17,middle,false_belief_vs_authority,80,0.0,0.0,0.0,0.0,0.0
end_of_answer_choices,17,middle,false_belief_vs_distractor,80,0.0,0.0,0.0,0.0,0.0
end_of_answer_choices,17,middle,false_belief_vs_emotional,80,0.0,0.0,0.0,0.0,0.0
end_of_answer_choices,17,middle,false_belief_vs_false_rationale,80,0.0,0.0,0.0,0.0,0.0
end_of_answer_choices,17,middle,false_belief_vs_true_belief,80,0.0,0.0,0.0,0.0,0.0
end_of_answer_choices,17,middle,false_belief_vs_true_rationale,80,0.0,0.0,0.0,0.0,0.0
end_of_answer_choices,17,middle,false_rationale_vs_authority,80,0.0,0.0,0.0,0.0,0.0
end_of_answer_choices,17,middle,false_rationale_vs_emotional,80,0.0,0.0,0.0,0.0,0.0
end_of_answer_choices,18,middle,authority_vs_distractor,80,0.0,0.0,0.0,0.0,0.0
end_of_answer_choices,18,middle,emotional_vs_authority,80,0.0,0.0,0.0,0.0,0.0
end_of_answer_choices,18,middle,emotional_vs_distractor,80,0.0,0.0,0.0,0.0,0.0
end_of_answer_choices,18,middle,false_belief_vs_authority,80,0.0,0.0,0.0,0.0,0.0
end_of_answer_choices,18,middle,false_belief_vs_distractor,80,0.0,0.0,0.0,0.0,0.0
end_of_answer_choices,18,middle,false_belief_vs_emotional,80,0.0,0.0,0.0,0.0,0.0
end_of_answer_choices,18,middle,false_belief_vs_false_rationale,80,0.0,0.0,0.0,0.0,0.0
end_of_answer_choices,18,middle,false_belief_vs_true_belief,80,0.0,0.0,0.0,0.0,0.0
end_of_answer_choices,18,middle,false_belief_vs_true_rationale,80,0.0,0.0,0.0,0.0,0.0
end_of_answer_choices,18,middle,false_rationale_vs_authority,80,0.0,0.0,0.0,0.0,0.0
end_of_answer_choices,18,middle,false_rationale_vs_emotional,80,0.0,0.0,0.0,0.0,0.0
end_of_answer_choices,19,middle,authority_vs_distractor,80,0.0,0.0,0.0,0.0,0.0
end_of_answer_choices,19,middle,emotional_vs_authority,80,0.0,0.0,0.0,0.0,0.0
end_of_answer_choices,19,middle,emotional_vs_distractor,80,0.0,0.0,0.0,0.0,0.0
end_of_answer_choices,19,middle,false_belief_vs_authority,80,0.0,0.0,0.0,0.0,0.0
end_of_answer_choices,19,middle,false_belief_vs_distractor,80,0.0,0.0,0.0,0.0,0.0
end_of_answer_choices,19,middle,false_belief_vs_emotional,80,0.0,0.0,0.0,0.0,0.0
end_of_answer_choices,19,middle,false_belief_vs_false_rationale,80,0.0,0.0,0.0,0.0,0.0
end_of_answer_choices,19,middle,false_belief_vs_true_belief,80,0.0,0.0,0.0,0.0,0.0
end_of_answer_choices,19,middle,false_belief_vs_true_rationale,80,0.0,0.0,0.0,0.0,0.0
end_of_answer_choices,19,middle,false_rationale_vs_authority,80,0.0,0.0,0.0,0.0,0.0
end_of_answer_choices,19,middle,false_rationale_vs_emotional,80,0.0,0.0,0.0,0.0,0.0
end_of_answer_choices,20,middle,authority_vs_distractor,80,0.0,0.0,0.0,0.0,0.0
end_of_answer_choices,20,middle,emotional_vs_authority,80,0.0,0.0,0.0,0.0,0.0
end_of_answer_choices,20,middle,emotional_vs_distractor,80,0.0,0.0,0.0,0.0,0.0
end_of_answer_choices,20,middle,false_belief_vs_authority,80,0.0,0.0,0.0,0.0,0.0
end_of_answer_choices,20,middle,false_belief_vs_distractor,80,0.0,0.0,0.0,0.0,0.0
end_of_answer_choices,20,middle,false_belief_vs_emotional,80,0.0,0.0,0.0,0.0,0.0
end_of_answer_choices,20,middle,false_belief_vs_false_rationale,80,0.0,0.0,0.0,0.0,0.0
end_of_answer_choices,20,middle,false_belief_vs_true_belief,80,0.0,0.0,0.0,0.0,0.0
end_of_answer_choices,20,middle,false_belief_vs_true_rationale,80,0.0,0.0,0.0,0.0,0.0
end_of_answer_choices,20,middle,false_rationale_vs_authority,80,0.0,0.0,0.0,0.0,0.0
end_of_answer_choices,20,middle,false_rationale_vs_emotional,80,0.0,0.0,0.0,0.0,0.0
end_of_answer_choices,21,middle,authority_vs_distractor,80,0.0,0.0,0.0,0.0,0.0
end_of_answer_choices,21,middle,emotional_vs_authority,80,0.0,0.0,0.0,0.0,0.0
end_of_answer_choices,21,middle,emotional_vs_distractor,80,0.0,0.0,0.0,0.0,0.0
end_of_answer_choices,21,middle,false_belief_vs_authority,80,0.0,0.0,0.0,0.0,0.0
end_of_answer_choices,21,middle,false_belief_vs_distractor,80,0.0,0.0,0.0,0.0,0.0
end_of_answer_choices,21,middle,false_belief_vs_emotional,80,0.0,0.0,0.0,0.0,0.0
end_of_answer_choices,21,middle,false_belief_vs_false_rationale,80,0.0,0.0,0.0,0.0,0.0
end_of_answer_choices,21,middle,false_belief_vs_true_belief,80,0.0,0.0,0.0,0.0,0.0
end_of_answer_choices,21,middle,false_belief_vs_true_rationale,80,0.0,0.0,0.0,0.0,0.0
end_of_answer_choices,21,middle,false_rationale_vs_authority,80,0.0,0.0,0.0,0.0,0.0
end_of_answer_choices,21,middle,false_rationale_vs_emotional,80,0.0,0.0,0.0,0.0,0.0
end_of_answer_choices,22,middle,authority_vs_distractor,80,0.0,0.0,0.0,0.0,0.0
end_of_answer_choices,22,middle,emotional_vs_authority,80,0.0,0.0,0.0,0.0,0.0
end_of_answer_choices,22,middle,emotional_vs_distractor,80,0.0,0.0,0.0,0.0,0.0
end_of_answer_choices,22,middle,false_belief_vs_authority,80,0.0,0.0,0.0,0.0,0.0
end_of_answer_choices,22,middle,false_belief_vs_distractor,80,0.0,0.0,0.0,0.0,0.0
end_of_answer_choices,22,middle,false_belief_vs_emotional,80,0.0,0.0,0.0,0.0,0.0
end_of_answer_choices,22,middle,false_belief_vs_false_rationale,80,0.0,0.0,0.0,0.0,0.0
end_of_answer_choices,22,middle,false_belief_vs_true_belief,80,0.0,0.0,0.0,0.0,0.0
end_of_answer_choices,22,middle,false_belief_vs_true_rationale,80,0.0,0.0,0.0,0.0,0.0
end_of_answer_choices,22,middle,false_rationale_vs_authority,80,0.0,0.0,0.0,0.0,0.0
end_of_answer_choices,22,middle,false_rationale_vs_emotional,80,0.0,0.0,0.0,0.0,0.0
end_of_answer_choices,23,middle,authority_vs_distractor,80,0.0,0.0,0.0,0.0,0.0
end_of_answer_choices,23,middle,emotional_vs_authority,80,0.0,0.0,0.0,0.0,0.0
end_of_answer_choices,23,middle,emotional_vs_distractor,80,0.0,0.0,0.0,0.0,0.0
end_of_answer_choices,23,middle,false_belief_vs_authority,80,0.0,0.0,0.0,0.0,0.0
end_of_answer_choices,23,middle,false_belief_vs_distractor,80,0.0,0.0,0.0,0.0,0.0
end_of_answer_choices,23,middle,false_belief_vs_emotional,80,0.0,0.0,0.0,0.0,0.0
end_of_answer_choices,23,middle,false_belief_vs_false_rationale,80,0.0,0.0,0.0,0.0,0.0
end_of_answer_choices,23,middle,false_belief_vs_true_belief,80,0.0,0.0,0.0,0.0,0.0
end_of_answer_choices,23,middle,false_belief_vs_true_rationale,80,0.0,0.0,0.0,0.0,0.0
end_of_answer_choices,23,middle,false_rationale_vs_authority,80,0.0,0.0,0.0,0.0,0.0
end_of_answer_choices,23,middle,false_rationale_vs_emotional,80,0.0,0.0,0.0,0.0,0.0
end_of_answer_choices,24,late,authority_vs_distractor,80,0.0,0.0,0.0,0.0,0.0
end_of_answer_choices,24,late,emotional_vs_authority,80,0.0,0.0,0.0,0.0,0.0
end_of_answer_choices,24,late,emotional_vs_distractor,80,0.0,0.0,0.0,0.0,0.0
end_of_answer_choices,24,late,false_belief_vs_authority,80,0.0,0.0,0.0,0.0,0.0
end_of_answer_choices,24,late,false_belief_vs_distractor,80,0.0,0.0,0.0,0.0,0.0
end_of_answer_choices,24,late,false_belief_vs_emotional,80,0.0,0.0,0.0,0.0,0.0
end_of_answer_choices,24,late,false_belief_vs_false_rationale,80,0.0,0.0,0.0,0.0,0.0
end_of_answer_choices,24,late,false_belief_vs_true_belief,80,0.0,0.0,0.0,0.0,0.0
end_of_answer_choices,24,late,false_belief_vs_true_rationale,80,0.0,0.0,0.0,0.0,0.0
end_of_answer_choices,24,late,false_rationale_vs_authority,80,0.0,0.0,0.0,0.0,0.0
end_of_answer_choices,24,late,false_rationale_vs_emotional,80,0.0,0.0,0.0,0.0,0.0
end_of_answer_choices,25,late,authority_vs_distractor,80,0.0,0.0,0.0,0.0,0.0
end_of_answer_choices,25,late,emotional_vs_authority,80,0.0,0.0,0.0,0.0,0.0
end_of_answer_choices,25,late,emotional_vs_distractor,80,0.0,0.0,0.0,0.0,0.0
end_of_answer_choices,25,late,false_belief_vs_authority,80,0.0,0.0,0.0,0.0,0.0
end_of_answer_choices,25,late,false_belief_vs_distractor,80,0.0,0.0,0.0,0.0,0.0
end_of_answer_choices,25,late,false_belief_vs_emotional,80,0.0,0.0,0.0,0.0,0.0
end_of_answer_choices,25,late,false_belief_vs_false_rationale,80,0.0,0.0,0.0,0.0,0.0
end_of_answer_choices,25,late,false_belief_vs_true_belief,80,0.0,0.0,0.0,0.0,0.0
end_of_answer_choices,25,late,false_belief_vs_true_rationale,80,0.0,0.0,0.0,0.0,0.0
end_of_answer_choices,25,late,false_rationale_vs_authority,80,0.0,0.0,0.0,0.0,0.0
end_of_answer_choices,25,late,false_rationale_vs_emotional,80,0.0,0.0,0.0,0.0,0.0
end_of_answer_choices,26,late,authority_vs_distractor,80,0.0,0.0,0.0,0.0,0.0
end_of_answer_choices,26,late,emotional_vs_authority,80,0.0,0.0,0.0,0.0,0.0
end_of_answer_choices,26,late,emotional_vs_distractor,80,0.0,0.0,0.0,0.0,0.0
end_of_answer_choices,26,late,false_belief_vs_authority,80,0.0,0.0,0.0,0.0,0.0
end_of_answer_choices,26,late,false_belief_vs_distractor,80,0.0,0.0,0.0,0.0,0.0
end_of_answer_choices,26,late,false_belief_vs_emotional,80,0.0,0.0,0.0,0.0,0.0
end_of_answer_choices,26,late,false_belief_vs_false_rationale,80,0.0,0.0,0.0,0.0,0.0
end_of_answer_choices,26,late,false_belief_vs_true_belief,80,0.0,0.0,0.0,0.0,0.0
end_of_answer_choices,26,late,false_belief_vs_true_rationale,80,0.0,0.0,0.0,0.0,0.0
end_of_answer_choices,26,late,false_rationale_vs_authority,80,0.0,0.0,0.0,0.0,0.0
end_of_answer_choices,26,late,false_rationale_vs_emotional,80,0.0,0.0,0.0,0.0,0.0
end_of_answer_choices,27,late,authority_vs_distractor,80,0.0,0.0,0.0,0.0,0.0
end_of_answer_choices,27,late,emotional_vs_authority,80,0.0,0.0,0.0,0.0,0.0
end_of_answer_choices,27,late,emotional_vs_distractor,80,0.0,0.0,0.0,0.0,0.0
end_of_answer_choices,27,late,false_belief_vs_authority,80,0.0,0.0,0.0,0.0,0.0
end_of_answer_choices,27,late,false_belief_vs_distractor,80,0.0,0.0,0.0,0.0,0.0
end_of_answer_choices,27,late,false_belief_vs_emotional,80,0.0,0.0,0.0,0.0,0.0
end_of_answer_choices,27,late,false_belief_vs_false_rationale,80,0.0,0.0,0.0,0.0,0.0
end_of_answer_choices,27,late,false_belief_vs_true_belief,80,0.0,0.0,0.0,0.0,0.0
end_of_answer_choices,27,late,false_belief_vs_true_rationale,80,0.0,0.0,0.0,0.0,0.0
end_of_answer_choices,27,late,false_rationale_vs_authority,80,0.0,0.0,0.0,0.0,0.0
end_of_answer_choices,27,late,false_rationale_vs_emotional,80,0.0,0.0,0.0,0.0,0.0
end_of_answer_choices,28,late,authority_vs_distractor,80,0.0,0.0,0.0,0.0,0.0
end_of_answer_choices,28,late,emotional_vs_authority,80,0.0,0.0,0.0,0.0,0.0
end_of_answer_choices,28,late,emotional_vs_distractor,80,0.0,0.0,0.0,0.0,0.0
end_of_answer_choices,28,late,false_belief_vs_authority,80,0.0,0.0,0.0,0.0,0.0
end_of_answer_choices,28,late,false_belief_vs_distractor,80,0.0,0.0,0.0,0.0,0.0
end_of_answer_choices,28,late,false_belief_vs_emotional,80,0.0,0.0,0.0,0.0,0.0
end_of_answer_choices,28,late,false_belief_vs_false_rationale,80,0.0,0.0,0.0,0.0,0.0
end_of_answer_choices,28,late,false_belief_vs_true_belief,80,0.0,0.0,0.0,0.0,0.0
end_of_answer_choices,28,late,false_belief_vs_true_rationale,80,0.0,0.0,0.0,0.0,0.0
end_of_answer_choices,28,late,false_rationale_vs_authority,80,0.0,0.0,0.0,0.0,0.0
end_of_answer_choices,28,late,false_rationale_vs_emotional,80,0.0,0.0,0.0,0.0,0.0
end_of_answer_choices,29,late,authority_vs_distractor,80,0.0,0.0,0.0,0.0,0.0
end_of_answer_choices,29,late,emotional_vs_authority,80,0.0,0.0,0.0,0.0,0.0
end_of_answer_choices,29,late,emotional_vs_distractor,80,0.0,0.0,0.0,0.0,0.0
end_of_answer_choices,29,late,false_belief_vs_authority,80,0.0,0.0,0.0,0.0,0.0
end_of_answer_choices,29,late,false_belief_vs_distractor,80,0.0,0.0,0.0,0.0,0.0
end_of_answer_choices,29,late,false_belief_vs_emotional,80,0.0,0.0,0.0,0.0,0.0
end_of_answer_choices,29,late,false_belief_vs_false_rationale,80,0.0,0.0,0.0,0.0,0.0
end_of_answer_choices,29,late,false_belief_vs_true_belief,80,0.0,0.0,0.0,0.0,0.0
end_of_answer_choices,29,late,false_belief_vs_true_rationale,80,0.0,0.0,0.0,0.0,0.0
end_of_answer_choices,29,late,false_rationale_vs_authority,80,0.0,0.0,0.0,0.0,0.0
end_of_answer_choices,29,late,false_rationale_vs_emotional,80,0.0,0.0,0.0,0.0,0.0
end_of_answer_choices,30,late,authority_vs_distractor,80,0.0,0.0,0.0,0.0,0.0
end_of_answer_choices,30,late,emotional_vs_authority,80,0.0,0.0,0.0,0.0,0.0
end_of_answer_choices,30,late,emotional_vs_distractor,80,0.0,0.0,0.0,0.0,0.0
end_of_answer_choices,30,late,false_belief_vs_authority,80,0.0,0.0,0.0,0.0,0.0
end_of_answer_choices,30,late,false_belief_vs_distractor,80,0.0,0.0,0.0,0.0,0.0
end_of_answer_choices,30,late,false_belief_vs_emotional,80,0.0,0.0,0.0,0.0,0.0
end_of_answer_choices,30,late,false_belief_vs_false_rationale,80,0.0,0.0,0.0,0.0,0.0
end_of_answer_choices,30,late,false_belief_vs_true_belief,80,0.0,0.0,0.0,0.0,0.0
end_of_answer_choices,30,late,false_belief_vs_true_rationale,80,0.0,0.0,0.0,0.0,0.0
end_of_answer_choices,30,late,false_rationale_vs_authority,80,0.0,0.0,0.0,0.0,0.0
end_of_answer_choices,30,late,false_rationale_vs_emotional,80,0.0,0.0,0.0,0.0,0.0
end_of_answer_choices,31,late,authority_vs_distractor,80,0.0,0.0,0.0,0.0,0.0
end_of_answer_choices,31,late,emotional_vs_authority,80,0.0,0.0,0.0,0.0,0.0
end_of_answer_choices,31,late,emotional_vs_distractor,80,0.0,0.0,0.0,0.0,0.0
end_of_answer_choices,31,late,false_belief_vs_authority,80,0.0,0.0,0.0,0.0,0.0
end_of_answer_choices,31,late,false_belief_vs_distractor,80,0.0,0.0,0.0,0.0,0.0
end_of_answer_choices,31,late,false_belief_vs_emotional,80,0.0,0.0,0.0,0.0,0.0
end_of_answer_choices,31,late,false_belief_vs_false_rationale,80,0.0,0.0,0.0,0.0,0.0
end_of_answer_choices,31,late,false_belief_vs_true_belief,80,0.0,0.0,0.0,0.0,0.0
end_of_answer_choices,31,late,false_belief_vs_true_rationale,80,0.0,0.0,0.0,0.0,0.0
end_of_answer_choices,31,late,false_rationale_vs_authority,80,0.0,0.0,0.0,0.0,0.0
end_of_answer_choices,31,late,false_rationale_vs_emotional,80,0.0,0.0,0.0,0.0,0.0
end_of_answer_choices,32,late,authority_vs_distractor,80,0.0,0.0,0.0,0.0,0.0
end_of_answer_choices,32,late,emotional_vs_authority,80,0.0,0.0,0.0,0.0,0.0
end_of_answer_choices,32,late,emotional_vs_distractor,80,0.0,0.0,0.0,0.0,0.0
end_of_answer_choices,32,late,false_belief_vs_authority,80,0.0,0.0,0.0,0.0,0.0
end_of_answer_choices,32,late,false_belief_vs_distractor,80,0.0,0.0,0.0,0.0,0.0
end_of_answer_choices,32,late,false_belief_vs_emotional,80,0.0,0.0,0.0,0.0,0.0
end_of_answer_choices,32,late,false_belief_vs_false_rationale,80,0.0,0.0,0.0,0.0,0.0
end_of_answer_choices,32,late,false_belief_vs_true_belief,80,0.0,0.0,0.0,0.0,0.0
end_of_answer_choices,32,late,false_belief_vs_true_rationale,80,0.0,0.0,0.0,0.0,0.0
end_of_answer_choices,32,late,false_rationale_vs_authority,80,0.0,0.0,0.0,0.0,0.0
end_of_answer_choices,32,late,false_rationale_vs_emotional,80,0.0,0.0,0.0,0.0,0.0
end_of_answer_choices,33,late,authority_vs_distractor,80,0.0,0.0,0.0,0.0,0.0
end_of_answer_choices,33,late,emotional_vs_authority,80,0.0,0.0,0.0,0.0,0.0
end_of_answer_choices,33,late,emotional_vs_distractor,80,0.0,0.0,0.0,0.0,0.0
end_of_answer_choices,33,late,false_belief_vs_authority,80,0.0,0.0,0.0,0.0,0.0
end_of_answer_choices,33,late,false_belief_vs_distractor,80,0.0,0.0,0.0,0.0,0.0
end_of_answer_choices,33,late,false_belief_vs_emotional,80,0.0,0.0,0.0,0.0,0.0
end_of_answer_choices,33,late,false_belief_vs_false_rationale,80,0.0,0.0,0.0,0.0,0.0
end_of_answer_choices,33,late,false_belief_vs_true_belief,80,0.0,0.0,0.0,0.0,0.0
end_of_answer_choices,33,late,false_belief_vs_true_rationale,80,0.0,0.0,0.0,0.0,0.0
end_of_answer_choices,33,late,false_rationale_vs_authority,80,0.0,0.0,0.0,0.0,0.0
end_of_answer_choices,33,late,false_rationale_vs_emotional,80,0.0,0.0,0.0,0.0,0.0
end_of_answer_choices,34,late,authority_vs_distractor,80,0.0,0.0,0.0,0.0,0.0
end_of_answer_choices,34,late,emotional_vs_authority,80,0.0,0.0,0.0,0.0,0.0
end_of_answer_choices,34,late,emotional_vs_distractor,80,0.0,0.0,0.0,0.0,0.0
end_of_answer_choices,34,late,false_belief_vs_authority,80,0.0,0.0,0.0,0.0,0.0
end_of_answer_choices,34,late,false_belief_vs_distractor,80,0.0,0.0,0.0,0.0,0.0
end_of_answer_choices,34,late,false_belief_vs_emotional,80,0.0,0.0,0.0,0.0,0.0
end_of_answer_choices,34,late,false_belief_vs_false_rationale,80,0.0,0.0,0.0,0.0,0.0
end_of_answer_choices,34,late,false_belief_vs_true_belief,80,0.0,0.0,0.0,0.0,0.0
end_of_answer_choices,34,late,false_belief_vs_true_rationale,80,0.0,0.0,0.0,0.0,0.0
end_of_answer_choices,34,late,false_rationale_vs_authority,80,0.0,0.0,0.0,0.0,0.0
end_of_answer_choices,34,late,false_rationale_vs_emotional,80,0.0,0.0,0.0,0.0,0.0
end_of_answer_choices,35,late,authority_vs_distractor,80,0.0,0.0,0.0,0.0,0.0
end_of_answer_choices,35,late,emotional_vs_authority,80,0.0,0.0,0.0,0.0,0.0
end_of_answer_choices,35,late,emotional_vs_distractor,80,0.0,0.0,0.0,0.0,0.0
end_of_answer_choices,35,late,false_belief_vs_authority,80,0.0,0.0,0.0,0.0,0.0
end_of_answer_choices,35,late,false_belief_vs_distractor,80,0.0,0.0,0.0,0.0,0.0
end_of_answer_choices,35,late,false_belief_vs_emotional,80,0.0,0.0,0.0,0.0,0.0
end_of_answer_choices,35,late,false_belief_vs_false_rationale,80,0.0,0.0,0.0,0.0,0.0
end_of_answer_choices,35,late,false_belief_vs_true_belief,80,0.0,0.0,0.0,0.0,0.0
end_of_answer_choices,35,late,false_belief_vs_true_rationale,80,0.0,0.0,0.0,0.0,0.0
end_of_answer_choices,35,late,false_rationale_vs_authority,80,0.0,0.0,0.0,0.0,0.0
end_of_answer_choices,35,late,false_rationale_vs_emotional,80,0.0,0.0,0.0,0.0,0.0
end_of_evidence_block,0,early,authority_vs_distractor,80,0.0,0.0,0.0,0.0,0.0
end_of_evidence_block,0,early,emotional_vs_authority,80,0.0,0.0,0.0,0.0,0.0
end_of_evidence_block,0,early,emotional_vs_distractor,80,0.0,0.0,0.0,0.0,0.0
end_of_evidence_block,0,early,false_belief_vs_authority,80,0.0,0.0,0.0,0.0,0.0
end_of_evidence_block,0,early,false_belief_vs_distractor,80,0.0,0.0,0.0,0.0,0.0
end_of_evidence_block,0,early,false_belief_vs_emotional,80,0.0,0.0,0.0,0.0,0.0
end_of_evidence_block,0,early,false_belief_vs_false_rationale,80,0.0,0.0,0.0,0.0,0.0
end_of_evidence_block,0,early,false_belief_vs_true_belief,80,0.0,0.0,0.0,0.0,0.0
end_of_evidence_block,0,early,false_belief_vs_true_rationale,80,0.0,0.0,0.0,0.0,0.0
end_of_evidence_block,0,early,false_rationale_vs_authority,80,0.0,0.0,0.0,0.0,0.0
end_of_evidence_block,0,early,false_rationale_vs_emotional,80,0.0,0.0,0.0,0.0,0.0
end_of_evidence_block,1,early,authority_vs_distractor,80,0.0,0.0,0.0,0.0,0.0
end_of_evidence_block,1,early,emotional_vs_authority,80,0.0,0.0,0.0,0.0,0.0
end_of_evidence_block,1,early,emotional_vs_distractor,80,0.0,0.0,0.0,0.0,0.0
end_of_evidence_block,1,early,false_belief_vs_authority,80,0.0,0.0,0.0,0.0,0.0
end_of_evidence_block,1,early,false_belief_vs_distractor,80,0.0,0.0,0.0,0.0,0.0
end_of_evidence_block,1,early,false_belief_vs_emotional,80,0.0,0.0,0.0,0.0,0.0
end_of_evidence_block,1,early,false_belief_vs_false_rationale,80,0.0,0.0,0.0,0.0,0.0
end_of_evidence_block,1,early,false_belief_vs_true_belief,80,0.0,0.0,0.0,0.0,0.0
end_of_evidence_block,1,early,false_belief_vs_true_rationale,80,0.0,0.0,0.0,0.0,0.0
end_of_evidence_block,1,early,false_rationale_vs_authority,80,0.0,0.0,0.0,0.0,0.0
end_of_evidence_block,1,early,false_rationale_vs_emotional,80,0.0,0.0,0.0,0.0,0.0
end_of_evidence_block,2,early,authority_vs_distractor,80,0.0,0.0,0.0,0.0,0.0
end_of_evidence_block,2,early,emotional_vs_authority,80,0.0,0.0,0.0,0.0,0.0
end_of_evidence_block,2,early,emotional_vs_distractor,80,0.0,0.0,0.0,0.0,0.0
end_of_evidence_block,2,early,false_belief_vs_authority,80,0.0,0.0,0.0,0.0,0.0
end_of_evidence_block,2,early,false_belief_vs_distractor,80,0.0,0.0,0.0,0.0,0.0
end_of_evidence_block,2,early,false_belief_vs_emotional,80,0.0,0.0,0.0,0.0,0.0
end_of_evidence_block,2,early,false_belief_vs_false_rationale,80,0.0,0.0,0.0,0.0,0.0
end_of_evidence_block,2,early,false_belief_vs_true_belief,80,0.0,0.0,0.0,0.0,0.0
end_of_evidence_block,2,early,false_belief_vs_true_rationale,80,0.0,0.0,0.0,0.0,0.0
end_of_evidence_block,2,early,false_rationale_vs_authority,80,0.0,0.0,0.0,0.0,0.0
end_of_evidence_block,2,early,false_rationale_vs_emotional,80,0.0,0.0,0.0,0.0,0.0
end_of_evidence_block,3,early,authority_vs_distractor,80,0.0,0.0,0.0,0.0,0.0
end_of_evidence_block,3,early,emotional_vs_authority,80,0.0,0.0,0.0,0.0,0.0
end_of_evidence_block,3,early,emotional_vs_distractor,80,0.0,0.0,0.0,0.0,0.0
end_of_evidence_block,3,early,false_belief_vs_authority,80,0.0,0.0,0.0,0.0,0.0
end_of_evidence_block,3,early,false_belief_vs_distractor,80,0.0,0.0,0.0,0.0,0.0
end_of_evidence_block,3,early,false_belief_vs_emotional,80,0.0,0.0,0.0,0.0,0.0
end_of_evidence_block,3,early,false_belief_vs_false_rationale,80,0.0,0.0,0.0,0.0,0.0
end_of_evidence_block,3,early,false_belief_vs_true_belief,80,0.0,0.0,0.0,0.0,0.0
end_of_evidence_block,3,early,false_belief_vs_true_rationale,80,0.0,0.0,0.0,0.0,0.0
end_of_evidence_block,3,early,false_rationale_vs_authority,80,0.0,0.0,0.0,0.0,0.0
end_of_evidence_block,3,early,false_rationale_vs_emotional,80,0.0,0.0,0.0,0.0,0.0
end_of_evidence_block,4,early,authority_vs_distractor,80,0.0,0.0,0.0,0.0,0.0
end_of_evidence_block,4,early,emotional_vs_authority,80,0.0,0.0,0.0,0.0,0.0
end_of_evidence_block,4,early,emotional_vs_distractor,80,0.0,0.0,0.0,0.0,0.0
end_of_evidence_block,4,early,false_belief_vs_authority,80,0.0,0.0,0.0,0.0,0.0
end_of_evidence_block,4,early,false_belief_vs_distractor,80,0.0,0.0,0.0,0.0,0.0
end_of_evidence_block,4,early,false_belief_vs_emotional,80,0.0,0.0,0.0,0.0,0.0
end_of_evidence_block,4,early,false_belief_vs_false_rationale,80,0.0,0.0,0.0,0.0,0.0
end_of_evidence_block,4,early,false_belief_vs_true_belief,80,0.0,0.0,0.0,0.0,0.0
end_of_evidence_block,4,early,false_belief_vs_true_rationale,80,0.0,0.0,0.0,0.0,0.0
end_of_evidence_block,4,early,false_rationale_vs_authority,80,0.0,0.0,0.0,0.0,0.0
end_of_evidence_block,4,early,false_rationale_vs_emotional,80,0.0,0.0,0.0,0.0,0.0
end_of_evidence_block,5,early,authority_vs_distractor,80,0.0,0.0,0.0,0.0,0.0
end_of_evidence_block,5,early,emotional_vs_authority,80,0.0,0.0,0.0,0.0,0.0
end_of_evidence_block,5,early,emotional_vs_distractor,80,0.0,0.0,0.0,0.0,0.0
end_of_evidence_block,5,early,false_belief_vs_authority,80,0.0,0.0,0.0,0.0,0.0
end_of_evidence_block,5,early,false_belief_vs_distractor,80,0.0,0.0,0.0,0.0,0.0
end_of_evidence_block,5,early,false_belief_vs_emotional,80,0.0,0.0,0.0,0.0,0.0
end_of_evidence_block,5,early,false_belief_vs_false_rationale,80,0.0,0.0,0.0,0.0,0.0
end_of_evidence_block,5,early,false_belief_vs_true_belief,80,0.0,0.0,0.0,0.0,0.0
end_of_evidence_block,5,early,false_belief_vs_true_rationale,80,0.0,0.0,0.0,0.0,0.0
end_of_evidence_block,5,early,false_rationale_vs_authority,80,0.0,0.0,0.0,0.0,0.0
end_of_evidence_block,5,early,false_rationale_vs_emotional,80,0.0,0.0,0.0,0.0,0.0
end_of_evidence_block,6,early,authority_vs_distractor,80,0.0,0.0,0.0,0.0,0.0
end_of_evidence_block,6,early,emotional_vs_authority,80,0.0,0.0,0.0,0.0,0.0
end_of_evidence_block,6,early,emotional_vs_distractor,80,0.0,0.0,0.0,0.0,0.0
end_of_evidence_block,6,early,false_belief_vs_authority,80,0.0,0.0,0.0,0.0,0.0
end_of_evidence_block,6,early,false_belief_vs_distractor,80,0.0,0.0,0.0,0.0,0.0
end_of_evidence_block,6,early,false_belief_vs_emotional,80,0.0,0.0,0.0,0.0,0.0
end_of_evidence_block,6,early,false_belief_vs_false_rationale,80,0.0,0.0,0.0,0.0,0.0
end_of_evidence_block,6,early,false_belief_vs_true_belief,80,0.0,0.0,0.0,0.0,0.0
end_of_evidence_block,6,early,false_belief_vs_true_rationale,80,0.0,0.0,0.0,0.0,0.0
end_of_evidence_block,6,early,false_rationale_vs_authority,80,0.0,0.0,0.0,0.0,0.0
end_of_evidence_block,6,early,false_rationale_vs_emotional,80,0.0,0.0,0.0,0.0,0.0
end_of_evidence_block,7,early,authority_vs_distractor,80,0.0,0.0,0.0,0.0,0.0
end_of_evidence_block,7,early,emotional_vs_authority,80,0.0,0.0,0.0,0.0,0.0
end_of_evidence_block,7,early,emotional_vs_distractor,80,0.0,0.0,0.0,0.0,0.0
end_of_evidence_block,7,early,false_belief_vs_authority,80,0.0,0.0,0.0,0.0,0.0
end_of_evidence_block,7,early,false_belief_vs_distractor,80,0.0,0.0,0.0,0.0,0.0
end_of_evidence_block,7,early,false_belief_vs_emotional,80,0.0,0.0,0.0,0.0,0.0
end_of_evidence_block,7,early,false_belief_vs_false_rationale,80,0.0,0.0,0.0,0.0,0.0
end_of_evidence_block,7,early,false_belief_vs_true_belief,80,0.0,0.0,0.0,0.0,0.0
end_of_evidence_block,7,early,false_belief_vs_true_rationale,80,0.0,0.0,0.0,0.0,0.0
end_of_evidence_block,7,early,false_rationale_vs_authority,80,0.0,0.0,0.0,0.0,0.0
end_of_evidence_block,7,early,false_rationale_vs_emotional,80,0.0,0.0,0.0,0.0,0.0
end_of_evidence_block,8,early,authority_vs_distractor,80,0.0,0.0,0.0,0.0,0.0
end_of_evidence_block,8,early,emotional_vs_authority,80,0.0,0.0,0.0,0.0,0.0
end_of_evidence_block,8,early,emotional_vs_distractor,80,0.0,0.0,0.0,0.0,0.0
end_of_evidence_block,8,early,false_belief_vs_authority,80,0.0,0.0,0.0,0.0,0.0
end_of_evidence_block,8,early,false_belief_vs_distractor,80,0.0,0.0,0.0,0.0,0.0
end_of_evidence_block,8,early,false_belief_vs_emotional,80,0.0,0.0,0.0,0.0,0.0
end_of_evidence_block,8,early,false_belief_vs_false_rationale,80,0.0,0.0,0.0,0.0,0.0
end_of_evidence_block,8,early,false_belief_vs_true_belief,80,0.0,0.0,0.0,0.0,0.0
end_of_evidence_block,8,early,false_belief_vs_true_rationale,80,0.0,0.0,0.0,0.0,0.0
end_of_evidence_block,8,early,false_rationale_vs_authority,80,0.0,0.0,0.0,0.0,0.0
end_of_evidence_block,8,early,false_rationale_vs_emotional,80,0.0,0.0,0.0,0.0,0.0
end_of_evidence_block,9,early,authority_vs_distractor,80,0.0,0.0,0.0,0.0,0.0
end_of_evidence_block,9,early,emotional_vs_authority,80,0.0,0.0,0.0,0.0,0.0
end_of_evidence_block,9,early,emotional_vs_distractor,80,0.0,0.0,0.0,0.0,0.0
end_of_evidence_block,9,early,false_belief_vs_authority,80,0.0,0.0,0.0,0.0,0.0
end_of_evidence_block,9,early,false_belief_vs_distractor,80,0.0,0.0,0.0,0.0,0.0
end_of_evidence_block,9,early,false_belief_vs_emotional,80,0.0,0.0,0.0,0.0,0.0
end_of_evidence_block,9,early,false_belief_vs_false_rationale,80,0.0,0.0,0.0,0.0,0.0
end_of_evidence_block,9,early,false_belief_vs_true_belief,80,0.0,0.0,0.0,0.0,0.0
end_of_evidence_block,9,early,false_belief_vs_true_rationale,80,0.0,0.0,0.0,0.0,0.0
end_of_evidence_block,9,early,false_rationale_vs_authority,80,0.0,0.0,0.0,0.0,0.0
end_of_evidence_block,9,early,false_rationale_vs_emotional,80,0.0,0.0,0.0,0.0,0.0
end_of_evidence_block,10,early,authority_vs_distractor,80,0.0,0.0,0.0,0.0,0.0
end_of_evidence_block,10,early,emotional_vs_authority,80,0.0,0.0,0.0,0.0,0.0
end_of_evidence_block,10,early,emotional_vs_distractor,80,0.0,0.0,0.0,0.0,0.0
end_of_evidence_block,10,early,false_belief_vs_authority,80,0.0,0.0,0.0,0.0,0.0
end_of_evidence_block,10,early,false_belief_vs_distractor,80,0.0,0.0,0.0,0.0,0.0
end_of_evidence_block,10,early,false_belief_vs_emotional,80,0.0,0.0,0.0,0.0,0.0
end_of_evidence_block,10,early,false_belief_vs_false_rationale,80,0.0,0.0,0.0,0.0,0.0
end_of_evidence_block,10,early,false_belief_vs_true_belief,80,0.0,0.0,0.0,0.0,0.0
end_of_evidence_block,10,early,false_belief_vs_true_rationale,80,0.0,0.0,0.0,0.0,0.0
end_of_evidence_block,10,early,false_rationale_vs_authority,80,0.0,0.0,0.0,0.0,0.0
end_of_evidence_block,10,early,false_rationale_vs_emotional,80,0.0,0.0,0.0,0.0,0.0
end_of_evidence_block,11,early,authority_vs_distractor,80,0.0,0.0,0.0,0.0,0.0
end_of_evidence_block,11,early,emotional_vs_authority,80,0.0,0.0,0.0,0.0,0.0
end_of_evidence_block,11,early,emotional_vs_distractor,80,0.0,0.0,0.0,0.0,0.0
end_of_evidence_block,11,early,false_belief_vs_authority,80,0.0,0.0,0.0,0.0,0.0
end_of_evidence_block,11,early,false_belief_vs_distractor,80,0.0,0.0,0.0,0.0,0.0
end_of_evidence_block,11,early,false_belief_vs_emotional,80,0.0,0.0,0.0,0.0,0.0
end_of_evidence_block,11,early,false_belief_vs_false_rationale,80,0.0,0.0,0.0,0.0,0.0
end_of_evidence_block,11,early,false_belief_vs_true_belief,80,0.0,0.0,0.0,0.0,0.0
end_of_evidence_block,11,early,false_belief_vs_true_rationale,80,0.0,0.0,0.0,0.0,0.0
end_of_evidence_block,11,early,false_rationale_vs_authority,80,0.0,0.0,0.0,0.0,0.0
end_of_evidence_block,11,early,false_rationale_vs_emotional,80,0.0,0.0,0.0,0.0,0.0
end_of_evidence_block,12,middle,authority_vs_distractor,80,0.0,0.0,0.0,0.0,0.0
end_of_evidence_block,12,middle,emotional_vs_authority,80,0.0,0.0,0.0,0.0,0.0
end_of_evidence_block,12,middle,emotional_vs_distractor,80,0.0,0.0,0.0,0.0,0.0
end_of_evidence_block,12,middle,false_belief_vs_authority,80,0.0,0.0,0.0,0.0,0.0
end_of_evidence_block,12,middle,false_belief_vs_distractor,80,0.0,0.0,0.0,0.0,0.0
end_of_evidence_block,12,middle,false_belief_vs_emotional,80,0.0,0.0,0.0,0.0,0.0
end_of_evidence_block,12,middle,false_belief_vs_false_rationale,80,0.0,0.0,0.0,0.0,0.0
end_of_evidence_block,12,middle,false_belief_vs_true_belief,80,0.0,0.0,0.0,0.0,0.0
end_of_evidence_block,12,middle,false_belief_vs_true_rationale,80,0.0,0.0,0.0,0.0,0.0
end_of_evidence_block,12,middle,false_rationale_vs_authority,80,0.0,0.0,0.0,0.0,0.0
end_of_evidence_block,12,middle,false_rationale_vs_emotional,80,0.0,0.0,0.0,0.0,0.0
end_of_evidence_block,13,middle,authority_vs_distractor,80,0.0,0.0,0.0,0.0,0.0
end_of_evidence_block,13,middle,emotional_vs_authority,80,0.0,0.0,0.0,0.0,0.0
end_of_evidence_block,13,middle,emotional_vs_distractor,80,0.0,0.0,0.0,0.0,0.0
end_of_evidence_block,13,middle,false_belief_vs_authority,80,0.0,0.0,0.0,0.0,0.0
end_of_evidence_block,13,middle,false_belief_vs_distractor,80,0.0,0.0,0.0,0.0,0.0
end_of_evidence_block,13,middle,false_belief_vs_emotional,80,0.0,0.0,0.0,0.0,0.0
end_of_evidence_block,13,middle,false_belief_vs_false_rationale,80,0.0,0.0,0.0,0.0,0.0
end_of_evidence_block,13,middle,false_belief_vs_true_belief,80,0.0,0.0,0.0,0.0,0.0
end_of_evidence_block,13,middle,false_belief_vs_true_rationale,80,0.0,0.0,0.0,0.0,0.0
end_of_evidence_block,13,middle,false_rationale_vs_authority,80,0.0,0.0,0.0,0.0,0.0
end_of_evidence_block,13,middle,false_rationale_vs_emotional,80,0.0,0.0,0.0,0.0,0.0
end_of_evidence_block,14,middle,authority_vs_distractor,80,0.0,0.0,0.0,0.0,0.0
end_of_evidence_block,14,middle,emotional_vs_authority,80,0.0,0.0,0.0,0.0,0.0
end_of_evidence_block,14,middle,emotional_vs_distractor,80,0.0,0.0,0.0,0.0,0.0
end_of_evidence_block,14,middle,false_belief_vs_authority,80,0.0,0.0,0.0,0.0,0.0
end_of_evidence_block,14,middle,false_belief_vs_distractor,80,0.0,0.0,0.0,0.0,0.0
end_of_evidence_block,14,middle,false_belief_vs_emotional,80,0.0,0.0,0.0,0.0,0.0
end_of_evidence_block,14,middle,false_belief_vs_false_rationale,80,0.0,0.0,0.0,0.0,0.0
end_of_evidence_block,14,middle,false_belief_vs_true_belief,80,0.0,0.0,0.0,0.0,0.0
end_of_evidence_block,14,middle,false_belief_vs_true_rationale,80,0.0,0.0,0.0,0.0,0.0
end_of_evidence_block,14,middle,false_rationale_vs_authority,80,0.0,0.0,0.0,0.0,0.0
end_of_evidence_block,14,middle,false_rationale_vs_emotional,80,0.0,0.0,0.0,0.0,0.0
end_of_evidence_block,15,middle,authority_vs_distractor,80,0.0,0.0,0.0,0.0,0.0
end_of_evidence_block,15,middle,emotional_vs_authority,80,0.0,0.0,0.0,0.0,0.0
end_of_evidence_block,15,middle,emotional_vs_distractor,80,0.0,0.0,0.0,0.0,0.0
end_of_evidence_block,15,middle,false_belief_vs_authority,80,0.0,0.0,0.0,0.0,0.0
end_of_evidence_block,15,middle,false_belief_vs_distractor,80,0.0,0.0,0.0,0.0,0.0
end_of_evidence_block,15,middle,false_belief_vs_emotional,80,0.0,0.0,0.0,0.0,0.0
end_of_evidence_block,15,middle,false_belief_vs_false_rationale,80,0.0,0.0,0.0,0.0,0.0
end_of_evidence_block,15,middle,false_belief_vs_true_belief,80,0.0,0.0,0.0,0.0,0.0
end_of_evidence_block,15,middle,false_belief_vs_true_rationale,80,0.0,0.0,0.0,0.0,0.0
end_of_evidence_block,15,middle,false_rationale_vs_authority,80,0.0,0.0,0.0,0.0,0.0
end_of_evidence_block,15,middle,false_rationale_vs_emotional,80,0.0,0.0,0.0,0.0,0.0
end_of_evidence_block,16,middle,authority_vs_distractor,80,0.0,0.0,0.0,0.0,0.0
end_of_evidence_block,16,middle,emotional_vs_authority,80,0.0,0.0,0.0,0.0,0.0
end_of_evidence_block,16,middle,emotional_vs_distractor,80,0.0,0.0,0.0,0.0,0.0
end_of_evidence_block,16,middle,false_belief_vs_authority,80,0.0,0.0,0.0,0.0,0.0
end_of_evidence_block,16,middle,false_belief_vs_distractor,80,0.0,0.0,0.0,0.0,0.0
end_of_evidence_block,16,middle,false_belief_vs_emotional,80,0.0,0.0,0.0,0.0,0.0
end_of_evidence_block,16,middle,false_belief_vs_false_rationale,80,0.0,0.0,0.0,0.0,0.0
end_of_evidence_block,16,middle,false_belief_vs_true_belief,80,0.0,0.0,0.0,0.0,0.0
end_of_evidence_block,16,middle,false_belief_vs_true_rationale,80,0.0,0.0,0.0,0.0,0.0
end_of_evidence_block,16,middle,false_rationale_vs_authority,80,0.0,0.0,0.0,0.0,0.0
end_of_evidence_block,16,middle,false_rationale_vs_emotional,80,0.0,0.0,0.0,0.0,0.0
end_of_evidence_block,17,middle,authority_vs_distractor,80,0.0,0.0,0.0,0.0,0.0
end_of_evidence_block,17,middle,emotional_vs_authority,80,0.0,0.0,0.0,0.0,0.0
end_of_evidence_block,17,middle,emotional_vs_distractor,80,0.0,0.0,0.0,0.0,0.0
end_of_evidence_block,17,middle,false_belief_vs_authority,80,0.0,0.0,0.0,0.0,0.0
end_of_evidence_block,17,middle,false_belief_vs_distractor,80,0.0,0.0,0.0,0.0,0.0
end_of_evidence_block,17,middle,false_belief_vs_emotional,80,0.0,0.0,0.0,0.0,0.0
end_of_evidence_block,17,middle,false_belief_vs_false_rationale,80,0.0,0.0,0.0,0.0,0.0
end_of_evidence_block,17,middle,false_belief_vs_true_belief,80,0.0,0.0,0.0,0.0,0.0
end_of_evidence_block,17,middle,false_belief_vs_true_rationale,80,0.0,0.0,0.0,0.0,0.0
end_of_evidence_block,17,middle,false_rationale_vs_authority,80,0.0,0.0,0.0,0.0,0.0
end_of_evidence_block,17,middle,false_rationale_vs_emotional,80,0.0,0.0,0.0,0.0,0.0
end_of_evidence_block,18,middle,authority_vs_distractor,80,0.0,0.0,0.0,0.0,0.0
end_of_evidence_block,18,middle,emotional_vs_authority,80,0.0,0.0,0.0,0.0,0.0
end_of_evidence_block,18,middle,emotional_vs_distractor,80,0.0,0.0,0.0,0.0,0.0
end_of_evidence_block,18,middle,false_belief_vs_authority,80,0.0,0.0,0.0,0.0,0.0
end_of_evidence_block,18,middle,false_belief_vs_distractor,80,0.0,0.0,0.0,0.0,0.0
end_of_evidence_block,18,middle,false_belief_vs_emotional,80,0.0,0.0,0.0,0.0,0.0
end_of_evidence_block,18,middle,false_belief_vs_false_rationale,80,0.0,0.0,0.0,0.0,0.0
end_of_evidence_block,18,middle,false_belief_vs_true_belief,80,0.0,0.0,0.0,0.0,0.0
end_of_evidence_block,18,middle,false_belief_vs_true_rationale,80,0.0,0.0,0.0,0.0,0.0
end_of_evidence_block,18,middle,false_rationale_vs_authority,80,0.0,0.0,0.0,0.0,0.0
end_of_evidence_block,18,middle,false_rationale_vs_emotional,80,0.0,0.0,0.0,0.0,0.0
end_of_evidence_block,19,middle,authority_vs_distractor,80,0.0,0.0,0.0,0.0,0.0
end_of_evidence_block,19,middle,emotional_vs_authority,80,0.0,0.0,0.0,0.0,0.0
end_of_evidence_block,19,middle,emotional_vs_distractor,80,0.0,0.0,0.0,0.0,0.0
end_of_evidence_block,19,middle,false_belief_vs_authority,80,0.0,0.0,0.0,0.0,0.0
end_of_evidence_block,19,middle,false_belief_vs_distractor,80,0.0,0.0,0.0,0.0,0.0
end_of_evidence_block,19,middle,false_belief_vs_emotional,80,0.0,0.0,0.0,0.0,0.0
end_of_evidence_block,19,middle,false_belief_vs_false_rationale,80,0.0,0.0,0.0,0.0,0.0
end_of_evidence_block,19,middle,false_belief_vs_true_belief,80,0.0,0.0,0.0,0.0,0.0
end_of_evidence_block,19,middle,false_belief_vs_true_rationale,80,0.0,0.0,0.0,0.0,0.0
end_of_evidence_block,19,middle,false_rationale_vs_authority,80,0.0,0.0,0.0,0.0,0.0
end_of_evidence_block,19,middle,false_rationale_vs_emotional,80,0.0,0.0,0.0,0.0,0.0
end_of_evidence_block,20,middle,authority_vs_distractor,80,0.0,0.0,0.0,0.0,0.0
end_of_evidence_block,20,middle,emotional_vs_authority,80,0.0,0.0,0.0,0.0,0.0
end_of_evidence_block,20,middle,emotional_vs_distractor,80,0.0,0.0,0.0,0.0,0.0
end_of_evidence_block,20,middle,false_belief_vs_authority,80,0.0,0.0,0.0,0.0,0.0
end_of_evidence_block,20,middle,false_belief_vs_distractor,80,0.0,0.0,0.0,0.0,0.0
end_of_evidence_block,20,middle,false_belief_vs_emotional,80,0.0,0.0,0.0,0.0,0.0
end_of_evidence_block,20,middle,false_belief_vs_false_rationale,80,0.0,0.0,0.0,0.0,0.0
end_of_evidence_block,20,middle,false_belief_vs_true_belief,80,0.0,0.0,0.0,0.0,0.0
end_of_evidence_block,20,middle,false_belief_vs_true_rationale,80,0.0,0.0,0.0,0.0,0.0
end_of_evidence_block,20,middle,false_rationale_vs_authority,80,0.0,0.0,0.0,0.0,0.0
end_of_evidence_block,20,middle,false_rationale_vs_emotional,80,0.0,0.0,0.0,0.0,0.0
end_of_evidence_block,21,middle,authority_vs_distractor,80,0.0,0.0,0.0,0.0,0.0
end_of_evidence_block,21,middle,emotional_vs_authority,80,0.0,0.0,0.0,0.0,0.0
end_of_evidence_block,21,middle,emotional_vs_distractor,80,0.0,0.0,0.0,0.0,0.0
end_of_evidence_block,21,middle,false_belief_vs_authority,80,0.0,0.0,0.0,0.0,0.0
end_of_evidence_block,21,middle,false_belief_vs_distractor,80,0.0,0.0,0.0,0.0,0.0
end_of_evidence_block,21,middle,false_belief_vs_emotional,80,0.0,0.0,0.0,0.0,0.0
end_of_evidence_block,21,middle,false_belief_vs_false_rationale,80,0.0,0.0,0.0,0.0,0.0
end_of_evidence_block,21,middle,false_belief_vs_true_belief,80,0.0,0.0,0.0,0.0,0.0
end_of_evidence_block,21,middle,false_belief_vs_true_rationale,80,0.0,0.0,0.0,0.0,0.0
end_of_evidence_block,21,middle,false_rationale_vs_authority,80,0.0,0.0,0.0,0.0,0.0
end_of_evidence_block,21,middle,false_rationale_vs_emotional,80,0.0,0.0,0.0,0.0,0.0
end_of_evidence_block,22,middle,authority_vs_distractor,80,0.0,0.0,0.0,0.0,0.0
end_of_evidence_block,22,middle,emotional_vs_authority,80,0.0,0.0,0.0,0.0,0.0
end_of_evidence_block,22,middle,emotional_vs_distractor,80,0.0,0.0,0.0,0.0,0.0
end_of_evidence_block,22,middle,false_belief_vs_authority,80,0.0,0.0,0.0,0.0,0.0
end_of_evidence_block,22,middle,false_belief_vs_distractor,80,0.0,0.0,0.0,0.0,0.0
end_of_evidence_block,22,middle,false_belief_vs_emotional,80,0.0,0.0,0.0,0.0,0.0
end_of_evidence_block,22,middle,false_belief_vs_false_rationale,80,0.0,0.0,0.0,0.0,0.0
end_of_evidence_block,22,middle,false_belief_vs_true_belief,80,0.0,0.0,0.0,0.0,0.0
end_of_evidence_block,22,middle,false_belief_vs_true_rationale,80,0.0,0.0,0.0,0.0,0.0
end_of_evidence_block,22,middle,false_rationale_vs_authority,80,0.0,0.0,0.0,0.0,0.0
end_of_evidence_block,22,middle,false_rationale_vs_emotional,80,0.0,0.0,0.0,0.0,0.0
end_of_evidence_block,23,middle,authority_vs_distractor,80,0.0,0.0,0.0,0.0,0.0
end_of_evidence_block,23,middle,emotional_vs_authority,80,0.0,0.0,0.0,0.0,0.0
end_of_evidence_block,23,middle,emotional_vs_distractor,80,0.0,0.0,0.0,0.0,0.0
end_of_evidence_block,23,middle,false_belief_vs_authority,80,0.0,0.0,0.0,0.0,0.0
end_of_evidence_block,23,middle,false_belief_vs_distractor,80,0.0,0.0,0.0,0.0,0.0
end_of_evidence_block,23,middle,false_belief_vs_emotional,80,0.0,0.0,0.0,0.0,0.0
end_of_evidence_block,23,middle,false_belief_vs_false_rationale,80,0.0,0.0,0.0,0.0,0.0
end_of_evidence_block,23,middle,false_belief_vs_true_belief,80,0.0,0.0,0.0,0.0,0.0
end_of_evidence_block,23,middle,false_belief_vs_true_rationale,80,0.0,0.0,0.0,0.0,0.0
end_of_evidence_block,23,middle,false_rationale_vs_authority,80,0.0,0.0,0.0,0.0,0.0
end_of_evidence_block,23,middle,false_rationale_vs_emotional,80,0.0,0.0,0.0,0.0,0.0
end_of_evidence_block,24,late,authority_vs_distractor,80,0.0,0.0,0.0,0.0,0.0
end_of_evidence_block,24,late,emotional_vs_authority,80,0.0,0.0,0.0,0.0,0.0
end_of_evidence_block,24,late,emotional_vs_distractor,80,0.0,0.0,0.0,0.0,0.0
end_of_evidence_block,24,late,false_belief_vs_authority,80,0.0,0.0,0.0,0.0,0.0
end_of_evidence_block,24,late,false_belief_vs_distractor,80,0.0,0.0,0.0,0.0,0.0
end_of_evidence_block,24,late,false_belief_vs_emotional,80,0.0,0.0,0.0,0.0,0.0
end_of_evidence_block,24,late,false_belief_vs_false_rationale,80,0.0,0.0,0.0,0.0,0.0
end_of_evidence_block,24,late,false_belief_vs_true_belief,80,0.0,0.0,0.0,0.0,0.0
end_of_evidence_block,24,late,false_belief_vs_true_rationale,80,0.0,0.0,0.0,0.0,0.0
end_of_evidence_block,24,late,false_rationale_vs_authority,80,0.0,0.0,0.0,0.0,0.0
end_of_evidence_block,24,late,false_rationale_vs_emotional,80,0.0,0.0,0.0,0.0,0.0
end_of_evidence_block,25,late,authority_vs_distractor,80,0.0,0.0,0.0,0.0,0.0
end_of_evidence_block,25,late,emotional_vs_authority,80,0.0,0.0,0.0,0.0,0.0
end_of_evidence_block,25,late,emotional_vs_distractor,80,0.0,0.0,0.0,0.0,0.0
end_of_evidence_block,25,late,false_belief_vs_authority,80,0.0,0.0,0.0,0.0,0.0
end_of_evidence_block,25,late,false_belief_vs_distractor,80,0.0,0.0,0.0,0.0,0.0
end_of_evidence_block,25,late,false_belief_vs_emotional,80,0.0,0.0,0.0,0.0,0.0
end_of_evidence_block,25,late,false_belief_vs_false_rationale,80,0.0,0.0,0.0,0.0,0.0
end_of_evidence_block,25,late,false_belief_vs_true_belief,80,0.0,0.0,0.0,0.0,0.0
end_of_evidence_block,25,late,false_belief_vs_true_rationale,80,0.0,0.0,0.0,0.0,0.0
end_of_evidence_block,25,late,false_rationale_vs_authority,80,0.0,0.0,0.0,0.0,0.0
end_of_evidence_block,25,late,false_rationale_vs_emotional,80,0.0,0.0,0.0,0.0,0.0
end_of_evidence_block,26,late,authority_vs_distractor,80,0.0,0.0,0.0,0.0,0.0
end_of_evidence_block,26,late,emotional_vs_authority,80,0.0,0.0,0.0,0.0,0.0
end_of_evidence_block,26,late,emotional_vs_distractor,80,0.0,0.0,0.0,0.0,0.0
end_of_evidence_block,26,late,false_belief_vs_authority,80,0.0,0.0,0.0,0.0,0.0
end_of_evidence_block,26,late,false_belief_vs_distractor,80,0.0,0.0,0.0,0.0,0.0
end_of_evidence_block,26,late,false_belief_vs_emotional,80,0.0,0.0,0.0,0.0,0.0
end_of_evidence_block,26,late,false_belief_vs_false_rationale,80,0.0,0.0,0.0,0.0,0.0
end_of_evidence_block,26,late,false_belief_vs_true_belief,80,0.0,0.0,0.0,0.0,0.0
end_of_evidence_block,26,late,false_belief_vs_true_rationale,80,0.0,0.0,0.0,0.0,0.0
end_of_evidence_block,26,late,false_rationale_vs_authority,80,0.0,0.0,0.0,0.0,0.0
end_of_evidence_block,26,late,false_rationale_vs_emotional,80,0.0,0.0,0.0,0.0,0.0
end_of_evidence_block,27,late,authority_vs_distractor,80,0.0,0.0,0.0,0.0,0.0
end_of_evidence_block,27,late,emotional_vs_authority,80,0.0,0.0,0.0,0.0,0.0
end_of_evidence_block,27,late,emotional_vs_distractor,80,0.0,0.0,0.0,0.0,0.0
end_of_evidence_block,27,late,false_belief_vs_authority,80,0.0,0.0,0.0,0.0,0.0
end_of_evidence_block,27,late,false_belief_vs_distractor,80,0.0,0.0,0.0,0.0,0.0
end_of_evidence_block,27,late,false_belief_vs_emotional,80,0.0,0.0,0.0,0.0,0.0
end_of_evidence_block,27,late,false_belief_vs_false_rationale,80,0.0,0.0,0.0,0.0,0.0
end_of_evidence_block,27,late,false_belief_vs_true_belief,80,0.0,0.0,0.0,0.0,0.0
end_of_evidence_block,27,late,false_belief_vs_true_rationale,80,0.0,0.0,0.0,0.0,0.0
end_of_evidence_block,27,late,false_rationale_vs_authority,80,0.0,0.0,0.0,0.0,0.0
end_of_evidence_block,27,late,false_rationale_vs_emotional,80,0.0,0.0,0.0,0.0,0.0
end_of_evidence_block,28,late,authority_vs_distractor,80,0.0,0.0,0.0,0.0,0.0
end_of_evidence_block,28,late,emotional_vs_authority,80,0.0,0.0,0.0,0.0,0.0
end_of_evidence_block,28,late,emotional_vs_distractor,80,0.0,0.0,0.0,0.0,0.0
end_of_evidence_block,28,late,false_belief_vs_authority,80,0.0,0.0,0.0,0.0,0.0
end_of_evidence_block,28,late,false_belief_vs_distractor,80,0.0,0.0,0.0,0.0,0.0
end_of_evidence_block,28,late,false_belief_vs_emotional,80,0.0,0.0,0.0,0.0,0.0
end_of_evidence_block,28,late,false_belief_vs_false_rationale,80,0.0,0.0,0.0,0.0,0.0
end_of_evidence_block,28,late,false_belief_vs_true_belief,80,0.0,0.0,0.0,0.0,0.0
end_of_evidence_block,28,late,false_belief_vs_true_rationale,80,0.0,0.0,0.0,0.0,0.0
end_of_evidence_block,28,late,false_rationale_vs_authority,80,0.0,0.0,0.0,0.0,0.0
end_of_evidence_block,28,late,false_rationale_vs_emotional,80,0.0,0.0,0.0,0.0,0.0
end_of_evidence_block,29,late,authority_vs_distractor,80,0.0,0.0,0.0,0.0,0.0
end_of_evidence_block,29,late,emotional_vs_authority,80,0.0,0.0,0.0,0.0,0.0
end_of_evidence_block,29,late,emotional_vs_distractor,80,0.0,0.0,0.0,0.0,0.0
end_of_evidence_block,29,late,false_belief_vs_authority,80,0.0,0.0,0.0,0.0,0.0
end_of_evidence_block,29,late,false_belief_vs_distractor,80,0.0,0.0,0.0,0.0,0.0
end_of_evidence_block,29,late,false_belief_vs_emotional,80,0.0,0.0,0.0,0.0,0.0
end_of_evidence_block,29,late,false_belief_vs_false_rationale,80,0.0,0.0,0.0,0.0,0.0
end_of_evidence_block,29,late,false_belief_vs_true_belief,80,0.0,0.0,0.0,0.0,0.0
end_of_evidence_block,29,late,false_belief_vs_true_rationale,80,0.0,0.0,0.0,0.0,0.0
end_of_evidence_block,29,late,false_rationale_vs_authority,80,0.0,0.0,0.0,0.0,0.0
end_of_evidence_block,29,late,false_rationale_vs_emotional,80,0.0,0.0,0.0,0.0,0.0
end_of_evidence_block,30,late,authority_vs_distractor,80,0.0,0.0,0.0,0.0,0.0
end_of_evidence_block,30,late,emotional_vs_authority,80,0.0,0.0,0.0,0.0,0.0
end_of_evidence_block,30,late,emotional_vs_distractor,80,0.0,0.0,0.0,0.0,0.0
end_of_evidence_block,30,late,false_belief_vs_authority,80,0.0,0.0,0.0,0.0,0.0
end_of_evidence_block,30,late,false_belief_vs_distractor,80,0.0,0.0,0.0,0.0,0.0
end_of_evidence_block,30,late,false_belief_vs_emotional,80,0.0,0.0,0.0,0.0,0.0
end_of_evidence_block,30,late,false_belief_vs_false_rationale,80,0.0,0.0,0.0,0.0,0.0
end_of_evidence_block,30,late,false_belief_vs_true_belief,80,0.0,0.0,0.0,0.0,0.0
end_of_evidence_block,30,late,false_belief_vs_true_rationale,80,0.0,0.0,0.0,0.0,0.0
end_of_evidence_block,30,late,false_rationale_vs_authority,80,0.0,0.0,0.0,0.0,0.0
end_of_evidence_block,30,late,false_rationale_vs_emotional,80,0.0,0.0,0.0,0.0,0.0
end_of_evidence_block,31,late,authority_vs_distractor,80,0.0,0.0,0.0,0.0,0.0
end_of_evidence_block,31,late,emotional_vs_authority,80,0.0,0.0,0.0,0.0,0.0
end_of_evidence_block,31,late,emotional_vs_distractor,80,0.0,0.0,0.0,0.0,0.0
end_of_evidence_block,31,late,false_belief_vs_authority,80,0.0,0.0,0.0,0.0,0.0
end_of_evidence_block,31,late,false_belief_vs_distractor,80,0.0,0.0,0.0,0.0,0.0
end_of_evidence_block,31,late,false_belief_vs_emotional,80,0.0,0.0,0.0,0.0,0.0
end_of_evidence_block,31,late,false_belief_vs_false_rationale,80,0.0,0.0,0.0,0.0,0.0
end_of_evidence_block,31,late,false_belief_vs_true_belief,80,0.0,0.0,0.0,0.0,0.0
end_of_evidence_block,31,late,false_belief_vs_true_rationale,80,0.0,0.0,0.0,0.0,0.0
end_of_evidence_block,31,late,false_rationale_vs_authority,80,0.0,0.0,0.0,0.0,0.0
end_of_evidence_block,31,late,false_rationale_vs_emotional,80,0.0,0.0,0.0,0.0,0.0
end_of_evidence_block,32,late,authority_vs_distractor,80,0.0,0.0,0.0,0.0,0.0
end_of_evidence_block,32,late,emotional_vs_authority,80,0.0,0.0,0.0,0.0,0.0
end_of_evidence_block,32,late,emotional_vs_distractor,80,0.0,0.0,0.0,0.0,0.0
end_of_evidence_block,32,late,false_belief_vs_authority,80,0.0,0.0,0.0,0.0,0.0
end_of_evidence_block,32,late,false_belief_vs_distractor,80,0.0,0.0,0.0,0.0,0.0
end_of_evidence_block,32,late,false_belief_vs_emotional,80,0.0,0.0,0.0,0.0,0.0
end_of_evidence_block,32,late,false_belief_vs_false_rationale,80,0.0,0.0,0.0,0.0,0.0
end_of_evidence_block,32,late,false_belief_vs_true_belief,80,0.0,0.0,0.0,0.0,0.0
end_of_evidence_block,32,late,false_belief_vs_true_rationale,80,0.0,0.0,0.0,0.0,0.0
end_of_evidence_block,32,late,false_rationale_vs_authority,80,0.0,0.0,0.0,0.0,0.0
end_of_evidence_block,32,late,false_rationale_vs_emotional,80,0.0,0.0,0.0,0.0,0.0
end_of_evidence_block,33,late,authority_vs_distractor,80,0.0,0.0,0.0,0.0,0.0
end_of_evidence_block,33,late,emotional_vs_authority,80,0.0,0.0,0.0,0.0,0.0
end_of_evidence_block,33,late,emotional_vs_distractor,80,0.0,0.0,0.0,0.0,0.0
end_of_evidence_block,33,late,false_belief_vs_authority,80,0.0,0.0,0.0,0.0,0.0
end_of_evidence_block,33,late,false_belief_vs_distractor,80,0.0,0.0,0.0,0.0,0.0
end_of_evidence_block,33,late,false_belief_vs_emotional,80,0.0,0.0,0.0,0.0,0.0
end_of_evidence_block,33,late,false_belief_vs_false_rationale,80,0.0,0.0,0.0,0.0,0.0
end_of_evidence_block,33,late,false_belief_vs_true_belief,80,0.0,0.0,0.0,0.0,0.0
end_of_evidence_block,33,late,false_belief_vs_true_rationale,80,0.0,0.0,0.0,0.0,0.0
end_of_evidence_block,33,late,false_rationale_vs_authority,80,0.0,0.0,0.0,0.0,0.0
end_of_evidence_block,33,late,false_rationale_vs_emotional,80,0.0,0.0,0.0,0.0,0.0
end_of_evidence_block,34,late,authority_vs_distractor,80,0.0,0.0,0.0,0.0,0.0
end_of_evidence_block,34,late,emotional_vs_authority,80,0.0,0.0,0.0,0.0,0.0
end_of_evidence_block,34,late,emotional_vs_distractor,80,0.0,0.0,0.0,0.0,0.0
end_of_evidence_block,34,late,false_belief_vs_authority,80,0.0,0.0,0.0,0.0,0.0
end_of_evidence_block,34,late,false_belief_vs_distractor,80,0.0,0.0,0.0,0.0,0.0
end_of_evidence_block,34,late,false_belief_vs_emotional,80,0.0,0.0,0.0,0.0,0.0
end_of_evidence_block,34,late,false_belief_vs_false_rationale,80,0.0,0.0,0.0,0.0,0.0
end_of_evidence_block,34,late,false_belief_vs_true_belief,80,0.0,0.0,0.0,0.0,0.0
end_of_evidence_block,34,late,false_belief_vs_true_rationale,80,0.0,0.0,0.0,0.0,0.0
end_of_evidence_block,34,late,false_rationale_vs_authority,80,0.0,0.0,0.0,0.0,0.0
end_of_evidence_block,34,late,false_rationale_vs_emotional,80,0.0,0.0,0.0,0.0,0.0
end_of_evidence_block,35,late,authority_vs_distractor,80,0.0,0.0,0.0,0.0,0.0
end_of_evidence_block,35,late,emotional_vs_authority,80,0.0,0.0,0.0,0.0,0.0
end_of_evidence_block,35,late,emotional_vs_distractor,80,0.0,0.0,0.0,0.0,0.0
end_of_evidence_block,35,late,false_belief_vs_authority,80,0.0,0.0,0.0,0.0,0.0
end_of_evidence_block,35,late,false_belief_vs_distractor,80,0.0,0.0,0.0,0.0,0.0
end_of_evidence_block,35,late,false_belief_vs_emotional,80,0.0,0.0,0.0,0.0,0.0
end_of_evidence_block,35,late,false_belief_vs_false_rationale,80,0.0,0.0,0.0,0.0,0.0
end_of_evidence_block,35,late,false_belief_vs_true_belief,80,0.0,0.0,0.0,0.0,0.0
end_of_evidence_block,35,late,false_belief_vs_true_rationale,80,0.0,0.0,0.0,0.0,0.0
end_of_evidence_block,35,late,false_rationale_vs_authority,80,0.0,0.0,0.0,0.0,0.0
end_of_evidence_block,35,late,false_rationale_vs_emotional,80,0.0,0.0,0.0,0.0,0.0
end_of_question_block,0,early,authority_vs_distractor,80,0.0,0.0,0.0,0.0,0.0
end_of_question_block,0,early,emotional_vs_authority,80,0.0,0.0,0.0,0.0,0.0
end_of_question_block,0,early,emotional_vs_distractor,80,0.0,0.0,0.0,0.0,0.0
end_of_question_block,0,early,false_belief_vs_authority,80,0.0,0.0,0.0,0.0,0.0
end_of_question_block,0,early,false_belief_vs_distractor,80,0.0,0.0,0.0,0.0,0.0
end_of_question_block,0,early,false_belief_vs_emotional,80,0.0,0.0,0.0,0.0,0.0
end_of_question_block,0,early,false_belief_vs_false_rationale,80,0.0,0.0,0.0,0.0,0.0
end_of_question_block,0,early,false_belief_vs_true_belief,80,0.0,0.0,0.0,0.0,0.0
end_of_question_block,0,early,false_belief_vs_true_rationale,80,0.0,0.0,0.0,0.0,0.0
end_of_question_block,0,early,false_rationale_vs_authority,80,0.0,0.0,0.0,0.0,0.0
end_of_question_block,0,early,false_rationale_vs_emotional,80,0.0,0.0,0.0,0.0,0.0
end_of_question_block,1,early,authority_vs_distractor,80,0.0,0.0,0.0,0.0,0.0
end_of_question_block,1,early,emotional_vs_authority,80,0.0,0.0,0.0,0.0,0.0
end_of_question_block,1,early,emotional_vs_distractor,80,0.0,0.0,0.0,0.0,0.0
end_of_question_block,1,early,false_belief_vs_authority,80,0.0,0.0,0.0,0.0,0.0
end_of_question_block,1,early,false_belief_vs_distractor,80,0.0,0.0,0.0,0.0,0.0
end_of_question_block,1,early,false_belief_vs_emotional,80,0.0,0.0,0.0,0.0,0.0
end_of_question_block,1,early,false_belief_vs_false_rationale,80,0.0,0.0,0.0,0.0,0.0
end_of_question_block,1,early,false_belief_vs_true_belief,80,0.0,0.0,0.0,0.0,0.0
end_of_question_block,1,early,false_belief_vs_true_rationale,80,0.0,0.0,0.0,0.0,0.0
end_of_question_block,1,early,false_rationale_vs_authority,80,0.0,0.0,0.0,0.0,0.0
end_of_question_block,1,early,false_rationale_vs_emotional,80,0.0,0.0,0.0,0.0,0.0
end_of_question_block,2,early,authority_vs_distractor,80,0.0,0.0,0.0,0.0,0.0
end_of_question_block,2,early,emotional_vs_authority,80,0.0,0.0,0.0,0.0,0.0
end_of_question_block,2,early,emotional_vs_distractor,80,0.0,0.0,0.0,0.0,0.0
end_of_question_block,2,early,false_belief_vs_authority,80,0.0,0.0,0.0,0.0,0.0
end_of_question_block,2,early,false_belief_vs_distractor,80,0.0,0.0,0.0,0.0,0.0
end_of_question_block,2,early,false_belief_vs_emotional,80,0.0,0.0,0.0,0.0,0.0
end_of_question_block,2,early,false_belief_vs_false_rationale,80,0.0,0.0,0.0,0.0,0.0
end_of_question_block,2,early,false_belief_vs_true_belief,80,0.0,0.0,0.0,0.0,0.0
end_of_question_block,2,early,false_belief_vs_true_rationale,80,0.0,0.0,0.0,0.0,0.0
end_of_question_block,2,early,false_rationale_vs_authority,80,0.0,0.0,0.0,0.0,0.0
end_of_question_block,2,early,false_rationale_vs_emotional,80,0.0,0.0,0.0,0.0,0.0
end_of_question_block,3,early,authority_vs_distractor,80,0.0,0.0,0.0,0.0,0.0
end_of_question_block,3,early,emotional_vs_authority,80,0.0,0.0,0.0,0.0,0.0
end_of_question_block,3,early,emotional_vs_distractor,80,0.0,0.0,0.0,0.0,0.0
end_of_question_block,3,early,false_belief_vs_authority,80,0.0,0.0,0.0,0.0,0.0
end_of_question_block,3,early,false_belief_vs_distractor,80,0.0,0.0,0.0,0.0,0.0
end_of_question_block,3,early,false_belief_vs_emotional,80,0.0,0.0,0.0,0.0,0.0
end_of_question_block,3,early,false_belief_vs_false_rationale,80,0.0,0.0,0.0,0.0,0.0
end_of_question_block,3,early,false_belief_vs_true_belief,80,0.0,0.0,0.0,0.0,0.0
end_of_question_block,3,early,false_belief_vs_true_rationale,80,0.0,0.0,0.0,0.0,0.0
end_of_question_block,3,early,false_rationale_vs_authority,80,0.0,0.0,0.0,0.0,0.0
end_of_question_block,3,early,false_rationale_vs_emotional,80,0.0,0.0,0.0,0.0,0.0
end_of_question_block,4,early,authority_vs_distractor,80,0.0,0.0,0.0,0.0,0.0
end_of_question_block,4,early,emotional_vs_authority,80,0.0,0.0,0.0,0.0,0.0
end_of_question_block,4,early,emotional_vs_distractor,80,0.0,0.0,0.0,0.0,0.0
end_of_question_block,4,early,false_belief_vs_authority,80,0.0,0.0,0.0,0.0,0.0
end_of_question_block,4,early,false_belief_vs_distractor,80,0.0,0.0,0.0,0.0,0.0
end_of_question_block,4,early,false_belief_vs_emotional,80,0.0,0.0,0.0,0.0,0.0
end_of_question_block,4,early,false_belief_vs_false_rationale,80,0.0,0.0,0.0,0.0,0.0
end_of_question_block,4,early,false_belief_vs_true_belief,80,0.0,0.0,0.0,0.0,0.0
end_of_question_block,4,early,false_belief_vs_true_rationale,80,0.0,0.0,0.0,0.0,0.0
end_of_question_block,4,early,false_rationale_vs_authority,80,0.0,0.0,0.0,0.0,0.0
end_of_question_block,4,early,false_rationale_vs_emotional,80,0.0,0.0,0.0,0.0,0.0
end_of_question_block,5,early,authority_vs_distractor,80,0.0,0.0,0.0,0.0,0.0
end_of_question_block,5,early,emotional_vs_authority,80,0.0,0.0,0.0,0.0,0.0
end_of_question_block,5,early,emotional_vs_distractor,80,0.0,0.0,0.0,0.0,0.0
end_of_question_block,5,early,false_belief_vs_authority,80,0.0,0.0,0.0,0.0,0.0
end_of_question_block,5,early,false_belief_vs_distractor,80,0.0,0.0,0.0,0.0,0.0
end_of_question_block,5,early,false_belief_vs_emotional,80,0.0,0.0,0.0,0.0,0.0
end_of_question_block,5,early,false_belief_vs_false_rationale,80,0.0,0.0,0.0,0.0,0.0
end_of_question_block,5,early,false_belief_vs_true_belief,80,0.0,0.0,0.0,0.0,0.0
end_of_question_block,5,early,false_belief_vs_true_rationale,80,0.0,0.0,0.0,0.0,0.0
end_of_question_block,5,early,false_rationale_vs_authority,80,0.0,0.0,0.0,0.0,0.0
end_of_question_block,5,early,false_rationale_vs_emotional,80,0.0,0.0,0.0,0.0,0.0
end_of_question_block,6,early,authority_vs_distractor,80,0.0,0.0,0.0,0.0,0.0
end_of_question_block,6,early,emotional_vs_authority,80,0.0,0.0,0.0,0.0,0.0
end_of_question_block,6,early,emotional_vs_distractor,80,0.0,0.0,0.0,0.0,0.0
end_of_question_block,6,early,false_belief_vs_authority,80,0.0,0.0,0.0,0.0,0.0
end_of_question_block,6,early,false_belief_vs_distractor,80,0.0,0.0,0.0,0.0,0.0
end_of_question_block,6,early,false_belief_vs_emotional,80,0.0,0.0,0.0,0.0,0.0
end_of_question_block,6,early,false_belief_vs_false_rationale,80,0.0,0.0,0.0,0.0,0.0
end_of_question_block,6,early,false_belief_vs_true_belief,80,0.0,0.0,0.0,0.0,0.0
end_of_question_block,6,early,false_belief_vs_true_rationale,80,0.0,0.0,0.0,0.0,0.0
end_of_question_block,6,early,false_rationale_vs_authority,80,0.0,0.0,0.0,0.0,0.0
end_of_question_block,6,early,false_rationale_vs_emotional,80,0.0,0.0,0.0,0.0,0.0
end_of_question_block,7,early,authority_vs_distractor,80,0.0,0.0,0.0,0.0,0.0
end_of_question_block,7,early,emotional_vs_authority,80,0.0,0.0,0.0,0.0,0.0
end_of_question_block,7,early,emotional_vs_distractor,80,0.0,0.0,0.0,0.0,0.0
end_of_question_block,7,early,false_belief_vs_authority,80,0.0,0.0,0.0,0.0,0.0
end_of_question_block,7,early,false_belief_vs_distractor,80,0.0,0.0,0.0,0.0,0.0
end_of_question_block,7,early,false_belief_vs_emotional,80,0.0,0.0,0.0,0.0,0.0
end_of_question_block,7,early,false_belief_vs_false_rationale,80,0.0,0.0,0.0,0.0,0.0
end_of_question_block,7,early,false_belief_vs_true_belief,80,0.0,0.0,0.0,0.0,0.0
end_of_question_block,7,early,false_belief_vs_true_rationale,80,0.0,0.0,0.0,0.0,0.0
end_of_question_block,7,early,false_rationale_vs_authority,80,0.0,0.0,0.0,0.0,0.0
end_of_question_block,7,early,false_rationale_vs_emotional,80,0.0,0.0,0.0,0.0,0.0
end_of_question_block,8,early,authority_vs_distractor,80,0.0,0.0,0.0,0.0,0.0
end_of_question_block,8,early,emotional_vs_authority,80,0.0,0.0,0.0,0.0,0.0
end_of_question_block,8,early,emotional_vs_distractor,80,0.0,0.0,0.0,0.0,0.0
end_of_question_block,8,early,false_belief_vs_authority,80,0.0,0.0,0.0,0.0,0.0
end_of_question_block,8,early,false_belief_vs_distractor,80,0.0,0.0,0.0,0.0,0.0
end_of_question_block,8,early,false_belief_vs_emotional,80,0.0,0.0,0.0,0.0,0.0
end_of_question_block,8,early,false_belief_vs_false_rationale,80,0.0,0.0,0.0,0.0,0.0
end_of_question_block,8,early,false_belief_vs_true_belief,80,0.0,0.0,0.0,0.0,0.0
end_of_question_block,8,early,false_belief_vs_true_rationale,80,0.0,0.0,0.0,0.0,0.0
end_of_question_block,8,early,false_rationale_vs_authority,80,0.0,0.0,0.0,0.0,0.0
end_of_question_block,8,early,false_rationale_vs_emotional,80,0.0,0.0,0.0,0.0,0.0
end_of_question_block,9,early,authority_vs_distractor,80,0.0,0.0,0.0,0.0,0.0
end_of_question_block,9,early,emotional_vs_authority,80,0.0,0.0,0.0,0.0,0.0
end_of_question_block,9,early,emotional_vs_distractor,80,0.0,0.0,0.0,0.0,0.0
end_of_question_block,9,early,false_belief_vs_authority,80,0.0,0.0,0.0,0.0,0.0
end_of_question_block,9,early,false_belief_vs_distractor,80,0.0,0.0,0.0,0.0,0.0
end_of_question_block,9,early,false_belief_vs_emotional,80,0.0,0.0,0.0,0.0,0.0
end_of_question_block,9,early,false_belief_vs_false_rationale,80,0.0,0.0,0.0,0.0,0.0
end_of_question_block,9,early,false_belief_vs_true_belief,80,0.0,0.0,0.0,0.0,0.0
end_of_question_block,9,early,false_belief_vs_true_rationale,80,0.0,0.0,0.0,0.0,0.0
end_of_question_block,9,early,false_rationale_vs_authority,80,0.0,0.0,0.0,0.0,0.0
end_of_question_block,9,early,false_rationale_vs_emotional,80,0.0,0.0,0.0,0.0,0.0
end_of_question_block,10,early,authority_vs_distractor,80,0.0,0.0,0.0,0.0,0.0
end_of_question_block,10,early,emotional_vs_authority,80,0.0,0.0,0.0,0.0,0.0
end_of_question_block,10,early,emotional_vs_distractor,80,0.0,0.0,0.0,0.0,0.0
end_of_question_block,10,early,false_belief_vs_authority,80,0.0,0.0,0.0,0.0,0.0
end_of_question_block,10,early,false_belief_vs_distractor,80,0.0,0.0,0.0,0.0,0.0
end_of_question_block,10,early,false_belief_vs_emotional,80,0.0,0.0,0.0,0.0,0.0
end_of_question_block,10,early,false_belief_vs_false_rationale,80,0.0,0.0,0.0,0.0,0.0
end_of_question_block,10,early,false_belief_vs_true_belief,80,0.0,0.0,0.0,0.0,0.0
end_of_question_block,10,early,false_belief_vs_true_rationale,80,0.0,0.0,0.0,0.0,0.0
end_of_question_block,10,early,false_rationale_vs_authority,80,0.0,0.0,0.0,0.0,0.0
end_of_question_block,10,early,false_rationale_vs_emotional,80,0.0,0.0,0.0,0.0,0.0
end_of_question_block,11,early,authority_vs_distractor,80,0.0,0.0,0.0,0.0,0.0
end_of_question_block,11,early,emotional_vs_authority,80,0.0,0.0,0.0,0.0,0.0
end_of_question_block,11,early,emotional_vs_distractor,80,0.0,0.0,0.0,0.0,0.0
end_of_question_block,11,early,false_belief_vs_authority,80,0.0,0.0,0.0,0.0,0.0
end_of_question_block,11,early,false_belief_vs_distractor,80,0.0,0.0,0.0,0.0,0.0
end_of_question_block,11,early,false_belief_vs_emotional,80,0.0,0.0,0.0,0.0,0.0
end_of_question_block,11,early,false_belief_vs_false_rationale,80,0.0,0.0,0.0,0.0,0.0
end_of_question_block,11,early,false_belief_vs_true_belief,80,0.0,0.0,0.0,0.0,0.0
end_of_question_block,11,early,false_belief_vs_true_rationale,80,0.0,0.0,0.0,0.0,0.0
end_of_question_block,11,early,false_rationale_vs_authority,80,0.0,0.0,0.0,0.0,0.0
end_of_question_block,11,early,false_rationale_vs_emotional,80,0.0,0.0,0.0,0.0,0.0
end_of_question_block,12,middle,authority_vs_distractor,80,0.0,0.0,0.0,0.0,0.0
end_of_question_block,12,middle,emotional_vs_authority,80,0.0,0.0,0.0,0.0,0.0
end_of_question_block,12,middle,emotional_vs_distractor,80,0.0,0.0,0.0,0.0,0.0
end_of_question_block,12,middle,false_belief_vs_authority,80,0.0,0.0,0.0,0.0,0.0
end_of_question_block,12,middle,false_belief_vs_distractor,80,0.0,0.0,0.0,0.0,0.0
end_of_question_block,12,middle,false_belief_vs_emotional,80,0.0,0.0,0.0,0.0,0.0
end_of_question_block,12,middle,false_belief_vs_false_rationale,80,0.0,0.0,0.0,0.0,0.0
end_of_question_block,12,middle,false_belief_vs_true_belief,80,0.0,0.0,0.0,0.0,0.0
end_of_question_block,12,middle,false_belief_vs_true_rationale,80,0.0,0.0,0.0,0.0,0.0
end_of_question_block,12,middle,false_rationale_vs_authority,80,0.0,0.0,0.0,0.0,0.0
end_of_question_block,12,middle,false_rationale_vs_emotional,80,0.0,0.0,0.0,0.0,0.0
end_of_question_block,13,middle,authority_vs_distractor,80,0.0,0.0,0.0,0.0,0.0
end_of_question_block,13,middle,emotional_vs_authority,80,0.0,0.0,0.0,0.0,0.0
end_of_question_block,13,middle,emotional_vs_distractor,80,0.0,0.0,0.0,0.0,0.0
end_of_question_block,13,middle,false_belief_vs_authority,80,0.0,0.0,0.0,0.0,0.0
end_of_question_block,13,middle,false_belief_vs_distractor,80,0.0,0.0,0.0,0.0,0.0
end_of_question_block,13,middle,false_belief_vs_emotional,80,0.0,0.0,0.0,0.0,0.0
end_of_question_block,13,middle,false_belief_vs_false_rationale,80,0.0,0.0,0.0,0.0,0.0
end_of_question_block,13,middle,false_belief_vs_true_belief,80,0.0,0.0,0.0,0.0,0.0
end_of_question_block,13,middle,false_belief_vs_true_rationale,80,0.0,0.0,0.0,0.0,0.0
end_of_question_block,13,middle,false_rationale_vs_authority,80,0.0,0.0,0.0,0.0,0.0
end_of_question_block,13,middle,false_rationale_vs_emotional,80,0.0,0.0,0.0,0.0,0.0
end_of_question_block,14,middle,authority_vs_distractor,80,0.0,0.0,0.0,0.0,0.0
end_of_question_block,14,middle,emotional_vs_authority,80,0.0,0.0,0.0,0.0,0.0
end_of_question_block,14,middle,emotional_vs_distractor,80,0.0,0.0,0.0,0.0,0.0
end_of_question_block,14,middle,false_belief_vs_authority,80,0.0,0.0,0.0,0.0,0.0
end_of_question_block,14,middle,false_belief_vs_distractor,80,0.0,0.0,0.0,0.0,0.0
end_of_question_block,14,middle,false_belief_vs_emotional,80,0.0,0.0,0.0,0.0,0.0
end_of_question_block,14,middle,false_belief_vs_false_rationale,80,0.0,0.0,0.0,0.0,0.0
end_of_question_block,14,middle,false_belief_vs_true_belief,80,0.0,0.0,0.0,0.0,0.0
end_of_question_block,14,middle,false_belief_vs_true_rationale,80,0.0,0.0,0.0,0.0,0.0
end_of_question_block,14,middle,false_rationale_vs_authority,80,0.0,0.0,0.0,0.0,0.0
end_of_question_block,14,middle,false_rationale_vs_emotional,80,0.0,0.0,0.0,0.0,0.0
end_of_question_block,15,middle,authority_vs_distractor,80,0.0,0.0,0.0,0.0,0.0
end_of_question_block,15,middle,emotional_vs_authority,80,0.0,0.0,0.0,0.0,0.0
end_of_question_block,15,middle,emotional_vs_distractor,80,0.0,0.0,0.0,0.0,0.0
end_of_question_block,15,middle,false_belief_vs_authority,80,0.0,0.0,0.0,0.0,0.0
end_of_question_block,15,middle,false_belief_vs_distractor,80,0.0,0.0,0.0,0.0,0.0
end_of_question_block,15,middle,false_belief_vs_emotional,80,0.0,0.0,0.0,0.0,0.0
end_of_question_block,15,middle,false_belief_vs_false_rationale,80,0.0,0.0,0.0,0.0,0.0
end_of_question_block,15,middle,false_belief_vs_true_belief,80,0.0,0.0,0.0,0.0,0.0
end_of_question_block,15,middle,false_belief_vs_true_rationale,80,0.0,0.0,0.0,0.0,0.0
end_of_question_block,15,middle,false_rationale_vs_authority,80,0.0,0.0,0.0,0.0,0.0
end_of_question_block,15,middle,false_rationale_vs_emotional,80,0.0,0.0,0.0,0.0,0.0
end_of_question_block,16,middle,authority_vs_distractor,80,0.0,0.0,0.0,0.0,0.0
end_of_question_block,16,middle,emotional_vs_authority,80,0.0,0.0,0.0,0.0,0.0
end_of_question_block,16,middle,emotional_vs_distractor,80,0.0,0.0,0.0,0.0,0.0
end_of_question_block,16,middle,false_belief_vs_authority,80,0.0,0.0,0.0,0.0,0.0
end_of_question_block,16,middle,false_belief_vs_distractor,80,0.0,0.0,0.0,0.0,0.0
end_of_question_block,16,middle,false_belief_vs_emotional,80,0.0,0.0,0.0,0.0,0.0
end_of_question_block,16,middle,false_belief_vs_false_rationale,80,0.0,0.0,0.0,0.0,0.0
end_of_question_block,16,middle,false_belief_vs_true_belief,80,0.0,0.0,0.0,0.0,0.0
end_of_question_block,16,middle,false_belief_vs_true_rationale,80,0.0,0.0,0.0,0.0,0.0
end_of_question_block,16,middle,false_rationale_vs_authority,80,0.0,0.0,0.0,0.0,0.0
end_of_question_block,16,middle,false_rationale_vs_emotional,80,0.0,0.0,0.0,0.0,0.0
end_of_question_block,17,middle,authority_vs_distractor,80,0.0,0.0,0.0,0.0,0.0
end_of_question_block,17,middle,emotional_vs_authority,80,0.0,0.0,0.0,0.0,0.0
end_of_question_block,17,middle,emotional_vs_distractor,80,0.0,0.0,0.0,0.0,0.0
end_of_question_block,17,middle,false_belief_vs_authority,80,0.0,0.0,0.0,0.0,0.0
end_of_question_block,17,middle,false_belief_vs_distractor,80,0.0,0.0,0.0,0.0,0.0
end_of_question_block,17,middle,false_belief_vs_emotional,80,0.0,0.0,0.0,0.0,0.0
end_of_question_block,17,middle,false_belief_vs_false_rationale,80,0.0,0.0,0.0,0.0,0.0
end_of_question_block,17,middle,false_belief_vs_true_belief,80,0.0,0.0,0.0,0.0,0.0
end_of_question_block,17,middle,false_belief_vs_true_rationale,80,0.0,0.0,0.0,0.0,0.0
end_of_question_block,17,middle,false_rationale_vs_authority,80,0.0,0.0,0.0,0.0,0.0
end_of_question_block,17,middle,false_rationale_vs_emotional,80,0.0,0.0,0.0,0.0,0.0
end_of_question_block,18,middle,authority_vs_distractor,80,0.0,0.0,0.0,0.0,0.0
end_of_question_block,18,middle,emotional_vs_authority,80,0.0,0.0,0.0,0.0,0.0
end_of_question_block,18,middle,emotional_vs_distractor,80,0.0,0.0,0.0,0.0,0.0
end_of_question_block,18,middle,false_belief_vs_authority,80,0.0,0.0,0.0,0.0,0.0
end_of_question_block,18,middle,false_belief_vs_distractor,80,0.0,0.0,0.0,0.0,0.0
end_of_question_block,18,middle,false_belief_vs_emotional,80,0.0,0.0,0.0,0.0,0.0
end_of_question_block,18,middle,false_belief_vs_false_rationale,80,0.0,0.0,0.0,0.0,0.0
end_of_question_block,18,middle,false_belief_vs_true_belief,80,0.0,0.0,0.0,0.0,0.0
end_of_question_block,18,middle,false_belief_vs_true_rationale,80,0.0,0.0,0.0,0.0,0.0
end_of_question_block,18,middle,false_rationale_vs_authority,80,0.0,0.0,0.0,0.0,0.0
end_of_question_block,18,middle,false_rationale_vs_emotional,80,0.0,0.0,0.0,0.0,0.0
end_of_question_block,19,middle,authority_vs_distractor,80,0.0,0.0,0.0,0.0,0.0
end_of_question_block,19,middle,emotional_vs_authority,80,0.0,0.0,0.0,0.0,0.0
end_of_question_block,19,middle,emotional_vs_distractor,80,0.0,0.0,0.0,0.0,0.0
end_of_question_block,19,middle,false_belief_vs_authority,80,0.0,0.0,0.0,0.0,0.0
end_of_question_block,19,middle,false_belief_vs_distractor,80,0.0,0.0,0.0,0.0,0.0
end_of_question_block,19,middle,false_belief_vs_emotional,80,0.0,0.0,0.0,0.0,0.0
end_of_question_block,19,middle,false_belief_vs_false_rationale,80,0.0,0.0,0.0,0.0,0.0
end_of_question_block,19,middle,false_belief_vs_true_belief,80,0.0,0.0,0.0,0.0,0.0
end_of_question_block,19,middle,false_belief_vs_true_rationale,80,0.0,0.0,0.0,0.0,0.0
end_of_question_block,19,middle,false_rationale_vs_authority,80,0.0,0.0,0.0,0.0,0.0
end_of_question_block,19,middle,false_rationale_vs_emotional,80,0.0,0.0,0.0,0.0,0.0
end_of_question_block,20,middle,authority_vs_distractor,80,0.0,0.0,0.0,0.0,0.0
end_of_question_block,20,middle,emotional_vs_authority,80,0.0,0.0,0.0,0.0,0.0
end_of_question_block,20,middle,emotional_vs_distractor,80,0.0,0.0,0.0,0.0,0.0
end_of_question_block,20,middle,false_belief_vs_authority,80,0.0,0.0,0.0,0.0,0.0
end_of_question_block,20,middle,false_belief_vs_distractor,80,0.0,0.0,0.0,0.0,0.0
end_of_question_block,20,middle,false_belief_vs_emotional,80,0.0,0.0,0.0,0.0,0.0
end_of_question_block,20,middle,false_belief_vs_false_rationale,80,0.0,0.0,0.0,0.0,0.0
end_of_question_block,20,middle,false_belief_vs_true_belief,80,0.0,0.0,0.0,0.0,0.0
end_of_question_block,20,middle,false_belief_vs_true_rationale,80,0.0,0.0,0.0,0.0,0.0
end_of_question_block,20,middle,false_rationale_vs_authority,80,0.0,0.0,0.0,0.0,0.0
end_of_question_block,20,middle,false_rationale_vs_emotional,80,0.0,0.0,0.0,0.0,0.0
end_of_question_block,21,middle,authority_vs_distractor,80,0.0,0.0,0.0,0.0,0.0
end_of_question_block,21,middle,emotional_vs_authority,80,0.0,0.0,0.0,0.0,0.0
end_of_question_block,21,middle,emotional_vs_distractor,80,0.0,0.0,0.0,0.0,0.0
end_of_question_block,21,middle,false_belief_vs_authority,80,0.0,0.0,0.0,0.0,0.0
end_of_question_block,21,middle,false_belief_vs_distractor,80,0.0,0.0,0.0,0.0,0.0
end_of_question_block,21,middle,false_belief_vs_emotional,80,0.0,0.0,0.0,0.0,0.0
end_of_question_block,21,middle,false_belief_vs_false_rationale,80,0.0,0.0,0.0,0.0,0.0
end_of_question_block,21,middle,false_belief_vs_true_belief,80,0.0,0.0,0.0,0.0,0.0
end_of_question_block,21,middle,false_belief_vs_true_rationale,80,0.0,0.0,0.0,0.0,0.0
end_of_question_block,21,middle,false_rationale_vs_authority,80,0.0,0.0,0.0,0.0,0.0
end_of_question_block,21,middle,false_rationale_vs_emotional,80,0.0,0.0,0.0,0.0,0.0
end_of_question_block,22,middle,authority_vs_distractor,80,0.0,0.0,0.0,0.0,0.0
end_of_question_block,22,middle,emotional_vs_authority,80,0.0,0.0,0.0,0.0,0.0
end_of_question_block,22,middle,emotional_vs_distractor,80,0.0,0.0,0.0,0.0,0.0
end_of_question_block,22,middle,false_belief_vs_authority,80,0.0,0.0,0.0,0.0,0.0
end_of_question_block,22,middle,false_belief_vs_distractor,80,0.0,0.0,0.0,0.0,0.0
end_of_question_block,22,middle,false_belief_vs_emotional,80,0.0,0.0,0.0,0.0,0.0
end_of_question_block,22,middle,false_belief_vs_false_rationale,80,0.0,0.0,0.0,0.0,0.0
end_of_question_block,22,middle,false_belief_vs_true_belief,80,0.0,0.0,0.0,0.0,0.0
end_of_question_block,22,middle,false_belief_vs_true_rationale,80,0.0,0.0,0.0,0.0,0.0
end_of_question_block,22,middle,false_rationale_vs_authority,80,0.0,0.0,0.0,0.0,0.0
end_of_question_block,22,middle,false_rationale_vs_emotional,80,0.0,0.0,0.0,0.0,0.0
end_of_question_block,23,middle,authority_vs_distractor,80,0.0,0.0,0.0,0.0,0.0
end_of_question_block,23,middle,emotional_vs_authority,80,0.0,0.0,0.0,0.0,0.0
end_of_question_block,23,middle,emotional_vs_distractor,80,0.0,0.0,0.0,0.0,0.0
end_of_question_block,23,middle,false_belief_vs_authority,80,0.0,0.0,0.0,0.0,0.0
end_of_question_block,23,middle,false_belief_vs_distractor,80,0.0,0.0,0.0,0.0,0.0
end_of_question_block,23,middle,false_belief_vs_emotional,80,0.0,0.0,0.0,0.0,0.0
end_of_question_block,23,middle,false_belief_vs_false_rationale,80,0.0,0.0,0.0,0.0,0.0
end_of_question_block,23,middle,false_belief_vs_true_belief,80,0.0,0.0,0.0,0.0,0.0
end_of_question_block,23,middle,false_belief_vs_true_rationale,80,0.0,0.0,0.0,0.0,0.0
end_of_question_block,23,middle,false_rationale_vs_authority,80,0.0,0.0,0.0,0.0,0.0
end_of_question_block,23,middle,false_rationale_vs_emotional,80,0.0,0.0,0.0,0.0,0.0
end_of_question_block,24,late,authority_vs_distractor,80,0.0,0.0,0.0,0.0,0.0
end_of_question_block,24,late,emotional_vs_authority,80,0.0,0.0,0.0,0.0,0.0
end_of_question_block,24,late,emotional_vs_distractor,80,0.0,0.0,0.0,0.0,0.0
end_of_question_block,24,late,false_belief_vs_authority,80,0.0,0.0,0.0,0.0,0.0
end_of_question_block,24,late,false_belief_vs_distractor,80,0.0,0.0,0.0,0.0,0.0
end_of_question_block,24,late,false_belief_vs_emotional,80,0.0,0.0,0.0,0.0,0.0
end_of_question_block,24,late,false_belief_vs_false_rationale,80,0.0,0.0,0.0,0.0,0.0
end_of_question_block,24,late,false_belief_vs_true_belief,80,0.0,0.0,0.0,0.0,0.0
end_of_question_block,24,late,false_belief_vs_true_rationale,80,0.0,0.0,0.0,0.0,0.0
end_of_question_block,24,late,false_rationale_vs_authority,80,0.0,0.0,0.0,0.0,0.0
end_of_question_block,24,late,false_rationale_vs_emotional,80,0.0,0.0,0.0,0.0,0.0
end_of_question_block,25,late,authority_vs_distractor,80,0.0,0.0,0.0,0.0,0.0
end_of_question_block,25,late,emotional_vs_authority,80,0.0,0.0,0.0,0.0,0.0
end_of_question_block,25,late,emotional_vs_distractor,80,0.0,0.0,0.0,0.0,0.0
end_of_question_block,25,late,false_belief_vs_authority,80,0.0,0.0,0.0,0.0,0.0
end_of_question_block,25,late,false_belief_vs_distractor,80,0.0,0.0,0.0,0.0,0.0
end_of_question_block,25,late,false_belief_vs_emotional,80,0.0,0.0,0.0,0.0,0.0
end_of_question_block,25,late,false_belief_vs_false_rationale,80,0.0,0.0,0.0,0.0,0.0
end_of_question_block,25,late,false_belief_vs_true_belief,80,0.0,0.0,0.0,0.0,0.0
end_of_question_block,25,late,false_belief_vs_true_rationale,80,0.0,0.0,0.0,0.0,0.0
end_of_question_block,25,late,false_rationale_vs_authority,80,0.0,0.0,0.0,0.0,0.0
end_of_question_block,25,late,false_rationale_vs_emotional,80,0.0,0.0,0.0,0.0,0.0
end_of_question_block,26,late,authority_vs_distractor,80,0.0,0.0,0.0,0.0,0.0
end_of_question_block,26,late,emotional_vs_authority,80,0.0,0.0,0.0,0.0,0.0
end_of_question_block,26,late,emotional_vs_distractor,80,0.0,0.0,0.0,0.0,0.0
end_of_question_block,26,late,false_belief_vs_authority,80,0.0,0.0,0.0,0.0,0.0
end_of_question_block,26,late,false_belief_vs_distractor,80,0.0,0.0,0.0,0.0,0.0
end_of_question_block,26,late,false_belief_vs_emotional,80,0.0,0.0,0.0,0.0,0.0
end_of_question_block,26,late,false_belief_vs_false_rationale,80,0.0,0.0,0.0,0.0,0.0
end_of_question_block,26,late,false_belief_vs_true_belief,80,0.0,0.0,0.0,0.0,0.0
end_of_question_block,26,late,false_belief_vs_true_rationale,80,0.0,0.0,0.0,0.0,0.0
end_of_question_block,26,late,false_rationale_vs_authority,80,0.0,0.0,0.0,0.0,0.0
end_of_question_block,26,late,false_rationale_vs_emotional,80,0.0,0.0,0.0,0.0,0.0
end_of_question_block,27,late,authority_vs_distractor,80,0.0,0.0,0.0,0.0,0.0
end_of_question_block,27,late,emotional_vs_authority,80,0.0,0.0,0.0,0.0,0.0
end_of_question_block,27,late,emotional_vs_distractor,80,0.0,0.0,0.0,0.0,0.0
end_of_question_block,27,late,false_belief_vs_authority,80,0.0,0.0,0.0,0.0,0.0
end_of_question_block,27,late,false_belief_vs_distractor,80,0.0,0.0,0.0,0.0,0.0
end_of_question_block,27,late,false_belief_vs_emotional,80,0.0,0.0,0.0,0.0,0.0
end_of_question_block,27,late,false_belief_vs_false_rationale,80,0.0,0.0,0.0,0.0,0.0
end_of_question_block,27,late,false_belief_vs_true_belief,80,0.0,0.0,0.0,0.0,0.0
end_of_question_block,27,late,false_belief_vs_true_rationale,80,0.0,0.0,0.0,0.0,0.0
end_of_question_block,27,late,false_rationale_vs_authority,80,0.0,0.0,0.0,0.0,0.0
end_of_question_block,27,late,false_rationale_vs_emotional,80,0.0,0.0,0.0,0.0,0.0
end_of_question_block,28,late,authority_vs_distractor,80,0.0,0.0,0.0,0.0,0.0
end_of_question_block,28,late,emotional_vs_authority,80,0.0,0.0,0.0,0.0,0.0
end_of_question_block,28,late,emotional_vs_distractor,80,0.0,0.0,0.0,0.0,0.0
end_of_question_block,28,late,false_belief_vs_authority,80,0.0,0.0,0.0,0.0,0.0
end_of_question_block,28,late,false_belief_vs_distractor,80,0.0,0.0,0.0,0.0,0.0
end_of_question_block,28,late,false_belief_vs_emotional,80,0.0,0.0,0.0,0.0,0.0
end_of_question_block,28,late,false_belief_vs_false_rationale,80,0.0,0.0,0.0,0.0,0.0
end_of_question_block,28,late,false_belief_vs_true_belief,80,0.0,0.0,0.0,0.0,0.0
end_of_question_block,28,late,false_belief_vs_true_rationale,80,0.0,0.0,0.0,0.0,0.0
end_of_question_block,28,late,false_rationale_vs_authority,80,0.0,0.0,0.0,0.0,0.0
end_of_question_block,28,late,false_rationale_vs_emotional,80,0.0,0.0,0.0,0.0,0.0
end_of_question_block,29,late,authority_vs_distractor,80,0.0,0.0,0.0,0.0,0.0
end_of_question_block,29,late,emotional_vs_authority,80,0.0,0.0,0.0,0.0,0.0
end_of_question_block,29,late,emotional_vs_distractor,80,0.0,0.0,0.0,0.0,0.0
end_of_question_block,29,late,false_belief_vs_authority,80,0.0,0.0,0.0,0.0,0.0
end_of_question_block,29,late,false_belief_vs_distractor,80,0.0,0.0,0.0,0.0,0.0
end_of_question_block,29,late,false_belief_vs_emotional,80,0.0,0.0,0.0,0.0,0.0
end_of_question_block,29,late,false_belief_vs_false_rationale,80,0.0,0.0,0.0,0.0,0.0
end_of_question_block,29,late,false_belief_vs_true_belief,80,0.0,0.0,0.0,0.0,0.0
end_of_question_block,29,late,false_belief_vs_true_rationale,80,0.0,0.0,0.0,0.0,0.0
end_of_question_block,29,late,false_rationale_vs_authority,80,0.0,0.0,0.0,0.0,0.0
end_of_question_block,29,late,false_rationale_vs_emotional,80,0.0,0.0,0.0,0.0,0.0
end_of_question_block,30,late,authority_vs_distractor,80,0.0,0.0,0.0,0.0,0.0
end_of_question_block,30,late,emotional_vs_authority,80,0.0,0.0,0.0,0.0,0.0
end_of_question_block,30,late,emotional_vs_distractor,80,0.0,0.0,0.0,0.0,0.0
end_of_question_block,30,late,false_belief_vs_authority,80,0.0,0.0,0.0,0.0,0.0
end_of_question_block,30,late,false_belief_vs_distractor,80,0.0,0.0,0.0,0.0,0.0
end_of_question_block,30,late,false_belief_vs_emotional,80,0.0,0.0,0.0,0.0,0.0
end_of_question_block,30,late,false_belief_vs_false_rationale,80,0.0,0.0,0.0,0.0,0.0
end_of_question_block,30,late,false_belief_vs_true_belief,80,0.0,0.0,0.0,0.0,0.0
end_of_question_block,30,late,false_belief_vs_true_rationale,80,0.0,0.0,0.0,0.0,0.0
end_of_question_block,30,late,false_rationale_vs_authority,80,0.0,0.0,0.0,0.0,0.0
end_of_question_block,30,late,false_rationale_vs_emotional,80,0.0,0.0,0.0,0.0,0.0
end_of_question_block,31,late,authority_vs_distractor,80,0.0,0.0,0.0,0.0,0.0
end_of_question_block,31,late,emotional_vs_authority,80,0.0,0.0,0.0,0.0,0.0
end_of_question_block,31,late,emotional_vs_distractor,80,0.0,0.0,0.0,0.0,0.0
end_of_question_block,31,late,false_belief_vs_authority,80,0.0,0.0,0.0,0.0,0.0
end_of_question_block,31,late,false_belief_vs_distractor,80,0.0,0.0,0.0,0.0,0.0
end_of_question_block,31,late,false_belief_vs_emotional,80,0.0,0.0,0.0,0.0,0.0
end_of_question_block,31,late,false_belief_vs_false_rationale,80,0.0,0.0,0.0,0.0,0.0
end_of_question_block,31,late,false_belief_vs_true_belief,80,0.0,0.0,0.0,0.0,0.0
end_of_question_block,31,late,false_belief_vs_true_rationale,80,0.0,0.0,0.0,0.0,0.0
end_of_question_block,31,late,false_rationale_vs_authority,80,0.0,0.0,0.0,0.0,0.0
end_of_question_block,31,late,false_rationale_vs_emotional,80,0.0,0.0,0.0,0.0,0.0
end_of_question_block,32,late,authority_vs_distractor,80,0.0,0.0,0.0,0.0,0.0
end_of_question_block,32,late,emotional_vs_authority,80,0.0,0.0,0.0,0.0,0.0
end_of_question_block,32,late,emotional_vs_distractor,80,0.0,0.0,0.0,0.0,0.0
end_of_question_block,32,late,false_belief_vs_authority,80,0.0,0.0,0.0,0.0,0.0
end_of_question_block,32,late,false_belief_vs_distractor,80,0.0,0.0,0.0,0.0,0.0
end_of_question_block,32,late,false_belief_vs_emotional,80,0.0,0.0,0.0,0.0,0.0
end_of_question_block,32,late,false_belief_vs_false_rationale,80,0.0,0.0,0.0,0.0,0.0
end_of_question_block,32,late,false_belief_vs_true_belief,80,0.0,0.0,0.0,0.0,0.0
end_of_question_block,32,late,false_belief_vs_true_rationale,80,0.0,0.0,0.0,0.0,0.0
end_of_question_block,32,late,false_rationale_vs_authority,80,0.0,0.0,0.0,0.0,0.0
end_of_question_block,32,late,false_rationale_vs_emotional,80,0.0,0.0,0.0,0.0,0.0
end_of_question_block,33,late,authority_vs_distractor,80,0.0,0.0,0.0,0.0,0.0
end_of_question_block,33,late,emotional_vs_authority,80,0.0,0.0,0.0,0.0,0.0
end_of_question_block,33,late,emotional_vs_distractor,80,0.0,0.0,0.0,0.0,0.0
end_of_question_block,33,late,false_belief_vs_authority,80,0.0,0.0,0.0,0.0,0.0
end_of_question_block,33,late,false_belief_vs_distractor,80,0.0,0.0,0.0,0.0,0.0
end_of_question_block,33,late,false_belief_vs_emotional,80,0.0,0.0,0.0,0.0,0.0
end_of_question_block,33,late,false_belief_vs_false_rationale,80,0.0,0.0,0.0,0.0,0.0
end_of_question_block,33,late,false_belief_vs_true_belief,80,0.0,0.0,0.0,0.0,0.0
end_of_question_block,33,late,false_belief_vs_true_rationale,80,0.0,0.0,0.0,0.0,0.0
end_of_question_block,33,late,false_rationale_vs_authority,80,0.0,0.0,0.0,0.0,0.0
end_of_question_block,33,late,false_rationale_vs_emotional,80,0.0,0.0,0.0,0.0,0.0
end_of_question_block,34,late,authority_vs_distractor,80,0.0,0.0,0.0,0.0,0.0
end_of_question_block,34,late,emotional_vs_authority,80,0.0,0.0,0.0,0.0,0.0
end_of_question_block,34,late,emotional_vs_distractor,80,0.0,0.0,0.0,0.0,0.0
end_of_question_block,34,late,false_belief_vs_authority,80,0.0,0.0,0.0,0.0,0.0
end_of_question_block,34,late,false_belief_vs_distractor,80,0.0,0.0,0.0,0.0,0.0
end_of_question_block,34,late,false_belief_vs_emotional,80,0.0,0.0,0.0,0.0,0.0
end_of_question_block,34,late,false_belief_vs_false_rationale,80,0.0,0.0,0.0,0.0,0.0
end_of_question_block,34,late,false_belief_vs_true_belief,80,0.0,0.0,0.0,0.0,0.0
end_of_question_block,34,late,false_belief_vs_true_rationale,80,0.0,0.0,0.0,0.0,0.0
end_of_question_block,34,late,false_rationale_vs_authority,80,0.0,0.0,0.0,0.0,0.0
end_of_question_block,34,late,false_rationale_vs_emotional,80,0.0,0.0,0.0,0.0,0.0
end_of_question_block,35,late,authority_vs_distractor,80,0.0,0.0,0.0,0.0,0.0
end_of_question_block,35,late,emotional_vs_authority,80,0.0,0.0,0.0,0.0,0.0
end_of_question_block,35,late,emotional_vs_distractor,80,0.0,0.0,0.0,0.0,0.0
end_of_question_block,35,late,false_belief_vs_authority,80,0.0,0.0,0.0,0.0,0.0
end_of_question_block,35,late,false_belief_vs_distractor,80,0.0,0.0,0.0,0.0,0.0
end_of_question_block,35,late,false_belief_vs_emotional,80,0.0,0.0,0.0,0.0,0.0
end_of_question_block,35,late,false_belief_vs_false_rationale,80,0.0,0.0,0.0,0.0,0.0
end_of_question_block,35,late,false_belief_vs_true_belief,80,0.0,0.0,0.0,0.0,0.0
end_of_question_block,35,late,false_belief_vs_true_rationale,80,0.0,0.0,0.0,0.0,0.0
end_of_question_block,35,late,false_rationale_vs_authority,80,0.0,0.0,0.0,0.0,0.0
end_of_question_block,35,late,false_rationale_vs_emotional,80,0.0,0.0,0.0,0.0,0.0
end_of_user_message,0,early,authority_vs_distractor,80,0.38173174529990145,0.38475146468700466,0.060220767216780685,0.2596312079364574,0.510110945628831
end_of_user_message,0,early,emotional_vs_authority,80,0.3356184905110534,0.3332751237865864,0.06076541521585904,0.19673859873852043,0.4668003081087032
end_of_user_message,0,early,emotional_vs_distractor,80,0.7000523242601489,0.698870918744519,0.017758288901529827,0.6668132373263511,0.7469212114758307
end_of_user_message,0,early,false_belief_vs_authority,80,0.06401384436636609,0.06360625650954496,0.013332783014514743,0.030449317981590965,0.10092649342796231
end_of_user_message,0,early,false_belief_vs_distractor,80,0.0697539617722028,0.0693453279070852,0.017359629232432745,0.020099818216379614,0.11768591346391724
end_of_user_message,0,early,false_belief_vs_emotional,80,0.16200100215875837,0.16314028604127345,0.014843330929628614,0.12763608279130662,0.20309223380526154
end_of_user_message,0,early,false_belief_vs_false_rationale,80,0.9791231451181481,0.9772705875044966,0.006854127926071155,0.9673018213464651,0.9926896157334302
end_of_user_message,0,early,false_belief_vs_true_belief,80,0.9999275387421221,0.9999282230938348,8.02660269232912e-06,0.9999068390142423,0.9999432152667607
end_of_user_message,0,early,false_belief_vs_true_rationale,80,0.9815974653636232,0.9822728978543315,0.005869794865450286,0.9639004568785232,0.9916162150281701
end_of_user_message,0,early,false_rationale_vs_authority,80,0.12875580177757173,0.12999430078900545,0.019596025207423762,0.08497355552187615,0.17262536851461852
end_of_user_message,0,early,false_rationale_vs_emotional,80,0.2497866346891712,0.24914678630258888,0.019602528240013413,0.20243398370365656,0.28363328601703264
end_of_user_message,1,early,authority_vs_distractor,80,0.37126687455988283,0.3698286627834718,0.03040144232763837,0.31362297530471706,0.4385975805693614
end_of_user_message,1,early,emotional_vs_authority,80,0.503564399000597,0.5027899644213845,0.03794330922651338,0.43710972508070955,0.5805238928884161
end_of_user_message,1,early,emotional_vs_distractor,80,0.5378019033245534,0.5396526201480276,0.024103728037836034,0.4581529773760579,0.585572329828826
end_of_user_message,1,early,false_belief_vs_authority,80,0.16088909407782928,0.16198684372002947,0.0153281732355454,0.12683608629547663,0.202655981672835
end_of_user_message,1,early,false_belief_vs_distractor,80,0.06643289976073809,0.06719006974609742,0.013577259418288749,0.03277820302496218,0.10149554553038564
end_of_user_message,1,early,false_belief_vs_emotional,80,0.2688450242938899,0.27388623478862517,0.014262408295432105,0.23864497417577968,0.3001870161634387
end_of_user_message,1,early,false_belief_vs_false_rationale,80,0.9312358855720773,0.9293452576220913,0.016580293768429677,0.8944918562135805,0.966242871906581
end_of_user_message,1,early,false_belief_vs_true_belief,80,0.998969650809882,0.998976456215128,9.319159932502069e-05,0.9987483863825066,0.9991873994131828
end_of_user_message,1,early,false_belief_vs_true_rationale,80,0.9359791956070767,0.9379709530004567,0.01577592704055994,0.8940771845742597,0.962328496644858
end_of_user_message,1,early,false_rationale_vs_authority,80,0.2511965071688054,0.25188630977921106,0.01749294020413667,0.20505652652980688,0.29393947328906334
end_of_user_message,1,early,false_rationale_vs_emotional,80,0.34812220950993505,0.3474638858707487,0.014758614862428698,0.31467216477962084,0.38314675443647755
end_of_user_message,2,early,authority_vs_distractor,80,0.5254935948597194,0.5269963941904265,0.021994834034282262,0.4757339284605445,0.5766906573588215
end_of_user_message,2,early,emotional_vs_authority,80,0.6483230178008466,0.6442608962966474,0.021255574232630574,0.6057041457150691,0.6936910169590093
end_of_user_message,2,early,emotional_vs_distractor,80,0.5531016490590498,0.554137394622131,0.02009233194352151,0.5027775827859178,0.6053297846340328
end_of_user_message,2,early,false_belief_vs_authority,80,0.342095660369491,0.3471778696597182,0.017466917844416983,0.2964997089492101,0.3700231593952443
end_of_user_message,2,early,false_belief_vs_distractor,80,0.20183364620916278,0.20270414303012757,0.017186696305054504,0.16659911423479476,0.2382739927538262
end_of_user_message,2,early,false_belief_vs_emotional,80,0.4518961779876828,0.4540938583858924,0.017182566198304418,0.41251232072391253,0.48252102021404336
end_of_user_message,2,early,false_belief_vs_false_rationale,80,0.9171049138409948,0.916702433070086,0.017079066991733814,0.8876608785606457,0.9547458692618978
end_of_user_message,2,early,false_belief_vs_true_belief,80,0.996188633374893,0.9961637050311724,0.0004476208017690637,0.9950773881878153,0.9971435018276216
end_of_user_message,2,early,false_belief_vs_true_rationale,80,0.9218300793679222,0.9234375982259029,0.01668633947741224,0.8796802779533099,0.9506969040166214
end_of_user_message,2,early,false_rationale_vs_authority,80,0.41791827091203027,0.41846519735516086,0.016906016614819823,0.3754273652658517,0.4580156934790697
end_of_user_message,2,early,false_rationale_vs_emotional,80,0.4976937115541814,0.49818460569144896,0.013630762582599742,0.46408356414719676,0.5324884261626818
end_of_user_message,3,early,authority_vs_distractor,80,0.5315553934849152,0.5321590281380281,0.02651124170804081,0.46544436748188867,0.5891903216755663
end_of_user_message,3,early,emotional_vs_authority,80,0.6922695730366988,0.6931901456149969,0.023047820487793094,0.6418765714425343,0.7393600761655525
end_of_user_message,3,early,emotional_vs_distractor,80,0.5407480453342656,0.5443419229235439,0.027033746960394185,0.48824203584967774,0.6123584339254184
end_of_user_message,3,early,false_belief_vs_authority,80,0.4723108802918913,0.47141078553904625,0.0187570216892377,0.4221945736792757,0.516540231936041
end_of_user_message,3,early,false_belief_vs_distractor,80,0.23206542803820965,0.2317932574908022,0.0246426965004468,0.17544082667758767,0.2881587587973576
end_of_user_message,3,early,false_belief_vs_emotional,80,0.5541889464143179,0.5569957757446204,0.016412081228872034,0.5161105028596341,0.586359242698709
end_of_user_message,3,early,false_belief_vs_false_rationale,80,0.9276364980444096,0.9271273536305882,0.013760224452741558,0.8977700341140475,0.9572966235787785
end_of_user_message,3,early,false_belief_vs_true_belief,80,0.9967662394394037,0.9967209562518782,0.0003789650811374755,0.9958557590667264,0.9976259985659015
end_of_user_message,3,early,false_belief_vs_true_rationale,80,0.9321758250046533,0.9335137128119939,0.013912430556916388,0.8985692818996699,0.9564698003966579
end_of_user_message,3,early,false_rationale_vs_authority,80,0.5304630788742739,0.5273884968187794,0.019934563983155226,0.4879813352434232,0.5876669418441017
end_of_user_message,3,early,false_rationale_vs_emotional,80,0.5974987457015895,0.5983719224100326,0.013484328384630546,0.5699955599640352,0.6310331340276365
end_of_user_message,4,early,authority_vs_distractor,80,0.4869936083042045,0.4858687048239243,0.025886623133231427,0.4282276937297975,0.5447011654494589
end_of_user_message,4,early,emotional_vs_authority,80,0.6942504615731553,0.6930806370292134,0.016613957614203395,0.6568687204423589,0.7308820502574466
end_of_user_message,4,early,emotional_vs_distractor,80,0.47676422343522484,0.47791781706858594,0.022633681830218206,0.4188327974453612,0.5349860561773352
end_of_user_message,4,early,false_belief_vs_authority,80,0.4827700002175754,0.4846294875035898,0.019122293879351812,0.4334560306008357,0.5376628711018474
end_of_user_message,4,early,false_belief_vs_distractor,80,0.16737043357964154,0.16569152861413378,0.020358664006311394,0.12320429249235317,0.2069620553497531
end_of_user_message,4,early,false_belief_vs_emotional,80,0.52273534580805,0.5210453949522733,0.013153836231964058,0.48887589718892605,0.5649664549593367
end_of_user_message,4,early,false_belief_vs_false_rationale,80,0.9289508865125946,0.9291424034233098,0.015060919492450359,0.8864003545555392,0.9599802005728678
end_of_user_message,4,early,false_belief_vs_true_belief,80,0.9972269937847681,0.9971975206131467,0.00030483302208515116,0.996408092141893,0.99789037993487
end_of_user_message,4,early,false_belief_vs_true_rationale,80,0.9304295670858016,0.9307603385405621,0.015549124539442679,0.8901269657050244,0.9570156515183641
end_of_user_message,4,early,false_rationale_vs_authority,80,0.5440787907807232,0.5445797336219051,0.023089750550954417,0.4781434107072936,0.6349921850480971
end_of_user_message,4,early,false_rationale_vs_emotional,80,0.5719589589063185,0.5713237042327366,0.011809908876975805,0.5438060576888415,0.5987433165213878
end_of_user_message,5,early,authority_vs_distractor,80,0.5489186520958846,0.548544341266679,0.020141560574890822,0.5022854722086345,0.6047493843132195
end_of_user_message,5,early,emotional_vs_authority,80,0.7274772768579253,0.7288355967579471,0.014757903037950368,0.688362990765065,0.7513917554049078
end_of_user_message,5,early,emotional_vs_distractor,80,0.5096666741567424,0.5149183953835427,0.027846318948739616,0.43333885341695483,0.5579898651549469
end_of_user_message,5,early,false_belief_vs_authority,80,0.4654094826760322,0.46655326183059737,0.017737168263824935,0.41492090888859645,0.5117207528420606
end_of_user_message,5,early,false_belief_vs_distractor,80,0.19910102732392893,0.19841486651963686,0.017255167696927406,0.16423755971213796,0.23464668054463636
end_of_user_message,5,early,false_belief_vs_emotional,80,0.5175190937783968,0.5177495810071246,0.013588807413746093,0.4729748383314185,0.5629689520510079
end_of_user_message,5,early,false_belief_vs_false_rationale,80,0.92197103893666,0.9196616537191074,0.014792833012732674,0.8813342169666155,0.9550869307223686
end_of_user_message,5,early,false_belief_vs_true_belief,80,0.9978457709417144,0.9978519102914908,0.00023718098275335764,0.9970909501491847,0.998355371685552
end_of_user_message,5,early,false_belief_vs_true_rationale,80,0.9221240606111036,0.9219178327481614,0.015675408890923618,0.8790884088601248,0.9497784437721711
end_of_user_message,5,early,false_rationale_vs_authority,80,0.5594841931451873,0.561000252261278,0.0212168330242194,0.4994298996981015,0.6341535164749479
end_of_user_message,5,early,false_rationale_vs_emotional,80,0.5815363824673951,0.5813281803424307,0.01254797029227801,0.5521297715637284,0.6155328592026728
end_of_user_message,6,early,authority_vs_distractor,80,0.5731383587482557,0.573182646575427,0.023718775111815697,0.488401959525647,0.614577292242018
end_of_user_message,6,early,emotional_vs_authority,80,0.6802014449762465,0.6776513486223061,0.015317821594100592,0.652595171956163,0.7296484539679862
end_of_user_message,6,early,emotional_vs_distractor,80,0.4513882557174885,0.4497622675588223,0.02502650160234248,0.40377817221229373,0.5487106995203572
end_of_user_message,6,early,false_belief_vs_authority,80,0.526967885028695,0.5262369647717831,0.01636326247766864,0.4866011935228809,0.5635946781734638
end_of_user_message,6,early,false_belief_vs_distractor,80,0.29322327984664,0.2940079318615773,0.01750864468310442,0.24809440412979983,0.33189848721414494
end_of_user_message,6,early,false_belief_vs_emotional,80,0.5619886057778842,0.5623542784315181,0.011470165975741454,0.532603598031455,0.5924981375056206
end_of_user_message,6,early,false_belief_vs_false_rationale,80,0.9333156914475056,0.9336047196173655,0.010341630486434356,0.9023766321829907,0.9589523668678239
end_of_user_message,6,early,false_belief_vs_true_belief,80,0.9969183668868791,0.9969971740495503,0.00043024319569663996,0.9958024649916165,0.9980225461229232
end_of_user_message,6,early,false_belief_vs_true_rationale,80,0.9345245923808857,0.9344601551975422,0.0103455198576095,0.9024992057469499,0.9550455784085369
end_of_user_message,6,early,false_rationale_vs_authority,80,0.5569308470189877,0.5576734629641109,0.020806648271988464,0.5082379019962613,0.6159741905611336
end_of_user_message,6,early,false_rationale_vs_emotional,80,0.5688056203493639,0.570457934643771,0.014267281640696437,0.5367817369657777,0.5950596600874429
end_of_user_message,7,early,authority_vs_distractor,80,0.5522137023812296,0.5520832047418907,0.02403032105677025,0.48492523445567914,0.606509038858899
end_of_user_message,7,early,emotional_vs_authority,80,0.6910132014853785,0.6916485083129666,0.01670997939843263,0.6431201021755291,0.7280122645378472
end_of_user_message,7,early,emotional_vs_distractor,80,0.4848379529792891,0.4828741568002528,0.029135645201888338,0.41298469058661147,0.5954111812054148
end_of_user_message,7,early,false_belief_vs_authority,80,0.5497832318022008,0.5480066192373553,0.013664636758487315,0.5156335408023673,0.5859767894702199
end_of_user_message,7,early,false_belief_vs_distractor,80,0.3355212391897695,0.3333352903392708,0.018391835222214558,0.2929099406577047,0.3771686586084122
end_of_user_message,7,early,false_belief_vs_emotional,80,0.566206179685558,0.5658517571510127,0.012284567873578676,0.5362721701441813,0.6045099297989928
end_of_user_message,7,early,false_belief_vs_false_rationale,80,0.9074372802552789,0.9085520966088038,0.012081442417394611,0.8806263866275124,0.9352941723371938
end_of_user_message,7,early,false_belief_vs_true_belief,80,0.9962335009879928,0.9963142068697881,0.0005852832566235291,0.9944269306114509,0.9979465567978886
end_of_user_message,7,early,false_belief_vs_true_rationale,80,0.9124611416007907,0.9118516615811126,0.01207681787830741,0.8697018558443739,0.9386056916905974
end_of_user_message,7,early,false_rationale_vs_authority,80,0.5701080563274048,0.5697455150564465,0.01738464037912535,0.5327131006551378,0.6325900473312209
end_of_user_message,7,early,false_rationale_vs_emotional,80,0.5818716969407067,0.5837508768413968,0.017461791632934646,0.5463236211332013,0.6183475255124904
end_of_user_message,8,early,authority_vs_distractor,80,0.5023817170487186,0.4999261633236717,0.03587649976617168,0.4196816681332424,0.6082215172935604
end_of_user_message,8,early,emotional_vs_authority,80,0.690150729917263,0.6927500727233831,0.016661085814359402,0.6399178105144012,0.7341898642043769
end_of_user_message,8,early,emotional_vs_distractor,80,0.39850510448115034,0.39245680846479913,0.037912675011966684,0.33348786222939764,0.4975767850884689
end_of_user_message,8,early,false_belief_vs_authority,80,0.6072756251472762,0.6061519737331196,0.013027292747765512,0.577311866067651,0.6366054821202596
end_of_user_message,8,early,false_belief_vs_distractor,80,0.30912082109724326,0.3060622910731521,0.029657338966792488,0.2236721742532347,0.3905585032962329
end_of_user_message,8,early,false_belief_vs_emotional,80,0.6465344889669894,0.648533184983194,0.011649117387665666,0.6064230927000558,0.66979892846511
end_of_user_message,8,early,false_belief_vs_false_rationale,80,0.9259478192099125,0.9266286442350855,0.00991992678539225,0.90335638633817,0.9546143340594291
end_of_user_message,8,early,false_belief_vs_true_belief,80,0.9971537308073175,0.9972490351785379,0.00041949228461560814,0.9958013741582484,0.998329504165496
end_of_user_message,8,early,false_belief_vs_true_rationale,80,0.9300221820822946,0.9288470379840513,0.009291695244508345,0.8999874983550673,0.9498424515805917
end_of_user_message,8,early,false_rationale_vs_authority,80,0.61565685826752,0.6159957027870206,0.015844133910693618,0.5810641547836511,0.6678421905527998
end_of_user_message,8,early,false_rationale_vs_emotional,80,0.6524616716507797,0.6526870708331299,0.013609253925694759,0.6121244928019399,0.6808305512168685
end_of_user_message,9,early,authority_vs_distractor,80,0.4724714963377954,0.46704888164525044,0.03583852373048482,0.4031603478785759,0.5935944797213133
end_of_user_message,9,early,emotional_vs_authority,80,0.6816806694790573,0.6836244962686043,0.017856647469845374,0.6336528174901642,0.7186467626892916
end_of_user_message,9,early,emotional_vs_distractor,80,0.3873951500325389,0.3936468494650465,0.05321803649729532,0.2621274687028108,0.4935432391075344
end_of_user_message,9,early,false_belief_vs_authority,80,0.5891987769372558,0.5880756817927206,0.01400778736038376,0.5551872791895816,0.621271877206961
end_of_user_message,9,early,false_belief_vs_distractor,80,0.28798246794592985,0.2878029698398814,0.025137581312767377,0.23761895429369284,0.3461799022837545
end_of_user_message,9,early,false_belief_vs_emotional,80,0.6122778808399678,0.612720649315445,0.013988850749472159,0.565468710628263,0.6393779476581691
end_of_user_message,9,early,false_belief_vs_false_rationale,80,0.9157158906407302,0.9159547548462863,0.011010161933038009,0.8907431866062404,0.9485445814538165
end_of_user_message,9,early,false_belief_vs_true_belief,80,0.9969402306971273,0.9969877932170343,0.0004733917238062136,0.9955513619183444,0.9982753570801424
end_of_user_message,9,early,false_belief_vs_true_rationale,80,0.9195565956935436,0.9183133443313942,0.010830257987086341,0.8891733904011772,0.9445804572727816
end_of_user_message,9,early,false_rationale_vs_authority,80,0.6138787420355114,0.6153515525036424,0.01928000046896406,0.566377979530259,0.6530883693617615
end_of_user_message,9,early,false_rationale_vs_emotional,80,0.6403053060220656,0.6398951214743087,0.014764058736535971,0.5858648443689953,0.6731933347071629
end_of_user_message,10,early,authority_vs_distractor,80,0.44148838920673167,0.44029523043521995,0.031429256328556164,0.3630488882324532,0.5154784578411438
end_of_user_message,10,early,emotional_vs_authority,80,0.6822983548604598,0.6827098461150924,0.0188423143876622,0.6382191882206483,0.7286727215445081
end_of_user_message,10,early,emotional_vs_distractor,80,0.41186412474369594,0.41755152742990914,0.059474468685990614,0.28254982379626564,0.5171811162648196
end_of_user_message,10,early,false_belief_vs_authority,80,0.6384941102253886,0.638802562170206,0.017382315897571703,0.5961664387867465,0.6746761708324771
end_of_user_message,10,early,false_belief_vs_distractor,80,0.35416240283436673,0.3509168327423372,0.03532123201853969,0.2800946646504633,0.42830143621396755
end_of_user_message,10,early,false_belief_vs_emotional,80,0.6389799599513972,0.6390411303246275,0.016239348083088842,0.6037389279237297,0.6758910939800836
end_of_user_message,10,early,false_belief_vs_false_rationale,80,0.9116115316795043,0.9140422192485551,0.012567997553317795,0.8846478884226076,0.9370862529923155
end_of_user_message,10,early,false_belief_vs_true_belief,80,0.9973873244527823,0.9974066815114152,0.00046213442199858707,0.9962858456548833,0.9984734888594899
end_of_user_message,10,early,false_belief_vs_true_rationale,80,0.9180937451308976,0.9181230131851562,0.014006852242730636,0.8677023511079656,0.9458014497380278
end_of_user_message,10,early,false_rationale_vs_authority,80,0.659340271062452,0.6614160102866344,0.02452783588898028,0.6102414008951869,0.7162675368291958
end_of_user_message,10,early,false_rationale_vs_emotional,80,0.6593644606856703,0.6609524500680724,0.016606926282552562,0.6161737711900437,0.6993907943824291
end_of_user_message,11,early,authority_vs_distractor,80,0.39848965273053716,0.3981131578506519,0.0296307162931149,0.3332196466130058,0.4743388015868871
end_of_user_message,11,early,emotional_vs_authority,80,0.7044035107404187,0.7057804624747881,0.014256230691534087,0.6649485537497732,0.7457354209830807
end_of_user_message,11,early,emotional_vs_distractor,80,0.3606817592008914,0.35971456212137054,0.03504439887755461,0.26399735381152506,0.4288278363596145
end_of_user_message,11,early,false_belief_vs_authority,80,0.6423676744472866,0.6415303768982432,0.014076440679332562,0.6036630853727967,0.6804030566398751
end_of_user_message,11,early,false_belief_vs_distractor,80,0.3056338830316455,0.30583835388439523,0.022667262279770395,0.2514967780682715,0.35143453468210234
end_of_user_message,11,early,false_belief_vs_emotional,80,0.6796554846832313,0.6801600010443105,0.013077564232108544,0.6426488913964807,0.7149096025736601
end_of_user_message,11,early,false_belief_vs_false_rationale,80,0.9054513974303781,0.9070195758845643,0.011216366021448836,0.8761618925437461,0.9295624962782837
end_of_user_message,11,early,false_belief_vs_true_belief,80,0.9981353624942008,0.9981301983201585,0.0002793777183120061,0.9974473234907368,0.9988123197532179
end_of_user_message,11,early,false_belief_vs_true_rationale,80,0.9158053539607603,0.9162461875291406,0.013998559257771225,0.8696259880213226,0.9477765140741267
end_of_user_message,11,early,false_rationale_vs_authority,80,0.6486284494336633,0.6462844747713125,0.01944541629100599,0.6064776704460115,0.6959399694070707
end_of_user_message,11,early,false_rationale_vs_emotional,80,0.6954644908765432,0.6951855897857191,0.01392425262698968,0.6550977948218442,0.7257274932949316
end_of_user_message,12,middle,authority_vs_distractor,80,0.3575740868151734,0.35454207205835214,0.029474284596311386,0.30250841869919975,0.42749225943891656
end_of_user_message,12,middle,emotional_vs_authority,80,0.6610006348698937,0.6624175268512817,0.0119810436465373,0.618820366339107,0.6837273243931494
end_of_user_message,12,middle,emotional_vs_distractor,80,0.353861366249716,0.35217970599563647,0.038215511261110384,0.27450233651069467,0.43340355776748224
end_of_user_message,12,middle,false_belief_vs_authority,80,0.6027110730307907,0.601156291011629,0.01310949613459926,0.5737507061939424,0.6333826606235443
end_of_user_message,12,middle,false_belief_vs_distractor,80,0.3113038931957338,0.31170618426936464,0.027991299799646117,0.2517888234540629,0.3782150543718956
end_of_user_message,12,middle,false_belief_vs_emotional,80,0.7000681122262358,0.701732218181949,0.012593086194850823,0.6641795199118228,0.728462919659626
end_of_user_message,12,middle,false_belief_vs_false_rationale,80,0.8889403362720619,0.888064238442746,0.012045317714824363,0.85541449931545,0.9146264104430987
end_of_user_message,12,middle,false_belief_vs_true_belief,80,0.9979621795405993,0.9979166749440929,0.00028204248121018073,0.9973224464325896,0.9986644405742217
end_of_user_message,12,middle,false_belief_vs_true_rationale,80,0.9003553276466963,0.8982119667565733,0.01643004980710395,0.8570007628104552,0.945595541913397
end_of_user_message,12,middle,false_rationale_vs_authority,80,0.5990755767421219,0.5981139073853643,0.017010623757065652,0.5597868545995129,0.6433705917759168
end_of_user_message,12,middle,false_rationale_vs_emotional,80,0.6914525224451931,0.6929241101458148,0.0152915112498751,0.648451328659098,0.7212157946388404
end_of_user_message,13,middle,authority_vs_distractor,80,0.3880213919187192,0.3817289796964345,0.035158467832622414,0.3210577632214268,0.4808364135816552
end_of_user_message,13,middle,emotional_vs_authority,80,0.6857718049734742,0.6876292158688492,0.012500514508566372,0.6491046874220932,0.7148988292750037
end_of_user_message,13,middle,emotional_vs_distractor,80,0.34999869367491676,0.35071174611514017,0.03663891741021208,0.26276026882073505,0.4226297416503023
end_of_user_message,13,middle,false_belief_vs_authority,80,0.6027560272259127,0.6027286563580996,0.014362695979715822,0.5683031536494216,0.631647829550939
end_of_user_message,13,middle,false_belief_vs_distractor,80,0.28079899451701174,0.27936472931613543,0.028780203044506205,0.20820082691982253,0.3403845669518617
end_of_user_message,13,middle,false_belief_vs_emotional,80,0.6819086741030352,0.681871954274275,0.012296400984901439,0.6436327573374112,0.709944666446771
end_of_user_message,13,middle,false_belief_vs_false_rationale,80,0.8759047979938541,0.8736546064760509,0.01469668295922173,0.8365048666805823,0.911290693922302
end_of_user_message,13,middle,false_belief_vs_true_belief,80,0.9980912112941063,0.9980715335187614,0.0002730390327898547,0.9975083354631702,0.9987808593277167
end_of_user_message,13,middle,false_belief_vs_true_rationale,80,0.8906078332686495,0.888762719919564,0.018798766652175253,0.8451110857572202,0.9430076817813862
end_of_user_message,13,middle,false_rationale_vs_authority,80,0.6293472428913421,0.6305320029423598,0.017335154523890686,0.587596876356652,0.6743498419007588
end_of_user_message,13,middle,false_rationale_vs_emotional,80,0.6981950517981212,0.6980709213741672,0.013868295073153776,0.6565192334239149,0.725697365933127
end_of_user_message,14,middle,authority_vs_distractor,80,0.38642264918065117,0.38394655352633966,0.03154894440724299,0.3260440114407324,0.4719664626847793
end_of_user_message,14,middle,emotional_vs_authority,80,0.7068366087302159,0.7081621915041437,0.014585936921254986,0.6695125373401745,0.7366858087810513
end_of_user_message,14,middle,emotional_vs_distractor,80,0.3526454547441007,0.35376110146121303,0.029111726422661376,0.28978158462012865,0.4239891139354032
end_of_user_message,14,middle,false_belief_vs_authority,80,0.6290900530451611,0.6292780222812546,0.014732472853046826,0.5917897272388188,0.6567565232026584
end_of_user_message,14,middle,false_belief_vs_distractor,80,0.29355565439635073,0.29198965088550355,0.02527261826088349,0.23959377549059035,0.3608696779162422
end_of_user_message,14,middle,false_belief_vs_emotional,80,0.7173208318396154,0.71790979213403,0.009397868783152392,0.6834176460194042,0.7385078614092592
end_of_user_message,14,middle,false_belief_vs_false_rationale,80,0.8777476282159313,0.877305251521676,0.013769667385634472,0.8423293002239622,0.9092926087429161
end_of_user_message,14,middle,false_belief_vs_true_belief,80,0.9913442669062338,0.9913926433319329,0.0020166093079755816,0.9856925162610439,0.9950754757003384
end_of_user_message,14,middle,false_belief_vs_true_rationale,80,0.8923182252129009,0.8922062316672268,0.017631717620465098,0.8458263709308281,0.9426009379963505
end_of_user_message,14,middle,false_rationale_vs_authority,80,0.6485548735896314,0.6504045443183242,0.019463966017414368,0.5992662098623537,0.694016133504902
end_of_user_message,14,middle,false_rationale_vs_emotional,80,0.7228037692706423,0.724014537589553,0.013618023974594457,0.678069885354831,0.7462401293433736
end_of_user_message,15,middle,authority_vs_distractor,80,0.4511590738343155,0.4490104857671364,0.02780119880628472,0.37903667045602163,0.5400332479113972
end_of_user_message,15,middle,emotional_vs_authority,80,0.7388219348470819,0.7420597542549094,0.013242929463808015,0.7054840534730653,0.7695373955694409
end_of_user_message,15,middle,emotional_vs_distractor,80,0.363793433742194,0.3614664673514243,0.03037160637744404,0.3053655178779294,0.4467163343802214
end_of_user_message,15,middle,false_belief_vs_authority,80,0.6731211885381242,0.674734738383407,0.013750150365454837,0.6340466295881371,0.7002242490938877
end_of_user_message,15,middle,false_belief_vs_distractor,80,0.31952610882384236,0.31563144159124323,0.028698053667744625,0.2550665472150221,0.40689167605991394
end_of_user_message,15,middle,false_belief_vs_emotional,80,0.7407000659241537,0.7417088400779233,0.009695580892046517,0.705455146848258,0.759452991500353
end_of_user_message,15,middle,false_belief_vs_false_rationale,80,0.8853506796099369,0.8859929712821569,0.01453123184912996,0.850486184602168,0.9179095695773114
end_of_user_message,15,middle,false_belief_vs_true_belief,80,0.9920551504445256,0.9922833978394023,0.002415816267376201,0.9844131641534778,0.9963206015889712
end_of_user_message,15,middle,false_belief_vs_true_rationale,80,0.9053850172292961,0.9056624527958741,0.016595325006488214,0.8462089349545159,0.9478266614918085
end_of_user_message,15,middle,false_rationale_vs_authority,80,0.6856197340624404,0.6890677985024364,0.02005558587874173,0.6294951218868179,0.7331974365615089
end_of_user_message,15,middle,false_rationale_vs_emotional,80,0.7329729337484558,0.7344904715777091,0.01517381384876088,0.6840886204575222,0.76378401339352
end_of_user_message,16,middle,authority_vs_distractor,80,0.40849029513214674,0.41103054063087974,0.03942197793264972,0.2712515122135636,0.49701795684939154
end_of_user_message,16,middle,emotional_vs_authority,80,0.7479866445288608,0.749444503558741,0.00992390597714107,0.7223592111526589,0.7758572236072087
end_of_user_message,16,middle,emotional_vs_distractor,80,0.37502659146368067,0.3782047662792277,0.04285439254022326,0.2332146033890737,0.47604385608658395
end_of_user_message,16,middle,false_belief_vs_authority,80,0.6621586060086314,0.6604241417492891,0.013078132320632034,0.6328131159034748,0.7075557268449438
end_of_user_message,16,middle,false_belief_vs_distractor,80,0.3309916209885632,0.3370323232744192,0.04200336703996718,0.1907183465010015,0.43512562140410016
end_of_user_message,16,middle,false_belief_vs_emotional,80,0.7431535009988288,0.7439517362744901,0.009484530858323398,0.7096904964435886,0.7682303320032323
end_of_user_message,16,middle,false_belief_vs_false_rationale,80,0.8869440053867026,0.8872588565160642,0.014187178004833672,0.8595352079970643,0.918412198854317
end_of_user_message,16,middle,false_belief_vs_true_belief,80,0.9910658012107121,0.991149620044268,0.00267411481933851,0.9843677725696237,0.996550058236213
end_of_user_message,16,middle,false_belief_vs_true_rationale,80,0.9015777619066248,0.9018094528548305,0.01681263785067988,0.8398108016535901,0.9437932999174139
end_of_user_message,16,middle,false_rationale_vs_authority,80,0.6795391923264866,0.67984484928746,0.01591133499764501,0.6320724375413589,0.7162766542605573
end_of_user_message,16,middle,false_rationale_vs_emotional,80,0.7413065585428091,0.7432418289469338,0.015351240298910693,0.6973232437600136,0.7698950888701594
end_of_user_message,17,middle,authority_vs_distractor,80,0.4096457427059995,0.40598624035438474,0.04986624380480283,0.2676172262481902,0.5080109432240718
end_of_user_message,17,middle,emotional_vs_authority,80,0.7968630501272084,0.7958385172440097,0.008313533016080149,0.7777425767924099,0.8207317674495853
end_of_user_message,17,middle,emotional_vs_distractor,80,0.3672373168812104,0.3632657820987522,0.04920669962826292,0.2312942377876434,0.46682732351850964
end_of_user_message,17,middle,false_belief_vs_authority,80,0.7222492518786219,0.7224913591137362,0.011977687367839104,0.696546617680821,0.7538736763146143
end_of_user_message,17,middle,false_belief_vs_distractor,80,0.3525284631476487,0.3564660312583781,0.04704433395645597,0.20485102338459985,0.4346664670549466
end_of_user_message,17,middle,false_belief_vs_emotional,80,0.7598257893370123,0.7594746320903847,0.009583775405886688,0.7231377582962244,0.7849865723167909
end_of_user_message,17,middle,false_belief_vs_false_rationale,80,0.9000108636439326,0.9025237077774446,0.015063941903853033,0.8657245316909385,0.9357772195216484
end_of_user_message,17,middle,false_belief_vs_true_belief,80,0.9897064007063203,0.9896084478107253,0.003171943962320945,0.9806437721018656,0.9958676719586395
end_of_user_message,17,middle,false_belief_vs_true_rationale,80,0.9152663323193645,0.9153711893231433,0.01405922906507676,0.8608420064748116,0.9443671725633156
end_of_user_message,17,middle,false_rationale_vs_authority,80,0.7282073002154126,0.7277551543486802,0.014076468503232851,0.6759585315606751,0.7593178482454355
end_of_user_message,17,middle,false_rationale_vs_emotional,80,0.7533226217390874,0.7541998316582079,0.014905170319622983,0.7004506892106555,0.7876560993434009
end_of_user_message,18,middle,authority_vs_distractor,80,0.3701663326422618,0.3684248542445025,0.03977986785644898,0.2673762746329802,0.4573975589804671
end_of_user_message,18,middle,emotional_vs_authority,80,0.7603028789050494,0.7598677080906053,0.009555951622886834,0.7346670481946531,0.7874546610796713
end_of_user_message,18,middle,emotional_vs_distractor,80,0.3461329438034998,0.3401175066302782,0.04330418993427819,0.23625083284246395,0.45325823375902924
end_of_user_message,18,middle,false_belief_vs_authority,80,0.6655914776491892,0.6680528468176394,0.015364831725253696,0.6346789824337757,0.7074186367375691
end_of_user_message,18,middle,false_belief_vs_distractor,80,0.32192557224321233,0.32418788009665944,0.041478474794804064,0.1978978944170483,0.40418426973968874
end_of_user_message,18,middle,false_belief_vs_emotional,80,0.7214994412693481,0.7219143012195348,0.011793565002366922,0.6754548850047384,0.7505134840974559
end_of_user_message,18,middle,false_belief_vs_false_rationale,80,0.887496914095508,0.8911289640056473,0.018757873002140848,0.8357925939734134,0.9304076342077543
end_of_user_message,18,middle,false_belief_vs_true_belief,80,0.988704723626066,0.9888849611764143,0.003210548098431721,0.97975113086265,0.9953994547026069
end_of_user_message,18,middle,false_belief_vs_true_rationale,80,0.9072639204104002,0.9083805949775413,0.015203070663620007,0.8505822490440951,0.9372788350529611
end_of_user_message,18,middle,false_rationale_vs_authority,80,0.6666528113861332,0.6650110818346348,0.015677283786910797,0.609026773035861,0.7014383638460319
end_of_user_message,18,middle,false_rationale_vs_emotional,80,0.7207383557953574,0.7215390191823207,0.017136445794342498,0.6510894938095473,0.7590365329683023
end_of_user_message,19,middle,authority_vs_distractor,80,0.34137410168525495,0.34114061111146665,0.03155828431962574,0.25966099105483664,0.4180980717877665
end_of_user_message,19,middle,emotional_vs_authority,80,0.7640330745891588,0.762954064314832,0.012246075375601895,0.7317025943209317,0.7987255439851293
end_of_user_message,19,middle,emotional_vs_distractor,80,0.34519794309088336,0.34401616821390446,0.03714101471779972,0.2277657992796297,0.4235815680363748
end_of_user_message,19,middle,false_belief_vs_authority,80,0.6788861094950734,0.6782129448262832,0.01426946275626834,0.6427620208059505,0.7103735480201738
end_of_user_message,19,middle,false_belief_vs_distractor,80,0.2960681674653665,0.297116214506945,0.03530431974088042,0.1797504962055828,0.363119401746847
end_of_user_message,19,middle,false_belief_vs_emotional,80,0.7152601753453026,0.7148452036312818,0.014310016936477533,0.6671699272754256,0.7478384443757404
end_of_user_message,19,middle,false_belief_vs_false_rationale,80,0.8841122411743265,0.887607084070147,0.023992048166986385,0.7953205851209895,0.9325256656460496
end_of_user_message,19,middle,false_belief_vs_true_belief,80,0.949422506739068,0.9586495829162667,0.028863019268461076,0.8720889851224035,0.9867594271552317
end_of_user_message,19,middle,false_belief_vs_true_rationale,80,0.8618298803572909,0.8661523417641892,0.029930249016760866,0.8020271789633857,0.9330715668131828
end_of_user_message,19,middle,false_rationale_vs_authority,80,0.6587925721268946,0.659345663207132,0.02008667255345695,0.5913122737658487,0.6979740239398269
end_of_user_message,19,middle,false_rationale_vs_emotional,80,0.7174261625206453,0.7199643046261057,0.020851546587830314,0.6370897889873397,0.7678891800243915
end_of_user_message,20,middle,authority_vs_distractor,80,0.3754347471126313,0.37780834222273013,0.032953209616787014,0.28377404686856567,0.43255908663516873
end_of_user_message,20,middle,emotional_vs_authority,80,0.7850313413993986,0.7871028657478056,0.015872360418605,0.7418221266277913,0.8199907488521421
end_of_user_message,20,middle,emotional_vs_distractor,80,0.38838069022621546,0.38961880551578565,0.03839566113193028,0.2670863080647593,0.45314159761430883
end_of_user_message,20,middle,false_belief_vs_authority,80,0.6843399826250945,0.6844707636344507,0.02295606993879421,0.6351114308283725,0.7533794615448045
end_of_user_message,20,middle,false_belief_vs_distractor,80,0.32085340705302134,0.3223873715411709,0.035828081009105193,0.19950464752645242,0.3778916312113602
end_of_user_message,20,middle,false_belief_vs_emotional,80,0.7029432932206814,0.7048740724965046,0.0171463720226709,0.6600589648339048,0.7387384121918064
end_of_user_message,20,middle,false_belief_vs_false_rationale,80,0.8800495354022398,0.8861099758303741,0.03316481025311582,0.7872640862518864,0.9324623064761031
end_of_user_message,20,middle,false_belief_vs_true_belief,80,0.8521095886003355,0.8493415414367306,0.06402738756926493,0.727391867200168,0.9811686139785529
end_of_user_message,20,middle,false_belief_vs_true_rationale,80,0.7536119686844184,0.7458648199915445,0.0624072787948503,0.6338623432733446,0.9119043396627704
end_of_user_message,20,middle,false_rationale_vs_authority,80,0.6581758655912411,0.6553973154764543,0.035301006883157376,0.5621069010909937,0.7435951560323812
end_of_user_message,20,middle,false_rationale_vs_emotional,80,0.7079035876644453,0.7112898844227813,0.022660059995015466,0.6244686583748184,0.7472301978317053
end_of_user_message,21,middle,authority_vs_distractor,80,0.46924201074484884,0.477604475235124,0.04005491082843213,0.3612312661783643,0.5504663312289864
end_of_user_message,21,middle,emotional_vs_authority,80,0.796218050860497,0.7996161842745646,0.021601255136955717,0.7456402832029868,0.834509072900991
end_of_user_message,21,middle,emotional_vs_distractor,80,0.45004629553555714,0.45728607881507816,0.04451001840575903,0.32082198697635744,0.5360779676699645
end_of_user_message,21,middle,false_belief_vs_authority,80,0.6897687332035989,0.6868691679463185,0.028973938644671803,0.6435094062408094,0.7826623484863562
end_of_user_message,21,middle,false_belief_vs_distractor,80,0.380156463485238,0.3842668766820151,0.04007380633656955,0.2524638260715589,0.4452238025958271
end_of_user_message,21,middle,false_belief_vs_emotional,80,0.6980801135413797,0.6984727944901872,0.020608515607864256,0.6527531190740133,0.7468293876925838
end_of_user_message,21,middle,false_belief_vs_false_rationale,80,0.8884210431707489,0.8953596207978225,0.03142475769342988,0.8005672976803749,0.9378881680140974
end_of_user_message,21,middle,false_belief_vs_true_belief,80,0.8390928016048329,0.8307184888766581,0.05157793271929464,0.7496495583201859,0.9824181361201612
end_of_user_message,21,middle,false_belief_vs_true_rationale,80,0.7532988611025291,0.7448370508248797,0.0440505093021616,0.6803798917022317,0.8760243077300299
end_of_user_message,21,middle,false_rationale_vs_authority,80,0.6706280256535218,0.6705441010173367,0.03854830698609415,0.5860782472294553,0.7615038228839974
end_of_user_message,21,middle,false_rationale_vs_emotional,80,0.7085430332986145,0.7132233024394856,0.02415171848571009,0.6264283910986688,0.7509892213716388
end_of_user_message,22,middle,authority_vs_distractor,80,0.4814520590399732,0.48392898626709124,0.031914836726226053,0.37735292091556566,0.5559850755422439
end_of_user_message,22,middle,emotional_vs_authority,80,0.8049947477484706,0.8073514055631927,0.020289943834863322,0.7512097925412626,0.8398813458202155
end_of_user_message,22,middle,emotional_vs_distractor,80,0.447853922391099,0.4489021408659638,0.037514078091818996,0.31525160032965993,0.5379594206051125
end_of_user_message,22,middle,false_belief_vs_authority,80,0.7111607466050737,0.7110599195522597,0.03783076775971371,0.6366804836240737,0.8085825495022168
end_of_user_message,22,middle,false_belief_vs_distractor,80,0.38700526442358624,0.38891814759334725,0.03441661556882242,0.26088742284306127,0.4672199092573398
end_of_user_message,22,middle,false_belief_vs_emotional,80,0.6974689888664958,0.6939974537915843,0.025389774399216806,0.6465590602741095,0.753192235109558
end_of_user_message,22,middle,false_belief_vs_false_rationale,80,0.8977445695450319,0.9030091020064023,0.028205559650308985,0.8251199942213177,0.9471170823503208
end_of_user_message,22,middle,false_belief_vs_true_belief,80,0.8419072376502603,0.8321652946946978,0.03832243477040455,0.7793822437267622,0.9828003841554382
end_of_user_message,22,middle,false_belief_vs_true_rationale,80,0.777221838871754,0.7735646344260865,0.03246828566038422,0.7207223591825263,0.8727422579276933
end_of_user_message,22,middle,false_rationale_vs_authority,80,0.712799794643957,0.7110526411276753,0.03436726938955154,0.6419887355466583,0.7945215095962883
end_of_user_message,22,middle,false_rationale_vs_emotional,80,0.7204607390982741,0.7226540956888878,0.022090656861287906,0.6490617431135959,0.7616572868044066
end_of_user_message,23,middle,authority_vs_distractor,80,0.4744563824713294,0.47360320763007396,0.03389125796439734,0.3707969984091345,0.5587346476841135
end_of_user_message,23,middle,emotional_vs_authority,80,0.8086431014079356,0.8105571182725777,0.018981644112760914,0.7531103424022386,0.8460273647866083
end_of_user_message,23,middle,emotional_vs_distractor,80,0.43970108256988727,0.43847043557826304,0.03553961507635848,0.3313869857300775,0.5241092617363226
end_of_user_message,23,middle,false_belief_vs_authority,80,0.7256705914260735,0.7290739121384573,0.04045141944918417,0.6356036980173365,0.816954548027628
end_of_user_message,23,middle,false_belief_vs_distractor,80,0.3838775356403731,0.38183923818781607,0.03125267560484808,0.27722370987177847,0.4713923225462543
end_of_user_message,23,middle,false_belief_vs_emotional,80,0.6781935641309146,0.6748846339530774,0.026628097806164645,0.6169320589864757,0.7348897817793036
end_of_user_message,23,middle,false_belief_vs_false_rationale,80,0.9163433091766022,0.9196610241709885,0.02382587427234798,0.8591167153146839,0.9566952019661177
end_of_user_message,23,middle,false_belief_vs_true_belief,80,0.8518750778863259,0.8436932703670414,0.034230364423078787,0.7958649662396062,0.9845446875081671
end_of_user_message,23,middle,false_belief_vs_true_rationale,80,0.7947290518858494,0.7921193276560992,0.02966242630426111,0.7456140646369898,0.8814383417548193
end_of_user_message,23,middle,false_rationale_vs_authority,80,0.7349791830011763,0.7370939357692254,0.03348090463888046,0.6608589060078318,0.8102574726645012
end_of_user_message,23,middle,false_rationale_vs_emotional,80,0.7110318776235551,0.7131658773874883,0.023860138698300396,0.6356785127323656,0.7523672700966109
end_of_user_message,24,late,authority_vs_distractor,80,0.48403167836644984,0.476810883380267,0.04590362849292442,0.3394928143512308,0.5888338213301461
end_of_user_message,24,late,emotional_vs_authority,80,0.8095521922308366,0.8137244511578425,0.024138655331130847,0.7424975821507194,0.8533195815616423
end_of_user_message,24,late,emotional_vs_distractor,80,0.41763884178534366,0.412611109643839,0.047702616546574636,0.33597024675737963,0.5392340777518904
end_of_user_message,24,late,false_belief_vs_authority,80,0.7182691831158498,0.7181474335212851,0.04286825618471043,0.6230238457562356,0.8151376001830977
end_of_user_message,24,late,false_belief_vs_distractor,80,0.40298858287495876,0.3953149907105348,0.04202599569021574,0.3000646108623323,0.5021033248662026
end_of_user_message,24,late,false_belief_vs_emotional,80,0.6854341167753198,0.6824907933855061,0.027187887201677023,0.6254681705044574,0.746036842497807
end_of_user_message,24,late,false_belief_vs_false_rationale,80,0.9204670606211808,0.9243508462604048,0.021062201507874436,0.8689078308522346,0.9560766014670143
end_of_user_message,24,late,false_belief_vs_true_belief,80,0.868130671836943,0.8626786503269837,0.030191546386353484,0.818963408073427,0.9858713455862049
end_of_user_message,24,late,false_belief_vs_true_rationale,80,0.8160980287164691,0.8129055721045402,0.02796962871941358,0.7630435672335822,0.8974768467475676
end_of_user_message,24,late,false_rationale_vs_authority,80,0.7233739134037032,0.7256848238556415,0.03906599051990919,0.6256306323946055,0.8078835854089382
end_of_user_message,24,late,false_rationale_vs_emotional,80,0.7207168858514854,0.7203534433620062,0.02386714219039244,0.6570150933301605,0.7741218634147443
end_of_user_message,25,late,authority_vs_distractor,80,0.4570312437617485,0.45341383197257495,0.04395394728100585,0.32371370515876685,0.5641308777387963
end_of_user_message,25,late,emotional_vs_authority,80,0.7965365988234494,0.8051111582479277,0.030644959632902855,0.6999556599100063,0.849034081780181
end_of_user_message,25,late,emotional_vs_distractor,80,0.36989488829975503,0.3689584741507883,0.046327589332422175,0.27668003426534826,0.48596197429296634
end_of_user_message,25,late,false_belief_vs_authority,80,0.7049213430394294,0.7043969718037512,0.04588250000939866,0.6229255743497072,0.8128025753839438
end_of_user_message,25,late,false_belief_vs_distractor,80,0.38713694522080905,0.38605197736943175,0.03892688002832488,0.29035593521544606,0.47894085174138973
end_of_user_message,25,late,false_belief_vs_emotional,80,0.6697456340112689,0.6666601591106216,0.028741496963888117,0.6001900519097179,0.7324017024376039
end_of_user_message,25,late,false_belief_vs_false_rationale,80,0.9179562063384153,0.9223559294729282,0.022199566932195214,0.8690747543893876,0.9566995627063988
end_of_user_message,25,late,false_belief_vs_true_belief,80,0.8598858295605399,0.8543402830273495,0.03190939709591341,0.7963640689517707,0.9866336558367583
end_of_user_message,25,late,false_belief_vs_true_rationale,80,0.8089772692199947,0.8052743984599302,0.030578374328741185,0.746073967886822,0.9044789691811563
end_of_user_message,25,late,false_rationale_vs_authority,80,0.7115805895832704,0.7112554250381597,0.04267116089936845,0.6014248345906346,0.8054409006700038
end_of_user_message,25,late,false_rationale_vs_emotional,80,0.7114329498953179,0.7098390458760591,0.025618596514556145,0.643265083156036,0.7632638165658338
end_of_user_message,26,late,authority_vs_distractor,80,0.4271990712793226,0.42560021982981244,0.04834887396940816,0.2727486612981271,0.5387563368878148
end_of_user_message,26,late,emotional_vs_authority,80,0.780865148100754,0.7879353561012643,0.032975328002227806,0.689411778903551,0.840152545488426
end_of_user_message,26,late,emotional_vs_distractor,80,0.33756856086298725,0.33575147188237514,0.05557270125717635,0.2182894720273274,0.49352195035041024
end_of_user_message,26,late,false_belief_vs_authority,80,0.6703830550074592,0.6635345356223991,0.057043959279782445,0.5700076006501733,0.8054298540132085
end_of_user_message,26,late,false_belief_vs_distractor,80,0.3544967302561789,0.3548681478331206,0.04604287944741972,0.252959579235417,0.4629940431483946
end_of_user_message,26,late,false_belief_vs_emotional,80,0.6419778734175268,0.6367174306048218,0.03700746187631122,0.5658860543624273,0.7221089374668701
end_of_user_message,26,late,false_belief_vs_false_rationale,80,0.9184455159299428,0.9229553479901026,0.02278974241718308,0.868270083992644,0.9552830027533263
end_of_user_message,26,late,false_belief_vs_true_belief,80,0.7890724839654926,0.785406725770253,0.05771815111142604,0.6621934874767572,0.9869750741752121
end_of_user_message,26,late,false_belief_vs_true_rationale,80,0.7371463504941212,0.7369420712842791,0.05827561638938616,0.615030792845247,0.9060295921120207
end_of_user_message,26,late,false_rationale_vs_authority,80,0.6824221000890014,0.6865677069779177,0.052411432220071746,0.5518893064470438,0.795363062012207
end_of_user_message,26,late,false_rationale_vs_emotional,80,0.6884647844224954,0.6892647045484528,0.02966923818216841,0.6076296418331384,0.7497781635545997
end_of_user_message,27,late,authority_vs_distractor,80,0.42300165137799733,0.4309177119922672,0.052603458226291394,0.23606299610875342,0.5379444029301966
end_of_user_message,27,late,emotional_vs_authority,80,0.7569930057806298,0.7600606154765701,0.03594235375368721,0.6697128268216103,0.817582074939753
end_of_user_message,27,late,emotional_vs_distractor,80,0.31082313545509616,0.3080000103464477,0.06459249966435211,0.17864430209952264,0.4867009195995402
end_of_user_message,27,late,false_belief_vs_authority,80,0.6785974709631645,0.6694967615336976,0.05687793342506729,0.5694246331032391,0.8189612377825163
end_of_user_message,27,late,false_belief_vs_distractor,80,0.36607329301794206,0.37311712542937114,0.05043749459326707,0.26395185083652994,0.4643110038449307
end_of_user_message,27,late,false_belief_vs_emotional,80,0.6342913551503573,0.6350526003930923,0.045946827934670954,0.5510335403671144,0.7233977699523162
end_of_user_message,27,late,false_belief_vs_false_rationale,80,0.9155057878969595,0.9231438459415673,0.02696248287051689,0.8440832397316294,0.9576565144799566
end_of_user_message,27,late,false_belief_vs_true_belief,80,0.7913615871105633,0.7842374268993894,0.05586444071802126,0.6748258536801668,0.9872523351917613
end_of_user_message,27,late,false_belief_vs_true_rationale,80,0.7478038860525776,0.7451015043656635,0.05761596089062328,0.6273615954595833,0.9161824825125311
end_of_user_message,27,late,false_rationale_vs_authority,80,0.683746090646148,0.6878582054017018,0.05158356169525674,0.5600968601060912,0.8061054669138844
end_of_user_message,27,late,false_rationale_vs_emotional,80,0.6881712324898726,0.6911814965547342,0.03290180588101588,0.5851559281198061,0.7447060244337442
end_of_user_message,28,late,authority_vs_distractor,80,0.41169657894730805,0.4227780571757983,0.059436018958827504,0.19799118037083996,0.5417729976345763
end_of_user_message,28,late,emotional_vs_authority,80,0.7276283244876943,0.7309279277230719,0.037606270325587846,0.6292708203761552,0.7963613997377867
end_of_user_message,28,late,emotional_vs_distractor,80,0.2716461738637349,0.2765120797808024,0.07289758494614355,0.10295871182985493,0.4462818013832398
end_of_user_message,28,late,false_belief_vs_authority,80,0.6474893754125886,0.6386138781722664,0.05818308643202589,0.5420548684239697,0.7867882766329428
end_of_user_message,28,late,false_belief_vs_distractor,80,0.37353071700606627,0.37558915066888626,0.05077613217150664,0.26027389215806407,0.4756079027141216
end_of_user_message,28,late,false_belief_vs_emotional,80,0.6155018820113407,0.6204524835500659,0.04941726599674971,0.5173201645772498,0.7073138440178182
end_of_user_message,28,late,false_belief_vs_false_rationale,80,0.9053194326030868,0.9101769573745785,0.03243899341673144,0.8145706838347994,0.953191374269187
end_of_user_message,28,late,false_belief_vs_true_belief,80,0.7874859761006805,0.7811349215436407,0.05635423463171082,0.6801557713749,0.9867688351748436
end_of_user_message,28,late,false_belief_vs_true_rationale,80,0.748691453049065,0.7438212690687148,0.05688717957815809,0.6329884268255108,0.9128327023186888
end_of_user_message,28,late,false_rationale_vs_authority,80,0.6507794058490272,0.6535872579108384,0.050617313284208015,0.5362727125328101,0.7728700481540404
end_of_user_message,28,late,false_rationale_vs_emotional,80,0.678831671517513,0.6823218120141649,0.03149856554765797,0.574293617686958,0.7271830505415438
end_of_user_message,29,late,authority_vs_distractor,80,0.4032219422324804,0.41278826129342505,0.06817252116755891,0.16258858941727053,0.5383245829531722
end_of_user_message,29,late,emotional_vs_authority,80,0.705592572429411,0.7099710503308239,0.037731448756812336,0.6051467096684531,0.7746401072850674
end_of_user_message,29,late,emotional_vs_distractor,80,0.2322626769016789,0.2353936968094815,0.09306479752804839,0.010968110972841838,0.4539147946336588
end_of_user_message,29,late,false_belief_vs_authority,80,0.635240003647919,0.6195835870002158,0.05902029792236205,0.5399679921701392,0.7801574911861527
end_of_user_message,29,late,false_belief_vs_distractor,80,0.3706307923650368,0.3728072501980167,0.05962002507427232,0.24375392232620965,0.4924151749597766
end_of_user_message,29,late,false_belief_vs_emotional,80,0.5927814131783794,0.5980837707866784,0.0554100894927071,0.47966459867040684,0.6959726538569908
end_of_user_message,29,late,false_belief_vs_false_rationale,80,0.8962086819384683,0.9023513313905039,0.037560229350039,0.7811480253832224,0.9517569071213667
end_of_user_message,29,late,false_belief_vs_true_belief,80,0.7745698870359959,0.7692754098467711,0.06052983943139892,0.6593373509328297,0.987629378720344
end_of_user_message,29,late,false_belief_vs_true_rationale,80,0.7393515753630131,0.7367247451561666,0.059751495761702175,0.6172688405278837,0.9138757053971889
end_of_user_message,29,late,false_rationale_vs_authority,80,0.6364323302717567,0.6396378740678852,0.05029529004937299,0.5304575434063328,0.7743983992339281
end_of_user_message,29,late,false_rationale_vs_emotional,80,0.6696167948360985,0.6737351649927412,0.03312698854652191,0.5586242991797441,0.7290314945794232
end_of_user_message,30,late,authority_vs_distractor,80,0.4041413535358081,0.42212561755617206,0.07226073789615986,0.14373377403699145,0.5453774803636151
end_of_user_message,30,late,emotional_vs_authority,80,0.6972579923108604,0.7014116610882218,0.04178213465574582,0.592600502098727,0.7679328064358029
end_of_user_message,30,late,emotional_vs_distractor,80,0.241540764637917,0.2507415928600122,0.09495870192196379,0.028082123623238826,0.4244374970276024
end_of_user_message,30,late,false_belief_vs_authority,80,0.625482398063369,0.6119219280968226,0.05995353838376728,0.5391155874681824,0.7822054090323723
end_of_user_message,30,late,false_belief_vs_distractor,80,0.38844136536663243,0.39758383650517864,0.05434012319772369,0.2719998337615672,0.5147820203017506
end_of_user_message,30,late,false_belief_vs_emotional,80,0.5853349696172342,0.5888757829304077,0.05921273316175285,0.46144527598593066,0.7002631768826854
end_of_user_message,30,late,false_belief_vs_false_rationale,80,0.8861118908908086,0.8944829736891515,0.043876356264658974,0.7454790626532006,0.9473138729291413
end_of_user_message,30,late,false_belief_vs_true_belief,80,0.7623764527739694,0.7547364780454235,0.06221082341108838,0.6496959575569619,0.986354293134608
end_of_user_message,30,late,false_belief_vs_true_rationale,80,0.7308783485248219,0.7221001827278459,0.05843958945269549,0.6189984213441623,0.9059482423945049
end_of_user_message,30,late,false_rationale_vs_authority,80,0.6290824778814375,0.6296281932760648,0.05202934836779282,0.5192935977950399,0.7775874707064525
end_of_user_message,30,late,false_rationale_vs_emotional,80,0.6642661776700259,0.6682301115134949,0.03501112733573816,0.5559743726345266,0.7207003888738426
end_of_user_message,31,late,authority_vs_distractor,80,0.40323670886061425,0.4185750553012328,0.0732606112017334,0.15712081849533088,0.5554947794781527
end_of_user_message,31,late,emotional_vs_authority,80,0.683805891553102,0.6877438860696092,0.04337709100031422,0.5748588315038013,0.7602141579851887
end_of_user_message,31,late,emotional_vs_distractor,80,0.2429160122444809,0.2495811645942893,0.09606118512455684,0.031474334880126915,0.42430448316175484
end_of_user_message,31,late,false_belief_vs_authority,80,0.6145334050903175,0.5981387815537593,0.06187515592663303,0.5175411528800663,0.7755595247628768
end_of_user_message,31,late,false_belief_vs_distractor,80,0.38058924752526563,0.38277788787464123,0.056403779632632586,0.2521738767863851,0.5105098879658734
end_of_user_message,31,late,false_belief_vs_emotional,80,0.5669620523896233,0.5706679281123721,0.06270429995705747,0.4364902552953792,0.6846047460950769
end_of_user_message,31,late,false_belief_vs_false_rationale,80,0.8810367971439126,0.8917489769485808,0.04675288098698715,0.7262007390690642,0.9463639916361122
end_of_user_message,31,late,false_belief_vs_true_belief,80,0.7441995873737409,0.7352783270634342,0.06614052556351094,0.6157806883792393,0.9861981150651407
end_of_user_message,31,late,false_belief_vs_true_rationale,80,0.7155674528995759,0.7057434220434141,0.060306074789045365,0.5914820472154474,0.9046444411861683
end_of_user_message,31,late,false_rationale_vs_authority,80,0.6206348671896988,0.621210503829342,0.052829267846744486,0.5075784374744412,0.7757839464867556
end_of_user_message,31,late,false_rationale_vs_emotional,80,0.6527868953511435,0.6586007244196361,0.036400224313195784,0.5328744698645713,0.7071370893735325
end_of_user_message,32,late,authority_vs_distractor,80,0.41704136315462215,0.42853862046339475,0.07399168509623749,0.18267208350713587,0.5763550938095694
end_of_user_message,32,late,emotional_vs_authority,80,0.6906158200204391,0.6935373944028203,0.042188080185933174,0.5777558255345886,0.7659375714946074
end_of_user_message,32,late,emotional_vs_distractor,80,0.24784696166198544,0.2523643379629558,0.10275301399275698,0.03407012240996931,0.44658982167039896
end_of_user_message,32,late,false_belief_vs_authority,80,0.6194521030867819,0.6033764716593853,0.05649551920122622,0.526979216346696,0.7657547803466901
end_of_user_message,32,late,false_belief_vs_distractor,80,0.40077335666894837,0.398936720594967,0.05724854254629421,0.27360847547783473,0.5079355157702287
end_of_user_message,32,late,false_belief_vs_emotional,80,0.570798166690165,0.5758282052569081,0.06292233411770976,0.44087594165537797,0.6870939467267421
end_of_user_message,32,late,false_belief_vs_false_rationale,80,0.8798260785893177,0.8910586206985236,0.04838703345323031,0.7180804985465188,0.9473497718625146
end_of_user_message,32,late,false_belief_vs_true_belief,80,0.7397431214052477,0.7260035926820758,0.06568574168169695,0.6171822202583443,0.9859708765198056
end_of_user_message,32,late,false_belief_vs_true_rationale,80,0.7145723361349158,0.7094324259985638,0.058120303792047495,0.5994370093678245,0.8988123957151166
end_of_user_message,32,late,false_rationale_vs_authority,80,0.6319505864256769,0.6326022145331833,0.04624447482891339,0.521061858211848,0.7669850393060411
end_of_user_message,32,late,false_rationale_vs_emotional,80,0.6646014589514005,0.6701125296939889,0.03558447354587234,0.5454342542267775,0.7239813795557772
end_of_user_message,33,late,authority_vs_distractor,80,0.4077150724315456,0.418788113302907,0.07395466953489148,0.16671068349569157,0.6036068580987184
end_of_user_message,33,late,emotional_vs_authority,80,0.7004950468339505,0.7036667864245635,0.04020117936318643,0.6014439777208729,0.7754842417903556
end_of_user_message,33,late,emotional_vs_distractor,80,0.260910073666783,0.2664703434959256,0.10024326217673311,0.06546635260312855,0.5085490134953723
end_of_user_message,33,late,false_belief_vs_authority,80,0.6231671973908222,0.611464194574091,0.05476812081689819,0.5349852235792,0.7668905375351767
end_of_user_message,33,late,false_belief_vs_distractor,80,0.3941222177034948,0.391304861655131,0.05875482478048862,0.27181047299544325,0.5208290951463354
end_of_user_message,33,late,false_belief_vs_emotional,80,0.5727684015919488,0.5722678329722753,0.059086615915485766,0.442656729910945,0.6911997668667647
end_of_user_message,33,late,false_belief_vs_false_rationale,80,0.8868361920447692,0.8932573628187094,0.0444697592359504,0.7326448298628296,0.9477144571322749
end_of_user_message,33,late,false_belief_vs_true_belief,80,0.7332973094218312,0.7178863809798053,0.06732382679371822,0.6107531048302215,0.9867278242155
end_of_user_message,33,late,false_belief_vs_true_rationale,80,0.711681183673112,0.7045045550419198,0.05835193907576711,0.5993707838226894,0.8936839741266307
end_of_user_message,33,late,false_rationale_vs_authority,80,0.6420549872119674,0.6450655108371217,0.04498952495288108,0.5342241122177469,0.7623348935860665
end_of_user_message,33,late,false_rationale_vs_emotional,80,0.6564827899140562,0.6615241043696423,0.03693039072505631,0.5592918677141863,0.7234684433470872
end_of_user_message,34,late,authority_vs_distractor,80,0.4234486925959179,0.4329439666895416,0.07650468997519716,0.18054292884704576,0.626368803957799
end_of_user_message,34,late,emotional_vs_authority,80,0.7144327822034522,0.7202019140006173,0.0416842222290145,0.6204383230288872,0.7941129145250747
end_of_user_message,34,late,emotional_vs_distractor,80,0.3132931320160146,0.32506162619120804,0.09928121913096284,0.12021313979365536,0.5554166359824039
end_of_user_message,34,late,false_belief_vs_authority,80,0.6235361283262688,0.6135386696776695,0.050836318271313484,0.5362423407502747,0.7588204711217641
end_of_user_message,34,late,false_belief_vs_distractor,80,0.40041172723860907,0.39778682762329953,0.06709839281370461,0.25302223697255594,0.5251927436148838
end_of_user_message,34,late,false_belief_vs_emotional,80,0.5765976318282627,0.5791363838652448,0.05263376951964915,0.4655388272473394,0.6839375367835717
end_of_user_message,34,late,false_belief_vs_false_rationale,80,0.8837063306925119,0.8938649227856101,0.04851020625859091,0.7055153929709842,0.9460747164348959
end_of_user_message,34,late,false_belief_vs_true_belief,80,0.7373602746755565,0.7276473368794836,0.06611054836265978,0.616447730598416,0.9867986819152827
end_of_user_message,34,late,false_belief_vs_true_rationale,80,0.7193766328373467,0.7095574366820194,0.05645460514905225,0.6111197005859781,0.8920496701908494
end_of_user_message,34,late,false_rationale_vs_authority,80,0.6381856615848804,0.6428740451404773,0.04602604416346744,0.5212568450183016,0.7608032054513713
end_of_user_message,34,late,false_rationale_vs_emotional,80,0.6420123533605478,0.6447250121509319,0.035237481214259986,0.565386583021069,0.714378055043462
end_of_user_message,35,late,authority_vs_distractor,80,0.4015061654558192,0.40192940727206405,0.07452801307779992,0.22632638102232533,0.6026729720500843
end_of_user_message,35,late,emotional_vs_authority,80,0.7155007432748175,0.714343240510378,0.030001954553606432,0.637437934732495,0.768424726097136
end_of_user_message,35,late,emotional_vs_distractor,80,0.3329287852341155,0.33514593985260765,0.06195617510697548,0.19422381951038858,0.5142162094057714
end_of_user_message,35,late,false_belief_vs_authority,80,0.6437089410607636,0.6379674850119211,0.04458695318805312,0.549121834748576,0.7791521469661504
end_of_user_message,35,late,false_belief_vs_distractor,80,0.385644789357118,0.39240282773914353,0.06623472229923785,0.17186966884967728,0.5112383273253198
end_of_user_message,35,late,false_belief_vs_emotional,80,0.5969502909644188,0.5976082134581444,0.04221435841235475,0.4722489189593383,0.6927871351668233
end_of_user_message,35,late,false_belief_vs_false_rationale,80,0.8948924351379404,0.9033743587205907,0.04255360606024014,0.7521047435956933,0.951249035990297
end_of_user_message,35,late,false_belief_vs_true_belief,80,0.7411731934051073,0.7330298313322647,0.06565997303097189,0.6321398320946872,0.9860654200512724
end_of_user_message,35,late,false_belief_vs_true_rationale,80,0.7225570227625062,0.714588576864051,0.055990100723197246,0.625822856427025,0.8928725584672521
end_of_user_message,35,late,false_rationale_vs_authority,80,0.6632254413002043,0.6598488576181496,0.040196360907700415,0.5598183891707196,0.7675243030198649
end_of_user_message,35,late,false_rationale_vs_emotional,80,0.6225130409188908,0.6236193666637401,0.03277160313226379,0.5530451387797203,0.7057115973139028
final_answer_position,0,early,authority_vs_distractor,80,0.3882136285456241,0.2651262112641718,0.3086789539124979,-0.06277622228906299,0.9012926121234008
final_answer_position,0,early,emotional_vs_authority,80,0.9627621664830193,0.9628870200079065,0.003922199086765203,0.93704596971586,0.9692606200877427
final_answer_position,0,early,emotional_vs_distractor,80,0.3729001236867798,0.2575929351425965,0.29319750493447483,-0.035442189502532195,0.8672175695772797
final_answer_position,0,early,false_belief_vs_authority,80,0.09228684280804075,0.07852570016054483,0.11043246976803638,-0.15640273236685082,0.6233194357765108
final_answer_position,0,early,false_belief_vs_distractor,80,0.2805179855097769,0.30133365627804,0.12805538648320255,-0.14232818697222024,0.6438233435297304
final_answer_position,0,early,false_belief_vs_emotional,80,0.08608049167413621,0.07219994013901816,0.10513960605397382,-0.14607259882220547,0.6057745726637558
final_answer_position,0,early,false_belief_vs_false_rationale,80,0.46805221657824586,0.5617051968021108,0.24925093781093577,-0.052657153107761534,0.838288795360514
final_answer_position,0,early,false_belief_vs_true_belief,80,0.9965594277138432,0.996346327017489,0.0006701230367701028,0.9955260754605433,0.9987622139444815
final_answer_position,0,early,false_belief_vs_true_rationale,80,0.4844137880681202,0.5898901413634162,0.2572150963028134,-0.09546649971133897,0.8542181707520313
final_answer_position,0,early,false_rationale_vs_authority,80,0.5426166863461666,0.5242004985691568,0.33737681529906455,0.02547776376670806,0.9767896831355486
final_answer_position,0,early,false_rationale_vs_emotional,80,0.5561810983022478,0.5222679102355978,0.3332685102736015,0.05218229683946555,0.9845733868673474
final_answer_position,1,early,authority_vs_distractor,80,0.378437660407599,0.26110261765447806,0.27564095156918156,0.03585856154201056,0.848649321390164
final_answer_position,1,early,emotional_vs_authority,80,0.9400551151149246,0.9404790090777757,0.006088694965103138,0.9128842117801931,0.9512170416278238
final_answer_position,1,early,emotional_vs_distractor,80,0.3871335989808229,0.2698176004179529,0.2595111512147083,0.06408420265618657,0.8401216465182386
final_answer_position,1,early,false_belief_vs_authority,80,0.11144729138675129,0.10171519065353019,0.06898323542767658,-0.026679659181321876,0.463845573577422
final_answer_position,1,early,false_belief_vs_distractor,80,0.17192829953219413,0.1934481260262355,0.09660261422812436,-0.04197335137078942,0.4071437349778018
final_answer_position,1,early,false_belief_vs_emotional,80,0.10586779545497696,0.09561189397098355,0.07042333811132241,-0.04297174321967355,0.4513985156839844
final_answer_position,1,early,false_belief_vs_false_rationale,80,0.5310813690921034,0.6254912672813255,0.22664015781489608,0.075289253910883,0.8099182152105859
final_answer_position,1,early,false_belief_vs_true_belief,80,0.9956151760600281,0.9956103970550666,0.000596160617345136,0.9941517353365437,0.9972058951611334
final_answer_position,1,early,false_belief_vs_true_rationale,80,0.5498820980845893,0.6747792887303568,0.23007629663832335,0.03314979627217811,0.8211205810273687
final_answer_position,1,early,false_rationale_vs_authority,80,0.49909325827924417,0.4213465268151728,0.31760533253561596,0.07089457414824453,0.9421324618709427
final_answer_position,1,early,false_rationale_vs_emotional,80,0.5280009119304861,0.4274585019113754,0.31495700294679563,0.10327282083530995,0.9655922578065245
final_answer_position,2,early,authority_vs_distractor,80,0.33648294492409314,0.20834738417174015,0.24342638914205456,0.0734345156758211,0.7612126600299501
final_answer_position,2,early,emotional_vs_authority,80,0.9212758753353159,0.9220651965987131,0.007671227969445137,0.8941878310981279,0.9374971263016396
final_answer_position,2,early,emotional_vs_distractor,80,0.3376556340736257,0.21185545748842022,0.2321667393894464,0.0819563585766207,0.7525250489746952
final_answer_position,2,early,false_belief_vs_authority,80,0.1931718816888569,0.1842690760331478,0.05117007900587226,0.08995357280201155,0.36896441548141967
final_answer_position,2,early,false_belief_vs_distractor,80,0.1410149625389635,0.15230128697280582,0.09089160317614048,-0.06506551939914267,0.35566970186731617
final_answer_position,2,early,false_belief_vs_emotional,80,0.18727818574724348,0.175186540248486,0.05608906089826673,0.0931748931799776,0.37770178166272156
final_answer_position,2,early,false_belief_vs_false_rationale,80,0.6358433663392274,0.7402437657492453,0.21250067320941618,0.17056326372190397,0.876968066722501
final_answer_position,2,early,false_belief_vs_true_belief,80,0.9910392627052141,0.9914150862564488,0.0019055459379598288,0.9846157681256121,0.9941713776800971
final_answer_position,2,early,false_belief_vs_true_rationale,80,0.656392714054445,0.772114927881811,0.20532308215703804,0.17395114478234291,0.8574370453393247
final_answer_position,2,early,false_rationale_vs_authority,80,0.4908137462918181,0.38490888501652276,0.28332125394931856,0.10047666451845003,0.9078103251499146
final_answer_position,2,early,false_rationale_vs_emotional,80,0.5173048864338033,0.3824912346793141,0.2878254351752917,0.15057227869189282,0.9519922813104347
final_answer_position,3,early,authority_vs_distractor,80,0.2891094257386269,0.204354752530612,0.16809547986142695,0.08701121791520373,0.5842716655707809
final_answer_position,3,early,emotional_vs_authority,80,0.8947260824561869,0.894258741036014,0.006527813130556857,0.8753958560971944,0.9107192209163989
final_answer_position,3,early,emotional_vs_distractor,80,0.2868496142876864,0.19482574398812008,0.17670320536685133,0.05781835560845851,0.5995590256020898
final_answer_position,3,early,false_belief_vs_authority,80,0.5160038840111946,0.5149522242237957,0.04185602251133138,0.4167172651195038,0.6253026302381126
final_answer_position,3,early,false_belief_vs_distractor,80,0.09063496677625685,0.09753154961985411,0.04981468807168859,-0.019467594333828588,0.21536379942725203
final_answer_position,3,early,false_belief_vs_emotional,80,0.4592295826351017,0.457783620103501,0.04467556301599541,0.34890386044823846,0.5776139864785182
final_answer_position,3,early,false_belief_vs_false_rationale,80,0.8080215692727,0.8644093740302399,0.126691669069322,0.4874722638703192,0.9314991727658068
final_answer_position,3,early,false_belief_vs_true_belief,80,0.9966168674561535,0.9967454045759492,0.0004788116423476288,0.9953609299834356,0.9973364693116002
final_answer_position,3,early,false_belief_vs_true_rationale,80,0.8241362204851039,0.8885237750171662,0.12322675822358328,0.5187323719198549,0.9344453658619285
final_answer_position,3,early,false_rationale_vs_authority,80,0.6345913235064473,0.5612111900678566,0.16294954209521392,0.41333301823434443,0.8858540717651411
final_answer_position,3,early,false_rationale_vs_emotional,80,0.6196684772297298,0.5196722682381796,0.18753744328752242,0.3863221126450371,0.927998290486433
final_answer_position,4,early,authority_vs_distractor,80,0.2894853215864316,0.24342863916306906,0.1264199423054451,0.07078587904892629,0.5314791930415733
final_answer_position,4,early,emotional_vs_authority,80,0.8630478843856153,0.8640219053807567,0.010738769963564614,0.8336382355836837,0.8845346155075053
final_answer_position,4,early,emotional_vs_distractor,80,0.2862280519354343,0.23376743486609083,0.12920982048653898,0.113224869891187,0.5259403111339165
final_answer_position,4,early,false_belief_vs_authority,80,0.6102361783114676,0.607419533739439,0.03684286242150911,0.5218575756293597,0.6955994227385072
final_answer_position,4,early,false_belief_vs_distractor,80,0.1398600341588549,0.13531991711311742,0.04645335766118936,0.04797334898699045,0.2592565112350148
final_answer_position,4,early,false_belief_vs_emotional,80,0.5907534301463251,0.5938032638111683,0.03718951701856735,0.5008141214218973,0.6684673972888806
final_answer_position,4,early,false_belief_vs_false_rationale,80,0.8515456404994971,0.8860253899249918,0.08083737065170303,0.6216109749164197,0.9404757907335332
final_answer_position,4,early,false_belief_vs_true_belief,80,0.9966728270143728,0.9967482864927734,0.0004749753101875638,0.995307480076397,0.9974789730108158
final_answer_position,4,early,false_belief_vs_true_rationale,80,0.8590381499282043,0.8918440603224431,0.07888787364151457,0.6401814224411371,0.9353055725521033
final_answer_position,4,early,false_rationale_vs_authority,80,0.6822641063892939,0.6347386504577599,0.11614073091503603,0.5185992391581136,0.8673590279738612
final_answer_position,4,early,false_rationale_vs_emotional,80,0.6918958020106409,0.6216288017472883,0.13157239601214152,0.5293213242948294,0.9145374356278249
final_answer_position,5,early,authority_vs_distractor,80,0.2700202595989691,0.2530989360795409,0.11461232399776639,0.027802788648026572,0.4798167857552176
final_answer_position,5,early,emotional_vs_authority,80,0.8669845688323676,0.8678950391058511,0.009271666055382719,0.8457564512889046,0.8874062101561299
final_answer_position,5,early,emotional_vs_distractor,80,0.2685927962791017,0.2458736043208148,0.11244243658543991,0.05125606618350052,0.48267698556147387
final_answer_position,5,early,false_belief_vs_authority,80,0.6808679831450393,0.6823057653445415,0.030754775694207846,0.5781513977670544,0.7406143717558467
final_answer_position,5,early,false_belief_vs_distractor,80,0.18043446610079944,0.18754569360925735,0.05565790509112293,0.06032291736701442,0.3080976503073145
final_answer_position,5,early,false_belief_vs_emotional,80,0.6706548317924512,0.6762964323546433,0.029308088608994955,0.584043433906667,0.7264560312656455
final_answer_position,5,early,false_belief_vs_false_rationale,80,0.8580037433064037,0.8652547164171474,0.04364122490308976,0.7357650996364684,0.9325985062282535
final_answer_position,5,early,false_belief_vs_true_belief,80,0.9966251096411438,0.9967026350089381,0.0004832133576631499,0.9953524868365428,0.9973785997900608
final_answer_position,5,early,false_belief_vs_true_rationale,80,0.8628397736975186,0.8714940523282454,0.04462771187802598,0.7334893423047035,0.9255957664671097
final_answer_position,5,early,false_rationale_vs_authority,80,0.6829309450231862,0.6528783867060477,0.10243930288164997,0.5186516412343612,0.8557768202974205
final_answer_position,5,early,false_rationale_vs_emotional,80,0.6973850039389026,0.6460461449452404,0.1144506123504311,0.5047003565929159,0.9048206777356044
final_answer_position,6,early,authority_vs_distractor,80,0.3112842791986557,0.3121957021709266,0.10970838166913259,0.035205388117455494,0.5423173960773255
final_answer_position,6,early,emotional_vs_authority,80,0.851357400056008,0.8521242942659746,0.01262648734716926,0.8205515210404133,0.8778051489775304
final_answer_position,6,early,emotional_vs_distractor,80,0.25425701257989586,0.23689752792824315,0.11212514986852445,0.03004413920472878,0.5043455489510015
final_answer_position,6,early,false_belief_vs_authority,80,0.6375257200325326,0.641672912023532,0.03744659768032209,0.5043340613262342,0.716704701751004
final_answer_position,6,early,false_belief_vs_distractor,80,0.1537904349945327,0.15025517030318725,0.06123748591364207,0.013226195592043875,0.2985486014323758
final_answer_position,6,early,false_belief_vs_emotional,80,0.679312467330517,0.683587018207611,0.03345286989499278,0.5710592338352287,0.7483149034691718
final_answer_position,6,early,false_belief_vs_false_rationale,80,0.8657372562133279,0.8662818752839696,0.03577661887920236,0.7547322001164299,0.9345120875689715
final_answer_position,6,early,false_belief_vs_true_belief,80,0.9966363219644891,0.9966854089006522,0.0004030361665584941,0.9956779916791338,0.9973528271775088
final_answer_position,6,early,false_belief_vs_true_rationale,80,0.8728670019010994,0.8809014498100051,0.03762540692657834,0.7435423845365285,0.9247546239688631
final_answer_position,6,early,false_rationale_vs_authority,80,0.6536837402020241,0.6251972023645891,0.09523972862183226,0.4925297527511294,0.8190548734085084
final_answer_position,6,early,false_rationale_vs_emotional,80,0.6787343729944003,0.6365751806888078,0.10859463728733017,0.5039612733703358,0.8733566479352279
final_answer_position,7,early,authority_vs_distractor,80,0.339709527943447,0.33977723240314195,0.08707972366272987,0.07637905534575323,0.5201343965647716
final_answer_position,7,early,emotional_vs_authority,80,0.8425577264831544,0.841799422280986,0.012053720575118509,0.8067372818896104,0.8697231872847414
final_answer_position,7,early,emotional_vs_distractor,80,0.28427316951333176,0.2892225107952293,0.08258002755608022,0.08717263017369715,0.48558186725138064
final_answer_position,7,early,false_belief_vs_authority,80,0.6405310297399922,0.6491673716955706,0.034822031517462625,0.5341644722697174,0.715634133946468
final_answer_position,7,early,false_belief_vs_distractor,80,0.14075438227119053,0.1350603641407349,0.06666317871139257,0.01810201159171265,0.29803862956798194
final_answer_position,7,early,false_belief_vs_emotional,80,0.6884267803353581,0.6892568057579109,0.030782303346713585,0.6061653900619186,0.7566744970493544
final_answer_position,7,early,false_belief_vs_false_rationale,80,0.8663877212599524,0.8614294809801378,0.031267978260373204,0.7840756074743375,0.9363596038397917
final_answer_position,7,early,false_belief_vs_true_belief,80,0.9949974639094897,0.9950075460141075,0.0005951717835558813,0.993342491834998,0.99621550078914
final_answer_position,7,early,false_belief_vs_true_rationale,80,0.8694940829098778,0.8755022254321845,0.030102066826083778,0.7835281737657804,0.9197138115600132
final_answer_position,7,early,false_rationale_vs_authority,80,0.6533127763368644,0.629123284248225,0.0789797163502854,0.4913233911054878,0.814182851077189
final_answer_position,7,early,false_rationale_vs_emotional,80,0.6778649635076764,0.647430722055565,0.0896488801314696,0.5328006207966736,0.8436699419303593
final_answer_position,8,early,authority_vs_distractor,80,0.3513488542719834,0.34517041432603546,0.07315901277251378,0.09315132864205995,0.496460616661294
final_answer_position,8,early,emotional_vs_authority,80,0.8379778303303782,0.8379637728763156,0.01082310101268956,0.8130497452373167,0.8633990405426073
final_answer_position,8,early,emotional_vs_distractor,80,0.2950272288802579,0.28616420672988285,0.0731271769063512,0.1056002349190894,0.4678965828235706
final_answer_position,8,early,false_belief_vs_authority,80,0.6744419728485609,0.674902919067875,0.026152961253551918,0.6124310647573207,0.7308221181189118
final_answer_position,8,early,false_belief_vs_distractor,80,0.16056877839220202,0.1551730627656368,0.06221697598416116,-0.007213302326464858,0.32635441148308547
final_answer_position,8,early,false_belief_vs_emotional,80,0.7220006932657711,0.7232628756067863,0.021457450372031634,0.6789610549442533,0.7778583851903983
final_answer_position,8,early,false_belief_vs_false_rationale,80,0.880470850774965,0.8786446623807286,0.02453355200725393,0.8234077230618888,0.9350934668669709
final_answer_position,8,early,false_belief_vs_true_belief,80,0.9942552634448975,0.9943580380742278,0.000624252137538999,0.992514421660835,0.9954807381398015
final_answer_position,8,early,false_belief_vs_true_rationale,80,0.8837381808025295,0.8895760661754181,0.023260325043425976,0.822016030044906,0.9224353188944723
final_answer_position,8,early,false_rationale_vs_authority,80,0.6842604609028935,0.6732566801776513,0.05409442359126447,0.563881271788086,0.7988620915350482
final_answer_position,8,early,false_rationale_vs_emotional,80,0.7273601819075323,0.7046757242353108,0.06104208935582489,0.6179889526173996,0.853712472713509
final_answer_position,9,early,authority_vs_distractor,80,0.31857276648903576,0.32237018821272045,0.06419464025981247,0.05879825523141833,0.4357662221099228
final_answer_position,9,early,emotional_vs_authority,80,0.8045499300170034,0.805792748198721,0.013324031444158784,0.7747834867771979,0.8383273664707358
final_answer_position,9,early,emotional_vs_distractor,80,0.25887449533519147,0.25407906764530663,0.06328196078149222,0.04328566678668874,0.3865875949923595
final_answer_position,9,early,false_belief_vs_authority,80,0.692263323425238,0.6946895259242808,0.02362317440829857,0.644535880865232,0.7457533061106612
final_answer_position,9,early,false_belief_vs_distractor,80,0.18303876312833522,0.18296689023315912,0.05248958958326789,-0.008476384649645183,0.32011076113353637
final_answer_position,9,early,false_belief_vs_emotional,80,0.7320004333699686,0.7333519639526264,0.019901143409163078,0.6899612699101699,0.7763366371721052
final_answer_position,9,early,false_belief_vs_false_rationale,80,0.8985014299366199,0.8975784668384568,0.02046396306115043,0.85830262611417,0.9471184540363127
final_answer_position,9,early,false_belief_vs_true_belief,80,0.9946952567778314,0.99480287997222,0.0006468444168420886,0.9925806847255444,0.9961013992442098
final_answer_position,9,early,false_belief_vs_true_rationale,80,0.9005142851068302,0.9045863554972883,0.01885993765516874,0.8570549455067032,0.9357839980461742
final_answer_position,9,early,false_rationale_vs_authority,80,0.6808110817096457,0.671773594175375,0.04718819732180093,0.5686999617346962,0.7788538705364257
final_answer_position,9,early,false_rationale_vs_emotional,80,0.731176600663723,0.714627259894908,0.05252994211507472,0.6265453584668049,0.8424428900101233
final_answer_position,10,early,authority_vs_distractor,80,0.2881921182686882,0.2904581059950894,0.04904757174049003,0.12129780883315386,0.3876593371864262
final_answer_position,10,early,emotional_vs_authority,80,0.769266123842012,0.76913213249439,0.01637064175239649,0.728367960195581,0.8174603681015564
final_answer_position,10,early,emotional_vs_distractor,80,0.21262105027987993,0.20724304332416518,0.047510666076341634,0.0896427228448172,0.33466597522172703
final_answer_position,10,early,false_belief_vs_authority,80,0.6028442999498289,0.6020634248679807,0.025870163072510385,0.5473680324262686,0.67332222226358
final_answer_position,10,early,false_belief_vs_distractor,80,0.17116643422918754,0.1700961567630792,0.043236394513273456,0.07905947346594272,0.2734242125904211
final_answer_position,10,early,false_belief_vs_emotional,80,0.6592926926263019,0.6589396471437217,0.022209367252759273,0.6102998662086578,0.6992718053349456
final_answer_position,10,early,false_belief_vs_false_rationale,80,0.9072095368391757,0.906320850403245,0.017911410779121575,0.8646312851376179,0.9524417094138486
final_answer_position,10,early,false_belief_vs_true_belief,80,0.9936393101977365,0.9936201898592173,0.0008618648828736681,0.9916062117751137,0.9954088271331559
final_answer_position,10,early,false_belief_vs_true_rationale,80,0.9086668453964896,0.9106516154544221,0.01520206613023186,0.8723829126400346,0.9441477744748272
final_answer_position,10,early,false_rationale_vs_authority,80,0.605513343398198,0.6042220504318908,0.03866927041506936,0.49896204629506996,0.6986484242681282
final_answer_position,10,early,false_rationale_vs_emotional,80,0.6694008029914881,0.6624915306134049,0.048575943915610445,0.5597556592222579,0.7935975130335782
final_answer_position,11,early,authority_vs_distractor,80,0.28666323244160624,0.2894222063259788,0.048591148057750055,0.12275595930854985,0.40575558438100545
final_answer_position,11,early,emotional_vs_authority,80,0.7619775407944074,0.7611790006096883,0.01586593035476288,0.7297900756717324,0.8103003383376152
final_answer_position,11,early,emotional_vs_distractor,80,0.22149994677237675,0.21623884311036035,0.05233377044072764,0.10254246217951159,0.372109811667494
final_answer_position,11,early,false_belief_vs_authority,80,0.6048010390416021,0.6055238223509671,0.02784049424976847,0.5408687874737204,0.6816195913750381
final_answer_position,11,early,false_belief_vs_distractor,80,0.1756723175766264,0.1715270238694505,0.04397523575955943,0.08587730979808827,0.2711490512639896
final_answer_position,11,early,false_belief_vs_emotional,80,0.6595097498711856,0.6566324424958079,0.02295225189416321,0.6028915731986477,0.7109327532673706
final_answer_position,11,early,false_belief_vs_false_rationale,80,0.9071615447265243,0.9059859404768041,0.018624754929425728,0.8551539732147975,0.9523239540076553
final_answer_position,11,early,false_belief_vs_true_belief,80,0.9929641911425484,0.9929125990216199,0.0008308068123668037,0.9908533630992977,0.9946055941487058
final_answer_position,11,early,false_belief_vs_true_rationale,80,0.9112176500158238,0.9136492346152982,0.014796614707466139,0.8832881596264033,0.9449694034918039
final_answer_position,11,early,false_rationale_vs_authority,80,0.6006051777199246,0.5992771271827971,0.03777813056099801,0.4993847568885491,0.7029912398358387
final_answer_position,11,early,false_rationale_vs_emotional,80,0.6772121475229386,0.6707620810146386,0.04271696277454539,0.5873730376681165,0.7853351005744982
final_answer_position,12,middle,authority_vs_distractor,80,0.2228127880440114,0.22630281633720328,0.05398368642256558,0.04022264161145976,0.3725512303841436
final_answer_position,12,middle,emotional_vs_authority,80,0.7578624041859999,0.7589595847898363,0.01814139874513002,0.7185381792579667,0.8133068515727437
final_answer_position,12,middle,emotional_vs_distractor,80,0.11148017752476713,0.10965583081962227,0.0611786666402905,-0.021774940007571447,0.32772575837931195
final_answer_position,12,middle,false_belief_vs_authority,80,0.6680045103147789,0.6706692690866662,0.025297841755855883,0.608215379967729,0.7274994323397608
final_answer_position,12,middle,false_belief_vs_distractor,80,0.09904408461482014,0.10447578654745851,0.052136163039807254,-0.016752036393777002,0.21900250003020127
final_answer_position,12,middle,false_belief_vs_emotional,80,0.7130060214309668,0.7166873193466344,0.01955052614446365,0.6642960036556934,0.7580653567506432
final_answer_position,12,middle,false_belief_vs_false_rationale,80,0.9097740915363266,0.9095749276506109,0.017546625860966048,0.8627033363981169,0.9507688381598899
final_answer_position,12,middle,false_belief_vs_true_belief,80,0.9896515949543996,0.9896557663123726,0.0011060147087895867,0.9873866272392335,0.9924909130444992
final_answer_position,12,middle,false_belief_vs_true_rationale,80,0.9137058543960004,0.9134821043145005,0.01376324719536061,0.8888586833089971,0.9443237684247683
final_answer_position,12,middle,false_rationale_vs_authority,80,0.6471004702132374,0.64762651325064,0.030878026501756327,0.5632593106544376,0.7118619495877252
final_answer_position,12,middle,false_rationale_vs_emotional,80,0.7019412976670564,0.6979985856248813,0.035123715790270946,0.611352952839463,0.7763117201412082
final_answer_position,13,middle,authority_vs_distractor,80,0.27885940437603485,0.2803464007338088,0.05753100209480974,0.09984646493635109,0.416680124816476
final_answer_position,13,middle,emotional_vs_authority,80,0.7700888323781344,0.7681103224466007,0.01566683521302815,0.7339009649585793,0.8236487089224627
final_answer_position,13,middle,emotional_vs_distractor,80,0.1764585980868819,0.1696653713330054,0.06818422552883574,0.01667056269921534,0.35680471994988905
final_answer_position,13,middle,false_belief_vs_authority,80,0.6854706733111935,0.6851453496079878,0.022448792676716033,0.6228275155753134,0.7395666487739697
final_answer_position,13,middle,false_belief_vs_distractor,80,0.11490737234543588,0.11635918197656629,0.053679499589340623,-0.010836929209588104,0.23351072753413474
final_answer_position,13,middle,false_belief_vs_emotional,80,0.7181182591175425,0.7160592024375753,0.020598409354507168,0.6616791479117043,0.7695835809029061
final_answer_position,13,middle,false_belief_vs_false_rationale,80,0.9125792390755331,0.9124221835081489,0.015774066060001157,0.8710913979205297,0.953271330965292
final_answer_position,13,middle,false_belief_vs_true_belief,80,0.9894863620521788,0.9893787187492906,0.0012183706746338094,0.985905823960399,0.992079442180625
final_answer_position,13,middle,false_belief_vs_true_rationale,80,0.9171149851579911,0.9175579461435616,0.014260098988284968,0.889542745930854,0.9470716718789429
final_answer_position,13,middle,false_rationale_vs_authority,80,0.6607125342666941,0.6627949208095858,0.028197745306084175,0.5982309113393246,0.7244144108316817
final_answer_position,13,middle,false_rationale_vs_emotional,80,0.7132098218520481,0.7155066427342609,0.0273782901278083,0.6416322113409214,0.7749311138637973
final_answer_position,14,middle,authority_vs_distractor,80,0.25921434353741396,0.2594335896838051,0.052309928925288886,0.13766101209370957,0.403380496675489
final_answer_position,14,middle,emotional_vs_authority,80,0.7806629048533748,0.7791737383137889,0.012904702830190582,0.7445115096657767,0.8120078399479076
final_answer_position,14,middle,emotional_vs_distractor,80,0.22435628499429794,0.22013751365109216,0.05443188926384207,0.093840620099085,0.37507673858808976
final_answer_position,14,middle,false_belief_vs_authority,80,0.6975897895679547,0.7007363949259964,0.019755724622955897,0.6416993593449012,0.7339320562088731
final_answer_position,14,middle,false_belief_vs_distractor,80,0.08838533806733634,0.08967117487154887,0.044648487918641025,-0.04666313158136806,0.21228630088647416
final_answer_position,14,middle,false_belief_vs_emotional,80,0.7255058628956677,0.7259417149292835,0.019669193786427775,0.6881910725000556,0.7661384254111696
final_answer_position,14,middle,false_belief_vs_false_rationale,80,0.9027465384078436,0.9025624873904603,0.017447676230552316,0.8563827536651233,0.9484366639345526
final_answer_position,14,middle,false_belief_vs_true_belief,80,0.9791977608597261,0.9790443945182421,0.0027890136081729663,0.9735481555596859,0.985751303528138
final_answer_position,14,middle,false_belief_vs_true_rationale,80,0.9007373667674535,0.8998999939197303,0.014661536089660802,0.872814661973107,0.9296747789110911
final_answer_position,14,middle,false_rationale_vs_authority,80,0.6779835473292912,0.6802618878916816,0.0252032948785456,0.6170213895306238,0.7212612715429775
final_answer_position,14,middle,false_rationale_vs_emotional,80,0.7502894456065325,0.7552484644922228,0.02601442926515094,0.6878867775734316,0.8062394975675379
final_answer_position,15,middle,authority_vs_distractor,80,0.23326014339270612,0.23509539889006312,0.05228161277116753,0.10204295883078159,0.36412607086049853
final_answer_position,15,middle,emotional_vs_authority,80,0.8037954693369802,0.8060162244120559,0.015577604859038518,0.7628864018638001,0.8316321692707704
final_answer_position,15,middle,emotional_vs_distractor,80,0.22188866555753878,0.2207944428343671,0.06368486475034082,0.07763088904049789,0.4083261832469464
final_answer_position,15,middle,false_belief_vs_authority,80,0.7511049978240625,0.7545315406929312,0.017071562494175154,0.7040394660278669,0.782365750450796
final_answer_position,15,middle,false_belief_vs_distractor,80,0.11704288381647024,0.11249891050017634,0.050412019939588694,-0.0297379236684388,0.23038818405163197
final_answer_position,15,middle,false_belief_vs_emotional,80,0.7702414607545498,0.7686315303301774,0.016917042769882457,0.7335852767594413,0.8013950718622768
final_answer_position,15,middle,false_belief_vs_false_rationale,80,0.8995378401084595,0.8990870153050161,0.01671948679937679,0.8563405785095088,0.946250170701552
final_answer_position,15,middle,false_belief_vs_true_belief,80,0.9716275231355518,0.9718658635382453,0.003017704152190499,0.9622090048111744,0.9775698364281956
final_answer_position,15,middle,false_belief_vs_true_rationale,80,0.8889035961537475,0.8895758203952335,0.014923822672562918,0.8517672793050077,0.9215684397865701
final_answer_position,15,middle,false_rationale_vs_authority,80,0.7065881705632275,0.7110061556444027,0.02484631126819113,0.6320593426549916,0.7513465358658344
final_answer_position,15,middle,false_rationale_vs_emotional,80,0.779424266342924,0.7844054537937039,0.02353501635744765,0.7276653674773119,0.8246765851622238
final_answer_position,16,middle,authority_vs_distractor,80,0.20230964706286855,0.19794100831138217,0.0451067738708111,0.12190989153929849,0.319812456709031
final_answer_position,16,middle,emotional_vs_authority,80,0.8133398206623378,0.818245919480868,0.01814929946640447,0.7811195471983081,0.8522848346775265
final_answer_position,16,middle,emotional_vs_distractor,80,0.20413024774645075,0.19836295586515384,0.057606037933144005,0.091456265241701,0.37627687660887066
final_answer_position,16,middle,false_belief_vs_authority,80,0.7583983598765001,0.7601424572554739,0.01644004285364494,0.7184544049072223,0.7898280659747523
final_answer_position,16,middle,false_belief_vs_distractor,80,0.1312971981683789,0.13311527218118477,0.04662166093866244,-0.009145902389607802,0.23759258738854525
final_answer_position,16,middle,false_belief_vs_emotional,80,0.7607354090509881,0.7590254708816606,0.01792146601023229,0.7079615900187088,0.7947737249468193
final_answer_position,16,middle,false_belief_vs_false_rationale,80,0.8999119472263419,0.8985546525244885,0.014791146597417343,0.8585072647038021,0.9436889557384425
final_answer_position,16,middle,false_belief_vs_true_belief,80,0.9615363106358817,0.961684073044703,0.0032257876157109756,0.9537609756577272,0.9688837446018275
final_answer_position,16,middle,false_belief_vs_true_rationale,80,0.8841678094459302,0.8848479554138219,0.014027566225265214,0.8457247404816204,0.9155418230545447
final_answer_position,16,middle,false_rationale_vs_authority,80,0.7135680586676256,0.716106978766787,0.02583211759438632,0.6510086791399796,0.7548176537294397
final_answer_position,16,middle,false_rationale_vs_emotional,80,0.7448512447313856,0.7428708931571861,0.02484540186765601,0.6730794306500654,0.7956154896043
final_answer_position,17,middle,authority_vs_distractor,80,0.11479837413914254,0.11469413277139119,0.05394281279199199,0.005571597351977544,0.2873674895282204
final_answer_position,17,middle,emotional_vs_authority,80,0.8077552787690884,0.8150018427603968,0.023166831969048885,0.7641500265881043,0.8605992704713696
final_answer_position,17,middle,emotional_vs_distractor,80,0.12808665062474525,0.1263819156670674,0.061977358716319556,-0.003115283456083088,0.2987634340911053
final_answer_position,17,middle,false_belief_vs_authority,80,0.7600908950456928,0.762595188377524,0.01781922861366747,0.7118782679533907,0.79989986275641
final_answer_position,17,middle,false_belief_vs_distractor,80,0.07527740280322706,0.07867276753379773,0.05437748764230662,-0.0634847528837158,0.22169143017079945
final_answer_position,17,middle,false_belief_vs_emotional,80,0.7686610945410431,0.7685889894599309,0.018189838368997215,0.7278917414945217,0.8048568375325794
final_answer_position,17,middle,false_belief_vs_false_rationale,80,0.8966869478081042,0.8954831636098312,0.01477517125269854,0.8560840920184375,0.9378674581664698
final_answer_position,17,middle,false_belief_vs_true_belief,80,0.9446418399629495,0.9448227561209357,0.008860989193535257,0.9223878012463376,0.9617827509624031
final_answer_position,17,middle,false_belief_vs_true_rationale,80,0.8655689022208547,0.8659743158030626,0.014728584583425674,0.8335422529966106,0.9001150611296616
final_answer_position,17,middle,false_rationale_vs_authority,80,0.7197381260715219,0.7238126600291075,0.028812107904121902,0.6444694875784046,0.7762375246457969
final_answer_position,17,middle,false_rationale_vs_emotional,80,0.7497172873078125,0.750580537487137,0.023808300425925216,0.6781335694326489,0.8032394603704354
final_answer_position,18,middle,authority_vs_distractor,80,0.1618385944664656,0.1654456096191899,0.06370012007312184,-0.04641525139026452,0.33363005013247127
final_answer_position,18,middle,emotional_vs_authority,80,0.8346451079831686,0.8358774701237354,0.01581542100827162,0.8058089409534632,0.877056336447417
final_answer_position,18,middle,emotional_vs_distractor,80,0.23318914414232603,0.2453276189007847,0.06245097323652325,0.04364581028555664,0.39520157865831396
final_answer_position,18,middle,false_belief_vs_authority,80,0.77541718709609,0.7759520055681763,0.019797080269654717,0.7159078240658516,0.8162648150183447
final_answer_position,18,middle,false_belief_vs_distractor,80,0.15740998086184685,0.16233907652388707,0.04855945396457905,0.03746248535923315,0.2693292170267571
final_answer_position,18,middle,false_belief_vs_emotional,80,0.7627951522096293,0.7622009431177752,0.018306124293158407,0.7248352564193792,0.8023852626417411
final_answer_position,18,middle,false_belief_vs_false_rationale,80,0.8875551755002361,0.8906080666359681,0.020364388669195436,0.8364399645186393,0.9381881539907182
final_answer_position,18,middle,false_belief_vs_true_belief,80,0.9355425426914176,0.9361341241157701,0.01672715886471685,0.8923386547107739,0.9649669790527893
final_answer_position,18,middle,false_belief_vs_true_rationale,80,0.8584977232060689,0.8619813899717775,0.023107678420636154,0.8018690920411404,0.8987208347320688
final_answer_position,18,middle,false_rationale_vs_authority,80,0.7197724076871864,0.7207033270615717,0.03536636902218363,0.6434060198888141,0.7850306380874876
final_answer_position,18,middle,false_rationale_vs_emotional,80,0.7244981552730364,0.7231802918189926,0.02499856105503355,0.6750335877884264,0.7792037383780975
final_answer_position,19,middle,authority_vs_distractor,80,0.06100276115737261,0.05557880712666155,0.08036998993547292,-0.1493030899843023,0.2925075762951074
final_answer_position,19,middle,emotional_vs_authority,80,0.8069846835189729,0.8068497633475911,0.020173707879934236,0.7531832617869068,0.8468611189712864
final_answer_position,19,middle,emotional_vs_distractor,80,0.12175951444192212,0.1144464713629983,0.07605825330025802,-0.026117288958002062,0.3528670698744779
final_answer_position,19,middle,false_belief_vs_authority,80,0.8088471419052781,0.8114815563785883,0.022967770334290045,0.750224866709803,0.8492276907821629
final_answer_position,19,middle,false_belief_vs_distractor,80,0.04820341072261696,0.04122975388450454,0.07132484857263223,-0.1088662674727461,0.24941361368233617
final_answer_position,19,middle,false_belief_vs_emotional,80,0.7513534357976898,0.7531472333293439,0.026064150125424162,0.6794817931601264,0.814662571842706
final_answer_position,19,middle,false_belief_vs_false_rationale,80,0.8782459442105178,0.8831769054645258,0.030953493904849534,0.7864246104136268,0.9376252667579189
final_answer_position,19,middle,false_belief_vs_true_belief,80,0.846778048726107,0.8577525589068502,0.06776029134929146,0.6909653530372651,0.9572833720777387
final_answer_position,19,middle,false_belief_vs_true_rationale,80,0.7423860322071074,0.7509216173518083,0.07484396098863293,0.4544823257380194,0.8749090247160394
final_answer_position,19,middle,false_rationale_vs_authority,80,0.7401280274846254,0.738466452119497,0.04602233754764985,0.6151472277066589,0.8359647841582722
final_answer_position,19,middle,false_rationale_vs_emotional,80,0.7283049071430511,0.7300876860713952,0.027872709241982235,0.6297027614612823,0.7837906332925322
final_answer_position,20,middle,authority_vs_distractor,80,0.07979589618075518,0.08266941052692539,0.08290185944682721,-0.1381255446145136,0.24992471683768147
final_answer_position,20,middle,emotional_vs_authority,80,0.8320935400383872,0.835810004196003,0.021645750076608232,0.7797913455733373,0.8798159567400095
final_answer_position,20,middle,emotional_vs_distractor,80,0.12959651296617486,0.13485328796120008,0.07703659450070291,-0.04944835884813209,0.30969011077288466
final_answer_position,20,middle,false_belief_vs_authority,80,0.8293472190517855,0.829631302716531,0.02399821653371495,0.7614250028889121,0.8871311669849624
final_answer_position,20,middle,false_belief_vs_distractor,80,0.08840277131444674,0.1002773526536949,0.07362485563493121,-0.0869578697746438,0.22575821300961085
final_answer_position,20,middle,false_belief_vs_emotional,80,0.7318870708684582,0.7273527081292075,0.04393548080342538,0.6308235596339535,0.8424458524710394
final_answer_position,20,middle,false_belief_vs_false_rationale,80,0.8478863682736474,0.8448911552157592,0.03772932581366067,0.7170746733239424,0.9305315121725187
final_answer_position,20,middle,false_belief_vs_true_belief,80,0.6555907534018124,0.643868003615422,0.09610677783134558,0.5095823495501274,0.9212650191433653
final_answer_position,20,middle,false_belief_vs_true_rationale,80,0.5554467444922905,0.5351314265473321,0.09453093610418602,0.39207395978228426,0.813103915197731
final_answer_position,20,middle,false_rationale_vs_authority,80,0.7587149219473033,0.7621111807895172,0.044159744802511,0.5955440013479903,0.8454663843774993
final_answer_position,20,middle,false_rationale_vs_emotional,80,0.751942823193763,0.7531978158920419,0.036240446125640154,0.638697717841147,0.8239158545237482
final_answer_position,21,middle,authority_vs_distractor,80,0.10334931815527246,0.11129829915046086,0.08975666790962022,-0.088051997880184,0.276017124766209
final_answer_position,21,middle,emotional_vs_authority,80,0.8532290050758311,0.8594642711691706,0.02417168191122071,0.7913704276885962,0.9042325720914488
final_answer_position,21,middle,emotional_vs_distractor,80,0.15762021816382346,0.15206024820611058,0.07799139274789961,-0.013562721996748673,0.35444601587249813
final_answer_position,21,middle,false_belief_vs_authority,80,0.8178000820346174,0.8189318079304158,0.040977051178655195,0.7066240577142758,0.9050235013197853
final_answer_position,21,middle,false_belief_vs_distractor,80,0.09365630077441137,0.09885540966203812,0.08335679149766956,-0.12872340020230116,0.2616800579862433
final_answer_position,21,middle,false_belief_vs_emotional,80,0.7288556153861356,0.7307125710347426,0.053876609882570765,0.6109636911507008,0.8539782089807932
final_answer_position,21,middle,false_belief_vs_false_rationale,80,0.861313007089484,0.8622400930684606,0.03284011618980575,0.7422881063109164,0.9257967238117768
final_answer_position,21,middle,false_belief_vs_true_belief,80,0.6436454562723024,0.6345475595851064,0.08907728888623508,0.483215435558659,0.9053298204774665
final_answer_position,21,middle,false_belief_vs_true_rationale,80,0.5488689619914949,0.5432222490017993,0.08302110064671155,0.3804531578959065,0.7783975124826903
final_answer_position,21,middle,false_rationale_vs_authority,80,0.7689909293519386,0.77750906798065,0.05380175928516427,0.5716131703249085,0.8507068308372266
final_answer_position,21,middle,false_rationale_vs_emotional,80,0.7594650122378052,0.7654748914139886,0.045053991362372134,0.6342388416043027,0.8461869248710638
final_answer_position,22,middle,authority_vs_distractor,80,0.13568436553128105,0.13150542669715543,0.07300443640249664,0.005066626877835559,0.35528165526406613
final_answer_position,22,middle,emotional_vs_authority,80,0.8364653718907205,0.8414792763356866,0.023626726777135097,0.7832520625518677,0.8927274894902273
final_answer_position,22,middle,emotional_vs_distractor,80,0.2014343313373058,0.20112471158859765,0.06004749528847594,0.07635667668865773,0.36612437113527563
final_answer_position,22,middle,false_belief_vs_authority,80,0.7806935657465361,0.7866572834098498,0.04843230986658604,0.6532792186542749,0.8778132236814051
final_answer_position,22,middle,false_belief_vs_distractor,80,0.09755051204057041,0.10689370321065915,0.07690125489901395,-0.13281485651203095,0.3081352613977869
final_answer_position,22,middle,false_belief_vs_emotional,80,0.6666343195966873,0.665006394980003,0.06005704476205726,0.5391806743635115,0.8030889356764505
final_answer_position,22,middle,false_belief_vs_false_rationale,80,0.8484215419938795,0.855492221538531,0.04107706345150444,0.6676077063922149,0.9133814839048184
final_answer_position,22,middle,false_belief_vs_true_belief,80,0.5984371295451967,0.5793345379757384,0.08676670715078447,0.4421076743802345,0.9049721049648024
final_answer_position,22,middle,false_belief_vs_true_rationale,80,0.4969600049529993,0.4886443096596269,0.07797092184763507,0.27134665003793734,0.7059183112983298
final_answer_position,22,middle,false_rationale_vs_authority,80,0.7458439367485772,0.7538033513484343,0.05578107666233893,0.5509359601896087,0.8392244464741384
final_answer_position,22,middle,false_rationale_vs_emotional,80,0.7178129164730278,0.7257358716374009,0.05040001041521252,0.5861371479677848,0.8223028398326058
final_answer_position,23,middle,authority_vs_distractor,80,0.1979320801207091,0.1956418230971786,0.0765125419857194,0.047607672995919156,0.46092788236130555
final_answer_position,23,middle,emotional_vs_authority,80,0.8441582039663592,0.8480252483666042,0.029201277515518348,0.753327024433383,0.8929671019710081
final_answer_position,23,middle,emotional_vs_distractor,80,0.2553763553041147,0.2536863629112832,0.06291822326103735,0.11086709455782376,0.4301196068968366
final_answer_position,23,middle,false_belief_vs_authority,80,0.7697390259707794,0.7829441033193288,0.06249283936197897,0.5647002638816483,0.8740975241031932
final_answer_position,23,middle,false_belief_vs_distractor,80,0.1428337313975177,0.149677354271895,0.08234757205493426,-0.1163989843773497,0.43207163306567964
final_answer_position,23,middle,false_belief_vs_emotional,80,0.6555307821985961,0.6517239548982767,0.05934267509710943,0.49122341846092055,0.7829284415347478
final_answer_position,23,middle,false_belief_vs_false_rationale,80,0.8571255750782759,0.8686650518213515,0.04434933056352683,0.6611622839489724,0.9212967385482225
final_answer_position,23,middle,false_belief_vs_true_belief,80,0.5791583423329217,0.5706371422696467,0.08906288077162088,0.3604535330989038,0.9108384208238138
final_answer_position,23,middle,false_belief_vs_true_rationale,80,0.5030605918992095,0.5131699430478491,0.08171904062010513,0.2015155565402778,0.7632708865087589
final_answer_position,23,middle,false_rationale_vs_authority,80,0.7465036739390272,0.765937156587807,0.0670762194735036,0.524483818657685,0.8602960556828992
final_answer_position,23,middle,false_rationale_vs_emotional,80,0.7224453739771725,0.7272962527439494,0.05335898398696942,0.5830437245251233,0.8307948557362138
final_answer_position,24,late,authority_vs_distractor,80,0.2524731046823969,0.2409583226430913,0.0875048431932873,0.08572250250191853,0.5223254989330017
final_answer_position,24,late,emotional_vs_authority,80,0.8577692387025655,0.8626856188710672,0.030987218496119677,0.687168218353694,0.9153751869782947
final_answer_position,24,late,emotional_vs_distractor,80,0.2961393207675613,0.2860091801371125,0.07456173789023848,0.12073586731569902,0.47572739203579895
final_answer_position,24,late,false_belief_vs_authority,80,0.7383787659588685,0.7635162378883807,0.09451798837607074,0.43131073916842994,0.8903801166481528
final_answer_position,24,late,false_belief_vs_distractor,80,0.1735480578422372,0.1669808972978988,0.09430038194255744,-0.08383736639795193,0.47427381408234726
final_answer_position,24,late,false_belief_vs_emotional,80,0.6507166380805257,0.648933061413434,0.07262381543758499,0.43039040820126434,0.8304606154964878
final_answer_position,24,late,false_belief_vs_false_rationale,80,0.8624117486078046,0.8713478676236498,0.043738070409324134,0.6515818993030168,0.9282642166766581
final_answer_position,24,late,false_belief_vs_true_belief,80,0.5249001556720346,0.5220595540197814,0.11148645154304548,0.3062050798865256,0.898343881447823
final_answer_position,24,late,false_belief_vs_true_rationale,80,0.4680636227146035,0.4630773847749554,0.10057333169012864,0.20830302908847945,0.7349992730425378
final_answer_position,24,late,false_rationale_vs_authority,80,0.7170457388013225,0.7458265846929747,0.10329842191076946,0.27253271622308994,0.8680588976600259
final_answer_position,24,late,false_rationale_vs_emotional,80,0.709857841874004,0.7250057418517736,0.07383210566967734,0.4911733733823816,0.8620259010774073
final_answer_position,25,late,authority_vs_distractor,80,0.2536146324189404,0.24910723958218042,0.07310165796760978,0.13401260742190355,0.47587418674856563
final_answer_position,25,late,emotional_vs_authority,80,0.8551851803129156,0.857785249324934,0.02767010221145448,0.744701527012674,0.9030945920923052
final_answer_position,25,late,emotional_vs_distractor,80,0.29731463287459375,0.29450578900783764,0.06253292205697673,0.14088400469135326,0.4748293927466987
final_answer_position,25,late,false_belief_vs_authority,80,0.7308628501365532,0.748331361325784,0.08136106913490115,0.5035765892215367,0.8737557146209969
final_answer_position,25,late,false_belief_vs_distractor,80,0.18551398241310152,0.1867145856892489,0.08289298307682548,-0.056356990729260745,0.4633341855819392
final_answer_position,25,late,false_belief_vs_emotional,80,0.639611295097937,0.640450879714139,0.06809033020500399,0.4723273502594663,0.8062294963825336
final_answer_position,25,late,false_belief_vs_false_rationale,80,0.8596008884507661,0.8722057530570857,0.045339326722995364,0.6249154254767254,0.9225895167034045
final_answer_position,25,late,false_belief_vs_true_belief,80,0.5394858203542168,0.5340281324756002,0.09845509565219031,0.35466510862672784,0.8963748165590403
final_answer_position,25,late,false_belief_vs_true_rationale,80,0.48460391787972645,0.48938084264978154,0.08597695212584025,0.26415943456543634,0.7032982602348884
final_answer_position,25,late,false_rationale_vs_authority,80,0.7170004284299434,0.7462741257503318,0.09207666463826629,0.3646794031667611,0.8508245650793131
final_answer_position,25,late,false_rationale_vs_emotional,80,0.7042023536426222,0.7098973497025007,0.06978720931551373,0.5265466758344123,0.8464184293598592
final_answer_position,26,late,authority_vs_distractor,80,0.24073861063144725,0.23657220900316744,0.07767246713379615,0.06654250187290772,0.4768683007602219
final_answer_position,26,late,emotional_vs_authority,80,0.8564143655493298,0.8572408098206302,0.02847737565998252,0.7491544385150883,0.9142216949066777
final_answer_position,26,late,emotional_vs_distractor,80,0.28882383239508636,0.288895666601739,0.06771378783665556,0.09528889503453772,0.4749182164971991
final_answer_position,26,late,false_belief_vs_authority,80,0.7402544106477745,0.7611559559725848,0.08780503609500107,0.45809493415449315,0.8776762557273496
final_answer_position,26,late,false_belief_vs_distractor,80,0.17510565953305662,0.18897857555434833,0.09247847552508832,-0.1316858874978783,0.46679206731185285
final_answer_position,26,late,false_belief_vs_emotional,80,0.651823326777239,0.6573664999903182,0.07025137504389468,0.4447246810809386,0.8080012222780486
final_answer_position,26,late,false_belief_vs_false_rationale,80,0.8681742683079854,0.8816465275426473,0.04485651038564498,0.6359030771128615,0.9298965286921108
final_answer_position,26,late,false_belief_vs_true_belief,80,0.499359383636819,0.5027078587202145,0.11230655758986599,0.2848067030576817,0.8823897529890548
final_answer_position,26,late,false_belief_vs_true_rationale,80,0.4465713382987012,0.469228821000184,0.09837090815579874,0.1846000395507973,0.7068011969642334
final_answer_position,26,late,false_rationale_vs_authority,80,0.7259903941210057,0.7593749135367964,0.09775742244677398,0.3636258500941947,0.8621607485290793
final_answer_position,26,late,false_rationale_vs_emotional,80,0.7137785761342734,0.723864861533315,0.07321122891793268,0.47153165340920167,0.8469963448642281
final_answer_position,27,late,authority_vs_distractor,80,0.24576676964702932,0.24215033743568504,0.07636413035375096,0.05633125426112612,0.45706290050816795
final_answer_position,27,late,emotional_vs_authority,80,0.8550622625882248,0.8577043609270406,0.02938224106032126,0.7493649061258277,0.9131352775931386
final_answer_position,27,late,emotional_vs_distractor,80,0.29024436598974573,0.29436601118155303,0.06758406990531424,0.0801393502429603,0.4643136986539072
final_answer_position,27,late,false_belief_vs_authority,80,0.7380478429407734,0.7579030722213133,0.08884311486229929,0.4040167200515773,0.8764553804153038
final_answer_position,27,late,false_belief_vs_distractor,80,0.17139613438538584,0.17717247216505183,0.09574581304427544,-0.16464135339307123,0.4510628463697863
final_answer_position,27,late,false_belief_vs_emotional,80,0.6498021563143963,0.6576549255678203,0.07286083425240032,0.43298677712000555,0.7975045329340246
final_answer_position,27,late,false_belief_vs_false_rationale,80,0.8705740734890804,0.8841470851039444,0.04465243327874306,0.6305440299036449,0.9312745415172143
final_answer_position,27,late,false_belief_vs_true_belief,80,0.4785462818155449,0.4844814752687816,0.11904940429932577,0.2568591225757242,0.8796149934747075
final_answer_position,27,late,false_belief_vs_true_rationale,80,0.424636651173702,0.44746793648112304,0.10359283770941843,0.16757912569692468,0.6965681324865318
final_answer_position,27,late,false_rationale_vs_authority,80,0.7255985891438136,0.7561023013311097,0.10055024902643048,0.38066196777368555,0.8666393483160733
final_answer_position,27,late,false_rationale_vs_emotional,80,0.7106604003786419,0.7174111015358855,0.07668324380294718,0.43643759160195755,0.8503195629902484
final_answer_position,28,late,authority_vs_distractor,80,0.2500081942627041,0.246064179634637,0.07129325369390688,0.08743030744553158,0.45182643802287914
final_answer_position,28,late,emotional_vs_authority,80,0.8544190278909884,0.8572557288619995,0.030763754822532456,0.7372488167826607,0.9108668238465445
final_answer_position,28,late,emotional_vs_distractor,80,0.304970756207577,0.3033140394260023,0.06476481671222747,0.12334666484030607,0.45927554441038754
final_answer_position,28,late,false_belief_vs_authority,80,0.7359803176415418,0.7528891677626693,0.08806094768221087,0.39345469454303184,0.8750077943606178
final_answer_position,28,late,false_belief_vs_distractor,80,0.18206613860352278,0.18414436675768092,0.08317055808908962,-0.10358329066749264,0.43981989073369504
final_answer_position,28,late,false_belief_vs_emotional,80,0.6435175656077521,0.6473986320393081,0.07546985732220671,0.4289502520322078,0.809783863469316
final_answer_position,28,late,false_belief_vs_false_rationale,80,0.8698203631410826,0.8836180363691644,0.04508678657694256,0.6240921236783555,0.9343823518237473
final_answer_position,28,late,false_belief_vs_true_belief,80,0.4779879830167431,0.47951537478989514,0.1101486201133371,0.2750861613243793,0.8719973965230514
final_answer_position,28,late,false_belief_vs_true_rationale,80,0.42730760813880836,0.4507416848864384,0.09558928080742157,0.19595601192125142,0.687299315432307
final_answer_position,28,late,false_rationale_vs_authority,80,0.7258270827968781,0.7576888651836176,0.10122028984623996,0.38743853676881124,0.8641121833804009
final_answer_position,28,late,false_rationale_vs_emotional,80,0.7093006751621963,0.7176011459271502,0.07889576823577317,0.42491875491478315,0.8519102202951121
final_answer_position,29,late,authority_vs_distractor,80,0.2571983923891291,0.2521932140276507,0.070708886671955,0.10019504634396914,0.46036464691599954
final_answer_position,29,late,emotional_vs_authority,80,0.852775160326626,0.854416645586296,0.03200681352677847,0.7283578326575548,0.9151509360427537
final_answer_position,29,late,emotional_vs_distractor,80,0.3078494830024233,0.31152716886166065,0.06764001952632658,0.10778052475145947,0.482707772215245
final_answer_position,29,late,false_belief_vs_authority,80,0.7205342112639198,0.7434353473574813,0.091986756858679,0.4337481423317894,0.8736890603960121
final_answer_position,29,late,false_belief_vs_distractor,80,0.18255599096715164,0.19232703125839506,0.08164941344553191,-0.09732888324035932,0.4446209523059036
final_answer_position,29,late,false_belief_vs_emotional,80,0.6366541712133368,0.6373914410591704,0.07881448557756822,0.4190504515596644,0.8249272008323566
final_answer_position,29,late,false_belief_vs_false_rationale,80,0.8710976811580868,0.8862187757189676,0.045070850948090976,0.6307828643206762,0.9383575710755372
final_answer_position,29,late,false_belief_vs_true_belief,80,0.46954782605064793,0.46891200893060353,0.10802432618085463,0.27491747552928586,0.8648332415749366
final_answer_position,29,late,false_belief_vs_true_rationale,80,0.4219238678073099,0.440443212328789,0.09356887256351364,0.2089708006093887,0.6649519729218797
final_answer_position,29,late,false_rationale_vs_authority,80,0.7063737714972503,0.7382333225859127,0.10944854333032358,0.3605226945263049,0.8625804660023123
final_answer_position,29,late,false_rationale_vs_emotional,80,0.6956552409322114,0.7024043058725972,0.08716471638317531,0.36301558577040804,0.8500766504080954
final_answer_position,30,late,authority_vs_distractor,80,0.2660654197405793,0.2593755517562089,0.07241280006247684,0.10109645823837934,0.46835131205586145
final_answer_position,30,late,emotional_vs_authority,80,0.8498745720697917,0.8486963590591841,0.03459005767719287,0.7121551987898662,0.9265990400017071
final_answer_position,30,late,emotional_vs_distractor,80,0.31448992996437225,0.31318764160471735,0.07012358410234026,0.11237708890622015,0.506060688448171
final_answer_position,30,late,false_belief_vs_authority,80,0.7055903126065924,0.7252277155647457,0.09819862889841705,0.39408737018250406,0.8697344980946142
final_answer_position,30,late,false_belief_vs_distractor,80,0.1877319685749115,0.194268416078281,0.0842643037580357,-0.0927882912313787,0.45523429576473945
final_answer_position,30,late,false_belief_vs_emotional,80,0.6253485679437923,0.6235521869618577,0.08387520615851249,0.37416161671279025,0.8306317327554857
final_answer_position,30,late,false_belief_vs_false_rationale,80,0.8699764681444864,0.8857674153833184,0.04505758711424943,0.618291309720403,0.9429868503033352
final_answer_position,30,late,false_belief_vs_true_belief,80,0.46614697634839164,0.47157592155800027,0.11551447704059589,0.23172577183855986,0.8626680163904493
final_answer_position,30,late,false_belief_vs_true_rationale,80,0.4177823635922436,0.44350080741636444,0.10170274508776965,0.18257566884539123,0.6689573157732137
final_answer_position,30,late,false_rationale_vs_authority,80,0.6935981387676863,0.7258806784438858,0.11734625787193197,0.3050866651522016,0.8597419352445701
final_answer_position,30,late,false_rationale_vs_emotional,80,0.6839216492821436,0.6890244002037094,0.094496339206167,0.29909960963381443,0.8495231103195607
final_answer_position,31,late,authority_vs_distractor,80,0.2360326489763236,0.23071028735131066,0.07294527248405822,0.07079246848594672,0.4365762406708358
final_answer_position,31,late,emotional_vs_authority,80,0.8466163793889265,0.8471281229390066,0.036109379125324984,0.7090441812396169,0.9412579649457115
final_answer_position,31,late,emotional_vs_distractor,80,0.29300732979432503,0.29347716341167335,0.0664764115236212,0.10542785431511331,0.4664014388611246
final_answer_position,31,late,false_belief_vs_authority,80,0.7017971974743717,0.7232803325826729,0.09888406638688538,0.3747677662574832,0.8608409456421914
final_answer_position,31,late,false_belief_vs_distractor,80,0.17261606275559743,0.17813562000569255,0.0870048760608389,-0.10801859777820647,0.4340682535122513
final_answer_position,31,late,false_belief_vs_emotional,80,0.625752912718324,0.6322137047251708,0.08102936884746964,0.3604001880456691,0.8408347953424692
final_answer_position,31,late,false_belief_vs_false_rationale,80,0.8664645747564104,0.8802882888791758,0.04522210164661163,0.6353002740262992,0.937189214652785
final_answer_position,31,late,false_belief_vs_true_belief,80,0.46939540844951333,0.47692778927932095,0.11437184902186978,0.23881276428857068,0.8588882450771602
final_answer_position,31,late,false_belief_vs_true_rationale,80,0.42022447356325765,0.4465877291324297,0.10236452872138635,0.17619836053537707,0.6696519756676331
final_answer_position,31,late,false_rationale_vs_authority,80,0.6877717876277776,0.7221106719525237,0.11751079489341876,0.28766244330942603,0.8505564107901157
final_answer_position,31,late,false_rationale_vs_emotional,80,0.6813239769260759,0.6853973793778939,0.09325692217184471,0.28578541286631554,0.8590732081524204
final_answer_position,32,late,authority_vs_distractor,80,0.24171115437025376,0.23615994394000106,0.07234058275608389,0.06465458572360594,0.4203671508367572
final_answer_position,32,late,emotional_vs_authority,80,0.8443832045160644,0.8458127142043426,0.034713066742926756,0.7230649757698429,0.9362960699445482
final_answer_position,32,late,emotional_vs_distractor,80,0.2962277319429824,0.2955642681724433,0.06972685343170516,0.08494655711745655,0.46446239476312146
final_answer_position,32,late,false_belief_vs_authority,80,0.705257005600825,0.7225673162985018,0.0921513896848094,0.4048346269437698,0.8618519983368348
final_answer_position,32,late,false_belief_vs_distractor,80,0.1706172983777839,0.16836187712422612,0.07458807667238192,-0.07968683237798058,0.4077401796393746
final_answer_position,32,late,false_belief_vs_emotional,80,0.6288061873541305,0.6284979266444874,0.08001996988303775,0.3977066712725357,0.8298870250762331
final_answer_position,32,late,false_belief_vs_false_rationale,80,0.8656060579084588,0.8787518432614794,0.04351963867764224,0.6237273186684587,0.9360773715495783
final_answer_position,32,late,false_belief_vs_true_belief,80,0.47046874030667907,0.4713221041751916,0.10743569137956412,0.2552418707476443,0.8540115805960473
final_answer_position,32,late,false_belief_vs_true_rationale,80,0.4229282737839708,0.4365796073113154,0.09492989828965336,0.19695658403770883,0.6693617153721272
final_answer_position,32,late,false_rationale_vs_authority,80,0.684130395837115,0.7161566108048556,0.11413178823400769,0.29792452980892514,0.8503261339584117
final_answer_position,32,late,false_rationale_vs_emotional,80,0.6807250051544438,0.6834648846720898,0.0902401050406488,0.30136398820427956,0.8523351138386024
final_answer_position,33,late,authority_vs_distractor,80,0.25305181359070583,0.25109789233659474,0.07580356705117998,0.07202436176280069,0.40863727398197897
final_answer_position,33,late,emotional_vs_authority,80,0.840404431281254,0.8416492606926664,0.032884151609137255,0.71553411661974,0.9297999180926142
final_answer_position,33,late,emotional_vs_distractor,80,0.3027398266129016,0.3030701337798365,0.06939085320295499,0.07947318574905232,0.4697062573471251
final_answer_position,33,late,false_belief_vs_authority,80,0.7113746159448898,0.7307460859280484,0.08682481717066602,0.41339649253868926,0.8574915924702845
final_answer_position,33,late,false_belief_vs_distractor,80,0.2014437165523751,0.20147678413643993,0.07401112553033934,-0.03914473565988681,0.3894069761023175
final_answer_position,33,late,false_belief_vs_emotional,80,0.6404954297782716,0.6468540757491613,0.07094755658701452,0.4232889841151946,0.8214644406736498
final_answer_position,33,late,false_belief_vs_false_rationale,80,0.8683834523483386,0.8811758778073561,0.04053748687573078,0.6645211115428264,0.9342452575931157
final_answer_position,33,late,false_belief_vs_true_belief,80,0.48326329925220535,0.4778615375815142,0.10480089837412218,0.27235660420149027,0.856125123270919
final_answer_position,33,late,false_belief_vs_true_rationale,80,0.4370456856605574,0.44537653408882905,0.09434582524305067,0.2138739430357161,0.6573674724194982
final_answer_position,33,late,false_rationale_vs_authority,80,0.6853486918436847,0.7148697647853969,0.11129831191931429,0.2971671029288949,0.8423237402045273
final_answer_position,33,late,false_rationale_vs_emotional,80,0.6851191618383171,0.6910903258440102,0.08485810141577395,0.31031660840882935,0.8376802857115762
final_answer_position,34,late,authority_vs_distractor,80,0.29335201887735,0.2952226419433938,0.08433751363197414,0.07581355656741753,0.4638922768104464
final_answer_position,34,late,emotional_vs_authority,80,0.8309555452309525,0.8327142505276603,0.0328149732407605,0.6907128949210882,0.9107242651283514
final_answer_position,34,late,emotional_vs_distractor,80,0.34826297785101185,0.34510686376584354,0.0780484876558256,0.09673004191654558,0.5338508005294561
final_answer_position,34,late,false_belief_vs_authority,80,0.7107411264037907,0.7252023398080774,0.08111992488564991,0.4398170747782774,0.8510405780830693
final_answer_position,34,late,false_belief_vs_distractor,80,0.2517887904647936,0.25274232097594773,0.07386218035680046,0.07154711321920779,0.39427765199488585
final_answer_position,34,late,false_belief_vs_emotional,80,0.6460954509774555,0.6497567717630045,0.06819923126518584,0.4584174103291424,0.8065937216769727
final_answer_position,34,late,false_belief_vs_false_rationale,80,0.8654184396846014,0.8741693693562929,0.038900598124595044,0.680485439652394,0.9240092832970902
final_answer_position,34,late,false_belief_vs_true_belief,80,0.5321828596468245,0.5254844048331976,0.09771292498540562,0.2769672853182237,0.860966455137637
final_answer_position,34,late,false_belief_vs_true_rationale,80,0.47719060019649245,0.4809955465621472,0.08856429218778053,0.26225960525869896,0.6887711990519787
final_answer_position,34,late,false_rationale_vs_authority,80,0.6858188813289774,0.7124854953546002,0.1112352903690551,0.28536342902874523,0.8488657470195391
final_answer_position,34,late,false_rationale_vs_emotional,80,0.6934760974180312,0.701763056652985,0.08143921868796115,0.3126831740305144,0.8239744358474594
final_answer_position,35,late,authority_vs_distractor,80,0.3021166749661407,0.2960007944668529,0.09923285899441732,0.0714889166756886,0.5300591629013065
final_answer_position,35,late,emotional_vs_authority,80,0.7893118749183433,0.7992029806603445,0.0538530588557618,0.6581006689557249,0.8695636042649446
final_answer_position,35,late,emotional_vs_distractor,80,0.3049025766449981,0.3000047576557819,0.0921272235487639,0.08141089218809242,0.48928005658177054
final_answer_position,35,late,false_belief_vs_authority,80,0.6658126264695883,0.6945801215754858,0.12026194068323866,0.2625458333955747,0.8671975587665284
final_answer_position,35,late,false_belief_vs_distractor,80,0.17522155697148795,0.18928845594447685,0.12235862012057526,-0.11290538943818051,0.4460760057370813
final_answer_position,35,late,false_belief_vs_emotional,80,0.6574219223436197,0.6648631643962131,0.07816736721297626,0.4463190591361847,0.7861580362666734
final_answer_position,35,late,false_belief_vs_false_rationale,80,0.8502796050767365,0.8536365661752789,0.04211520385164827,0.7483822773130351,0.9286602433154744
final_answer_position,35,late,false_belief_vs_true_belief,80,0.61812755204157,0.6168028452178809,0.0865530433522753,0.32965506711112924,0.8616169124495308
final_answer_position,35,late,false_belief_vs_true_rationale,80,0.550324385597476,0.5616308840849338,0.08519506778934924,0.2856586496871527,0.740470569067772
final_answer_position,35,late,false_rationale_vs_authority,80,0.6741791124782297,0.7053304181541401,0.12643185798932735,0.22296450484600258,0.8421372958648266
final_answer_position,35,late,false_rationale_vs_emotional,80,0.7059846024040473,0.7151270097941533,0.06956530042282888,0.3349849929076133,0.8304435784278335
