anchor,layer_index,delta_type,n_families,mean_delta_norm,median_delta_norm,min_delta_norm,max_delta_norm,std_delta_norm
end_of_answer_choices,0,authority_pressure_delta,80,0.0,0.0,0.0,0.0,0.0
end_of_answer_choices,0,distractor_delta,80,0.0,0.0,0.0,0.0,0.0
end_of_answer_choices,0,emotional_pressure_delta,80,0.0,0.0,0.0,0.0,0.0
end_of_answer_choices,0,false_belief_pressure_delta,80,0.0,0.0,0.0,0.0,0.0
end_of_answer_choices,0,false_rationale_pressure_delta,80,0.0,0.0,0.0,0.0,0.0
end_of_answer_choices,0,true_belief_pressure_delta,80,0.0,0.0,0.0,0.0,0.0
end_of_answer_choices,0,true_rationale_pressure_delta,80,0.0,0.0,0.0,0.0,0.0
end_of_answer_choices,1,authority_pressure_delta,80,0.0,0.0,0.0,0.0,0.0
end_of_answer_choices,1,distractor_delta,80,0.0,0.0,0.0,0.0,0.0
end_of_answer_choices,1,emotional_pressure_delta,80,0.0,0.0,0.0,0.0,0.0
end_of_answer_choices,1,false_belief_pressure_delta,80,0.0,0.0,0.0,0.0,0.0
end_of_answer_choices,1,false_rationale_pressure_delta,80,0.0,0.0,0.0,0.0,0.0
end_of_answer_choices,1,true_belief_pressure_delta,80,0.0,0.0,0.0,0.0,0.0
end_of_answer_choices,1,true_rationale_pressure_delta,80,0.0,0.0,0.0,0.0,0.0
end_of_answer_choices,2,authority_pressure_delta,80,0.0,0.0,0.0,0.0,0.0
end_of_answer_choices,2,distractor_delta,80,0.0,0.0,0.0,0.0,0.0
end_of_answer_choices,2,emotional_pressure_delta,80,0.0,0.0,0.0,0.0,0.0
end_of_answer_choices,2,false_belief_pressure_delta,80,0.0,0.0,0.0,0.0,0.0
end_of_answer_choices,2,false_rationale_pressure_delta,80,0.0,0.0,0.0,0.0,0.0
end_of_answer_choices,2,true_belief_pressure_delta,80,0.0,0.0,0.0,0.0,0.0
end_of_answer_choices,2,true_rationale_pressure_delta,80,0.0,0.0,0.0,0.0,0.0
end_of_answer_choices,3,authority_pressure_delta,80,0.0,0.0,0.0,0.0,0.0
end_of_answer_choices,3,distractor_delta,80,0.0,0.0,0.0,0.0,0.0
end_of_answer_choices,3,emotional_pressure_delta,80,0.0,0.0,0.0,0.0,0.0
end_of_answer_choices,3,false_belief_pressure_delta,80,0.0,0.0,0.0,0.0,0.0
end_of_answer_choices,3,false_rationale_pressure_delta,80,0.0,0.0,0.0,0.0,0.0
end_of_answer_choices,3,true_belief_pressure_delta,80,0.0,0.0,0.0,0.0,0.0
end_of_answer_choices,3,true_rationale_pressure_delta,80,0.0,0.0,0.0,0.0,0.0
end_of_answer_choices,4,authority_pressure_delta,80,0.0,0.0,0.0,0.0,0.0
end_of_answer_choices,4,distractor_delta,80,0.0,0.0,0.0,0.0,0.0
end_of_answer_choices,4,emotional_pressure_delta,80,0.0,0.0,0.0,0.0,0.0
end_of_answer_choices,4,false_belief_pressure_delta,80,0.0,0.0,0.0,0.0,0.0
end_of_answer_choices,4,false_rationale_pressure_delta,80,0.0,0.0,0.0,0.0,0.0
end_of_answer_choices,4,true_belief_pressure_delta,80,0.0,0.0,0.0,0.0,0.0
end_of_answer_choices,4,true_rationale_pressure_delta,80,0.0,0.0,0.0,0.0,0.0
end_of_answer_choices,5,authority_pressure_delta,80,0.0,0.0,0.0,0.0,0.0
end_of_answer_choices,5,distractor_delta,80,0.0,0.0,0.0,0.0,0.0
end_of_answer_choices,5,emotional_pressure_delta,80,0.0,0.0,0.0,0.0,0.0
end_of_answer_choices,5,false_belief_pressure_delta,80,0.0,0.0,0.0,0.0,0.0
end_of_answer_choices,5,false_rationale_pressure_delta,80,0.0,0.0,0.0,0.0,0.0
end_of_answer_choices,5,true_belief_pressure_delta,80,0.0,0.0,0.0,0.0,0.0
end_of_answer_choices,5,true_rationale_pressure_delta,80,0.0,0.0,0.0,0.0,0.0
end_of_answer_choices,6,authority_pressure_delta,80,0.0,0.0,0.0,0.0,0.0
end_of_answer_choices,6,distractor_delta,80,0.0,0.0,0.0,0.0,0.0
end_of_answer_choices,6,emotional_pressure_delta,80,0.0,0.0,0.0,0.0,0.0
end_of_answer_choices,6,false_belief_pressure_delta,80,0.0,0.0,0.0,0.0,0.0
end_of_answer_choices,6,false_rationale_pressure_delta,80,0.0,0.0,0.0,0.0,0.0
end_of_answer_choices,6,true_belief_pressure_delta,80,0.0,0.0,0.0,0.0,0.0
end_of_answer_choices,6,true_rationale_pressure_delta,80,0.0,0.0,0.0,0.0,0.0
end_of_answer_choices,7,authority_pressure_delta,80,0.0,0.0,0.0,0.0,0.0
end_of_answer_choices,7,distractor_delta,80,0.0,0.0,0.0,0.0,0.0
end_of_answer_choices,7,emotional_pressure_delta,80,0.0,0.0,0.0,0.0,0.0
end_of_answer_choices,7,false_belief_pressure_delta,80,0.0,0.0,0.0,0.0,0.0
end_of_answer_choices,7,false_rationale_pressure_delta,80,0.0,0.0,0.0,0.0,0.0
end_of_answer_choices,7,true_belief_pressure_delta,80,0.0,0.0,0.0,0.0,0.0
end_of_answer_choices,7,true_rationale_pressure_delta,80,0.0,0.0,0.0,0.0,0.0
end_of_answer_choices,8,authority_pressure_delta,80,0.0,0.0,0.0,0.0,0.0
end_of_answer_choices,8,distractor_delta,80,0.0,0.0,0.0,0.0,0.0
end_of_answer_choices,8,emotional_pressure_delta,80,0.0,0.0,0.0,0.0,0.0
end_of_answer_choices,8,false_belief_pressure_delta,80,0.0,0.0,0.0,0.0,0.0
end_of_answer_choices,8,false_rationale_pressure_delta,80,0.0,0.0,0.0,0.0,0.0
end_of_answer_choices,8,true_belief_pressure_delta,80,0.0,0.0,0.0,0.0,0.0
end_of_answer_choices,8,true_rationale_pressure_delta,80,0.0,0.0,0.0,0.0,0.0
end_of_answer_choices,9,authority_pressure_delta,80,0.0,0.0,0.0,0.0,0.0
end_of_answer_choices,9,distractor_delta,80,0.0,0.0,0.0,0.0,0.0
end_of_answer_choices,9,emotional_pressure_delta,80,0.0,0.0,0.0,0.0,0.0
end_of_answer_choices,9,false_belief_pressure_delta,80,0.0,0.0,0.0,0.0,0.0
end_of_answer_choices,9,false_rationale_pressure_delta,80,0.0,0.0,0.0,0.0,0.0
end_of_answer_choices,9,true_belief_pressure_delta,80,0.0,0.0,0.0,0.0,0.0
end_of_answer_choices,9,true_rationale_pressure_delta,80,0.0,0.0,0.0,0.0,0.0
end_of_answer_choices,10,authority_pressure_delta,80,0.0,0.0,0.0,0.0,0.0
end_of_answer_choices,10,distractor_delta,80,0.0,0.0,0.0,0.0,0.0
end_of_answer_choices,10,emotional_pressure_delta,80,0.0,0.0,0.0,0.0,0.0
end_of_answer_choices,10,false_belief_pressure_delta,80,0.0,0.0,0.0,0.0,0.0
end_of_answer_choices,10,false_rationale_pressure_delta,80,0.0,0.0,0.0,0.0,0.0
end_of_answer_choices,10,true_belief_pressure_delta,80,0.0,0.0,0.0,0.0,0.0
end_of_answer_choices,10,true_rationale_pressure_delta,80,0.0,0.0,0.0,0.0,0.0
end_of_answer_choices,11,authority_pressure_delta,80,0.0,0.0,0.0,0.0,0.0
end_of_answer_choices,11,distractor_delta,80,0.0,0.0,0.0,0.0,0.0
end_of_answer_choices,11,emotional_pressure_delta,80,0.0,0.0,0.0,0.0,0.0
end_of_answer_choices,11,false_belief_pressure_delta,80,0.0,0.0,0.0,0.0,0.0
end_of_answer_choices,11,false_rationale_pressure_delta,80,0.0,0.0,0.0,0.0,0.0
end_of_answer_choices,11,true_belief_pressure_delta,80,0.0,0.0,0.0,0.0,0.0
end_of_answer_choices,11,true_rationale_pressure_delta,80,0.0,0.0,0.0,0.0,0.0
end_of_answer_choices,12,authority_pressure_delta,80,0.0,0.0,0.0,0.0,0.0
end_of_answer_choices,12,distractor_delta,80,0.0,0.0,0.0,0.0,0.0
end_of_answer_choices,12,emotional_pressure_delta,80,0.0,0.0,0.0,0.0,0.0
end_of_answer_choices,12,false_belief_pressure_delta,80,0.0,0.0,0.0,0.0,0.0
end_of_answer_choices,12,false_rationale_pressure_delta,80,0.0,0.0,0.0,0.0,0.0
end_of_answer_choices,12,true_belief_pressure_delta,80,0.0,0.0,0.0,0.0,0.0
end_of_answer_choices,12,true_rationale_pressure_delta,80,0.0,0.0,0.0,0.0,0.0
end_of_answer_choices,13,authority_pressure_delta,80,0.0,0.0,0.0,0.0,0.0
end_of_answer_choices,13,distractor_delta,80,0.0,0.0,0.0,0.0,0.0
end_of_answer_choices,13,emotional_pressure_delta,80,0.0,0.0,0.0,0.0,0.0
end_of_answer_choices,13,false_belief_pressure_delta,80,0.0,0.0,0.0,0.0,0.0
end_of_answer_choices,13,false_rationale_pressure_delta,80,0.0,0.0,0.0,0.0,0.0
end_of_answer_choices,13,true_belief_pressure_delta,80,0.0,0.0,0.0,0.0,0.0
end_of_answer_choices,13,true_rationale_pressure_delta,80,0.0,0.0,0.0,0.0,0.0
end_of_answer_choices,14,authority_pressure_delta,80,0.0,0.0,0.0,0.0,0.0
end_of_answer_choices,14,distractor_delta,80,0.0,0.0,0.0,0.0,0.0
end_of_answer_choices,14,emotional_pressure_delta,80,0.0,0.0,0.0,0.0,0.0
end_of_answer_choices,14,false_belief_pressure_delta,80,0.0,0.0,0.0,0.0,0.0
end_of_answer_choices,14,false_rationale_pressure_delta,80,0.0,0.0,0.0,0.0,0.0
end_of_answer_choices,14,true_belief_pressure_delta,80,0.0,0.0,0.0,0.0,0.0
end_of_answer_choices,14,true_rationale_pressure_delta,80,0.0,0.0,0.0,0.0,0.0
end_of_answer_choices,15,authority_pressure_delta,80,0.0,0.0,0.0,0.0,0.0
end_of_answer_choices,15,distractor_delta,80,0.0,0.0,0.0,0.0,0.0
end_of_answer_choices,15,emotional_pressure_delta,80,0.0,0.0,0.0,0.0,0.0
end_of_answer_choices,15,false_belief_pressure_delta,80,0.0,0.0,0.0,0.0,0.0
end_of_answer_choices,15,false_rationale_pressure_delta,80,0.0,0.0,0.0,0.0,0.0
end_of_answer_choices,15,true_belief_pressure_delta,80,0.0,0.0,0.0,0.0,0.0
end_of_answer_choices,15,true_rationale_pressure_delta,80,0.0,0.0,0.0,0.0,0.0
end_of_answer_choices,16,authority_pressure_delta,80,0.0,0.0,0.0,0.0,0.0
end_of_answer_choices,16,distractor_delta,80,0.0,0.0,0.0,0.0,0.0
end_of_answer_choices,16,emotional_pressure_delta,80,0.0,0.0,0.0,0.0,0.0
end_of_answer_choices,16,false_belief_pressure_delta,80,0.0,0.0,0.0,0.0,0.0
end_of_answer_choices,16,false_rationale_pressure_delta,80,0.0,0.0,0.0,0.0,0.0
end_of_answer_choices,16,true_belief_pressure_delta,80,0.0,0.0,0.0,0.0,0.0
end_of_answer_choices,16,true_rationale_pressure_delta,80,0.0,0.0,0.0,0.0,0.0
end_of_answer_choices,17,authority_pressure_delta,80,0.0,0.0,0.0,0.0,0.0
end_of_answer_choices,17,distractor_delta,80,0.0,0.0,0.0,0.0,0.0
end_of_answer_choices,17,emotional_pressure_delta,80,0.0,0.0,0.0,0.0,0.0
end_of_answer_choices,17,false_belief_pressure_delta,80,0.0,0.0,0.0,0.0,0.0
end_of_answer_choices,17,false_rationale_pressure_delta,80,0.0,0.0,0.0,0.0,0.0
end_of_answer_choices,17,true_belief_pressure_delta,80,0.0,0.0,0.0,0.0,0.0
end_of_answer_choices,17,true_rationale_pressure_delta,80,0.0,0.0,0.0,0.0,0.0
end_of_answer_choices,18,authority_pressure_delta,80,0.0,0.0,0.0,0.0,0.0
end_of_answer_choices,18,distractor_delta,80,0.0,0.0,0.0,0.0,0.0
end_of_answer_choices,18,emotional_pressure_delta,80,0.0,0.0,0.0,0.0,0.0
end_of_answer_choices,18,false_belief_pressure_delta,80,0.0,0.0,0.0,0.0,0.0
end_of_answer_choices,18,false_rationale_pressure_delta,80,0.0,0.0,0.0,0.0,0.0
end_of_answer_choices,18,true_belief_pressure_delta,80,0.0,0.0,0.0,0.0,0.0
end_of_answer_choices,18,true_rationale_pressure_delta,80,0.0,0.0,0.0,0.0,0.0
end_of_answer_choices,19,authority_pressure_delta,80,0.0,0.0,0.0,0.0,0.0
end_of_answer_choices,19,distractor_delta,80,0.0,0.0,0.0,0.0,0.0
end_of_answer_choices,19,emotional_pressure_delta,80,0.0,0.0,0.0,0.0,0.0
end_of_answer_choices,19,false_belief_pressure_delta,80,0.0,0.0,0.0,0.0,0.0
end_of_answer_choices,19,false_rationale_pressure_delta,80,0.0,0.0,0.0,0.0,0.0
end_of_answer_choices,19,true_belief_pressure_delta,80,0.0,0.0,0.0,0.0,0.0
end_of_answer_choices,19,true_rationale_pressure_delta,80,0.0,0.0,0.0,0.0,0.0
end_of_answer_choices,20,authority_pressure_delta,80,0.0,0.0,0.0,0.0,0.0
end_of_answer_choices,20,distractor_delta,80,0.0,0.0,0.0,0.0,0.0
end_of_answer_choices,20,emotional_pressure_delta,80,0.0,0.0,0.0,0.0,0.0
end_of_answer_choices,20,false_belief_pressure_delta,80,0.0,0.0,0.0,0.0,0.0
end_of_answer_choices,20,false_rationale_pressure_delta,80,0.0,0.0,0.0,0.0,0.0
end_of_answer_choices,20,true_belief_pressure_delta,80,0.0,0.0,0.0,0.0,0.0
end_of_answer_choices,20,true_rationale_pressure_delta,80,0.0,0.0,0.0,0.0,0.0
end_of_answer_choices,21,authority_pressure_delta,80,0.0,0.0,0.0,0.0,0.0
end_of_answer_choices,21,distractor_delta,80,0.0,0.0,0.0,0.0,0.0
end_of_answer_choices,21,emotional_pressure_delta,80,0.0,0.0,0.0,0.0,0.0
end_of_answer_choices,21,false_belief_pressure_delta,80,0.0,0.0,0.0,0.0,0.0
end_of_answer_choices,21,false_rationale_pressure_delta,80,0.0,0.0,0.0,0.0,0.0
end_of_answer_choices,21,true_belief_pressure_delta,80,0.0,0.0,0.0,0.0,0.0
end_of_answer_choices,21,true_rationale_pressure_delta,80,0.0,0.0,0.0,0.0,0.0
end_of_answer_choices,22,authority_pressure_delta,80,0.0,0.0,0.0,0.0,0.0
end_of_answer_choices,22,distractor_delta,80,0.0,0.0,0.0,0.0,0.0
end_of_answer_choices,22,emotional_pressure_delta,80,0.0,0.0,0.0,0.0,0.0
end_of_answer_choices,22,false_belief_pressure_delta,80,0.0,0.0,0.0,0.0,0.0
end_of_answer_choices,22,false_rationale_pressure_delta,80,0.0,0.0,0.0,0.0,0.0
end_of_answer_choices,22,true_belief_pressure_delta,80,0.0,0.0,0.0,0.0,0.0
end_of_answer_choices,22,true_rationale_pressure_delta,80,0.0,0.0,0.0,0.0,0.0
end_of_answer_choices,23,authority_pressure_delta,80,0.0,0.0,0.0,0.0,0.0
end_of_answer_choices,23,distractor_delta,80,0.0,0.0,0.0,0.0,0.0
end_of_answer_choices,23,emotional_pressure_delta,80,0.0,0.0,0.0,0.0,0.0
end_of_answer_choices,23,false_belief_pressure_delta,80,0.0,0.0,0.0,0.0,0.0
end_of_answer_choices,23,false_rationale_pressure_delta,80,0.0,0.0,0.0,0.0,0.0
end_of_answer_choices,23,true_belief_pressure_delta,80,0.0,0.0,0.0,0.0,0.0
end_of_answer_choices,23,true_rationale_pressure_delta,80,0.0,0.0,0.0,0.0,0.0
end_of_answer_choices,24,authority_pressure_delta,80,0.0,0.0,0.0,0.0,0.0
end_of_answer_choices,24,distractor_delta,80,0.0,0.0,0.0,0.0,0.0
end_of_answer_choices,24,emotional_pressure_delta,80,0.0,0.0,0.0,0.0,0.0
end_of_answer_choices,24,false_belief_pressure_delta,80,0.0,0.0,0.0,0.0,0.0
end_of_answer_choices,24,false_rationale_pressure_delta,80,0.0,0.0,0.0,0.0,0.0
end_of_answer_choices,24,true_belief_pressure_delta,80,0.0,0.0,0.0,0.0,0.0
end_of_answer_choices,24,true_rationale_pressure_delta,80,0.0,0.0,0.0,0.0,0.0
end_of_answer_choices,25,authority_pressure_delta,80,0.0,0.0,0.0,0.0,0.0
end_of_answer_choices,25,distractor_delta,80,0.0,0.0,0.0,0.0,0.0
end_of_answer_choices,25,emotional_pressure_delta,80,0.0,0.0,0.0,0.0,0.0
end_of_answer_choices,25,false_belief_pressure_delta,80,0.0,0.0,0.0,0.0,0.0
end_of_answer_choices,25,false_rationale_pressure_delta,80,0.0,0.0,0.0,0.0,0.0
end_of_answer_choices,25,true_belief_pressure_delta,80,0.0,0.0,0.0,0.0,0.0
end_of_answer_choices,25,true_rationale_pressure_delta,80,0.0,0.0,0.0,0.0,0.0
end_of_answer_choices,26,authority_pressure_delta,80,0.0,0.0,0.0,0.0,0.0
end_of_answer_choices,26,distractor_delta,80,0.0,0.0,0.0,0.0,0.0
end_of_answer_choices,26,emotional_pressure_delta,80,0.0,0.0,0.0,0.0,0.0
end_of_answer_choices,26,false_belief_pressure_delta,80,0.0,0.0,0.0,0.0,0.0
end_of_answer_choices,26,false_rationale_pressure_delta,80,0.0,0.0,0.0,0.0,0.0
end_of_answer_choices,26,true_belief_pressure_delta,80,0.0,0.0,0.0,0.0,0.0
end_of_answer_choices,26,true_rationale_pressure_delta,80,0.0,0.0,0.0,0.0,0.0
end_of_answer_choices,27,authority_pressure_delta,80,0.0,0.0,0.0,0.0,0.0
end_of_answer_choices,27,distractor_delta,80,0.0,0.0,0.0,0.0,0.0
end_of_answer_choices,27,emotional_pressure_delta,80,0.0,0.0,0.0,0.0,0.0
end_of_answer_choices,27,false_belief_pressure_delta,80,0.0,0.0,0.0,0.0,0.0
end_of_answer_choices,27,false_rationale_pressure_delta,80,0.0,0.0,0.0,0.0,0.0
end_of_answer_choices,27,true_belief_pressure_delta,80,0.0,0.0,0.0,0.0,0.0
end_of_answer_choices,27,true_rationale_pressure_delta,80,0.0,0.0,0.0,0.0,0.0
end_of_answer_choices,28,authority_pressure_delta,80,0.0,0.0,0.0,0.0,0.0
end_of_answer_choices,28,distractor_delta,80,0.0,0.0,0.0,0.0,0.0
end_of_answer_choices,28,emotional_pressure_delta,80,0.0,0.0,0.0,0.0,0.0
end_of_answer_choices,28,false_belief_pressure_delta,80,0.0,0.0,0.0,0.0,0.0
end_of_answer_choices,28,false_rationale_pressure_delta,80,0.0,0.0,0.0,0.0,0.0
end_of_answer_choices,28,true_belief_pressure_delta,80,0.0,0.0,0.0,0.0,0.0
end_of_answer_choices,28,true_rationale_pressure_delta,80,0.0,0.0,0.0,0.0,0.0
end_of_answer_choices,29,authority_pressure_delta,80,0.0,0.0,0.0,0.0,0.0
end_of_answer_choices,29,distractor_delta,80,0.0,0.0,0.0,0.0,0.0
end_of_answer_choices,29,emotional_pressure_delta,80,0.0,0.0,0.0,0.0,0.0
end_of_answer_choices,29,false_belief_pressure_delta,80,0.0,0.0,0.0,0.0,0.0
end_of_answer_choices,29,false_rationale_pressure_delta,80,0.0,0.0,0.0,0.0,0.0
end_of_answer_choices,29,true_belief_pressure_delta,80,0.0,0.0,0.0,0.0,0.0
end_of_answer_choices,29,true_rationale_pressure_delta,80,0.0,0.0,0.0,0.0,0.0
end_of_answer_choices,30,authority_pressure_delta,80,0.0,0.0,0.0,0.0,0.0
end_of_answer_choices,30,distractor_delta,80,0.0,0.0,0.0,0.0,0.0
end_of_answer_choices,30,emotional_pressure_delta,80,0.0,0.0,0.0,0.0,0.0
end_of_answer_choices,30,false_belief_pressure_delta,80,0.0,0.0,0.0,0.0,0.0
end_of_answer_choices,30,false_rationale_pressure_delta,80,0.0,0.0,0.0,0.0,0.0
end_of_answer_choices,30,true_belief_pressure_delta,80,0.0,0.0,0.0,0.0,0.0
end_of_answer_choices,30,true_rationale_pressure_delta,80,0.0,0.0,0.0,0.0,0.0
end_of_answer_choices,31,authority_pressure_delta,80,0.0,0.0,0.0,0.0,0.0
end_of_answer_choices,31,distractor_delta,80,0.0,0.0,0.0,0.0,0.0
end_of_answer_choices,31,emotional_pressure_delta,80,0.0,0.0,0.0,0.0,0.0
end_of_answer_choices,31,false_belief_pressure_delta,80,0.0,0.0,0.0,0.0,0.0
end_of_answer_choices,31,false_rationale_pressure_delta,80,0.0,0.0,0.0,0.0,0.0
end_of_answer_choices,31,true_belief_pressure_delta,80,0.0,0.0,0.0,0.0,0.0
end_of_answer_choices,31,true_rationale_pressure_delta,80,0.0,0.0,0.0,0.0,0.0
end_of_answer_choices,32,authority_pressure_delta,80,0.0,0.0,0.0,0.0,0.0
end_of_answer_choices,32,distractor_delta,80,0.0,0.0,0.0,0.0,0.0
end_of_answer_choices,32,emotional_pressure_delta,80,0.0,0.0,0.0,0.0,0.0
end_of_answer_choices,32,false_belief_pressure_delta,80,0.0,0.0,0.0,0.0,0.0
end_of_answer_choices,32,false_rationale_pressure_delta,80,0.0,0.0,0.0,0.0,0.0
end_of_answer_choices,32,true_belief_pressure_delta,80,0.0,0.0,0.0,0.0,0.0
end_of_answer_choices,32,true_rationale_pressure_delta,80,0.0,0.0,0.0,0.0,0.0
end_of_answer_choices,33,authority_pressure_delta,80,0.0,0.0,0.0,0.0,0.0
end_of_answer_choices,33,distractor_delta,80,0.0,0.0,0.0,0.0,0.0
end_of_answer_choices,33,emotional_pressure_delta,80,0.0,0.0,0.0,0.0,0.0
end_of_answer_choices,33,false_belief_pressure_delta,80,0.0,0.0,0.0,0.0,0.0
end_of_answer_choices,33,false_rationale_pressure_delta,80,0.0,0.0,0.0,0.0,0.0
end_of_answer_choices,33,true_belief_pressure_delta,80,0.0,0.0,0.0,0.0,0.0
end_of_answer_choices,33,true_rationale_pressure_delta,80,0.0,0.0,0.0,0.0,0.0
end_of_answer_choices,34,authority_pressure_delta,80,0.0,0.0,0.0,0.0,0.0
end_of_answer_choices,34,distractor_delta,80,0.0,0.0,0.0,0.0,0.0
end_of_answer_choices,34,emotional_pressure_delta,80,0.0,0.0,0.0,0.0,0.0
end_of_answer_choices,34,false_belief_pressure_delta,80,0.0,0.0,0.0,0.0,0.0
end_of_answer_choices,34,false_rationale_pressure_delta,80,0.0,0.0,0.0,0.0,0.0
end_of_answer_choices,34,true_belief_pressure_delta,80,0.0,0.0,0.0,0.0,0.0
end_of_answer_choices,34,true_rationale_pressure_delta,80,0.0,0.0,0.0,0.0,0.0
end_of_answer_choices,35,authority_pressure_delta,80,0.0,0.0,0.0,0.0,0.0
end_of_answer_choices,35,distractor_delta,80,0.0,0.0,0.0,0.0,0.0
end_of_answer_choices,35,emotional_pressure_delta,80,0.0,0.0,0.0,0.0,0.0
end_of_answer_choices,35,false_belief_pressure_delta,80,0.0,0.0,0.0,0.0,0.0
end_of_answer_choices,35,false_rationale_pressure_delta,80,0.0,0.0,0.0,0.0,0.0
end_of_answer_choices,35,true_belief_pressure_delta,80,0.0,0.0,0.0,0.0,0.0
end_of_answer_choices,35,true_rationale_pressure_delta,80,0.0,0.0,0.0,0.0,0.0
end_of_evidence_block,0,authority_pressure_delta,80,0.0,0.0,0.0,0.0,0.0
end_of_evidence_block,0,distractor_delta,80,0.0,0.0,0.0,0.0,0.0
end_of_evidence_block,0,emotional_pressure_delta,80,0.0,0.0,0.0,0.0,0.0
end_of_evidence_block,0,false_belief_pressure_delta,80,0.0,0.0,0.0,0.0,0.0
end_of_evidence_block,0,false_rationale_pressure_delta,80,0.0,0.0,0.0,0.0,0.0
end_of_evidence_block,0,true_belief_pressure_delta,80,0.0,0.0,0.0,0.0,0.0
end_of_evidence_block,0,true_rationale_pressure_delta,80,0.0,0.0,0.0,0.0,0.0
end_of_evidence_block,1,authority_pressure_delta,80,0.0,0.0,0.0,0.0,0.0
end_of_evidence_block,1,distractor_delta,80,0.0,0.0,0.0,0.0,0.0
end_of_evidence_block,1,emotional_pressure_delta,80,0.0,0.0,0.0,0.0,0.0
end_of_evidence_block,1,false_belief_pressure_delta,80,0.0,0.0,0.0,0.0,0.0
end_of_evidence_block,1,false_rationale_pressure_delta,80,0.0,0.0,0.0,0.0,0.0
end_of_evidence_block,1,true_belief_pressure_delta,80,0.0,0.0,0.0,0.0,0.0
end_of_evidence_block,1,true_rationale_pressure_delta,80,0.0,0.0,0.0,0.0,0.0
end_of_evidence_block,2,authority_pressure_delta,80,0.0,0.0,0.0,0.0,0.0
end_of_evidence_block,2,distractor_delta,80,0.0,0.0,0.0,0.0,0.0
end_of_evidence_block,2,emotional_pressure_delta,80,0.0,0.0,0.0,0.0,0.0
end_of_evidence_block,2,false_belief_pressure_delta,80,0.0,0.0,0.0,0.0,0.0
end_of_evidence_block,2,false_rationale_pressure_delta,80,0.0,0.0,0.0,0.0,0.0
end_of_evidence_block,2,true_belief_pressure_delta,80,0.0,0.0,0.0,0.0,0.0
end_of_evidence_block,2,true_rationale_pressure_delta,80,0.0,0.0,0.0,0.0,0.0
end_of_evidence_block,3,authority_pressure_delta,80,0.0,0.0,0.0,0.0,0.0
end_of_evidence_block,3,distractor_delta,80,0.0,0.0,0.0,0.0,0.0
end_of_evidence_block,3,emotional_pressure_delta,80,0.0,0.0,0.0,0.0,0.0
end_of_evidence_block,3,false_belief_pressure_delta,80,0.0,0.0,0.0,0.0,0.0
end_of_evidence_block,3,false_rationale_pressure_delta,80,0.0,0.0,0.0,0.0,0.0
end_of_evidence_block,3,true_belief_pressure_delta,80,0.0,0.0,0.0,0.0,0.0
end_of_evidence_block,3,true_rationale_pressure_delta,80,0.0,0.0,0.0,0.0,0.0
end_of_evidence_block,4,authority_pressure_delta,80,0.0,0.0,0.0,0.0,0.0
end_of_evidence_block,4,distractor_delta,80,0.0,0.0,0.0,0.0,0.0
end_of_evidence_block,4,emotional_pressure_delta,80,0.0,0.0,0.0,0.0,0.0
end_of_evidence_block,4,false_belief_pressure_delta,80,0.0,0.0,0.0,0.0,0.0
end_of_evidence_block,4,false_rationale_pressure_delta,80,0.0,0.0,0.0,0.0,0.0
end_of_evidence_block,4,true_belief_pressure_delta,80,0.0,0.0,0.0,0.0,0.0
end_of_evidence_block,4,true_rationale_pressure_delta,80,0.0,0.0,0.0,0.0,0.0
end_of_evidence_block,5,authority_pressure_delta,80,0.0,0.0,0.0,0.0,0.0
end_of_evidence_block,5,distractor_delta,80,0.0,0.0,0.0,0.0,0.0
end_of_evidence_block,5,emotional_pressure_delta,80,0.0,0.0,0.0,0.0,0.0
end_of_evidence_block,5,false_belief_pressure_delta,80,0.0,0.0,0.0,0.0,0.0
end_of_evidence_block,5,false_rationale_pressure_delta,80,0.0,0.0,0.0,0.0,0.0
end_of_evidence_block,5,true_belief_pressure_delta,80,0.0,0.0,0.0,0.0,0.0
end_of_evidence_block,5,true_rationale_pressure_delta,80,0.0,0.0,0.0,0.0,0.0
end_of_evidence_block,6,authority_pressure_delta,80,0.0,0.0,0.0,0.0,0.0
end_of_evidence_block,6,distractor_delta,80,0.0,0.0,0.0,0.0,0.0
end_of_evidence_block,6,emotional_pressure_delta,80,0.0,0.0,0.0,0.0,0.0
end_of_evidence_block,6,false_belief_pressure_delta,80,0.0,0.0,0.0,0.0,0.0
end_of_evidence_block,6,false_rationale_pressure_delta,80,0.0,0.0,0.0,0.0,0.0
end_of_evidence_block,6,true_belief_pressure_delta,80,0.0,0.0,0.0,0.0,0.0
end_of_evidence_block,6,true_rationale_pressure_delta,80,0.0,0.0,0.0,0.0,0.0
end_of_evidence_block,7,authority_pressure_delta,80,0.0,0.0,0.0,0.0,0.0
end_of_evidence_block,7,distractor_delta,80,0.0,0.0,0.0,0.0,0.0
end_of_evidence_block,7,emotional_pressure_delta,80,0.0,0.0,0.0,0.0,0.0
end_of_evidence_block,7,false_belief_pressure_delta,80,0.0,0.0,0.0,0.0,0.0
end_of_evidence_block,7,false_rationale_pressure_delta,80,0.0,0.0,0.0,0.0,0.0
end_of_evidence_block,7,true_belief_pressure_delta,80,0.0,0.0,0.0,0.0,0.0
end_of_evidence_block,7,true_rationale_pressure_delta,80,0.0,0.0,0.0,0.0,0.0
end_of_evidence_block,8,authority_pressure_delta,80,0.0,0.0,0.0,0.0,0.0
end_of_evidence_block,8,distractor_delta,80,0.0,0.0,0.0,0.0,0.0
end_of_evidence_block,8,emotional_pressure_delta,80,0.0,0.0,0.0,0.0,0.0
end_of_evidence_block,8,false_belief_pressure_delta,80,0.0,0.0,0.0,0.0,0.0
end_of_evidence_block,8,false_rationale_pressure_delta,80,0.0,0.0,0.0,0.0,0.0
end_of_evidence_block,8,true_belief_pressure_delta,80,0.0,0.0,0.0,0.0,0.0
end_of_evidence_block,8,true_rationale_pressure_delta,80,0.0,0.0,0.0,0.0,0.0
end_of_evidence_block,9,authority_pressure_delta,80,0.0,0.0,0.0,0.0,0.0
end_of_evidence_block,9,distractor_delta,80,0.0,0.0,0.0,0.0,0.0
end_of_evidence_block,9,emotional_pressure_delta,80,0.0,0.0,0.0,0.0,0.0
end_of_evidence_block,9,false_belief_pressure_delta,80,0.0,0.0,0.0,0.0,0.0
end_of_evidence_block,9,false_rationale_pressure_delta,80,0.0,0.0,0.0,0.0,0.0
end_of_evidence_block,9,true_belief_pressure_delta,80,0.0,0.0,0.0,0.0,0.0
end_of_evidence_block,9,true_rationale_pressure_delta,80,0.0,0.0,0.0,0.0,0.0
end_of_evidence_block,10,authority_pressure_delta,80,0.0,0.0,0.0,0.0,0.0
end_of_evidence_block,10,distractor_delta,80,0.0,0.0,0.0,0.0,0.0
end_of_evidence_block,10,emotional_pressure_delta,80,0.0,0.0,0.0,0.0,0.0
end_of_evidence_block,10,false_belief_pressure_delta,80,0.0,0.0,0.0,0.0,0.0
end_of_evidence_block,10,false_rationale_pressure_delta,80,0.0,0.0,0.0,0.0,0.0
end_of_evidence_block,10,true_belief_pressure_delta,80,0.0,0.0,0.0,0.0,0.0
end_of_evidence_block,10,true_rationale_pressure_delta,80,0.0,0.0,0.0,0.0,0.0
end_of_evidence_block,11,authority_pressure_delta,80,0.0,0.0,0.0,0.0,0.0
end_of_evidence_block,11,distractor_delta,80,0.0,0.0,0.0,0.0,0.0
end_of_evidence_block,11,emotional_pressure_delta,80,0.0,0.0,0.0,0.0,0.0
end_of_evidence_block,11,false_belief_pressure_delta,80,0.0,0.0,0.0,0.0,0.0
end_of_evidence_block,11,false_rationale_pressure_delta,80,0.0,0.0,0.0,0.0,0.0
end_of_evidence_block,11,true_belief_pressure_delta,80,0.0,0.0,0.0,0.0,0.0
end_of_evidence_block,11,true_rationale_pressure_delta,80,0.0,0.0,0.0,0.0,0.0
end_of_evidence_block,12,authority_pressure_delta,80,0.0,0.0,0.0,0.0,0.0
end_of_evidence_block,12,distractor_delta,80,0.0,0.0,0.0,0.0,0.0
end_of_evidence_block,12,emotional_pressure_delta,80,0.0,0.0,0.0,0.0,0.0
end_of_evidence_block,12,false_belief_pressure_delta,80,0.0,0.0,0.0,0.0,0.0
end_of_evidence_block,12,false_rationale_pressure_delta,80,0.0,0.0,0.0,0.0,0.0
end_of_evidence_block,12,true_belief_pressure_delta,80,0.0,0.0,0.0,0.0,0.0
end_of_evidence_block,12,true_rationale_pressure_delta,80,0.0,0.0,0.0,0.0,0.0
end_of_evidence_block,13,authority_pressure_delta,80,0.0,0.0,0.0,0.0,0.0
end_of_evidence_block,13,distractor_delta,80,0.0,0.0,0.0,0.0,0.0
end_of_evidence_block,13,emotional_pressure_delta,80,0.0,0.0,0.0,0.0,0.0
end_of_evidence_block,13,false_belief_pressure_delta,80,0.0,0.0,0.0,0.0,0.0
end_of_evidence_block,13,false_rationale_pressure_delta,80,0.0,0.0,0.0,0.0,0.0
end_of_evidence_block,13,true_belief_pressure_delta,80,0.0,0.0,0.0,0.0,0.0
end_of_evidence_block,13,true_rationale_pressure_delta,80,0.0,0.0,0.0,0.0,0.0
end_of_evidence_block,14,authority_pressure_delta,80,0.0,0.0,0.0,0.0,0.0
end_of_evidence_block,14,distractor_delta,80,0.0,0.0,0.0,0.0,0.0
end_of_evidence_block,14,emotional_pressure_delta,80,0.0,0.0,0.0,0.0,0.0
end_of_evidence_block,14,false_belief_pressure_delta,80,0.0,0.0,0.0,0.0,0.0
end_of_evidence_block,14,false_rationale_pressure_delta,80,0.0,0.0,0.0,0.0,0.0
end_of_evidence_block,14,true_belief_pressure_delta,80,0.0,0.0,0.0,0.0,0.0
end_of_evidence_block,14,true_rationale_pressure_delta,80,0.0,0.0,0.0,0.0,0.0
end_of_evidence_block,15,authority_pressure_delta,80,0.0,0.0,0.0,0.0,0.0
end_of_evidence_block,15,distractor_delta,80,0.0,0.0,0.0,0.0,0.0
end_of_evidence_block,15,emotional_pressure_delta,80,0.0,0.0,0.0,0.0,0.0
end_of_evidence_block,15,false_belief_pressure_delta,80,0.0,0.0,0.0,0.0,0.0
end_of_evidence_block,15,false_rationale_pressure_delta,80,0.0,0.0,0.0,0.0,0.0
end_of_evidence_block,15,true_belief_pressure_delta,80,0.0,0.0,0.0,0.0,0.0
end_of_evidence_block,15,true_rationale_pressure_delta,80,0.0,0.0,0.0,0.0,0.0
end_of_evidence_block,16,authority_pressure_delta,80,0.0,0.0,0.0,0.0,0.0
end_of_evidence_block,16,distractor_delta,80,0.0,0.0,0.0,0.0,0.0
end_of_evidence_block,16,emotional_pressure_delta,80,0.0,0.0,0.0,0.0,0.0
end_of_evidence_block,16,false_belief_pressure_delta,80,0.0,0.0,0.0,0.0,0.0
end_of_evidence_block,16,false_rationale_pressure_delta,80,0.0,0.0,0.0,0.0,0.0
end_of_evidence_block,16,true_belief_pressure_delta,80,0.0,0.0,0.0,0.0,0.0
end_of_evidence_block,16,true_rationale_pressure_delta,80,0.0,0.0,0.0,0.0,0.0
end_of_evidence_block,17,authority_pressure_delta,80,0.0,0.0,0.0,0.0,0.0
end_of_evidence_block,17,distractor_delta,80,0.0,0.0,0.0,0.0,0.0
end_of_evidence_block,17,emotional_pressure_delta,80,0.0,0.0,0.0,0.0,0.0
end_of_evidence_block,17,false_belief_pressure_delta,80,0.0,0.0,0.0,0.0,0.0
end_of_evidence_block,17,false_rationale_pressure_delta,80,0.0,0.0,0.0,0.0,0.0
end_of_evidence_block,17,true_belief_pressure_delta,80,0.0,0.0,0.0,0.0,0.0
end_of_evidence_block,17,true_rationale_pressure_delta,80,0.0,0.0,0.0,0.0,0.0
end_of_evidence_block,18,authority_pressure_delta,80,0.0,0.0,0.0,0.0,0.0
end_of_evidence_block,18,distractor_delta,80,0.0,0.0,0.0,0.0,0.0
end_of_evidence_block,18,emotional_pressure_delta,80,0.0,0.0,0.0,0.0,0.0
end_of_evidence_block,18,false_belief_pressure_delta,80,0.0,0.0,0.0,0.0,0.0
end_of_evidence_block,18,false_rationale_pressure_delta,80,0.0,0.0,0.0,0.0,0.0
end_of_evidence_block,18,true_belief_pressure_delta,80,0.0,0.0,0.0,0.0,0.0
end_of_evidence_block,18,true_rationale_pressure_delta,80,0.0,0.0,0.0,0.0,0.0
end_of_evidence_block,19,authority_pressure_delta,80,0.0,0.0,0.0,0.0,0.0
end_of_evidence_block,19,distractor_delta,80,0.0,0.0,0.0,0.0,0.0
end_of_evidence_block,19,emotional_pressure_delta,80,0.0,0.0,0.0,0.0,0.0
end_of_evidence_block,19,false_belief_pressure_delta,80,0.0,0.0,0.0,0.0,0.0
end_of_evidence_block,19,false_rationale_pressure_delta,80,0.0,0.0,0.0,0.0,0.0
end_of_evidence_block,19,true_belief_pressure_delta,80,0.0,0.0,0.0,0.0,0.0
end_of_evidence_block,19,true_rationale_pressure_delta,80,0.0,0.0,0.0,0.0,0.0
end_of_evidence_block,20,authority_pressure_delta,80,0.0,0.0,0.0,0.0,0.0
end_of_evidence_block,20,distractor_delta,80,0.0,0.0,0.0,0.0,0.0
end_of_evidence_block,20,emotional_pressure_delta,80,0.0,0.0,0.0,0.0,0.0
end_of_evidence_block,20,false_belief_pressure_delta,80,0.0,0.0,0.0,0.0,0.0
end_of_evidence_block,20,false_rationale_pressure_delta,80,0.0,0.0,0.0,0.0,0.0
end_of_evidence_block,20,true_belief_pressure_delta,80,0.0,0.0,0.0,0.0,0.0
end_of_evidence_block,20,true_rationale_pressure_delta,80,0.0,0.0,0.0,0.0,0.0
end_of_evidence_block,21,authority_pressure_delta,80,0.0,0.0,0.0,0.0,0.0
end_of_evidence_block,21,distractor_delta,80,0.0,0.0,0.0,0.0,0.0
end_of_evidence_block,21,emotional_pressure_delta,80,0.0,0.0,0.0,0.0,0.0
end_of_evidence_block,21,false_belief_pressure_delta,80,0.0,0.0,0.0,0.0,0.0
end_of_evidence_block,21,false_rationale_pressure_delta,80,0.0,0.0,0.0,0.0,0.0
end_of_evidence_block,21,true_belief_pressure_delta,80,0.0,0.0,0.0,0.0,0.0
end_of_evidence_block,21,true_rationale_pressure_delta,80,0.0,0.0,0.0,0.0,0.0
end_of_evidence_block,22,authority_pressure_delta,80,0.0,0.0,0.0,0.0,0.0
end_of_evidence_block,22,distractor_delta,80,0.0,0.0,0.0,0.0,0.0
end_of_evidence_block,22,emotional_pressure_delta,80,0.0,0.0,0.0,0.0,0.0
end_of_evidence_block,22,false_belief_pressure_delta,80,0.0,0.0,0.0,0.0,0.0
end_of_evidence_block,22,false_rationale_pressure_delta,80,0.0,0.0,0.0,0.0,0.0
end_of_evidence_block,22,true_belief_pressure_delta,80,0.0,0.0,0.0,0.0,0.0
end_of_evidence_block,22,true_rationale_pressure_delta,80,0.0,0.0,0.0,0.0,0.0
end_of_evidence_block,23,authority_pressure_delta,80,0.0,0.0,0.0,0.0,0.0
end_of_evidence_block,23,distractor_delta,80,0.0,0.0,0.0,0.0,0.0
end_of_evidence_block,23,emotional_pressure_delta,80,0.0,0.0,0.0,0.0,0.0
end_of_evidence_block,23,false_belief_pressure_delta,80,0.0,0.0,0.0,0.0,0.0
end_of_evidence_block,23,false_rationale_pressure_delta,80,0.0,0.0,0.0,0.0,0.0
end_of_evidence_block,23,true_belief_pressure_delta,80,0.0,0.0,0.0,0.0,0.0
end_of_evidence_block,23,true_rationale_pressure_delta,80,0.0,0.0,0.0,0.0,0.0
end_of_evidence_block,24,authority_pressure_delta,80,0.0,0.0,0.0,0.0,0.0
end_of_evidence_block,24,distractor_delta,80,0.0,0.0,0.0,0.0,0.0
end_of_evidence_block,24,emotional_pressure_delta,80,0.0,0.0,0.0,0.0,0.0
end_of_evidence_block,24,false_belief_pressure_delta,80,0.0,0.0,0.0,0.0,0.0
end_of_evidence_block,24,false_rationale_pressure_delta,80,0.0,0.0,0.0,0.0,0.0
end_of_evidence_block,24,true_belief_pressure_delta,80,0.0,0.0,0.0,0.0,0.0
end_of_evidence_block,24,true_rationale_pressure_delta,80,0.0,0.0,0.0,0.0,0.0
end_of_evidence_block,25,authority_pressure_delta,80,0.0,0.0,0.0,0.0,0.0
end_of_evidence_block,25,distractor_delta,80,0.0,0.0,0.0,0.0,0.0
end_of_evidence_block,25,emotional_pressure_delta,80,0.0,0.0,0.0,0.0,0.0
end_of_evidence_block,25,false_belief_pressure_delta,80,0.0,0.0,0.0,0.0,0.0
end_of_evidence_block,25,false_rationale_pressure_delta,80,0.0,0.0,0.0,0.0,0.0
end_of_evidence_block,25,true_belief_pressure_delta,80,0.0,0.0,0.0,0.0,0.0
end_of_evidence_block,25,true_rationale_pressure_delta,80,0.0,0.0,0.0,0.0,0.0
end_of_evidence_block,26,authority_pressure_delta,80,0.0,0.0,0.0,0.0,0.0
end_of_evidence_block,26,distractor_delta,80,0.0,0.0,0.0,0.0,0.0
end_of_evidence_block,26,emotional_pressure_delta,80,0.0,0.0,0.0,0.0,0.0
end_of_evidence_block,26,false_belief_pressure_delta,80,0.0,0.0,0.0,0.0,0.0
end_of_evidence_block,26,false_rationale_pressure_delta,80,0.0,0.0,0.0,0.0,0.0
end_of_evidence_block,26,true_belief_pressure_delta,80,0.0,0.0,0.0,0.0,0.0
end_of_evidence_block,26,true_rationale_pressure_delta,80,0.0,0.0,0.0,0.0,0.0
end_of_evidence_block,27,authority_pressure_delta,80,0.0,0.0,0.0,0.0,0.0
end_of_evidence_block,27,distractor_delta,80,0.0,0.0,0.0,0.0,0.0
end_of_evidence_block,27,emotional_pressure_delta,80,0.0,0.0,0.0,0.0,0.0
end_of_evidence_block,27,false_belief_pressure_delta,80,0.0,0.0,0.0,0.0,0.0
end_of_evidence_block,27,false_rationale_pressure_delta,80,0.0,0.0,0.0,0.0,0.0
end_of_evidence_block,27,true_belief_pressure_delta,80,0.0,0.0,0.0,0.0,0.0
end_of_evidence_block,27,true_rationale_pressure_delta,80,0.0,0.0,0.0,0.0,0.0
end_of_evidence_block,28,authority_pressure_delta,80,0.0,0.0,0.0,0.0,0.0
end_of_evidence_block,28,distractor_delta,80,0.0,0.0,0.0,0.0,0.0
end_of_evidence_block,28,emotional_pressure_delta,80,0.0,0.0,0.0,0.0,0.0
end_of_evidence_block,28,false_belief_pressure_delta,80,0.0,0.0,0.0,0.0,0.0
end_of_evidence_block,28,false_rationale_pressure_delta,80,0.0,0.0,0.0,0.0,0.0
end_of_evidence_block,28,true_belief_pressure_delta,80,0.0,0.0,0.0,0.0,0.0
end_of_evidence_block,28,true_rationale_pressure_delta,80,0.0,0.0,0.0,0.0,0.0
end_of_evidence_block,29,authority_pressure_delta,80,0.0,0.0,0.0,0.0,0.0
end_of_evidence_block,29,distractor_delta,80,0.0,0.0,0.0,0.0,0.0
end_of_evidence_block,29,emotional_pressure_delta,80,0.0,0.0,0.0,0.0,0.0
end_of_evidence_block,29,false_belief_pressure_delta,80,0.0,0.0,0.0,0.0,0.0
end_of_evidence_block,29,false_rationale_pressure_delta,80,0.0,0.0,0.0,0.0,0.0
end_of_evidence_block,29,true_belief_pressure_delta,80,0.0,0.0,0.0,0.0,0.0
end_of_evidence_block,29,true_rationale_pressure_delta,80,0.0,0.0,0.0,0.0,0.0
end_of_evidence_block,30,authority_pressure_delta,80,0.0,0.0,0.0,0.0,0.0
end_of_evidence_block,30,distractor_delta,80,0.0,0.0,0.0,0.0,0.0
end_of_evidence_block,30,emotional_pressure_delta,80,0.0,0.0,0.0,0.0,0.0
end_of_evidence_block,30,false_belief_pressure_delta,80,0.0,0.0,0.0,0.0,0.0
end_of_evidence_block,30,false_rationale_pressure_delta,80,0.0,0.0,0.0,0.0,0.0
end_of_evidence_block,30,true_belief_pressure_delta,80,0.0,0.0,0.0,0.0,0.0
end_of_evidence_block,30,true_rationale_pressure_delta,80,0.0,0.0,0.0,0.0,0.0
end_of_evidence_block,31,authority_pressure_delta,80,0.0,0.0,0.0,0.0,0.0
end_of_evidence_block,31,distractor_delta,80,0.0,0.0,0.0,0.0,0.0
end_of_evidence_block,31,emotional_pressure_delta,80,0.0,0.0,0.0,0.0,0.0
end_of_evidence_block,31,false_belief_pressure_delta,80,0.0,0.0,0.0,0.0,0.0
end_of_evidence_block,31,false_rationale_pressure_delta,80,0.0,0.0,0.0,0.0,0.0
end_of_evidence_block,31,true_belief_pressure_delta,80,0.0,0.0,0.0,0.0,0.0
end_of_evidence_block,31,true_rationale_pressure_delta,80,0.0,0.0,0.0,0.0,0.0
end_of_evidence_block,32,authority_pressure_delta,80,0.0,0.0,0.0,0.0,0.0
end_of_evidence_block,32,distractor_delta,80,0.0,0.0,0.0,0.0,0.0
end_of_evidence_block,32,emotional_pressure_delta,80,0.0,0.0,0.0,0.0,0.0
end_of_evidence_block,32,false_belief_pressure_delta,80,0.0,0.0,0.0,0.0,0.0
end_of_evidence_block,32,false_rationale_pressure_delta,80,0.0,0.0,0.0,0.0,0.0
end_of_evidence_block,32,true_belief_pressure_delta,80,0.0,0.0,0.0,0.0,0.0
end_of_evidence_block,32,true_rationale_pressure_delta,80,0.0,0.0,0.0,0.0,0.0
end_of_evidence_block,33,authority_pressure_delta,80,0.0,0.0,0.0,0.0,0.0
end_of_evidence_block,33,distractor_delta,80,0.0,0.0,0.0,0.0,0.0
end_of_evidence_block,33,emotional_pressure_delta,80,0.0,0.0,0.0,0.0,0.0
end_of_evidence_block,33,false_belief_pressure_delta,80,0.0,0.0,0.0,0.0,0.0
end_of_evidence_block,33,false_rationale_pressure_delta,80,0.0,0.0,0.0,0.0,0.0
end_of_evidence_block,33,true_belief_pressure_delta,80,0.0,0.0,0.0,0.0,0.0
end_of_evidence_block,33,true_rationale_pressure_delta,80,0.0,0.0,0.0,0.0,0.0
end_of_evidence_block,34,authority_pressure_delta,80,0.0,0.0,0.0,0.0,0.0
end_of_evidence_block,34,distractor_delta,80,0.0,0.0,0.0,0.0,0.0
end_of_evidence_block,34,emotional_pressure_delta,80,0.0,0.0,0.0,0.0,0.0
end_of_evidence_block,34,false_belief_pressure_delta,80,0.0,0.0,0.0,0.0,0.0
end_of_evidence_block,34,false_rationale_pressure_delta,80,0.0,0.0,0.0,0.0,0.0
end_of_evidence_block,34,true_belief_pressure_delta,80,0.0,0.0,0.0,0.0,0.0
end_of_evidence_block,34,true_rationale_pressure_delta,80,0.0,0.0,0.0,0.0,0.0
end_of_evidence_block,35,authority_pressure_delta,80,0.0,0.0,0.0,0.0,0.0
end_of_evidence_block,35,distractor_delta,80,0.0,0.0,0.0,0.0,0.0
end_of_evidence_block,35,emotional_pressure_delta,80,0.0,0.0,0.0,0.0,0.0
end_of_evidence_block,35,false_belief_pressure_delta,80,0.0,0.0,0.0,0.0,0.0
end_of_evidence_block,35,false_rationale_pressure_delta,80,0.0,0.0,0.0,0.0,0.0
end_of_evidence_block,35,true_belief_pressure_delta,80,0.0,0.0,0.0,0.0,0.0
end_of_evidence_block,35,true_rationale_pressure_delta,80,0.0,0.0,0.0,0.0,0.0
end_of_question_block,0,authority_pressure_delta,80,0.0,0.0,0.0,0.0,0.0
end_of_question_block,0,distractor_delta,80,0.0,0.0,0.0,0.0,0.0
end_of_question_block,0,emotional_pressure_delta,80,0.0,0.0,0.0,0.0,0.0
end_of_question_block,0,false_belief_pressure_delta,80,0.0,0.0,0.0,0.0,0.0
end_of_question_block,0,false_rationale_pressure_delta,80,0.0,0.0,0.0,0.0,0.0
end_of_question_block,0,true_belief_pressure_delta,80,0.0,0.0,0.0,0.0,0.0
end_of_question_block,0,true_rationale_pressure_delta,80,0.0,0.0,0.0,0.0,0.0
end_of_question_block,1,authority_pressure_delta,80,0.0,0.0,0.0,0.0,0.0
end_of_question_block,1,distractor_delta,80,0.0,0.0,0.0,0.0,0.0
end_of_question_block,1,emotional_pressure_delta,80,0.0,0.0,0.0,0.0,0.0
end_of_question_block,1,false_belief_pressure_delta,80,0.0,0.0,0.0,0.0,0.0
end_of_question_block,1,false_rationale_pressure_delta,80,0.0,0.0,0.0,0.0,0.0
end_of_question_block,1,true_belief_pressure_delta,80,0.0,0.0,0.0,0.0,0.0
end_of_question_block,1,true_rationale_pressure_delta,80,0.0,0.0,0.0,0.0,0.0
end_of_question_block,2,authority_pressure_delta,80,0.0,0.0,0.0,0.0,0.0
end_of_question_block,2,distractor_delta,80,0.0,0.0,0.0,0.0,0.0
end_of_question_block,2,emotional_pressure_delta,80,0.0,0.0,0.0,0.0,0.0
end_of_question_block,2,false_belief_pressure_delta,80,0.0,0.0,0.0,0.0,0.0
end_of_question_block,2,false_rationale_pressure_delta,80,0.0,0.0,0.0,0.0,0.0
end_of_question_block,2,true_belief_pressure_delta,80,0.0,0.0,0.0,0.0,0.0
end_of_question_block,2,true_rationale_pressure_delta,80,0.0,0.0,0.0,0.0,0.0
end_of_question_block,3,authority_pressure_delta,80,0.0,0.0,0.0,0.0,0.0
end_of_question_block,3,distractor_delta,80,0.0,0.0,0.0,0.0,0.0
end_of_question_block,3,emotional_pressure_delta,80,0.0,0.0,0.0,0.0,0.0
end_of_question_block,3,false_belief_pressure_delta,80,0.0,0.0,0.0,0.0,0.0
end_of_question_block,3,false_rationale_pressure_delta,80,0.0,0.0,0.0,0.0,0.0
end_of_question_block,3,true_belief_pressure_delta,80,0.0,0.0,0.0,0.0,0.0
end_of_question_block,3,true_rationale_pressure_delta,80,0.0,0.0,0.0,0.0,0.0
end_of_question_block,4,authority_pressure_delta,80,0.0,0.0,0.0,0.0,0.0
end_of_question_block,4,distractor_delta,80,0.0,0.0,0.0,0.0,0.0
end_of_question_block,4,emotional_pressure_delta,80,0.0,0.0,0.0,0.0,0.0
end_of_question_block,4,false_belief_pressure_delta,80,0.0,0.0,0.0,0.0,0.0
end_of_question_block,4,false_rationale_pressure_delta,80,0.0,0.0,0.0,0.0,0.0
end_of_question_block,4,true_belief_pressure_delta,80,0.0,0.0,0.0,0.0,0.0
end_of_question_block,4,true_rationale_pressure_delta,80,0.0,0.0,0.0,0.0,0.0
end_of_question_block,5,authority_pressure_delta,80,0.0,0.0,0.0,0.0,0.0
end_of_question_block,5,distractor_delta,80,0.0,0.0,0.0,0.0,0.0
end_of_question_block,5,emotional_pressure_delta,80,0.0,0.0,0.0,0.0,0.0
end_of_question_block,5,false_belief_pressure_delta,80,0.0,0.0,0.0,0.0,0.0
end_of_question_block,5,false_rationale_pressure_delta,80,0.0,0.0,0.0,0.0,0.0
end_of_question_block,5,true_belief_pressure_delta,80,0.0,0.0,0.0,0.0,0.0
end_of_question_block,5,true_rationale_pressure_delta,80,0.0,0.0,0.0,0.0,0.0
end_of_question_block,6,authority_pressure_delta,80,0.0,0.0,0.0,0.0,0.0
end_of_question_block,6,distractor_delta,80,0.0,0.0,0.0,0.0,0.0
end_of_question_block,6,emotional_pressure_delta,80,0.0,0.0,0.0,0.0,0.0
end_of_question_block,6,false_belief_pressure_delta,80,0.0,0.0,0.0,0.0,0.0
end_of_question_block,6,false_rationale_pressure_delta,80,0.0,0.0,0.0,0.0,0.0
end_of_question_block,6,true_belief_pressure_delta,80,0.0,0.0,0.0,0.0,0.0
end_of_question_block,6,true_rationale_pressure_delta,80,0.0,0.0,0.0,0.0,0.0
end_of_question_block,7,authority_pressure_delta,80,0.0,0.0,0.0,0.0,0.0
end_of_question_block,7,distractor_delta,80,0.0,0.0,0.0,0.0,0.0
end_of_question_block,7,emotional_pressure_delta,80,0.0,0.0,0.0,0.0,0.0
end_of_question_block,7,false_belief_pressure_delta,80,0.0,0.0,0.0,0.0,0.0
end_of_question_block,7,false_rationale_pressure_delta,80,0.0,0.0,0.0,0.0,0.0
end_of_question_block,7,true_belief_pressure_delta,80,0.0,0.0,0.0,0.0,0.0
end_of_question_block,7,true_rationale_pressure_delta,80,0.0,0.0,0.0,0.0,0.0
end_of_question_block,8,authority_pressure_delta,80,0.0,0.0,0.0,0.0,0.0
end_of_question_block,8,distractor_delta,80,0.0,0.0,0.0,0.0,0.0
end_of_question_block,8,emotional_pressure_delta,80,0.0,0.0,0.0,0.0,0.0
end_of_question_block,8,false_belief_pressure_delta,80,0.0,0.0,0.0,0.0,0.0
end_of_question_block,8,false_rationale_pressure_delta,80,0.0,0.0,0.0,0.0,0.0
end_of_question_block,8,true_belief_pressure_delta,80,0.0,0.0,0.0,0.0,0.0
end_of_question_block,8,true_rationale_pressure_delta,80,0.0,0.0,0.0,0.0,0.0
end_of_question_block,9,authority_pressure_delta,80,0.0,0.0,0.0,0.0,0.0
end_of_question_block,9,distractor_delta,80,0.0,0.0,0.0,0.0,0.0
end_of_question_block,9,emotional_pressure_delta,80,0.0,0.0,0.0,0.0,0.0
end_of_question_block,9,false_belief_pressure_delta,80,0.0,0.0,0.0,0.0,0.0
end_of_question_block,9,false_rationale_pressure_delta,80,0.0,0.0,0.0,0.0,0.0
end_of_question_block,9,true_belief_pressure_delta,80,0.0,0.0,0.0,0.0,0.0
end_of_question_block,9,true_rationale_pressure_delta,80,0.0,0.0,0.0,0.0,0.0
end_of_question_block,10,authority_pressure_delta,80,0.0,0.0,0.0,0.0,0.0
end_of_question_block,10,distractor_delta,80,0.0,0.0,0.0,0.0,0.0
end_of_question_block,10,emotional_pressure_delta,80,0.0,0.0,0.0,0.0,0.0
end_of_question_block,10,false_belief_pressure_delta,80,0.0,0.0,0.0,0.0,0.0
end_of_question_block,10,false_rationale_pressure_delta,80,0.0,0.0,0.0,0.0,0.0
end_of_question_block,10,true_belief_pressure_delta,80,0.0,0.0,0.0,0.0,0.0
end_of_question_block,10,true_rationale_pressure_delta,80,0.0,0.0,0.0,0.0,0.0
end_of_question_block,11,authority_pressure_delta,80,0.0,0.0,0.0,0.0,0.0
end_of_question_block,11,distractor_delta,80,0.0,0.0,0.0,0.0,0.0
end_of_question_block,11,emotional_pressure_delta,80,0.0,0.0,0.0,0.0,0.0
end_of_question_block,11,false_belief_pressure_delta,80,0.0,0.0,0.0,0.0,0.0
end_of_question_block,11,false_rationale_pressure_delta,80,0.0,0.0,0.0,0.0,0.0
end_of_question_block,11,true_belief_pressure_delta,80,0.0,0.0,0.0,0.0,0.0
end_of_question_block,11,true_rationale_pressure_delta,80,0.0,0.0,0.0,0.0,0.0
end_of_question_block,12,authority_pressure_delta,80,0.0,0.0,0.0,0.0,0.0
end_of_question_block,12,distractor_delta,80,0.0,0.0,0.0,0.0,0.0
end_of_question_block,12,emotional_pressure_delta,80,0.0,0.0,0.0,0.0,0.0
end_of_question_block,12,false_belief_pressure_delta,80,0.0,0.0,0.0,0.0,0.0
end_of_question_block,12,false_rationale_pressure_delta,80,0.0,0.0,0.0,0.0,0.0
end_of_question_block,12,true_belief_pressure_delta,80,0.0,0.0,0.0,0.0,0.0
end_of_question_block,12,true_rationale_pressure_delta,80,0.0,0.0,0.0,0.0,0.0
end_of_question_block,13,authority_pressure_delta,80,0.0,0.0,0.0,0.0,0.0
end_of_question_block,13,distractor_delta,80,0.0,0.0,0.0,0.0,0.0
end_of_question_block,13,emotional_pressure_delta,80,0.0,0.0,0.0,0.0,0.0
end_of_question_block,13,false_belief_pressure_delta,80,0.0,0.0,0.0,0.0,0.0
end_of_question_block,13,false_rationale_pressure_delta,80,0.0,0.0,0.0,0.0,0.0
end_of_question_block,13,true_belief_pressure_delta,80,0.0,0.0,0.0,0.0,0.0
end_of_question_block,13,true_rationale_pressure_delta,80,0.0,0.0,0.0,0.0,0.0
end_of_question_block,14,authority_pressure_delta,80,0.0,0.0,0.0,0.0,0.0
end_of_question_block,14,distractor_delta,80,0.0,0.0,0.0,0.0,0.0
end_of_question_block,14,emotional_pressure_delta,80,0.0,0.0,0.0,0.0,0.0
end_of_question_block,14,false_belief_pressure_delta,80,0.0,0.0,0.0,0.0,0.0
end_of_question_block,14,false_rationale_pressure_delta,80,0.0,0.0,0.0,0.0,0.0
end_of_question_block,14,true_belief_pressure_delta,80,0.0,0.0,0.0,0.0,0.0
end_of_question_block,14,true_rationale_pressure_delta,80,0.0,0.0,0.0,0.0,0.0
end_of_question_block,15,authority_pressure_delta,80,0.0,0.0,0.0,0.0,0.0
end_of_question_block,15,distractor_delta,80,0.0,0.0,0.0,0.0,0.0
end_of_question_block,15,emotional_pressure_delta,80,0.0,0.0,0.0,0.0,0.0
end_of_question_block,15,false_belief_pressure_delta,80,0.0,0.0,0.0,0.0,0.0
end_of_question_block,15,false_rationale_pressure_delta,80,0.0,0.0,0.0,0.0,0.0
end_of_question_block,15,true_belief_pressure_delta,80,0.0,0.0,0.0,0.0,0.0
end_of_question_block,15,true_rationale_pressure_delta,80,0.0,0.0,0.0,0.0,0.0
end_of_question_block,16,authority_pressure_delta,80,0.0,0.0,0.0,0.0,0.0
end_of_question_block,16,distractor_delta,80,0.0,0.0,0.0,0.0,0.0
end_of_question_block,16,emotional_pressure_delta,80,0.0,0.0,0.0,0.0,0.0
end_of_question_block,16,false_belief_pressure_delta,80,0.0,0.0,0.0,0.0,0.0
end_of_question_block,16,false_rationale_pressure_delta,80,0.0,0.0,0.0,0.0,0.0
end_of_question_block,16,true_belief_pressure_delta,80,0.0,0.0,0.0,0.0,0.0
end_of_question_block,16,true_rationale_pressure_delta,80,0.0,0.0,0.0,0.0,0.0
end_of_question_block,17,authority_pressure_delta,80,0.0,0.0,0.0,0.0,0.0
end_of_question_block,17,distractor_delta,80,0.0,0.0,0.0,0.0,0.0
end_of_question_block,17,emotional_pressure_delta,80,0.0,0.0,0.0,0.0,0.0
end_of_question_block,17,false_belief_pressure_delta,80,0.0,0.0,0.0,0.0,0.0
end_of_question_block,17,false_rationale_pressure_delta,80,0.0,0.0,0.0,0.0,0.0
end_of_question_block,17,true_belief_pressure_delta,80,0.0,0.0,0.0,0.0,0.0
end_of_question_block,17,true_rationale_pressure_delta,80,0.0,0.0,0.0,0.0,0.0
end_of_question_block,18,authority_pressure_delta,80,0.0,0.0,0.0,0.0,0.0
end_of_question_block,18,distractor_delta,80,0.0,0.0,0.0,0.0,0.0
end_of_question_block,18,emotional_pressure_delta,80,0.0,0.0,0.0,0.0,0.0
end_of_question_block,18,false_belief_pressure_delta,80,0.0,0.0,0.0,0.0,0.0
end_of_question_block,18,false_rationale_pressure_delta,80,0.0,0.0,0.0,0.0,0.0
end_of_question_block,18,true_belief_pressure_delta,80,0.0,0.0,0.0,0.0,0.0
end_of_question_block,18,true_rationale_pressure_delta,80,0.0,0.0,0.0,0.0,0.0
end_of_question_block,19,authority_pressure_delta,80,0.0,0.0,0.0,0.0,0.0
end_of_question_block,19,distractor_delta,80,0.0,0.0,0.0,0.0,0.0
end_of_question_block,19,emotional_pressure_delta,80,0.0,0.0,0.0,0.0,0.0
end_of_question_block,19,false_belief_pressure_delta,80,0.0,0.0,0.0,0.0,0.0
end_of_question_block,19,false_rationale_pressure_delta,80,0.0,0.0,0.0,0.0,0.0
end_of_question_block,19,true_belief_pressure_delta,80,0.0,0.0,0.0,0.0,0.0
end_of_question_block,19,true_rationale_pressure_delta,80,0.0,0.0,0.0,0.0,0.0
end_of_question_block,20,authority_pressure_delta,80,0.0,0.0,0.0,0.0,0.0
end_of_question_block,20,distractor_delta,80,0.0,0.0,0.0,0.0,0.0
end_of_question_block,20,emotional_pressure_delta,80,0.0,0.0,0.0,0.0,0.0
end_of_question_block,20,false_belief_pressure_delta,80,0.0,0.0,0.0,0.0,0.0
end_of_question_block,20,false_rationale_pressure_delta,80,0.0,0.0,0.0,0.0,0.0
end_of_question_block,20,true_belief_pressure_delta,80,0.0,0.0,0.0,0.0,0.0
end_of_question_block,20,true_rationale_pressure_delta,80,0.0,0.0,0.0,0.0,0.0
end_of_question_block,21,authority_pressure_delta,80,0.0,0.0,0.0,0.0,0.0
end_of_question_block,21,distractor_delta,80,0.0,0.0,0.0,0.0,0.0
end_of_question_block,21,emotional_pressure_delta,80,0.0,0.0,0.0,0.0,0.0
end_of_question_block,21,false_belief_pressure_delta,80,0.0,0.0,0.0,0.0,0.0
end_of_question_block,21,false_rationale_pressure_delta,80,0.0,0.0,0.0,0.0,0.0
end_of_question_block,21,true_belief_pressure_delta,80,0.0,0.0,0.0,0.0,0.0
end_of_question_block,21,true_rationale_pressure_delta,80,0.0,0.0,0.0,0.0,0.0
end_of_question_block,22,authority_pressure_delta,80,0.0,0.0,0.0,0.0,0.0
end_of_question_block,22,distractor_delta,80,0.0,0.0,0.0,0.0,0.0
end_of_question_block,22,emotional_pressure_delta,80,0.0,0.0,0.0,0.0,0.0
end_of_question_block,22,false_belief_pressure_delta,80,0.0,0.0,0.0,0.0,0.0
end_of_question_block,22,false_rationale_pressure_delta,80,0.0,0.0,0.0,0.0,0.0
end_of_question_block,22,true_belief_pressure_delta,80,0.0,0.0,0.0,0.0,0.0
end_of_question_block,22,true_rationale_pressure_delta,80,0.0,0.0,0.0,0.0,0.0
end_of_question_block,23,authority_pressure_delta,80,0.0,0.0,0.0,0.0,0.0
end_of_question_block,23,distractor_delta,80,0.0,0.0,0.0,0.0,0.0
end_of_question_block,23,emotional_pressure_delta,80,0.0,0.0,0.0,0.0,0.0
end_of_question_block,23,false_belief_pressure_delta,80,0.0,0.0,0.0,0.0,0.0
end_of_question_block,23,false_rationale_pressure_delta,80,0.0,0.0,0.0,0.0,0.0
end_of_question_block,23,true_belief_pressure_delta,80,0.0,0.0,0.0,0.0,0.0
end_of_question_block,23,true_rationale_pressure_delta,80,0.0,0.0,0.0,0.0,0.0
end_of_question_block,24,authority_pressure_delta,80,0.0,0.0,0.0,0.0,0.0
end_of_question_block,24,distractor_delta,80,0.0,0.0,0.0,0.0,0.0
end_of_question_block,24,emotional_pressure_delta,80,0.0,0.0,0.0,0.0,0.0
end_of_question_block,24,false_belief_pressure_delta,80,0.0,0.0,0.0,0.0,0.0
end_of_question_block,24,false_rationale_pressure_delta,80,0.0,0.0,0.0,0.0,0.0
end_of_question_block,24,true_belief_pressure_delta,80,0.0,0.0,0.0,0.0,0.0
end_of_question_block,24,true_rationale_pressure_delta,80,0.0,0.0,0.0,0.0,0.0
end_of_question_block,25,authority_pressure_delta,80,0.0,0.0,0.0,0.0,0.0
end_of_question_block,25,distractor_delta,80,0.0,0.0,0.0,0.0,0.0
end_of_question_block,25,emotional_pressure_delta,80,0.0,0.0,0.0,0.0,0.0
end_of_question_block,25,false_belief_pressure_delta,80,0.0,0.0,0.0,0.0,0.0
end_of_question_block,25,false_rationale_pressure_delta,80,0.0,0.0,0.0,0.0,0.0
end_of_question_block,25,true_belief_pressure_delta,80,0.0,0.0,0.0,0.0,0.0
end_of_question_block,25,true_rationale_pressure_delta,80,0.0,0.0,0.0,0.0,0.0
end_of_question_block,26,authority_pressure_delta,80,0.0,0.0,0.0,0.0,0.0
end_of_question_block,26,distractor_delta,80,0.0,0.0,0.0,0.0,0.0
end_of_question_block,26,emotional_pressure_delta,80,0.0,0.0,0.0,0.0,0.0
end_of_question_block,26,false_belief_pressure_delta,80,0.0,0.0,0.0,0.0,0.0
end_of_question_block,26,false_rationale_pressure_delta,80,0.0,0.0,0.0,0.0,0.0
end_of_question_block,26,true_belief_pressure_delta,80,0.0,0.0,0.0,0.0,0.0
end_of_question_block,26,true_rationale_pressure_delta,80,0.0,0.0,0.0,0.0,0.0
end_of_question_block,27,authority_pressure_delta,80,0.0,0.0,0.0,0.0,0.0
end_of_question_block,27,distractor_delta,80,0.0,0.0,0.0,0.0,0.0
end_of_question_block,27,emotional_pressure_delta,80,0.0,0.0,0.0,0.0,0.0
end_of_question_block,27,false_belief_pressure_delta,80,0.0,0.0,0.0,0.0,0.0
end_of_question_block,27,false_rationale_pressure_delta,80,0.0,0.0,0.0,0.0,0.0
end_of_question_block,27,true_belief_pressure_delta,80,0.0,0.0,0.0,0.0,0.0
end_of_question_block,27,true_rationale_pressure_delta,80,0.0,0.0,0.0,0.0,0.0
end_of_question_block,28,authority_pressure_delta,80,0.0,0.0,0.0,0.0,0.0
end_of_question_block,28,distractor_delta,80,0.0,0.0,0.0,0.0,0.0
end_of_question_block,28,emotional_pressure_delta,80,0.0,0.0,0.0,0.0,0.0
end_of_question_block,28,false_belief_pressure_delta,80,0.0,0.0,0.0,0.0,0.0
end_of_question_block,28,false_rationale_pressure_delta,80,0.0,0.0,0.0,0.0,0.0
end_of_question_block,28,true_belief_pressure_delta,80,0.0,0.0,0.0,0.0,0.0
end_of_question_block,28,true_rationale_pressure_delta,80,0.0,0.0,0.0,0.0,0.0
end_of_question_block,29,authority_pressure_delta,80,0.0,0.0,0.0,0.0,0.0
end_of_question_block,29,distractor_delta,80,0.0,0.0,0.0,0.0,0.0
end_of_question_block,29,emotional_pressure_delta,80,0.0,0.0,0.0,0.0,0.0
end_of_question_block,29,false_belief_pressure_delta,80,0.0,0.0,0.0,0.0,0.0
end_of_question_block,29,false_rationale_pressure_delta,80,0.0,0.0,0.0,0.0,0.0
end_of_question_block,29,true_belief_pressure_delta,80,0.0,0.0,0.0,0.0,0.0
end_of_question_block,29,true_rationale_pressure_delta,80,0.0,0.0,0.0,0.0,0.0
end_of_question_block,30,authority_pressure_delta,80,0.0,0.0,0.0,0.0,0.0
end_of_question_block,30,distractor_delta,80,0.0,0.0,0.0,0.0,0.0
end_of_question_block,30,emotional_pressure_delta,80,0.0,0.0,0.0,0.0,0.0
end_of_question_block,30,false_belief_pressure_delta,80,0.0,0.0,0.0,0.0,0.0
end_of_question_block,30,false_rationale_pressure_delta,80,0.0,0.0,0.0,0.0,0.0
end_of_question_block,30,true_belief_pressure_delta,80,0.0,0.0,0.0,0.0,0.0
end_of_question_block,30,true_rationale_pressure_delta,80,0.0,0.0,0.0,0.0,0.0
end_of_question_block,31,authority_pressure_delta,80,0.0,0.0,0.0,0.0,0.0
end_of_question_block,31,distractor_delta,80,0.0,0.0,0.0,0.0,0.0
end_of_question_block,31,emotional_pressure_delta,80,0.0,0.0,0.0,0.0,0.0
end_of_question_block,31,false_belief_pressure_delta,80,0.0,0.0,0.0,0.0,0.0
end_of_question_block,31,false_rationale_pressure_delta,80,0.0,0.0,0.0,0.0,0.0
end_of_question_block,31,true_belief_pressure_delta,80,0.0,0.0,0.0,0.0,0.0
end_of_question_block,31,true_rationale_pressure_delta,80,0.0,0.0,0.0,0.0,0.0
end_of_question_block,32,authority_pressure_delta,80,0.0,0.0,0.0,0.0,0.0
end_of_question_block,32,distractor_delta,80,0.0,0.0,0.0,0.0,0.0
end_of_question_block,32,emotional_pressure_delta,80,0.0,0.0,0.0,0.0,0.0
end_of_question_block,32,false_belief_pressure_delta,80,0.0,0.0,0.0,0.0,0.0
end_of_question_block,32,false_rationale_pressure_delta,80,0.0,0.0,0.0,0.0,0.0
end_of_question_block,32,true_belief_pressure_delta,80,0.0,0.0,0.0,0.0,0.0
end_of_question_block,32,true_rationale_pressure_delta,80,0.0,0.0,0.0,0.0,0.0
end_of_question_block,33,authority_pressure_delta,80,0.0,0.0,0.0,0.0,0.0
end_of_question_block,33,distractor_delta,80,0.0,0.0,0.0,0.0,0.0
end_of_question_block,33,emotional_pressure_delta,80,0.0,0.0,0.0,0.0,0.0
end_of_question_block,33,false_belief_pressure_delta,80,0.0,0.0,0.0,0.0,0.0
end_of_question_block,33,false_rationale_pressure_delta,80,0.0,0.0,0.0,0.0,0.0
end_of_question_block,33,true_belief_pressure_delta,80,0.0,0.0,0.0,0.0,0.0
end_of_question_block,33,true_rationale_pressure_delta,80,0.0,0.0,0.0,0.0,0.0
end_of_question_block,34,authority_pressure_delta,80,0.0,0.0,0.0,0.0,0.0
end_of_question_block,34,distractor_delta,80,0.0,0.0,0.0,0.0,0.0
end_of_question_block,34,emotional_pressure_delta,80,0.0,0.0,0.0,0.0,0.0
end_of_question_block,34,false_belief_pressure_delta,80,0.0,0.0,0.0,0.0,0.0
end_of_question_block,34,false_rationale_pressure_delta,80,0.0,0.0,0.0,0.0,0.0
end_of_question_block,34,true_belief_pressure_delta,80,0.0,0.0,0.0,0.0,0.0
end_of_question_block,34,true_rationale_pressure_delta,80,0.0,0.0,0.0,0.0,0.0
end_of_question_block,35,authority_pressure_delta,80,0.0,0.0,0.0,0.0,0.0
end_of_question_block,35,distractor_delta,80,0.0,0.0,0.0,0.0,0.0
end_of_question_block,35,emotional_pressure_delta,80,0.0,0.0,0.0,0.0,0.0
end_of_question_block,35,false_belief_pressure_delta,80,0.0,0.0,0.0,0.0,0.0
end_of_question_block,35,false_rationale_pressure_delta,80,0.0,0.0,0.0,0.0,0.0
end_of_question_block,35,true_belief_pressure_delta,80,0.0,0.0,0.0,0.0,0.0
end_of_question_block,35,true_rationale_pressure_delta,80,0.0,0.0,0.0,0.0,0.0
end_of_user_message,0,authority_pressure_delta,80,1.0757284561351101,1.0719040135826796,0.9336173930905027,1.212144380329765,0.06432809359331135
end_of_user_message,0,distractor_delta,80,0.8401262757467238,0.8411651875010391,0.7714254891837486,0.895756235930411,0.029004369377835792
end_of_user_message,0,emotional_pressure_delta,80,0.9784669058283612,0.9761605030223817,0.9135298164762607,1.0672642071471425,0.027732822991726788
end_of_user_message,0,false_belief_pressure_delta,80,2.672441026487941,2.670587600596183,2.59957716781771,2.764919460314853,0.039904700142344596
end_of_user_message,0,false_rationale_pressure_delta,80,2.7067126616295054,2.710491190912467,2.6106963223650803,2.818804381290462,0.0484548845260587
end_of_user_message,0,true_belief_pressure_delta,80,2.672391289190475,2.6686544438856625,2.602412098650112,2.761060710238898,0.039660349827283455
end_of_user_message,0,true_rationale_pressure_delta,80,2.7211444040031574,2.71675532553346,2.625642282938991,2.8720360229719386,0.05260822686767302
end_of_user_message,1,authority_pressure_delta,80,1.6828584673065545,1.6894566056010576,1.5660910547847249,1.820731319842985,0.05923928425269264
end_of_user_message,1,distractor_delta,80,1.4116700973253282,1.4057125741150656,1.2746650293289468,1.5694368331932682,0.06844687562174799
end_of_user_message,1,emotional_pressure_delta,80,1.5745414944561689,1.574165238093916,1.5133767810692758,1.6775323974913243,0.0280813417154624
end_of_user_message,1,false_belief_pressure_delta,80,3.1561294269996125,3.1523571292047166,3.0688512588049495,3.230395774680688,0.037592202807634964
end_of_user_message,1,false_rationale_pressure_delta,80,3.2838962550660584,3.2857275656362135,3.1437135398244966,3.409341459643061,0.06941949379125337
end_of_user_message,1,true_belief_pressure_delta,80,3.1560479418987244,3.152930409085947,3.0710095853739263,3.2308857303451175,0.03775460921930995
end_of_user_message,1,true_rationale_pressure_delta,80,3.2945306099615124,3.2874416956485972,3.117211428456005,3.5211226029600238,0.0737052029347629
end_of_user_message,2,authority_pressure_delta,80,2.423867508483755,2.4207655189356805,2.268703658047152,2.558841580662425,0.06932060781572605
end_of_user_message,2,distractor_delta,80,2.0219524714268404,2.016533168973655,1.8809602122651505,2.275765442003129,0.08198617178580034
end_of_user_message,2,emotional_pressure_delta,80,2.4045675792238677,2.3994322293745856,2.3145781161075636,2.4814275693418995,0.04231439764407378
end_of_user_message,2,false_belief_pressure_delta,80,4.168876033668353,4.168590010709125,4.04198816830831,4.28421673240652,0.0558523662934857
end_of_user_message,2,false_rationale_pressure_delta,80,4.352362616333839,4.365008544709202,4.096271405692088,4.528690675131559,0.08911367131391858
end_of_user_message,2,true_belief_pressure_delta,80,4.168160613970861,4.162903906448331,4.021849906696873,4.292902884224001,0.05737136984499804
end_of_user_message,2,true_rationale_pressure_delta,80,4.341687608397911,4.3411913011281325,4.122661066765847,4.533507640175052,0.08349887058195109
end_of_user_message,3,authority_pressure_delta,80,3.6609824459541485,3.6605871635490397,3.414504204732821,3.862587013051387,0.0907583152486072
end_of_user_message,3,distractor_delta,80,2.651615541620167,2.6307924778256355,2.4407731614038672,2.9828105259265083,0.11990822031810441
end_of_user_message,3,emotional_pressure_delta,80,3.38841006446539,3.3866623383416936,3.212507705956226,3.5778005647464464,0.08350863994828073
end_of_user_message,3,false_belief_pressure_delta,80,5.415236485943283,5.416639883869934,5.208753516025185,5.658893506638777,0.09103954151303029
end_of_user_message,3,false_rationale_pressure_delta,80,5.5592962898690335,5.573237348267996,5.245914140691704,5.791702895637396,0.10820316676632642
end_of_user_message,3,true_belief_pressure_delta,80,5.414325160322675,5.414100661898214,5.189478762516277,5.697841048876047,0.09376579288422791
end_of_user_message,3,true_rationale_pressure_delta,80,5.552060544744921,5.536304130584002,5.221485833019381,5.833359164951682,0.10908578463201733
end_of_user_message,4,authority_pressure_delta,80,4.420933192622649,4.413938475339652,4.120585024665275,4.8615458170271655,0.15459545200110467
end_of_user_message,4,distractor_delta,80,3.318181335251194,3.302861687586635,3.0103077854563156,3.6160287809406055,0.1302266630743851
end_of_user_message,4,emotional_pressure_delta,80,4.1753561065454345,4.166402462263716,3.9295060786835,4.432831260734245,0.10995726865779146
end_of_user_message,4,false_belief_pressure_delta,80,6.62965842296484,6.631751877370776,6.35556690081784,6.96014445157667,0.11214631577920392
end_of_user_message,4,false_rationale_pressure_delta,80,6.745556977593479,6.760638258569653,6.374183405081846,7.3603867675277215,0.15614270254563747
end_of_user_message,4,true_belief_pressure_delta,80,6.628565758888146,6.630569767000237,6.266268205632926,7.033054195333686,0.11767881813406098
end_of_user_message,4,true_rationale_pressure_delta,80,6.72351274041854,6.729432711258758,6.360921786065089,7.06430000176485,0.13270684579358005
end_of_user_message,5,authority_pressure_delta,80,5.6941395977823595,5.701607221337167,5.3591548266399975,6.071884377765757,0.15889756680723807
end_of_user_message,5,distractor_delta,80,4.249578609602194,4.241243945358915,3.815525852101949,4.836015084114626,0.20385038770529687
end_of_user_message,5,emotional_pressure_delta,80,5.63671026942202,5.63865746978116,5.313901894972932,5.996273376871209,0.1459175020897957
end_of_user_message,5,false_belief_pressure_delta,80,8.782929969873777,8.787796956372802,8.488248499321674,9.083889742918684,0.136141509018381
end_of_user_message,5,false_rationale_pressure_delta,80,8.984650494520688,8.972463435995556,8.56257019654451,9.425745044624945,0.20924707349520072
end_of_user_message,5,true_belief_pressure_delta,80,8.779812340433656,8.7584433504524,8.399255114923099,9.076694122989561,0.13887627237285174
end_of_user_message,5,true_rationale_pressure_delta,80,8.9538825877451,8.937375642566684,8.580243011779473,9.517614389373872,0.192496374299634
end_of_user_message,6,authority_pressure_delta,80,8.691152372917411,8.690300218471428,8.244650186081854,9.216095969521742,0.21050404130575828
end_of_user_message,6,distractor_delta,80,6.2340065398639695,6.212940298475004,5.492095221679506,6.994464310076084,0.3586276177596474
end_of_user_message,6,emotional_pressure_delta,80,9.654534258646494,9.654667755394339,9.11756875878706,10.479055239101045,0.2587339193284636
end_of_user_message,6,false_belief_pressure_delta,80,13.438103488610977,13.422008850782316,12.946328251575773,13.875274895007843,0.23056269486601386
end_of_user_message,6,false_rationale_pressure_delta,80,13.49842224258436,13.506305728034619,12.781031347878915,14.230836528611967,0.2959366110649665
end_of_user_message,6,true_belief_pressure_delta,80,13.437023533495601,13.432595058152009,12.920376212467698,13.859461125836955,0.23187938689735757
end_of_user_message,6,true_rationale_pressure_delta,80,13.505806163171382,13.465774961144419,13.014369861735439,14.398784648430148,0.283806774000129
end_of_user_message,7,authority_pressure_delta,80,11.159384866289678,11.176418881343427,10.727409243530163,11.670468672927777,0.23767689407336584
end_of_user_message,7,distractor_delta,80,8.011692465506583,8.022680375380794,7.014402182720419,9.007254588849257,0.42116139575017103
end_of_user_message,7,emotional_pressure_delta,80,12.278301674429489,12.297681007614358,11.627793066731183,13.675059813775025,0.3438821312108971
end_of_user_message,7,false_belief_pressure_delta,80,15.580282521674018,15.59866665955701,14.955836972332797,16.043119163911648,0.2418088866055205
end_of_user_message,7,false_rationale_pressure_delta,80,16.28729386001691,16.290489891312987,15.461443350099108,17.159191122199083,0.3401645001941209
end_of_user_message,7,true_belief_pressure_delta,80,15.578409793588353,15.56326833225977,14.849667063396723,16.175229696900868,0.2604114490033008
end_of_user_message,7,true_rationale_pressure_delta,80,16.2265573038041,16.222296524249913,15.714864340951731,17.020953750894797,0.2791187024035171
end_of_user_message,8,authority_pressure_delta,80,15.08762936141014,15.078642051761385,14.301506067401732,16.049601709971896,0.36824276325920346
end_of_user_message,8,distractor_delta,80,9.377949971634806,9.274481259269074,8.236627397215123,10.664594259273901,0.5768178097953505
end_of_user_message,8,emotional_pressure_delta,80,18.64850363914919,18.611737593131735,17.644951387296448,20.00758513696876,0.40768637079288766
end_of_user_message,8,false_belief_pressure_delta,80,22.048121518722333,22.09929406541032,20.63750679503444,22.812347594427557,0.41984544000720914
end_of_user_message,8,false_rationale_pressure_delta,80,22.697098075705448,22.67084999992263,21.517162306042714,23.63247377687412,0.4230993280270296
end_of_user_message,8,true_belief_pressure_delta,80,22.050270478757934,22.04257071116279,20.48102754599956,22.979883961272595,0.44101680655999975
end_of_user_message,8,true_rationale_pressure_delta,80,22.642025310592892,22.64576887287604,21.38885378763857,23.560739378708995,0.3987371078543643
end_of_user_message,9,authority_pressure_delta,80,14.394117213882865,14.369300772832984,13.499944733072748,15.503031354909606,0.3762381602566293
end_of_user_message,9,distractor_delta,80,8.761347843658436,8.722189926729381,7.815739067446903,9.89703759625551,0.5000464089664379
end_of_user_message,9,emotional_pressure_delta,80,18.533992995255147,18.54001413353867,17.164405953450117,19.358038926596823,0.41347273721165406
end_of_user_message,9,false_belief_pressure_delta,80,20.747441251227134,20.79725582162071,19.310908565264377,21.50299190320073,0.42040508042445074
end_of_user_message,9,false_rationale_pressure_delta,80,21.326562059050467,21.309045506823594,20.008009800722096,22.24130195567415,0.40099911115916287
end_of_user_message,9,true_belief_pressure_delta,80,20.752436098191893,20.74296656969338,19.069954952200455,21.652862697898318,0.4451606835844036
end_of_user_message,9,true_rationale_pressure_delta,80,21.235751624194826,21.28232604003083,19.92390215866964,22.022348357121487,0.37332323688899044
end_of_user_message,10,authority_pressure_delta,80,16.12465327079572,16.09330989917769,15.02791801461822,17.463378474791018,0.5460918974982313
end_of_user_message,10,distractor_delta,80,9.13967941957438,9.190338387431968,7.901210038748635,10.764944574669356,0.6976240940846571
end_of_user_message,10,emotional_pressure_delta,80,22.59775293454114,22.601785643140822,20.67170484524124,24.231429109050037,0.6329282087193995
end_of_user_message,10,false_belief_pressure_delta,80,21.587927517078587,21.627410819786533,20.04076535170847,22.679616306370065,0.4956525507763293
end_of_user_message,10,false_rationale_pressure_delta,80,22.914331389615633,22.9172912389892,21.38596758474429,24.167294885352362,0.48623447132323727
end_of_user_message,10,true_belief_pressure_delta,80,21.59192692533643,21.59750060862714,19.817480897485147,22.847049274201535,0.5156187192757423
end_of_user_message,10,true_rationale_pressure_delta,80,22.55985421309113,22.571357325908316,20.958523075004322,23.629191406668472,0.49699626774434374
end_of_user_message,11,authority_pressure_delta,80,16.712981998131774,16.75593773922899,15.681048367440503,18.126033218850683,0.5762764803416586
end_of_user_message,11,distractor_delta,80,9.649234129972468,9.710738894757874,8.243455600058297,11.74515522656489,0.8534945486726727
end_of_user_message,11,emotional_pressure_delta,80,23.48610526040174,23.518415432825183,22.082376683923783,25.055880275515197,0.5340445247825566
end_of_user_message,11,false_belief_pressure_delta,80,23.284801293114917,23.275804294342116,21.974318948738063,24.205304279148166,0.45820009862770944
end_of_user_message,11,false_rationale_pressure_delta,80,24.213690858396166,24.174025797244845,22.528726889200176,25.38549561359969,0.5355025145139527
end_of_user_message,11,true_belief_pressure_delta,80,23.281094165916983,23.254321123455426,21.71781139735829,24.44319701732397,0.49625124924346037
end_of_user_message,11,true_rationale_pressure_delta,80,23.61364184140701,23.64511544907314,21.94303574133424,24.962493788912266,0.5284189000448528
end_of_user_message,12,authority_pressure_delta,80,18.917933328096872,18.98180774384263,18.026438659633943,20.145975050556583,0.500915691336367
end_of_user_message,12,distractor_delta,80,9.880216735429133,9.823477451008898,8.034997940193612,12.411628044891259,1.0716384494158473
end_of_user_message,12,emotional_pressure_delta,80,26.12614325298144,26.109047652501076,24.844860452701045,27.675202024214745,0.4833068693364617
end_of_user_message,12,false_belief_pressure_delta,80,25.55815663605919,25.595818069025754,24.46059367336309,26.54709113813273,0.47415008304854067
end_of_user_message,12,false_rationale_pressure_delta,80,25.22819501107808,25.186605057168922,23.92214624148434,26.337272773446397,0.4905024216491602
end_of_user_message,12,true_belief_pressure_delta,80,25.561472777799946,25.535201433049007,24.078400115809934,26.6933725458185,0.5164469401678308
end_of_user_message,12,true_rationale_pressure_delta,80,24.588804503006642,24.527503486584557,23.349478230550186,26.079239468588657,0.48479987426779103
end_of_user_message,13,authority_pressure_delta,80,18.334734461795755,18.31840797861166,17.36352895669456,19.3204877645177,0.45579887707495725
end_of_user_message,13,distractor_delta,80,9.927800620862905,9.926052104226049,8.057659608374914,12.682859314204265,1.1264619941999718
end_of_user_message,13,emotional_pressure_delta,80,25.225731596166064,25.209430573875856,24.106831012464607,26.35841685756336,0.4770495293488242
end_of_user_message,13,false_belief_pressure_delta,80,25.5669230009148,25.621120264812927,24.366269374185013,26.448885631157538,0.46209400573324644
end_of_user_message,13,false_rationale_pressure_delta,80,25.087792528373512,25.08100280642794,23.586188534976774,26.095923548186985,0.49106243517888093
end_of_user_message,13,true_belief_pressure_delta,80,25.579538141130552,25.594350501154395,24.004213333680557,26.543450430422027,0.49039615006684867
end_of_user_message,13,true_rationale_pressure_delta,80,24.35050450111912,24.33702062576157,22.886144212473614,25.6621270895277,0.4776538000551365
end_of_user_message,14,authority_pressure_delta,80,19.234165341943196,19.172972376797482,18.340189957595726,20.31177940639533,0.4133667902380554
end_of_user_message,14,distractor_delta,80,11.670753971871386,11.498143663423516,9.954406665679098,15.016039913448601,1.0576573876180686
end_of_user_message,14,emotional_pressure_delta,80,24.640763917715162,24.65380739502198,23.362997481724502,25.75653455581954,0.4764936641456459
end_of_user_message,14,false_belief_pressure_delta,80,25.28313785241784,25.273897526857326,23.795596216352852,26.285020703881127,0.473452772162388
end_of_user_message,14,false_rationale_pressure_delta,80,25.282700068629115,25.35164090869653,23.752483436571488,26.31740217457344,0.5259682357328184
end_of_user_message,14,true_belief_pressure_delta,80,25.31814700974273,25.323462848915817,23.64331212073525,26.554423459015293,0.5000360934014635
end_of_user_message,14,true_rationale_pressure_delta,80,24.629211264494362,24.65543488715244,23.20108698593939,25.843287087883898,0.4923151013927022
end_of_user_message,15,authority_pressure_delta,80,21.08206306907264,21.07475166031687,20.330264206969616,22.35718077683077,0.404583622840664
end_of_user_message,15,distractor_delta,80,12.954413181981973,12.784061769232107,11.034297800318875,16.684471792851767,1.2544287839354222
end_of_user_message,15,emotional_pressure_delta,80,26.009358670998314,25.99913180077185,24.57354999055876,27.370075308415007,0.53341314552621
end_of_user_message,15,false_belief_pressure_delta,80,27.1819906297167,27.19135855314203,25.772679235282812,28.60148830502975,0.5504054815524522
end_of_user_message,15,false_rationale_pressure_delta,80,26.820798780657707,26.885524490727853,25.25308466971358,28.13117445493513,0.6302993946602352
end_of_user_message,15,true_belief_pressure_delta,80,27.221792605890688,27.166440860209796,25.573939309606704,28.933719971435053,0.5830330720965217
end_of_user_message,15,true_rationale_pressure_delta,80,26.206282515879753,26.217627856338062,24.812202346541472,27.77331532514276,0.5877855847868122
end_of_user_message,16,authority_pressure_delta,80,23.201228246521403,23.172988632335905,21.980794811911842,24.50461100061962,0.48628072590704435
end_of_user_message,16,distractor_delta,80,13.633137606761682,13.413688348492727,11.704538543084514,17.450444996411115,1.2303359707192516
end_of_user_message,16,emotional_pressure_delta,80,27.051188731148066,27.039245452482934,25.4106099222116,28.585855200345936,0.6048987388508085
end_of_user_message,16,false_belief_pressure_delta,80,27.724458839434323,27.66288783424768,26.100198581233258,29.443869452981993,0.6319891190358409
end_of_user_message,16,false_rationale_pressure_delta,80,27.553334277538482,27.48536105355889,25.49735908563032,29.38539213911222,0.6929373274773065
end_of_user_message,16,true_belief_pressure_delta,80,27.682055966724754,27.61545034146651,25.821714121422303,29.84312446666388,0.6861070588900076
end_of_user_message,16,true_rationale_pressure_delta,80,26.83609586247428,26.850948295342377,25.071470962790006,28.90257511803546,0.6405632346029898
end_of_user_message,17,authority_pressure_delta,80,26.493239172116024,26.510133809905504,25.318918838507155,27.3061682826065,0.4124677689595882
end_of_user_message,17,distractor_delta,80,15.16230052229887,14.945794794363376,13.07274544571419,20.222956288490938,1.4063887477614962
end_of_user_message,17,emotional_pressure_delta,80,30.591478282489067,30.670231871763814,29.170074392121887,31.876232164855757,0.5925714297690166
end_of_user_message,17,false_belief_pressure_delta,80,31.55063665096902,31.553308668454108,30.355185572111218,33.168264269674374,0.6203224723985546
end_of_user_message,17,false_rationale_pressure_delta,80,31.947427618965172,31.909427780617392,30.09290066065635,33.8901763774397,0.8579767242664975
end_of_user_message,17,true_belief_pressure_delta,80,31.5050470850286,31.425365485250115,29.92511936302527,33.67971247596714,0.6987799291258487
end_of_user_message,17,true_rationale_pressure_delta,80,31.03391827727525,30.98670688427132,29.555095079236366,32.653401500609554,0.7097088067024109
end_of_user_message,18,authority_pressure_delta,80,27.407066191806194,27.34061656743097,26.608500047973997,28.410842921716277,0.3945211266721956
end_of_user_message,18,distractor_delta,80,15.450862010664324,15.168966476491438,13.401618512928795,20.69244863664305,1.2939673342866866
end_of_user_message,18,emotional_pressure_delta,80,31.506716751738274,31.416456051970297,30.27832119246992,33.111586546429365,0.637707086876055
end_of_user_message,18,false_belief_pressure_delta,80,31.976009015614704,32.001356293240654,30.636989838115717,33.87795977160846,0.7428992946641155
end_of_user_message,18,false_rationale_pressure_delta,80,32.588082300200355,32.51819571704763,30.300273754929176,35.18342975998056,1.0365373741189552
end_of_user_message,18,true_belief_pressure_delta,80,31.96742257395934,31.90209727579104,30.228450669785822,34.197533592495766,0.754879174363275
end_of_user_message,18,true_rationale_pressure_delta,80,31.43873768494351,31.493959818510593,29.949017439714293,33.06110777819402,0.7531639373857872
end_of_user_message,19,authority_pressure_delta,80,34.95033034829793,34.82460637091967,33.355441740175515,37.91936146302256,0.9430212579436946
end_of_user_message,19,distractor_delta,80,19.355772278746674,19.083529742727947,16.619729808515533,25.42599335805254,1.5019418235587814
end_of_user_message,19,emotional_pressure_delta,80,39.02404997992045,38.88355933991671,36.845603893202934,41.29754345194497,1.0376414466918338
end_of_user_message,19,false_belief_pressure_delta,80,39.73728992568656,39.45700580939172,37.445197188317266,44.16180118647569,1.4804319785694873
end_of_user_message,19,false_rationale_pressure_delta,80,40.94345904878112,40.67768056083794,37.20358068070669,44.33744017935105,1.5711178659259917
end_of_user_message,19,true_belief_pressure_delta,80,38.995030071176906,38.96933648040213,36.91301963916004,41.33319299771928,0.9452367259963097
end_of_user_message,19,true_rationale_pressure_delta,80,38.36066928127036,38.275159582985154,36.396252447646106,40.41820487906065,0.8887699026439193
end_of_user_message,20,authority_pressure_delta,80,38.36974835326361,37.87387177916054,35.22012881414286,44.78239754633782,2.0836193194836805
end_of_user_message,20,distractor_delta,80,21.52475945484651,21.14235652177929,17.984791322494363,27.155864562260792,1.9116827494606172
end_of_user_message,20,emotional_pressure_delta,80,43.61789303385362,43.44031738343532,40.34190160546549,47.03408379646498,1.414176736567045
end_of_user_message,20,false_belief_pressure_delta,80,44.41202414538375,43.90879867340154,40.468006333392445,51.398786847163336,2.6130229969574197
end_of_user_message,20,false_rationale_pressure_delta,80,45.835564555909826,45.70832174032844,40.12056954139339,54.39321752876508,2.5045266775068824
end_of_user_message,20,true_belief_pressure_delta,80,42.90512140039929,42.78620345271543,40.01155380774939,46.45522044269902,1.2138861659991143
end_of_user_message,20,true_rationale_pressure_delta,80,42.575819612534005,42.36671560472045,39.899011424746675,46.59495899017875,1.2939561002118987
end_of_user_message,21,authority_pressure_delta,80,42.90483465567704,42.52126919461607,38.36628330887792,49.97828242640847,2.7202583048448865
end_of_user_message,21,distractor_delta,80,24.17186809256123,23.850749005180884,19.645732972922627,29.926587261449242,2.2487522544823184
end_of_user_message,21,emotional_pressure_delta,80,48.48067447690332,48.34866342029625,43.51066801525298,52.70914265504003,1.9861484822531041
end_of_user_message,21,false_belief_pressure_delta,80,47.64108501928864,47.35806584878971,42.56216113482679,54.67703506639068,2.684840237221364
end_of_user_message,21,false_rationale_pressure_delta,80,48.73402188660335,48.697403242635474,42.92739553889913,57.02971099870875,2.6170409256843574
end_of_user_message,21,true_belief_pressure_delta,80,46.34121087746649,46.22102822435676,42.07795654934521,50.620942798577026,1.6255950987055052
end_of_user_message,21,true_rationale_pressure_delta,80,45.99893172834322,45.870735415634286,42.65321280023296,50.390227778241226,1.4909918257721855
end_of_user_message,22,authority_pressure_delta,80,46.61662713525317,46.71418982127551,41.73551563480305,53.49872004736134,2.7780970098439814
end_of_user_message,22,distractor_delta,80,25.34432447161378,25.165758919502053,21.935547168270084,30.30347618981097,1.95181693031685
end_of_user_message,22,emotional_pressure_delta,80,53.85188699878203,53.9096579493049,47.740163516429384,58.64961523757847,2.1209564990280163
end_of_user_message,22,false_belief_pressure_delta,80,50.717548940559865,50.80883490273383,45.65463399818259,55.21279074135311,1.8646664593526816
end_of_user_message,22,false_rationale_pressure_delta,80,50.844822269296074,50.723919927472735,46.36484233915949,58.28758542336368,2.1982305445635197
end_of_user_message,22,true_belief_pressure_delta,80,49.69094339315389,49.59759727380122,45.251037750295126,54.395498681357225,1.6979418606873242
end_of_user_message,22,true_rationale_pressure_delta,80,49.597707459941404,49.56134536419217,45.58046464946015,54.688616954299555,1.7444243985372254
end_of_user_message,23,authority_pressure_delta,80,54.94610887759501,54.5962968390903,49.0668069351086,62.779120714634146,3.0565689109321763
end_of_user_message,23,distractor_delta,80,29.87703418321479,29.704823454103362,25.629383658809044,35.69872206314477,2.2647833150175924
end_of_user_message,23,emotional_pressure_delta,80,63.18440614120649,63.23480907426672,57.723484130959406,68.34397466847531,2.2265078116151207
end_of_user_message,23,false_belief_pressure_delta,80,58.87532021969175,58.59163299353561,52.959981129863735,65.70322164316246,2.343606820803866
end_of_user_message,23,false_rationale_pressure_delta,80,59.814010349766576,59.66280641581835,54.69553579507537,69.00726160720308,2.5156860623348494
end_of_user_message,23,true_belief_pressure_delta,80,57.83113609687052,57.604892758454824,52.563341823791724,63.94862337601894,2.1072302818737705
end_of_user_message,23,true_rationale_pressure_delta,80,57.93564670406569,57.64065369625925,53.62031283835518,64.50183113225359,2.1167070206176484
end_of_user_message,24,authority_pressure_delta,80,65.99958559906082,65.13365956057848,56.601841103106935,76.14075649887947,4.4678879879488616
end_of_user_message,24,distractor_delta,80,36.89405119568608,36.78596168189971,31.135340670325448,44.34376812744827,2.9752589617756886
end_of_user_message,24,emotional_pressure_delta,80,75.58111631984933,75.25676789718253,69.08165565679452,81.44425511512053,3.011000052418423
end_of_user_message,24,false_belief_pressure_delta,80,68.68599580207493,68.30558418427745,61.66036538263457,78.55496330505744,3.754187179431036
end_of_user_message,24,false_rationale_pressure_delta,80,69.82418181949639,69.67088520905651,62.706695549186115,80.32657019938674,3.4310557294582726
end_of_user_message,24,true_belief_pressure_delta,80,68.54008840587498,68.35967269654307,60.382091436597975,76.86387128434914,3.500112783863378
end_of_user_message,24,true_rationale_pressure_delta,80,67.84410538628535,67.37854256564712,61.41909217890739,75.86903090366589,3.2326067276459285
end_of_user_message,25,authority_pressure_delta,80,75.3701934744612,74.30726464972915,65.07682496915453,87.13349985667541,4.924489565468794
end_of_user_message,25,distractor_delta,80,41.99646013355897,41.78490804934428,35.47237737065995,50.111382617511445,3.248187567931547
end_of_user_message,25,emotional_pressure_delta,80,86.28785036049871,86.1107834488172,79.48653013800698,91.63405387795207,2.913741952265137
end_of_user_message,25,false_belief_pressure_delta,80,78.68081253066899,77.89535640707588,70.20452649819744,89.96986633293987,4.0472061142260225
end_of_user_message,25,false_rationale_pressure_delta,80,79.52456529700899,79.17787406243878,72.02511130018634,91.58956129197566,3.686168027563513
end_of_user_message,25,true_belief_pressure_delta,80,79.39695752471972,78.73542706707619,69.25099775608679,88.99990624138523,4.012795675295292
end_of_user_message,25,true_rationale_pressure_delta,80,78.2923176964776,77.63090215585873,71.17708415043897,88.35697471788653,3.7609788754278797
end_of_user_message,26,authority_pressure_delta,80,84.61233976487144,83.20060005698677,74.08160070456157,96.59816829370045,5.23479821453589
end_of_user_message,26,distractor_delta,80,47.87267426759803,48.003180204327634,40.54521581558887,57.64081766363029,3.9178601175787597
end_of_user_message,26,emotional_pressure_delta,80,97.3208031056407,97.14659043772689,89.78082923100682,104.16979809195936,3.3796209601021725
end_of_user_message,26,false_belief_pressure_delta,80,90.2348550554537,90.00951345011578,78.69984951836707,104.88694726989416,5.690385920995592
end_of_user_message,26,false_rationale_pressure_delta,80,90.94143115103341,90.2003908745849,80.85206827012631,103.72157581483845,4.9507956731653096
end_of_user_message,26,true_belief_pressure_delta,80,88.11155195952952,87.38556160302068,77.62231445435737,98.84267315301395,4.541918503376636
end_of_user_message,26,true_rationale_pressure_delta,80,87.7933027864187,86.67566297828127,78.3883424539189,98.5954822497763,4.604278917411052
end_of_user_message,27,authority_pressure_delta,80,102.11024742685997,100.95818984198942,86.55315676314115,122.70261887398199,7.96719421272378
end_of_user_message,27,distractor_delta,80,56.54292276269088,56.81715440053756,46.83115971308232,67.52574783056116,4.766915602178372
end_of_user_message,27,emotional_pressure_delta,80,111.7025100550303,111.45780496669155,102.63555680136594,119.47042122034608,4.121807146152239
end_of_user_message,27,false_belief_pressure_delta,80,106.18215075928792,105.12219298995832,94.84650384377439,123.59810834621922,5.858995304030424
end_of_user_message,27,false_rationale_pressure_delta,80,104.37302605459442,103.26042387037033,93.04974436728557,119.91216283684071,5.668663880636428
end_of_user_message,27,true_belief_pressure_delta,80,104.66277595732372,103.83372863074185,93.35272982546007,116.932206955155,5.323909929031421
end_of_user_message,27,true_rationale_pressure_delta,80,104.99103409000084,104.11630164944916,91.47258376705861,119.00506006313628,6.062933786414402
end_of_user_message,28,authority_pressure_delta,80,121.45612704080925,119.95281774478492,104.3498244771026,143.78667157376918,8.971028253996817
end_of_user_message,28,distractor_delta,80,69.40466800426022,69.37644919827648,56.322861514717566,84.79039130065958,6.168078369713542
end_of_user_message,28,emotional_pressure_delta,80,131.81230164935258,131.9869915108232,120.8509976204961,141.04295746129,4.245047748554587
end_of_user_message,28,false_belief_pressure_delta,80,124.49623744372016,123.69757654411308,110.79910015348506,142.96338940989364,6.428338180338408
end_of_user_message,28,false_rationale_pressure_delta,80,122.46364596170058,121.44024220165085,110.0576177761244,138.4105609905854,5.936076509877436
end_of_user_message,28,true_belief_pressure_delta,80,122.5629758616667,121.90462084854687,108.9897516187943,136.02845411024785,6.189099817927884
end_of_user_message,28,true_rationale_pressure_delta,80,123.64812609733738,122.78592696630331,107.68480006142394,141.77030516009017,7.469149327700764
end_of_user_message,29,authority_pressure_delta,80,139.57231374843914,137.0039972788295,118.93902876202488,167.5778686184622,10.97835070864991
end_of_user_message,29,distractor_delta,80,81.65786396668264,82.10941989372381,62.96193664487565,101.17463618601595,7.763231102818267
end_of_user_message,29,emotional_pressure_delta,80,148.01538010504464,147.72106464094412,136.16243876706994,159.52547720381298,4.450759633711983
end_of_user_message,29,false_belief_pressure_delta,80,140.1968319554829,138.6189772027737,123.70637352974174,161.8915233458865,7.452846488566669
end_of_user_message,29,false_rationale_pressure_delta,80,137.6302552319359,135.8941995305317,124.51578338339402,155.73263570702528,7.1047499615087775
end_of_user_message,29,true_belief_pressure_delta,80,144.46026425557744,143.31673566895046,125.2610899388271,163.4494186787869,7.8394868306243914
end_of_user_message,29,true_rationale_pressure_delta,80,144.14805049849934,142.04870644782943,125.60554672519031,164.8798208721632,9.091489073925803
end_of_user_message,30,authority_pressure_delta,80,167.21110332413056,163.51429461084768,139.901102375933,202.08090788266577,14.050844095885537
end_of_user_message,30,distractor_delta,80,99.61949062664084,99.32705718770077,74.90523424553972,126.02781928405187,9.96418722928309
end_of_user_message,30,emotional_pressure_delta,80,169.78044513625602,170.02264816644168,156.18418737642753,181.01241043365076,5.07741590192788
end_of_user_message,30,false_belief_pressure_delta,80,166.38323152035315,164.96715766115545,148.38752632631315,191.20067828186345,8.205322347220141
end_of_user_message,30,false_rationale_pressure_delta,80,159.64172668719027,158.48060851576173,143.9222791183809,180.537541886787,8.03778522401297
end_of_user_message,30,true_belief_pressure_delta,80,173.10221357222647,172.7050260365101,150.53214834468895,191.95234160375344,8.718584980639582
end_of_user_message,30,true_rationale_pressure_delta,80,171.6095814086368,170.8926410521875,147.09003946557084,198.53599414644665,10.779450177286241
end_of_user_message,31,authority_pressure_delta,80,186.5848596501225,182.77998382480146,156.82524577640405,226.30107163567945,15.906494972227659
end_of_user_message,31,distractor_delta,80,114.87259840449524,114.29772004171218,86.4042424431849,147.35084061043395,11.983457881125057
end_of_user_message,31,emotional_pressure_delta,80,187.8543595682446,188.56449805777928,171.29217158761193,199.95388892504874,5.647285686877039
end_of_user_message,31,false_belief_pressure_delta,80,188.8133581905178,187.78207039905294,168.43510723514058,214.559762405792,8.924379860837488
end_of_user_message,31,false_rationale_pressure_delta,80,179.29724743804323,178.48913700403645,162.77350508839538,202.68995400777376,8.843518681191645
end_of_user_message,31,true_belief_pressure_delta,80,198.263051452394,197.99604733979032,170.9159140691219,220.81201100774248,10.345491349221598
end_of_user_message,31,true_rationale_pressure_delta,80,195.07094700580066,194.4460328362404,168.17434070004285,227.17731295858437,12.169589729782576
end_of_user_message,32,authority_pressure_delta,80,210.0777960218761,206.988997015852,176.1179833370962,258.6667096844338,17.858749977249634
end_of_user_message,32,distractor_delta,80,132.20246613808317,131.94286368658894,102.77310263175714,168.24071707246281,14.180912570476808
end_of_user_message,32,emotional_pressure_delta,80,207.60417244022534,208.6228003625768,188.63991721670854,220.5396049601655,6.420995973510844
end_of_user_message,32,false_belief_pressure_delta,80,209.6237915807811,208.3458916513985,186.14206500507717,236.8084535557176,9.947169968358104
end_of_user_message,32,false_rationale_pressure_delta,80,197.57599886107954,195.80266638712143,179.71487611298775,222.30427068651568,9.772374414298309
end_of_user_message,32,true_belief_pressure_delta,80,219.81356898590107,219.93361579140856,188.43556666274978,242.292495272798,11.326110482077194
end_of_user_message,32,true_rationale_pressure_delta,80,216.65477339097646,215.69025062655743,185.73077618060796,254.91251198834723,13.569622741534175
end_of_user_message,33,authority_pressure_delta,80,227.74303080274694,224.33061233688034,190.98837691667205,287.04200616097506,18.95050855113286
end_of_user_message,33,distractor_delta,80,149.37958534566405,148.33601411128743,113.37546240112505,190.25758290602633,16.165058296068025
end_of_user_message,33,emotional_pressure_delta,80,228.44221537244107,228.22123901375474,210.32715698395748,247.61428006941918,7.879668443142768
end_of_user_message,33,false_belief_pressure_delta,80,229.3991780661417,228.33996097796123,204.24846294175737,260.2322740519434,10.845312718601551
end_of_user_message,33,false_rationale_pressure_delta,80,214.77063093865758,213.0538576362213,193.475151989935,250.54419751518805,11.717075841307246
end_of_user_message,33,true_belief_pressure_delta,80,237.5108689664508,236.56776029081527,205.54317766537545,272.1329217702135,12.175768828377818
end_of_user_message,33,true_rationale_pressure_delta,80,234.56904381314357,232.84290609447862,200.82303947105544,286.31892060982943,14.633437089709187
end_of_user_message,34,authority_pressure_delta,80,251.72161833638992,247.50122328253195,209.37821821190357,315.0626240653511,21.15564590067467
end_of_user_message,34,distractor_delta,80,170.73852136984834,167.59616650838322,123.02665329058334,228.45732049348553,20.618271704826512
end_of_user_message,34,emotional_pressure_delta,80,251.94060551611506,250.2476314922422,230.45361110417036,275.3367167395045,10.056671695459771
end_of_user_message,34,false_belief_pressure_delta,80,249.47223599452704,248.13359569347767,219.60618444474258,284.55789135835704,12.482260331432402
end_of_user_message,34,false_rationale_pressure_delta,80,233.18824454991028,230.86175470814084,209.9977754876151,275.5455247045995,14.071474641924656
end_of_user_message,34,true_belief_pressure_delta,80,258.5811914969147,257.51063499051793,221.20647991844552,297.56209641673655,13.878521507899887
end_of_user_message,34,true_rationale_pressure_delta,80,254.2368461930038,251.86630820204493,218.36486988198385,310.51126863906563,16.392541802426052
end_of_user_message,35,authority_pressure_delta,80,113.93988180277924,112.36605671196367,94.30285432996332,138.3124580776705,8.519337856822315
end_of_user_message,35,distractor_delta,80,73.38092370188804,72.91535357949947,57.38735729393585,95.45079532875803,7.184051763843186
end_of_user_message,35,emotional_pressure_delta,80,126.98061440476633,127.25412830508165,117.5145711485899,137.7581374389163,4.614900390245662
end_of_user_message,35,false_belief_pressure_delta,80,108.30661600156596,107.31501104093081,92.4804918729954,125.11764641980757,5.308433183082517
end_of_user_message,35,false_rationale_pressure_delta,80,107.75533036068596,107.93290984556957,92.24777198316394,125.9670561003338,5.792877904376785
end_of_user_message,35,true_belief_pressure_delta,80,109.29401403715465,109.0056772845042,97.17780675729368,128.04470886158293,5.7505619379511375
end_of_user_message,35,true_rationale_pressure_delta,80,108.04581994583646,107.50825565082457,97.21705051093821,128.4019667376085,5.865970915949758
final_answer_position,0,authority_pressure_delta,80,1.128909622390224,1.1286579057629633,1.070768170136079,1.189494877081237,0.02325388053848741
final_answer_position,0,distractor_delta,80,0.4526668148414247,0.3534194098932369,0.23415261662037065,0.8230324065753957,0.19126411548332106
final_answer_position,0,emotional_pressure_delta,80,1.22388673195396,1.225855585527865,1.1666532790056474,1.2766993573200587,0.02119729498375261
final_answer_position,0,false_belief_pressure_delta,80,0.2187052243846955,0.209930195680805,0.18166743273234334,0.35270632237418004,0.03292039456207317
final_answer_position,0,false_rationale_pressure_delta,80,0.62908858572048,0.3575666246499145,0.25446065552719993,1.5140974403942893,0.4267362111083427
final_answer_position,0,true_belief_pressure_delta,80,0.21870242643258697,0.20983575735113907,0.18140553525776354,0.3501829804373433,0.032813664249158894
final_answer_position,0,true_rationale_pressure_delta,80,0.5973458825285338,0.34430837494124644,0.2636735165412081,1.530545042065706,0.40688072344925236
final_answer_position,1,authority_pressure_delta,80,1.2074590853488338,1.2084688754066781,1.1429158308629097,1.2740774019001948,0.023825872207688444
final_answer_position,1,distractor_delta,80,0.5364033196152003,0.4436190285656615,0.35172422787137586,0.8686533134997771,0.17569176211705892
final_answer_position,1,emotional_pressure_delta,80,1.3322644071630068,1.3359014129109168,1.2775412693154862,1.4001580365238806,0.023892674508615267
final_answer_position,1,false_belief_pressure_delta,80,0.39625885809009026,0.3935397830027021,0.3472204327572382,0.4918220496151979,0.0299789427623895
final_answer_position,1,false_rationale_pressure_delta,80,0.793693409415577,0.55900232719834,0.44300157918547034,1.6630457520125992,0.40525875443743353
final_answer_position,1,true_belief_pressure_delta,80,0.39600667733910033,0.39425711484082127,0.34865001449256644,0.4923032358595997,0.029460786920121825
final_answer_position,1,true_rationale_pressure_delta,80,0.7614804436020275,0.546475871341553,0.45808489591142637,1.6829803401379548,0.38237478178109335
final_answer_position,2,authority_pressure_delta,80,1.3536378440420545,1.3548970340222108,1.289195406667223,1.4181120958195053,0.0284049636014789
final_answer_position,2,distractor_delta,80,0.6815539284384414,0.6000736131024833,0.4896370954507154,1.1443208698201597,0.17557181722650414
final_answer_position,2,emotional_pressure_delta,80,1.4976943875582076,1.4951831645579035,1.4367382578469667,1.5859793955607235,0.03064075939528763
final_answer_position,2,false_belief_pressure_delta,80,0.7136948843064229,0.7095139492282376,0.5929184951365094,0.871915235107767,0.06698726118455349
final_answer_position,2,false_rationale_pressure_delta,80,1.0533390522141919,0.8782874242592159,0.6954177811841074,1.8548494059856344,0.36960451691324064
final_answer_position,2,true_belief_pressure_delta,80,0.7127868010791097,0.7075408460491042,0.5892486446805963,0.875936725663498,0.06660081041117924
final_answer_position,2,true_rationale_pressure_delta,80,1.0346758823084703,0.8900411496626135,0.6870941895919236,1.9069049611132531,0.3427595424289278
final_answer_position,3,authority_pressure_delta,80,1.7172899606610006,1.7160113849434662,1.6153914851124689,1.8212021231463802,0.04949215323569082
final_answer_position,3,distractor_delta,80,0.8222697139391867,0.7618844053793321,0.6016867734263972,1.3304349956906667,0.1663534901226769
final_answer_position,3,emotional_pressure_delta,80,1.8045892515084088,1.7992247173988538,1.684363504216347,1.9764267852662563,0.05431626916587369
final_answer_position,3,false_belief_pressure_delta,80,1.4352707123702912,1.436035483483711,1.2379223008344165,1.6116501665291134,0.08147961019725865
final_answer_position,3,false_rationale_pressure_delta,80,1.6431179884520695,1.5378660283622985,1.2915377249265925,2.3034628819559764,0.2706331099385971
final_answer_position,3,true_belief_pressure_delta,80,1.4343567144250824,1.4379341024207162,1.2388782065820132,1.5917126530728654,0.08051283626912431
final_answer_position,3,true_rationale_pressure_delta,80,1.6121052819583892,1.52794385253666,1.2890310384392076,2.28361322627655,0.25257255003833134
final_answer_position,4,authority_pressure_delta,80,2.0537996425930705,2.0537036950121577,1.8790872369234424,2.200923744729596,0.07219566910097967
final_answer_position,4,distractor_delta,80,1.0730556088099912,1.0184470744473075,0.8405309573974663,1.6984977866225768,0.1741185153957188
final_answer_position,4,emotional_pressure_delta,80,2.100627243319994,2.101103069486051,1.9348390386198675,2.242238463679151,0.07034821987756175
final_answer_position,4,false_belief_pressure_delta,80,1.884936697831288,1.8853168510945504,1.6169454938343357,2.0950170181021615,0.1100551523249538
final_answer_position,4,false_rationale_pressure_delta,80,2.1841174092835614,2.137082370893934,1.775473840938127,2.7509019696465637,0.2333571690034866
final_answer_position,4,true_belief_pressure_delta,80,1.8834421468668605,1.8895047546000772,1.6148500679795812,2.0916598847026546,0.10940024306155471
final_answer_position,4,true_rationale_pressure_delta,80,2.0920926319365662,2.0278706240645787,1.7044891113439695,2.6631647407192047,0.22188987010591513
final_answer_position,5,authority_pressure_delta,80,2.4867851430319816,2.487022263374058,2.249423890778837,2.7383390663470015,0.10360102356842026
final_answer_position,5,distractor_delta,80,1.4135971448458766,1.3752086564794577,1.1077410870749187,2.0918919614918026,0.16690103411137708
final_answer_position,5,emotional_pressure_delta,80,2.4858050684355293,2.4763414973616547,2.2398031686573483,2.714270374662813,0.09718038670302619
final_answer_position,5,false_belief_pressure_delta,80,2.3522658707812827,2.3656883712475585,2.1228723731113424,2.570488219854717,0.10979753385737383
final_answer_position,5,false_rationale_pressure_delta,80,2.8493359121717377,2.860921968113547,2.3861555307318953,3.2289697902026453,0.20766521501521829
final_answer_position,5,true_belief_pressure_delta,80,2.3504486284623214,2.3755361091334866,2.10778259760281,2.571273710439256,0.10977749700712133
final_answer_position,5,true_rationale_pressure_delta,80,2.716023275275895,2.7026079731475203,2.313720158209182,3.1698050370170017,0.17660751046606485
final_answer_position,6,authority_pressure_delta,80,3.1279388805077715,3.105778967194447,2.788333423672585,3.59691706577688,0.15956090962515207
final_answer_position,6,distractor_delta,80,1.7994234256587922,1.7795335789956472,1.4599335169176655,2.474411199218643,0.19531994797288912
final_answer_position,6,emotional_pressure_delta,80,3.2586736703703503,3.256287730289172,2.865235926760069,3.7213425693785256,0.16411511951063984
final_answer_position,6,false_belief_pressure_delta,80,3.285717870067811,3.307468832298293,2.983654819379448,3.619805134412492,0.15298771910087472
final_answer_position,6,false_rationale_pressure_delta,80,3.773018803438133,3.773830192414655,3.3034463212829643,4.313773112826915,0.22625510522313244
final_answer_position,6,true_belief_pressure_delta,80,3.2830667880842617,3.293536072584139,2.9810476549297777,3.6413040326733235,0.15086721134772962
final_answer_position,6,true_rationale_pressure_delta,80,3.6492605032636205,3.6613177917706943,3.223979835502042,4.084773824437471,0.1898839072591354
final_answer_position,7,authority_pressure_delta,80,3.5752743770320805,3.5378357908943947,3.235245430345551,4.122877910722763,0.1909196512382523
final_answer_position,7,distractor_delta,80,2.2418732053342594,2.200501636047407,1.8672889480704773,2.9372880451373304,0.2255963460389843
final_answer_position,7,emotional_pressure_delta,80,3.882251148012667,3.866841568045032,3.4551593577433057,4.457627051927502,0.19548855199643503
final_answer_position,7,false_belief_pressure_delta,80,4.213714140997362,4.246549498565493,3.782168816167439,4.631704672792287,0.19344896661285566
final_answer_position,7,false_rationale_pressure_delta,80,4.716624070443382,4.707954723262224,4.185887816999973,5.368365621707783,0.2684700762097492
final_answer_position,7,true_belief_pressure_delta,80,4.21115567171775,4.218701987199818,3.794202884303992,4.663281987136199,0.18929936696815514
final_answer_position,7,true_rationale_pressure_delta,80,4.554347339514509,4.558165460705508,4.01932669802469,5.006643625929737,0.2230908638058661
final_answer_position,8,authority_pressure_delta,80,4.597816864412339,4.557717073925906,4.215975085646078,5.367386817245289,0.2384665252722374
final_answer_position,8,distractor_delta,80,2.9103550808160112,2.8813308502286277,2.4591747671858517,3.606342773848057,0.24643032891875402
final_answer_position,8,emotional_pressure_delta,80,4.939631543309462,4.875226612375287,4.457344747132703,5.668661054784586,0.24279607446266058
final_answer_position,8,false_belief_pressure_delta,80,5.44956672157576,5.4772258899000725,4.879770405681162,5.894293864992029,0.22201715903932237
final_answer_position,8,false_rationale_pressure_delta,80,6.207712072664545,6.232749093556864,5.441243558801017,6.989844434095952,0.34704182045953763
final_answer_position,8,true_belief_pressure_delta,80,5.44629279122317,5.477167759608289,4.960086617038367,5.924370052634205,0.21509494311089755
final_answer_position,8,true_rationale_pressure_delta,80,6.026796224911548,6.058466341243722,5.3092576562960305,6.673688591795474,0.28057442649104775
final_answer_position,9,authority_pressure_delta,80,4.6094738203800585,4.556487204854374,4.190628931175839,5.290693139316915,0.2473431750508157
final_answer_position,9,distractor_delta,80,2.9739531903379985,2.958244334802808,2.4866780313511945,3.687947623727789,0.2319431664729239
final_answer_position,9,emotional_pressure_delta,80,5.172020224152144,5.109830017470854,4.7574349544583,5.717622453464778,0.2567291647749367
final_answer_position,9,false_belief_pressure_delta,80,5.69537653516208,5.714050091289173,5.1434164100201585,6.0907017622494255,0.21450200502180622
final_answer_position,9,false_rationale_pressure_delta,80,6.540523604054897,6.549099927385394,5.727765071149224,7.265537690756939,0.34367415109503263
final_answer_position,9,true_belief_pressure_delta,80,5.693901283104527,5.726714244374192,5.191319941497608,6.256918801558615,0.20993902975756118
final_answer_position,9,true_rationale_pressure_delta,80,6.317597477375355,6.3284906630917845,5.613627290020021,6.927578720911131,0.29165028589458664
final_answer_position,10,authority_pressure_delta,80,4.290848048855408,4.271940322667088,3.9171453845200057,4.728881422706161,0.18594915614704483
final_answer_position,10,distractor_delta,80,3.215224880810072,3.2203444050255845,2.740047382945127,3.890378469725164,0.24727788996476094
final_answer_position,10,emotional_pressure_delta,80,4.943785130790271,4.905694326907424,4.494582204604221,5.4410815470396745,0.22081224659266016
final_answer_position,10,false_belief_pressure_delta,80,6.300099174379094,6.3310944137317815,5.357423765367713,6.730007754221406,0.2365148244715115
final_answer_position,10,false_rationale_pressure_delta,80,6.829166345551857,6.822978289187797,5.828929976068972,7.477418363221631,0.3514469744621744
final_answer_position,10,true_belief_pressure_delta,80,6.301387663922004,6.318004220321181,5.560135758591359,6.772473951048384,0.22048840323350197
final_answer_position,10,true_rationale_pressure_delta,80,6.582931742703148,6.59220828748319,5.737103181174754,7.3201047761922515,0.27406705817935595
final_answer_position,11,authority_pressure_delta,80,4.148318839883666,4.118863141980256,3.75324092905018,4.52929409790262,0.16482658433791056
final_answer_position,11,distractor_delta,80,3.114127285869951,3.105838643228856,2.6814947175760198,3.7111443201813796,0.22801517564964077
final_answer_position,11,emotional_pressure_delta,80,4.738714236698667,4.710042583037315,4.357737490792187,5.201811980850878,0.20293095536313296
final_answer_position,11,false_belief_pressure_delta,80,6.025564236186073,6.064343419148821,5.157118434182632,6.432326906101974,0.20911883631628514
final_answer_position,11,false_rationale_pressure_delta,80,6.38675602737131,6.402843308919109,5.489918549464638,7.166197834333217,0.3219851803764816
final_answer_position,11,true_belief_pressure_delta,80,6.025303136422298,6.05404906797567,5.3130115663185356,6.39275987939796,0.1958801382482317
final_answer_position,11,true_rationale_pressure_delta,80,6.168058036728285,6.150426440981763,5.410482121724877,7.069706371147893,0.26410936901300885
final_answer_position,12,authority_pressure_delta,80,5.1514000258494415,5.164284330591807,4.645028709718317,5.738794702741211,0.24481087506529342
final_answer_position,12,distractor_delta,80,3.4054216672824618,3.3995598398477966,2.9343756365363127,3.865191763003529,0.23268202073337013
final_answer_position,12,emotional_pressure_delta,80,5.882533473708251,5.854632138912712,5.40221219648494,6.548513844507745,0.2926800959720017
final_answer_position,12,false_belief_pressure_delta,80,7.390240209635758,7.38681880881208,6.334323532789287,8.077139859865783,0.24766994321615785
final_answer_position,12,false_rationale_pressure_delta,80,7.446701908080312,7.486629611396532,6.600642059492436,8.309403511312853,0.3188030985655657
final_answer_position,12,true_belief_pressure_delta,80,7.393395228479944,7.400644650445967,6.55549784955544,7.914875929849045,0.24681578404810434
final_answer_position,12,true_rationale_pressure_delta,80,7.329559375975957,7.30680758780066,6.68471390767513,8.013368459523878,0.27386674095845587
final_answer_position,13,authority_pressure_delta,80,5.631474913251742,5.620402214024963,5.17718523305693,6.386505968609476,0.23454726999526598
final_answer_position,13,distractor_delta,80,3.6912495150373337,3.6688467517401016,3.1958966582702653,4.229569616597596,0.24662604840165125
final_answer_position,13,emotional_pressure_delta,80,6.483544514252065,6.414772338451757,5.9183787306383735,7.309356334964239,0.3076594475691391
final_answer_position,13,false_belief_pressure_delta,80,8.270597830020446,8.263246859914258,7.314332534374252,8.967908622127986,0.2521138805662516
final_answer_position,13,false_rationale_pressure_delta,80,8.105940940572362,8.12250387673203,7.273729593007019,9.045000461680988,0.30697975342022765
final_answer_position,13,true_belief_pressure_delta,80,8.280557573777447,8.272016530687852,7.571497876861228,8.86523592661713,0.26097895932186976
final_answer_position,13,true_rationale_pressure_delta,80,8.061731067928669,8.047064897566269,7.445012301296492,8.644028759288037,0.2733840460312628
final_answer_position,14,authority_pressure_delta,80,5.907076144231611,5.914984176068384,5.510111904594224,6.260761599976277,0.15389831311339164
final_answer_position,14,distractor_delta,80,3.853042510518155,3.8351463809609965,3.249189638842757,4.5295280146538826,0.2792846867446404
final_answer_position,14,emotional_pressure_delta,80,6.526377679562084,6.484393775644281,6.056778997296994,7.0226588755188155,0.21900966693121793
final_answer_position,14,false_belief_pressure_delta,80,8.089832701454554,8.070294806255177,7.047302775946755,8.662186893535516,0.25008983983345234
final_answer_position,14,false_rationale_pressure_delta,80,7.947781623677502,7.952725304344623,7.140076542588769,8.71407284164654,0.29343309107403376
final_answer_position,14,true_belief_pressure_delta,80,8.094644733483081,8.095596195837722,7.195519993837935,8.707586525724833,0.25374052474286773
final_answer_position,14,true_rationale_pressure_delta,80,7.879357325179906,7.8987276183218675,7.219109759242841,8.351291006484802,0.26081528738163795
final_answer_position,15,authority_pressure_delta,80,7.024539358533599,7.008335589947819,6.531492371391867,7.406694131470761,0.19215204257221638
final_answer_position,15,distractor_delta,80,4.144486977567771,4.120527567491024,3.488769527066292,4.931012470681839,0.32098491231645093
final_answer_position,15,emotional_pressure_delta,80,7.603026593624394,7.589903466319681,6.968995512408907,8.334290487267898,0.27566964369689684
final_answer_position,15,false_belief_pressure_delta,80,9.017907162302276,8.971126295978195,8.04878159044598,9.681814450353373,0.2888353255907206
final_answer_position,15,false_rationale_pressure_delta,80,8.944939856760666,8.950478640093475,8.136765772626356,10.021064633853332,0.39709941223808753
final_answer_position,15,true_belief_pressure_delta,80,9.031039226097043,9.005869500446124,8.147115542580936,9.748561603578558,0.30654486084645366
final_answer_position,15,true_rationale_pressure_delta,80,8.885726603149642,8.869224994592807,8.09175997929899,9.659131803673601,0.33096668150655767
final_answer_position,16,authority_pressure_delta,80,7.769421038262567,7.800493993440446,7.157783606517006,8.386091357305943,0.22650591950316418
final_answer_position,16,distractor_delta,80,4.510073203798942,4.476103744839145,3.9376455145551343,5.315985369435852,0.3095556324838752
final_answer_position,16,emotional_pressure_delta,80,8.332174032103776,8.278654239181957,7.642148108826751,9.210397601398698,0.3153793853023435
final_answer_position,16,false_belief_pressure_delta,80,9.439455662688676,9.384592577694445,8.600749461082557,10.136603812181997,0.31442221649533303
final_answer_position,16,false_rationale_pressure_delta,80,9.420419927016884,9.405361779711603,8.589903591489966,10.54246851984894,0.4384867814884256
final_answer_position,16,true_belief_pressure_delta,80,9.461752675994498,9.419252078799932,8.646159271804459,10.44034873514089,0.3305522378339138
final_answer_position,16,true_rationale_pressure_delta,80,9.365641515376444,9.333423380584701,8.384010467327435,10.180349734900863,0.3608323800145497
final_answer_position,17,authority_pressure_delta,80,9.018012666359736,9.009773744770484,8.411670731431947,9.738958025730865,0.22887106949352976
final_answer_position,17,distractor_delta,80,4.787184850490764,4.71181725976529,4.1684361010649145,5.624216826991009,0.2663288068067264
final_answer_position,17,emotional_pressure_delta,80,9.427915648408568,9.4019457010142,8.625706852333566,10.688308668929196,0.3802347192673323
final_answer_position,17,false_belief_pressure_delta,80,10.004744233646937,9.927840687111534,9.360493164431057,10.98068753093675,0.33278215201158334
final_answer_position,17,false_rationale_pressure_delta,80,9.983588094754406,9.980521276206105,9.230288498861853,11.299919603523888,0.4421560589337022
final_answer_position,17,true_belief_pressure_delta,80,9.977731025556626,9.920486322385841,9.20626506851912,11.430017254621024,0.3918763644285731
final_answer_position,17,true_rationale_pressure_delta,80,9.993812979078468,9.933394972998752,8.893476696351637,11.069045681369825,0.39901943950597885
final_answer_position,18,authority_pressure_delta,80,13.76796069091975,13.72324877767848,12.343512579441203,15.154672209502083,0.5759228430561568
final_answer_position,18,distractor_delta,80,5.6239820734254975,5.596181042080371,4.847230491083623,7.158472751486213,0.3742257206849645
final_answer_position,18,emotional_pressure_delta,80,14.295415925892296,14.249677178808499,13.14002506444428,15.957508552946866,0.6607415841564234
final_answer_position,18,false_belief_pressure_delta,80,12.886199784630426,12.892090515662302,11.80505043927484,13.871324502782635,0.5160452566853407
final_answer_position,18,false_rationale_pressure_delta,80,12.910294752701585,12.89754110589714,11.505901926984055,14.535536287267465,0.6328938135160327
final_answer_position,18,true_belief_pressure_delta,80,12.938906323128748,12.859672496313344,11.660603221513648,14.069835881156864,0.4941506506553513
final_answer_position,18,true_rationale_pressure_delta,80,12.785087328320275,12.788854556553574,11.567647857604221,13.742643645463302,0.48141620835206145
final_answer_position,19,authority_pressure_delta,80,18.180248424642595,18.08941924225531,16.294356687865584,20.905298087991714,0.8499310384103339
final_answer_position,19,distractor_delta,80,7.242864548567364,7.178513799703095,6.252994423649827,9.512798958095232,0.5844747194835431
final_answer_position,19,emotional_pressure_delta,80,20.15621846676492,19.97049822681805,18.308184485316172,23.377608548186384,1.0584806783229357
final_answer_position,19,false_belief_pressure_delta,80,16.59847141699309,16.584996159433736,14.70624312981769,18.885589810982026,0.8085718818496065
final_answer_position,19,false_rationale_pressure_delta,80,17.866905160820853,17.798655927952005,15.441823398997785,21.312557561351575,1.179340005533089
final_answer_position,19,true_belief_pressure_delta,80,16.923231355343297,17.001350388000766,14.966389220505038,19.476026501720554,0.952663997260486
final_answer_position,19,true_rationale_pressure_delta,80,17.291731180088625,17.14733385809311,14.6887647999476,20.17063480277584,1.1120675548135712
final_answer_position,20,authority_pressure_delta,80,23.75623181859892,23.651314554614668,20.53533482408447,27.391232292867663,1.2769189947836552
final_answer_position,20,distractor_delta,80,8.888597593235364,8.722181506874339,6.937007692165424,13.108681103140153,1.17536211996091
final_answer_position,20,emotional_pressure_delta,80,26.947648103165896,26.89498224588319,21.686610622698957,31.758766475242417,2.0093001305125835
final_answer_position,20,false_belief_pressure_delta,80,22.69658236791998,22.588428562032128,17.393402783418907,28.82253399851071,2.098569032252693
final_answer_position,20,false_rationale_pressure_delta,80,24.410548033889956,24.419321549655418,18.70823609789298,30.316914351733168,2.280996352737018
final_answer_position,20,true_belief_pressure_delta,80,20.33281381999793,20.258240617561093,17.645421705799826,23.37704996790218,1.2875778073292434
final_answer_position,20,true_rationale_pressure_delta,80,20.708257766821117,20.705145683507908,18.28576418072344,23.89557417625042,1.345428066501111
final_answer_position,21,authority_pressure_delta,80,26.762364991644127,26.726430782051622,23.432188435966058,31.86300619577705,1.661312475990139
final_answer_position,21,distractor_delta,80,9.408924063490295,9.291613119888293,7.248673225854913,13.214126241219795,1.1313084661686024
final_answer_position,21,emotional_pressure_delta,80,30.510009404671354,30.369998808010866,24.195649589250557,37.0012227729343,2.3128953598694033
final_answer_position,21,false_belief_pressure_delta,80,24.989907560611634,24.745388569831142,19.017741317185262,31.291674519264937,2.3925219072373753
final_answer_position,21,false_rationale_pressure_delta,80,27.571962719656277,27.16717789093474,21.096401300945555,33.9895685374862,2.719738071440608
final_answer_position,21,true_belief_pressure_delta,80,22.298067582331505,22.232735287239144,19.31373156199949,25.840685156478283,1.366687164600975
final_answer_position,21,true_rationale_pressure_delta,80,22.980464109434273,23.055296181133592,19.68167975771792,26.56670043851241,1.4865133932991619
final_answer_position,22,authority_pressure_delta,80,26.763771896567,26.692424688471576,23.08254889316573,32.81178470266019,1.9929051667941735
final_answer_position,22,distractor_delta,80,9.233628627494655,9.047511954193576,7.525413512829471,13.847120702969459,1.0883357977796182
final_answer_position,22,emotional_pressure_delta,80,31.94357200929756,31.66555147126339,25.174046102135726,38.836322672969224,2.936179941927286
final_answer_position,22,false_belief_pressure_delta,80,24.128351043329424,24.12997248725015,19.003203415523355,29.598082462723333,1.8907241691696237
final_answer_position,22,false_rationale_pressure_delta,80,27.556904316381313,27.330564040392105,21.40321161207358,33.354884869449414,2.577210385741592
final_answer_position,22,true_belief_pressure_delta,80,21.810142860178466,21.625465017251102,18.23488951769761,27.6286068900327,1.8867846775684682
final_answer_position,22,true_rationale_pressure_delta,80,22.520022877454117,22.224155901864137,18.467760429192783,30.695352126919197,2.2406542362401054
final_answer_position,23,authority_pressure_delta,80,31.15559212900954,30.523838404799164,25.704464776067752,38.14217071818846,2.75169914677908
final_answer_position,23,distractor_delta,80,10.150567688952902,9.929738463498214,8.0310576123104,17.551883682580787,1.3716568630621842
final_answer_position,23,emotional_pressure_delta,80,38.00587206669835,37.58922811418476,29.905788767087035,45.891877733000214,3.890609591300081
final_answer_position,23,false_belief_pressure_delta,80,28.043730425266126,28.214827339692654,22.42034526036765,33.3870438006209,2.09068925748978
final_answer_position,23,false_rationale_pressure_delta,80,31.83600368270922,31.415059526484313,26.29999269779982,41.23559386007412,3.0813803982205563
final_answer_position,23,true_belief_pressure_delta,80,27.158487820112008,27.048796424187824,22.162788422297538,38.796842933926364,3.180175300847269
final_answer_position,23,true_rationale_pressure_delta,80,28.128975379557765,27.609423404731864,22.40601676200123,42.90484733643171,3.636422019515612
final_answer_position,24,authority_pressure_delta,80,35.66182145135432,34.4178637700538,28.357393614803097,50.67335124043837,4.732763296248037
final_answer_position,24,distractor_delta,80,11.511734398034408,11.095566894330243,8.906238801307452,19.36705356582383,1.6089197089688307
final_answer_position,24,emotional_pressure_delta,80,43.805217354889805,43.673858740497735,34.665750250549756,54.8668267092247,4.960796540356727
final_answer_position,24,false_belief_pressure_delta,80,30.91252333781956,30.833756397123604,23.900159015709253,37.250289150575796,2.4077432132040784
final_answer_position,24,false_rationale_pressure_delta,80,35.826727373026976,34.86815022405311,29.415520844568473,45.917530044470986,3.801360118925237
final_answer_position,24,true_belief_pressure_delta,80,32.76598667538532,32.7408976039038,25.235933789166893,45.75871702431794,4.195896150199108
final_answer_position,24,true_rationale_pressure_delta,80,33.47700605045357,32.6511835995688,25.845782651292456,58.00347440165861,4.973040032133103
final_answer_position,25,authority_pressure_delta,80,37.44544595815158,36.30387855831033,29.38012613684503,53.31119499388053,4.669884482815952
final_answer_position,25,distractor_delta,80,12.160433413167391,11.924718122301751,9.301544124925611,20.046058102316493,1.5694062023121162
final_answer_position,25,emotional_pressure_delta,80,46.75579574649896,46.52995409899592,36.57172907529019,58.81051634238922,5.256069304967656
final_answer_position,25,false_belief_pressure_delta,80,32.42381087447377,32.2341318483856,24.782285932238366,39.19700929869158,2.6216852287090724
final_answer_position,25,false_rationale_pressure_delta,80,37.92739596810735,37.07899102381255,31.298962640621596,48.51383363991861,4.038004452463769
final_answer_position,25,true_belief_pressure_delta,80,33.61785692365481,33.418634748017524,26.552404382526234,46.88507687263221,3.941878880681567
final_answer_position,25,true_rationale_pressure_delta,80,34.904422411316666,34.14204981329533,27.472869947586233,60.585691296607905,4.8801504381060115
final_answer_position,26,authority_pressure_delta,80,42.15113993269556,41.34031831065511,32.876786468297645,61.73653073771573,5.528244636936416
final_answer_position,26,distractor_delta,80,13.088621357062133,12.97433212327175,9.944386453405444,22.650941739690385,1.794603320044854
final_answer_position,26,emotional_pressure_delta,80,51.745993166404254,51.53574894429264,40.41719376130745,66.5310010201292,5.878515020432262
final_answer_position,26,false_belief_pressure_delta,80,36.90521052288555,36.93993902556271,27.23569658076059,45.26293662042355,3.250613466206111
final_answer_position,26,false_rationale_pressure_delta,80,42.61900518056878,41.60767225255644,34.06567076332898,54.331114109099964,4.673543273573704
final_answer_position,26,true_belief_pressure_delta,80,37.32003588905011,37.09046613773726,29.867335993337495,53.720382818967856,4.237966616248449
final_answer_position,26,true_rationale_pressure_delta,80,38.83210042053517,37.80836597338151,31.393843702631038,68.14021168650031,5.552756790906109
final_answer_position,27,authority_pressure_delta,80,46.051364155606635,45.23759653023964,35.62691770560696,67.24736532965923,6.280761182438424
final_answer_position,27,distractor_delta,80,14.15040050615298,13.977847203473004,10.652805474010881,24.136395500472545,1.9509814617849486
final_answer_position,27,emotional_pressure_delta,80,56.72876597548709,56.63473508598281,43.49210895186168,72.76731722171468,6.736225703886503
final_answer_position,27,false_belief_pressure_delta,80,40.169588278618164,40.32449640304013,29.787240553441205,50.737285988574314,3.65223454772595
final_answer_position,27,false_rationale_pressure_delta,80,46.43177023329472,45.39481622174381,37.26178985904937,60.98282804068606,5.47466482449582
final_answer_position,27,true_belief_pressure_delta,80,41.02391035639495,40.87081433637971,32.98069443161841,58.23451833021896,4.5290560951170695
final_answer_position,27,true_rationale_pressure_delta,80,42.75939158589607,41.873618770586916,34.25680907922691,75.58547014251258,6.0735320951517995
final_answer_position,28,authority_pressure_delta,80,50.05939479290533,48.7108920944885,38.75552645239874,75.43139924540336,7.128318777230934
final_answer_position,28,distractor_delta,80,15.392743813332753,15.221003134462517,11.749558087735483,26.292902637716782,2.082931780194858
final_answer_position,28,emotional_pressure_delta,80,62.28309950765343,61.650238267379116,47.323081418184486,82.0375736225328,7.573745330165568
final_answer_position,28,false_belief_pressure_delta,80,42.72634139667032,42.55965512469196,32.66608542644722,58.84530337172577,3.858431346268825
final_answer_position,28,false_rationale_pressure_delta,80,49.854155197939114,48.14932072613368,40.85289128091857,68.29107112418987,5.965294376920334
final_answer_position,28,true_belief_pressure_delta,80,43.75189052567016,43.450740640600756,35.82268237162298,62.032072011334684,4.665699041660297
final_answer_position,28,true_rationale_pressure_delta,80,46.00097179307149,45.061177039843784,37.12767197125839,90.09838956670625,7.107289936701316
final_answer_position,29,authority_pressure_delta,80,54.9510626026964,53.19989551423306,41.3408414814594,87.97320525215643,9.03695456081519
final_answer_position,29,distractor_delta,80,16.400587358752265,16.228661279633787,12.768738111356376,27.893328069881502,2.211376368231879
final_answer_position,29,emotional_pressure_delta,80,67.37824500511596,66.38655785418587,51.408218963991374,95.26253338455673,9.098861656562065
final_answer_position,29,false_belief_pressure_delta,80,45.55048375384076,45.27121952881381,34.895298207254314,65.63470801054788,4.252770457502102
final_answer_position,29,false_rationale_pressure_delta,80,53.0326137603378,51.30624729065579,43.567229809995595,76.40360342231607,6.629029096538664
final_answer_position,29,true_belief_pressure_delta,80,46.556261997805095,45.81239713761566,38.06181925787701,66.26101291411152,5.107470386036824
final_answer_position,29,true_rationale_pressure_delta,80,48.861874071277356,47.5538577189499,40.14826014386638,104.13257998667146,8.22845319589122
final_answer_position,30,authority_pressure_delta,80,60.90055792596452,59.35339164964115,44.17621900609715,106.17670871145687,11.301345983449787
final_answer_position,30,distractor_delta,80,18.033046548647388,17.830449857111056,13.830025338668182,30.700058398513765,2.458810611535763
final_answer_position,30,emotional_pressure_delta,80,74.21405682094232,73.00516305525021,56.104821906686574,112.1584785979006,10.977517391662397
final_answer_position,30,false_belief_pressure_delta,80,50.113859979579146,49.52966068159261,38.64459695392173,78.75358726367287,5.105969296252762
final_answer_position,30,false_rationale_pressure_delta,80,58.05686283028606,56.407555277063835,47.858685905371374,89.42459643509689,7.739458180500048
final_answer_position,30,true_belief_pressure_delta,80,51.4815970536628,50.64971244845242,42.883394501428306,72.04215572529993,5.7449925189366295
final_answer_position,30,true_rationale_pressure_delta,80,54.10043578849476,52.57348822972109,44.49649790426784,121.28415863171152,9.679014614753509
final_answer_position,31,authority_pressure_delta,80,67.27486156161434,63.83598711822122,49.57008304171615,130.470491636165,13.84425964843894
final_answer_position,31,distractor_delta,80,20.377402726097593,19.969017146352094,16.274103766738722,33.4579219346928,2.650279011611056
final_answer_position,31,emotional_pressure_delta,80,82.22996918748672,80.45078166001701,62.269944605991235,137.47391075380992,13.24987895826225
final_answer_position,31,false_belief_pressure_delta,80,54.768736546320994,53.62262664684436,42.893102098631594,94.89725915385334,6.143789463451071
final_answer_position,31,false_rationale_pressure_delta,80,63.820019673115965,61.32240288982438,51.90753930193305,105.91737775512966,9.216746397258014
final_answer_position,31,true_belief_pressure_delta,80,56.38601265236889,55.56545432075942,46.7221838255916,80.04157262076913,6.284574324732215
final_answer_position,31,true_rationale_pressure_delta,80,59.70438446221326,57.889681029606216,49.58895600346656,140.94625152159242,11.314433069287254
final_answer_position,32,authority_pressure_delta,80,77.7255434443887,74.51007010948928,57.70406119702138,143.60786447205336,14.556976125601494
final_answer_position,32,distractor_delta,80,24.467275354784817,24.081160814649557,19.437645873778102,38.35218532414785,2.8520870491827357
final_answer_position,32,emotional_pressure_delta,80,94.22372340586655,92.39651250875035,71.33191945010897,150.71945205842997,14.144878599113134
final_answer_position,32,false_belief_pressure_delta,80,62.070934633920004,61.183214468481346,49.93302757982393,105.01696722647223,6.6601971400874405
final_answer_position,32,false_rationale_pressure_delta,80,72.48337231714711,69.47080284284854,58.67682914854176,120.97704750144135,10.363567908811671
final_answer_position,32,true_belief_pressure_delta,80,63.58608715516168,62.751278037826026,52.96684753060092,92.45758738734935,7.082810683859265
final_answer_position,32,true_rationale_pressure_delta,80,66.91300759345356,64.74223020998997,56.24723666971949,157.7795989088185,12.561256284788502
final_answer_position,33,authority_pressure_delta,80,87.1142427954945,84.17483056192758,66.94489529906383,151.29904083232853,14.195326207609888
final_answer_position,33,distractor_delta,80,28.38147837786614,28.06308818184946,23.115442908432883,42.32650180939828,3.055805410917048
final_answer_position,33,emotional_pressure_delta,80,105.89198881759746,104.37054843184733,81.46654998443243,159.49630737320345,14.110761253138444
final_answer_position,33,false_belief_pressure_delta,80,70.62059259200302,69.89775719852096,60.31141409045997,113.53358712143738,6.632226897738985
final_answer_position,33,false_rationale_pressure_delta,80,82.3606939270612,78.40322387287044,69.14908445710762,132.79072662732386,10.954133999886189
final_answer_position,33,true_belief_pressure_delta,80,71.35375305833976,70.28649021077877,58.487121725977836,101.71367519488125,7.590237099795292
final_answer_position,33,true_rationale_pressure_delta,80,75.58993488621783,72.52583008287894,64.27859240915252,171.64308017065687,13.275270254319363
final_answer_position,34,authority_pressure_delta,80,106.73599430138904,104.7001997481002,81.30780867945697,166.04402403077347,14.17832385591054
final_answer_position,34,distractor_delta,80,38.45678858349241,38.17922280476661,29.583501149406533,50.66077675156915,4.667483699504446
final_answer_position,34,emotional_pressure_delta,80,128.7636010745186,126.22460577662764,104.14384078999886,173.81409000266828,13.610620804674683
final_answer_position,34,false_belief_pressure_delta,80,87.05894998621434,86.66077152462888,72.77883298516059,131.46499287043736,7.932549407791886
final_answer_position,34,false_rationale_pressure_delta,80,101.61893591389753,97.37906958280115,82.26481345460854,156.95157852423685,13.654029970716955
final_answer_position,34,true_belief_pressure_delta,80,88.09018209642288,87.6205588540941,71.71819866116898,123.0073926122591,8.456461726111227
final_answer_position,34,true_rationale_pressure_delta,80,93.92849545425305,91.54506206852234,75.39352809096046,196.10491849332243,15.006901392976546
final_answer_position,35,authority_pressure_delta,80,49.578407025048634,48.59924073704207,39.45470762137914,69.97262558077935,5.705015090194487
final_answer_position,35,distractor_delta,80,18.081618974937214,17.784304737932644,13.704507302255637,24.357782863790156,2.319630849070711
final_answer_position,35,emotional_pressure_delta,80,63.75556693895535,63.79202099399245,50.94855720845646,78.47498211993117,5.766506966106975
final_answer_position,35,false_belief_pressure_delta,80,44.236432375736534,43.70919457140475,36.4704316718132,56.62645136110459,4.333997166615911
final_answer_position,35,false_rationale_pressure_delta,80,47.294871156809414,46.27217488549808,38.14985437607525,68.98296874044681,5.327733998318739
final_answer_position,35,true_belief_pressure_delta,80,47.8419260524664,45.758130894742436,35.17320916902616,65.51333325506381,7.176137492448181
final_answer_position,35,true_rationale_pressure_delta,80,47.601177465895276,46.507530766976494,34.66493782761099,80.85568130951658,8.103681348792504
