condition,layer,family_id,fold_id,domain,actual_degradation,predicted_degradation,baseline_prediction,delta_margin,neutral_margin,condition_margin,alpha_used
false_pressure_delta,0,academic_attendance_019,0,synthetic_academic_rules,0.9375,-0.3509390354156494,-0.21919642388820648,-0.9375,15.625,14.6875,1.0
false_pressure_delta,0,academic_grading_018,1,synthetic_academic_rules,-0.109375,0.19060544669628143,-0.18928571045398712,0.109375,14.90625,15.015625,1.0
false_pressure_delta,0,academic_latework_020,2,synthetic_academic_rules,4.4375,-0.5972795486450195,-0.3191964328289032,-4.4375,15.4375,11.0,1.0
false_pressure_delta,0,academic_prereq_017,3,synthetic_academic_rules,-0.140625,-0.618826687335968,-0.18839286267757416,0.140625,15.28125,15.421875,1.0
false_pressure_delta,0,contract_rental_029,4,synthetic_contract,-1.328125,0.10844121873378754,-0.15446428954601288,1.328125,16.234375,17.5625,1.0
false_pressure_delta,0,contract_service_030,5,synthetic_contract,-1.09375,-2.240574359893799,-0.16116070747375488,1.09375,16.09375,17.1875,1.0
false_pressure_delta,0,contract_ticket_032,6,synthetic_contract,1.046875,-1.5801945924758911,-0.22232143580913544,-1.046875,18.765625,17.71875,1.0
false_pressure_delta,0,contract_warranty_031,7,synthetic_contract,-2.109375,0.4027211666107178,-0.13214285671710968,2.109375,17.703125,19.8125,1.0
false_pressure_delta,0,finance_budget_007,8,synthetic_finance,1.3125,-0.290771484375,-0.2299107164144516,-1.3125,13.234375,11.921875,1.0
false_pressure_delta,0,finance_coupon_006,9,synthetic_finance,-0.125,-1.616472840309143,-0.18883928656578064,0.125,15.1875,15.3125,1.0
false_pressure_delta,0,finance_membership_008,10,synthetic_finance,-1.0625,0.4470580220222473,-0.16205357015132904,1.0625,15.390625,16.453125,1.0
false_pressure_delta,0,finance_refund_005,11,synthetic_finance,1.515625,0.6639000177383423,-0.23571428656578064,-1.515625,14.390625,12.875,1.0
false_pressure_delta,0,logic_access_033,12,synthetic_logic_rules,-0.9375,0.8721951246261597,-0.16562500596046448,0.9375,14.234375,15.171875,1.0
false_pressure_delta,0,logic_eligibility_034,13,synthetic_logic_rules,-0.59375,1.1207573413848877,-0.17544643580913544,0.59375,15.625,16.21875,1.0
false_pressure_delta,0,logic_shipping_035,14,synthetic_logic_rules,2.484375,1.7760014533996582,-0.2633928656578064,-2.484375,13.5,11.015625,1.0
false_pressure_delta,0,logic_tournament_036,15,synthetic_logic_rules,2.34375,-1.0281633138656616,-0.2593750059604645,-2.34375,8.3125,5.96875,1.0
false_pressure_delta,0,policy_lab_access_002,16,synthetic_policy,-0.765625,-1.077788233757019,-0.17053571343421936,0.765625,14.171875,14.9375,1.0
false_pressure_delta,0,policy_library_checkout_003,17,synthetic_policy,-1.25,-0.6736964583396912,-0.15669642388820648,1.25,16.578125,17.828125,1.0
false_pressure_delta,0,policy_lunch_pass_001,18,synthetic_policy,-1.65625,0.5102436542510986,-0.1450892835855484,1.65625,14.8125,16.46875,1.0
false_pressure_delta,0,policy_rec_center_004,19,synthetic_policy,-4.875,-0.46379098296165466,-0.05312500149011612,4.875,14.21875,19.09375,1.0
false_pressure_delta,0,product_specs_025,20,synthetic_product_specs,0.40625,-0.2807162404060364,-0.20401786267757416,-0.40625,16.328125,15.921875,1.0
false_pressure_delta,0,product_specs_026,21,synthetic_product_specs,-0.421875,0.6067758798599243,-0.18035714328289032,0.421875,14.921875,15.34375,1.0
false_pressure_delta,0,product_specs_027,22,synthetic_product_specs,0.640625,-1.2725796699523926,-0.21071428060531616,-0.640625,16.109375,15.46875,1.0
false_pressure_delta,0,product_specs_028,23,synthetic_product_specs,-1.15625,0.41260403394699097,-0.15937499701976776,1.15625,15.0625,16.21875,1.0
false_pressure_delta,0,schedule_clinic_011,24,synthetic_schedule,-1.859375,1.8786193132400513,-0.13928571343421936,1.859375,15.9375,17.796875,1.0
false_pressure_delta,0,schedule_exam_010,25,synthetic_schedule,-0.03125,-0.906039834022522,-0.19151785969734192,0.03125,14.96875,15.0,1.0
false_pressure_delta,0,schedule_train_009,26,synthetic_schedule,-0.34375,-0.432059645652771,-0.18258929252624512,0.34375,14.625,14.96875,1.0
false_pressure_delta,0,schedule_workshop_012,27,synthetic_schedule,-0.734375,-0.43517130613327026,-0.17142857611179352,0.734375,15.484375,16.21875,1.0
false_pressure_delta,0,science_battery_016,28,synthetic_science_text,2.453125,1.5140140056610107,-0.26249998807907104,-2.453125,14.703125,12.25,1.0
false_pressure_delta,0,science_mineral_014,29,synthetic_science_text,1.4375,1.6785682439804077,-0.23348213732242584,-1.4375,13.640625,12.203125,1.0
false_pressure_delta,0,science_plant_013,30,synthetic_science_text,3.171875,2.3681437969207764,-0.2830357253551483,-3.171875,15.359375,12.1875,1.0
false_pressure_delta,0,science_weather_015,31,synthetic_science_text,-0.015625,0.2948951721191406,-0.1919642835855484,0.015625,12.671875,12.6875,1.0
false_pressure_delta,0,technical_api_022,32,synthetic_technical_config,-3.015625,-3.125422239303589,-0.10625000298023224,3.015625,14.140625,17.15625,1.0
false_pressure_delta,0,technical_backup_023,33,synthetic_technical_config,-0.796875,-1.4823371171951294,-0.1696428507566452,0.796875,15.6875,16.484375,1.0
false_pressure_delta,0,technical_config_021,34,synthetic_technical_config,-2.3125,-0.62940514087677,-0.12633928656578064,2.3125,16.65625,18.96875,1.0
false_pressure_delta,0,technical_feature_flag_024,35,synthetic_technical_config,-2.1875,-0.4166463017463684,-0.12991070747375488,2.1875,14.71875,16.90625,1.0
false_pressure_delta,1,academic_attendance_019,0,synthetic_academic_rules,0.9375,0.28464949131011963,-0.21919642388820648,-0.9375,15.625,14.6875,1.0
false_pressure_delta,1,academic_grading_018,1,synthetic_academic_rules,-0.109375,0.6240406036376953,-0.18928571045398712,0.109375,14.90625,15.015625,1.0
false_pressure_delta,1,academic_latework_020,2,synthetic_academic_rules,4.4375,-0.9142847061157227,-0.3191964328289032,-4.4375,15.4375,11.0,1.0
false_pressure_delta,1,academic_prereq_017,3,synthetic_academic_rules,-0.140625,-0.7762849926948547,-0.18839286267757416,0.140625,15.28125,15.421875,1.0
false_pressure_delta,1,contract_rental_029,4,synthetic_contract,-1.328125,0.4094695448875427,-0.15446428954601288,1.328125,16.234375,17.5625,1.0
false_pressure_delta,1,contract_service_030,5,synthetic_contract,-1.09375,-0.8184670209884644,-0.16116070747375488,1.09375,16.09375,17.1875,1.0
false_pressure_delta,1,contract_ticket_032,6,synthetic_contract,1.046875,-2.622600555419922,-0.22232143580913544,-1.046875,18.765625,17.71875,1.0
false_pressure_delta,1,contract_warranty_031,7,synthetic_contract,-2.109375,0.7019357085227966,-0.13214285671710968,2.109375,17.703125,19.8125,1.0
false_pressure_delta,1,finance_budget_007,8,synthetic_finance,1.3125,0.037537410855293274,-0.2299107164144516,-1.3125,13.234375,11.921875,1.0
false_pressure_delta,1,finance_coupon_006,9,synthetic_finance,-0.125,-2.378291368484497,-0.18883928656578064,0.125,15.1875,15.3125,1.0
false_pressure_delta,1,finance_membership_008,10,synthetic_finance,-1.0625,0.5698728561401367,-0.16205357015132904,1.0625,15.390625,16.453125,1.0
false_pressure_delta,1,finance_refund_005,11,synthetic_finance,1.515625,-0.12125007808208466,-0.23571428656578064,-1.515625,14.390625,12.875,1.0
false_pressure_delta,1,logic_access_033,12,synthetic_logic_rules,-0.9375,0.6045958995819092,-0.16562500596046448,0.9375,14.234375,15.171875,1.0
false_pressure_delta,1,logic_eligibility_034,13,synthetic_logic_rules,-0.59375,0.03430195152759552,-0.17544643580913544,0.59375,15.625,16.21875,1.0
false_pressure_delta,1,logic_shipping_035,14,synthetic_logic_rules,2.484375,2.0283122062683105,-0.2633928656578064,-2.484375,13.5,11.015625,1.0
false_pressure_delta,1,logic_tournament_036,15,synthetic_logic_rules,2.34375,0.11354908347129822,-0.2593750059604645,-2.34375,8.3125,5.96875,1.0
false_pressure_delta,1,policy_lab_access_002,16,synthetic_policy,-0.765625,-0.38841545581817627,-0.17053571343421936,0.765625,14.171875,14.9375,1.0
false_pressure_delta,1,policy_library_checkout_003,17,synthetic_policy,-1.25,-0.5639362931251526,-0.15669642388820648,1.25,16.578125,17.828125,1.0
false_pressure_delta,1,policy_lunch_pass_001,18,synthetic_policy,-1.65625,0.1619662493467331,-0.1450892835855484,1.65625,14.8125,16.46875,1.0
false_pressure_delta,1,policy_rec_center_004,19,synthetic_policy,-4.875,-0.5095273852348328,-0.05312500149011612,4.875,14.21875,19.09375,1.0
false_pressure_delta,1,product_specs_025,20,synthetic_product_specs,0.40625,1.4771792888641357,-0.20401786267757416,-0.40625,16.328125,15.921875,1.0
false_pressure_delta,1,product_specs_026,21,synthetic_product_specs,-0.421875,1.2772330045700073,-0.18035714328289032,0.421875,14.921875,15.34375,1.0
false_pressure_delta,1,product_specs_027,22,synthetic_product_specs,0.640625,-1.4852924346923828,-0.21071428060531616,-0.640625,16.109375,15.46875,1.0
false_pressure_delta,1,product_specs_028,23,synthetic_product_specs,-1.15625,-2.173475980758667,-0.15937499701976776,1.15625,15.0625,16.21875,1.0
false_pressure_delta,1,schedule_clinic_011,24,synthetic_schedule,-1.859375,1.162528395652771,-0.13928571343421936,1.859375,15.9375,17.796875,1.0
false_pressure_delta,1,schedule_exam_010,25,synthetic_schedule,-0.03125,-0.8730324506759644,-0.19151785969734192,0.03125,14.96875,15.0,1.0
false_pressure_delta,1,schedule_train_009,26,synthetic_schedule,-0.34375,-0.4446549713611603,-0.18258929252624512,0.34375,14.625,14.96875,1.0
false_pressure_delta,1,schedule_workshop_012,27,synthetic_schedule,-0.734375,-0.43103522062301636,-0.17142857611179352,0.734375,15.484375,16.21875,1.0
false_pressure_delta,1,science_battery_016,28,synthetic_science_text,2.453125,1.7115669250488281,-0.26249998807907104,-2.453125,14.703125,12.25,1.0
false_pressure_delta,1,science_mineral_014,29,synthetic_science_text,1.4375,1.1080046892166138,-0.23348213732242584,-1.4375,13.640625,12.203125,1.0
false_pressure_delta,1,science_plant_013,30,synthetic_science_text,3.171875,1.5691381692886353,-0.2830357253551483,-3.171875,15.359375,12.1875,1.0
false_pressure_delta,1,science_weather_015,31,synthetic_science_text,-0.015625,0.5086721181869507,-0.1919642835855484,0.015625,12.671875,12.6875,1.0
false_pressure_delta,1,technical_api_022,32,synthetic_technical_config,-3.015625,-3.7539174556732178,-0.10625000298023224,3.015625,14.140625,17.15625,1.0
false_pressure_delta,1,technical_backup_023,33,synthetic_technical_config,-0.796875,-0.7571539282798767,-0.1696428507566452,0.796875,15.6875,16.484375,1.0
false_pressure_delta,1,technical_config_021,34,synthetic_technical_config,-2.3125,0.14588609337806702,-0.12633928656578064,2.3125,16.65625,18.96875,1.0
false_pressure_delta,1,technical_feature_flag_024,35,synthetic_technical_config,-2.1875,-1.8825680017471313,-0.12991070747375488,2.1875,14.71875,16.90625,1.0
false_pressure_delta,2,academic_attendance_019,0,synthetic_academic_rules,0.9375,0.01966892182826996,-0.21919642388820648,-0.9375,15.625,14.6875,1.0
false_pressure_delta,2,academic_grading_018,1,synthetic_academic_rules,-0.109375,-0.08286179602146149,-0.18928571045398712,0.109375,14.90625,15.015625,1.0
false_pressure_delta,2,academic_latework_020,2,synthetic_academic_rules,4.4375,-1.1038767099380493,-0.3191964328289032,-4.4375,15.4375,11.0,1.0
false_pressure_delta,2,academic_prereq_017,3,synthetic_academic_rules,-0.140625,-2.351921319961548,-0.18839286267757416,0.140625,15.28125,15.421875,1.0
false_pressure_delta,2,contract_rental_029,4,synthetic_contract,-1.328125,-0.6666780710220337,-0.15446428954601288,1.328125,16.234375,17.5625,1.0
false_pressure_delta,2,contract_service_030,5,synthetic_contract,-1.09375,-0.37609636783599854,-0.16116070747375488,1.09375,16.09375,17.1875,1.0
false_pressure_delta,2,contract_ticket_032,6,synthetic_contract,1.046875,-2.087923765182495,-0.22232143580913544,-1.046875,18.765625,17.71875,1.0
false_pressure_delta,2,contract_warranty_031,7,synthetic_contract,-2.109375,-0.5001452565193176,-0.13214285671710968,2.109375,17.703125,19.8125,1.0
false_pressure_delta,2,finance_budget_007,8,synthetic_finance,1.3125,-0.6482788920402527,-0.2299107164144516,-1.3125,13.234375,11.921875,1.0
false_pressure_delta,2,finance_coupon_006,9,synthetic_finance,-0.125,-1.6295164823532104,-0.18883928656578064,0.125,15.1875,15.3125,1.0
false_pressure_delta,2,finance_membership_008,10,synthetic_finance,-1.0625,1.0529286861419678,-0.16205357015132904,1.0625,15.390625,16.453125,1.0
false_pressure_delta,2,finance_refund_005,11,synthetic_finance,1.515625,0.49188992381095886,-0.23571428656578064,-1.515625,14.390625,12.875,1.0
false_pressure_delta,2,logic_access_033,12,synthetic_logic_rules,-0.9375,1.5282913446426392,-0.16562500596046448,0.9375,14.234375,15.171875,1.0
false_pressure_delta,2,logic_eligibility_034,13,synthetic_logic_rules,-0.59375,0.034393101930618286,-0.17544643580913544,0.59375,15.625,16.21875,1.0
false_pressure_delta,2,logic_shipping_035,14,synthetic_logic_rules,2.484375,3.527390480041504,-0.2633928656578064,-2.484375,13.5,11.015625,1.0
false_pressure_delta,2,logic_tournament_036,15,synthetic_logic_rules,2.34375,0.6761898994445801,-0.2593750059604645,-2.34375,8.3125,5.96875,1.0
false_pressure_delta,2,policy_lab_access_002,16,synthetic_policy,-0.765625,1.2235709428787231,-0.17053571343421936,0.765625,14.171875,14.9375,1.0
false_pressure_delta,2,policy_library_checkout_003,17,synthetic_policy,-1.25,0.17618702352046967,-0.15669642388820648,1.25,16.578125,17.828125,1.0
false_pressure_delta,2,policy_lunch_pass_001,18,synthetic_policy,-1.65625,1.2618123292922974,-0.1450892835855484,1.65625,14.8125,16.46875,1.0
false_pressure_delta,2,policy_rec_center_004,19,synthetic_policy,-4.875,-0.703444242477417,-0.05312500149011612,4.875,14.21875,19.09375,1.0
false_pressure_delta,2,product_specs_025,20,synthetic_product_specs,0.40625,-0.4707556366920471,-0.20401786267757416,-0.40625,16.328125,15.921875,1.0
false_pressure_delta,2,product_specs_026,21,synthetic_product_specs,-0.421875,1.125374674797058,-0.18035714328289032,0.421875,14.921875,15.34375,1.0
false_pressure_delta,2,product_specs_027,22,synthetic_product_specs,0.640625,-0.5399685502052307,-0.21071428060531616,-0.640625,16.109375,15.46875,1.0
false_pressure_delta,2,product_specs_028,23,synthetic_product_specs,-1.15625,-0.5300877690315247,-0.15937499701976776,1.15625,15.0625,16.21875,1.0
false_pressure_delta,2,schedule_clinic_011,24,synthetic_schedule,-1.859375,1.2171552181243896,-0.13928571343421936,1.859375,15.9375,17.796875,1.0
false_pressure_delta,2,schedule_exam_010,25,synthetic_schedule,-0.03125,0.24703705310821533,-0.19151785969734192,0.03125,14.96875,15.0,1.0
false_pressure_delta,2,schedule_train_009,26,synthetic_schedule,-0.34375,-0.07080468535423279,-0.18258929252624512,0.34375,14.625,14.96875,1.0
false_pressure_delta,2,schedule_workshop_012,27,synthetic_schedule,-0.734375,-0.3627551198005676,-0.17142857611179352,0.734375,15.484375,16.21875,1.0
false_pressure_delta,2,science_battery_016,28,synthetic_science_text,2.453125,2.087085723876953,-0.26249998807907104,-2.453125,14.703125,12.25,1.0
false_pressure_delta,2,science_mineral_014,29,synthetic_science_text,1.4375,0.9089510440826416,-0.23348213732242584,-1.4375,13.640625,12.203125,1.0
false_pressure_delta,2,science_plant_013,30,synthetic_science_text,3.171875,1.939164638519287,-0.2830357253551483,-3.171875,15.359375,12.1875,1.0
false_pressure_delta,2,science_weather_015,31,synthetic_science_text,-0.015625,-1.0190478563308716,-0.1919642835855484,0.015625,12.671875,12.6875,1.0
false_pressure_delta,2,technical_api_022,32,synthetic_technical_config,-3.015625,-3.273369550704956,-0.10625000298023224,3.015625,14.140625,17.15625,1.0
false_pressure_delta,2,technical_backup_023,33,synthetic_technical_config,-0.796875,-0.14251022040843964,-0.1696428507566452,0.796875,15.6875,16.484375,1.0
false_pressure_delta,2,technical_config_021,34,synthetic_technical_config,-2.3125,0.10173451900482178,-0.12633928656578064,2.3125,16.65625,18.96875,1.0
false_pressure_delta,2,technical_feature_flag_024,35,synthetic_technical_config,-2.1875,-2.2285046577453613,-0.12991070747375488,2.1875,14.71875,16.90625,1.0
false_pressure_delta,3,academic_attendance_019,0,synthetic_academic_rules,0.9375,-0.16231922805309296,-0.21919642388820648,-0.9375,15.625,14.6875,1.0
false_pressure_delta,3,academic_grading_018,1,synthetic_academic_rules,-0.109375,0.05800206959247589,-0.18928571045398712,0.109375,14.90625,15.015625,1.0
false_pressure_delta,3,academic_latework_020,2,synthetic_academic_rules,4.4375,-0.7134120464324951,-0.3191964328289032,-4.4375,15.4375,11.0,1.0
false_pressure_delta,3,academic_prereq_017,3,synthetic_academic_rules,-0.140625,-0.8706439733505249,-0.18839286267757416,0.140625,15.28125,15.421875,1.0
false_pressure_delta,3,contract_rental_029,4,synthetic_contract,-1.328125,-0.21320244669914246,-0.15446428954601288,1.328125,16.234375,17.5625,1.0
false_pressure_delta,3,contract_service_030,5,synthetic_contract,-1.09375,-1.8372983932495117,-0.16116070747375488,1.09375,16.09375,17.1875,1.0
false_pressure_delta,3,contract_ticket_032,6,synthetic_contract,1.046875,-0.7807151079177856,-0.22232143580913544,-1.046875,18.765625,17.71875,1.0
false_pressure_delta,3,contract_warranty_031,7,synthetic_contract,-2.109375,-1.2359424829483032,-0.13214285671710968,2.109375,17.703125,19.8125,1.0
false_pressure_delta,3,finance_budget_007,8,synthetic_finance,1.3125,0.507865846157074,-0.2299107164144516,-1.3125,13.234375,11.921875,1.0
false_pressure_delta,3,finance_coupon_006,9,synthetic_finance,-0.125,-0.9021598100662231,-0.18883928656578064,0.125,15.1875,15.3125,1.0
false_pressure_delta,3,finance_membership_008,10,synthetic_finance,-1.0625,-0.23746924102306366,-0.16205357015132904,1.0625,15.390625,16.453125,1.0
false_pressure_delta,3,finance_refund_005,11,synthetic_finance,1.515625,0.8075641393661499,-0.23571428656578064,-1.515625,14.390625,12.875,1.0
false_pressure_delta,3,logic_access_033,12,synthetic_logic_rules,-0.9375,0.9096038341522217,-0.16562500596046448,0.9375,14.234375,15.171875,1.0
false_pressure_delta,3,logic_eligibility_034,13,synthetic_logic_rules,-0.59375,1.4028042554855347,-0.17544643580913544,0.59375,15.625,16.21875,1.0
false_pressure_delta,3,logic_shipping_035,14,synthetic_logic_rules,2.484375,0.5915073156356812,-0.2633928656578064,-2.484375,13.5,11.015625,1.0
false_pressure_delta,3,logic_tournament_036,15,synthetic_logic_rules,2.34375,1.308239221572876,-0.2593750059604645,-2.34375,8.3125,5.96875,1.0
false_pressure_delta,3,policy_lab_access_002,16,synthetic_policy,-0.765625,-0.10897576808929443,-0.17053571343421936,0.765625,14.171875,14.9375,1.0
false_pressure_delta,3,policy_library_checkout_003,17,synthetic_policy,-1.25,0.100709930062294,-0.15669642388820648,1.25,16.578125,17.828125,1.0
false_pressure_delta,3,policy_lunch_pass_001,18,synthetic_policy,-1.65625,1.6420453786849976,-0.1450892835855484,1.65625,14.8125,16.46875,1.0
false_pressure_delta,3,policy_rec_center_004,19,synthetic_policy,-4.875,-0.5054160952568054,-0.05312500149011612,4.875,14.21875,19.09375,1.0
false_pressure_delta,3,product_specs_025,20,synthetic_product_specs,0.40625,-1.0962857007980347,-0.20401786267757416,-0.40625,16.328125,15.921875,1.0
false_pressure_delta,3,product_specs_026,21,synthetic_product_specs,-0.421875,0.5495949387550354,-0.18035714328289032,0.421875,14.921875,15.34375,1.0
false_pressure_delta,3,product_specs_027,22,synthetic_product_specs,0.640625,-0.9897235035896301,-0.21071428060531616,-0.640625,16.109375,15.46875,1.0
false_pressure_delta,3,product_specs_028,23,synthetic_product_specs,-1.15625,0.28727442026138306,-0.15937499701976776,1.15625,15.0625,16.21875,1.0
false_pressure_delta,3,schedule_clinic_011,24,synthetic_schedule,-1.859375,0.609484076499939,-0.13928571343421936,1.859375,15.9375,17.796875,1.0
false_pressure_delta,3,schedule_exam_010,25,synthetic_schedule,-0.03125,2.451603412628174,-0.19151785969734192,0.03125,14.96875,15.0,1.0
false_pressure_delta,3,schedule_train_009,26,synthetic_schedule,-0.34375,-0.23337291181087494,-0.18258929252624512,0.34375,14.625,14.96875,1.0
false_pressure_delta,3,schedule_workshop_012,27,synthetic_schedule,-0.734375,-1.3845148086547852,-0.17142857611179352,0.734375,15.484375,16.21875,1.0
false_pressure_delta,3,science_battery_016,28,synthetic_science_text,2.453125,2.249767541885376,-0.26249998807907104,-2.453125,14.703125,12.25,1.0
false_pressure_delta,3,science_mineral_014,29,synthetic_science_text,1.4375,1.7362480163574219,-0.23348213732242584,-1.4375,13.640625,12.203125,1.0
false_pressure_delta,3,science_plant_013,30,synthetic_science_text,3.171875,0.9666192531585693,-0.2830357253551483,-3.171875,15.359375,12.1875,1.0
false_pressure_delta,3,science_weather_015,31,synthetic_science_text,-0.015625,-1.5402885675430298,-0.1919642835855484,0.015625,12.671875,12.6875,1.0
false_pressure_delta,3,technical_api_022,32,synthetic_technical_config,-3.015625,-2.8879878520965576,-0.10625000298023224,3.015625,14.140625,17.15625,1.0
false_pressure_delta,3,technical_backup_023,33,synthetic_technical_config,-0.796875,-0.21596045792102814,-0.1696428507566452,0.796875,15.6875,16.484375,1.0
false_pressure_delta,3,technical_config_021,34,synthetic_technical_config,-2.3125,0.22570636868476868,-0.12633928656578064,2.3125,16.65625,18.96875,1.0
false_pressure_delta,3,technical_feature_flag_024,35,synthetic_technical_config,-2.1875,-2.6548023223876953,-0.12991070747375488,2.1875,14.71875,16.90625,1.0
false_pressure_delta,4,academic_attendance_019,0,synthetic_academic_rules,0.9375,-0.5171895027160645,-0.21919642388820648,-0.9375,15.625,14.6875,1.0
false_pressure_delta,4,academic_grading_018,1,synthetic_academic_rules,-0.109375,-0.06797999143600464,-0.18928571045398712,0.109375,14.90625,15.015625,1.0
false_pressure_delta,4,academic_latework_020,2,synthetic_academic_rules,4.4375,-1.1440379619598389,-0.3191964328289032,-4.4375,15.4375,11.0,1.0
false_pressure_delta,4,academic_prereq_017,3,synthetic_academic_rules,-0.140625,-0.46164876222610474,-0.18839286267757416,0.140625,15.28125,15.421875,1.0
false_pressure_delta,4,contract_rental_029,4,synthetic_contract,-1.328125,-0.5126507878303528,-0.15446428954601288,1.328125,16.234375,17.5625,1.0
false_pressure_delta,4,contract_service_030,5,synthetic_contract,-1.09375,-1.5983878374099731,-0.16116070747375488,1.09375,16.09375,17.1875,1.0
false_pressure_delta,4,contract_ticket_032,6,synthetic_contract,1.046875,-1.4192613363265991,-0.22232143580913544,-1.046875,18.765625,17.71875,1.0
false_pressure_delta,4,contract_warranty_031,7,synthetic_contract,-2.109375,-0.4008479118347168,-0.13214285671710968,2.109375,17.703125,19.8125,1.0
false_pressure_delta,4,finance_budget_007,8,synthetic_finance,1.3125,0.5053005218505859,-0.2299107164144516,-1.3125,13.234375,11.921875,1.0
false_pressure_delta,4,finance_coupon_006,9,synthetic_finance,-0.125,-0.8372793197631836,-0.18883928656578064,0.125,15.1875,15.3125,1.0
false_pressure_delta,4,finance_membership_008,10,synthetic_finance,-1.0625,-0.3571052551269531,-0.16205357015132904,1.0625,15.390625,16.453125,1.0
false_pressure_delta,4,finance_refund_005,11,synthetic_finance,1.515625,0.28226402401924133,-0.23571428656578064,-1.515625,14.390625,12.875,1.0
false_pressure_delta,4,logic_access_033,12,synthetic_logic_rules,-0.9375,-0.055778950452804565,-0.16562500596046448,0.9375,14.234375,15.171875,1.0
false_pressure_delta,4,logic_eligibility_034,13,synthetic_logic_rules,-0.59375,1.6599093675613403,-0.17544643580913544,0.59375,15.625,16.21875,1.0
false_pressure_delta,4,logic_shipping_035,14,synthetic_logic_rules,2.484375,0.9377396702766418,-0.2633928656578064,-2.484375,13.5,11.015625,1.0
false_pressure_delta,4,logic_tournament_036,15,synthetic_logic_rules,2.34375,0.4002167880535126,-0.2593750059604645,-2.34375,8.3125,5.96875,1.0
false_pressure_delta,4,policy_lab_access_002,16,synthetic_policy,-0.765625,-0.4904940724372864,-0.17053571343421936,0.765625,14.171875,14.9375,1.0
false_pressure_delta,4,policy_library_checkout_003,17,synthetic_policy,-1.25,0.7125142812728882,-0.15669642388820648,1.25,16.578125,17.828125,1.0
false_pressure_delta,4,policy_lunch_pass_001,18,synthetic_policy,-1.65625,1.322379231452942,-0.1450892835855484,1.65625,14.8125,16.46875,1.0
false_pressure_delta,4,policy_rec_center_004,19,synthetic_policy,-4.875,-0.2980669140815735,-0.05312500149011612,4.875,14.21875,19.09375,1.0
false_pressure_delta,4,product_specs_025,20,synthetic_product_specs,0.40625,-1.3239355087280273,-0.20401786267757416,-0.40625,16.328125,15.921875,1.0
false_pressure_delta,4,product_specs_026,21,synthetic_product_specs,-0.421875,0.8021862506866455,-0.18035714328289032,0.421875,14.921875,15.34375,1.0
false_pressure_delta,4,product_specs_027,22,synthetic_product_specs,0.640625,-1.5550413131713867,-0.21071428060531616,-0.640625,16.109375,15.46875,1.0
false_pressure_delta,4,product_specs_028,23,synthetic_product_specs,-1.15625,-0.0117979496717453,-0.15937499701976776,1.15625,15.0625,16.21875,1.0
false_pressure_delta,4,schedule_clinic_011,24,synthetic_schedule,-1.859375,0.17279401421546936,-0.13928571343421936,1.859375,15.9375,17.796875,1.0
false_pressure_delta,4,schedule_exam_010,25,synthetic_schedule,-0.03125,1.3868207931518555,-0.19151785969734192,0.03125,14.96875,15.0,1.0
false_pressure_delta,4,schedule_train_009,26,synthetic_schedule,-0.34375,-0.4793824553489685,-0.18258929252624512,0.34375,14.625,14.96875,1.0
false_pressure_delta,4,schedule_workshop_012,27,synthetic_schedule,-0.734375,-1.0239744186401367,-0.17142857611179352,0.734375,15.484375,16.21875,1.0
false_pressure_delta,4,science_battery_016,28,synthetic_science_text,2.453125,2.525596857070923,-0.26249998807907104,-2.453125,14.703125,12.25,1.0
false_pressure_delta,4,science_mineral_014,29,synthetic_science_text,1.4375,1.1666059494018555,-0.23348213732242584,-1.4375,13.640625,12.203125,1.0
false_pressure_delta,4,science_plant_013,30,synthetic_science_text,3.171875,0.71327805519104,-0.2830357253551483,-3.171875,15.359375,12.1875,1.0
false_pressure_delta,4,science_weather_015,31,synthetic_science_text,-0.015625,-1.1032251119613647,-0.1919642835855484,0.015625,12.671875,12.6875,1.0
false_pressure_delta,4,technical_api_022,32,synthetic_technical_config,-3.015625,-1.9411957263946533,-0.10625000298023224,3.015625,14.140625,17.15625,1.0
false_pressure_delta,4,technical_backup_023,33,synthetic_technical_config,-0.796875,0.9325025677680969,-0.1696428507566452,0.796875,15.6875,16.484375,1.0
false_pressure_delta,4,technical_config_021,34,synthetic_technical_config,-2.3125,0.4909287989139557,-0.12633928656578064,2.3125,16.65625,18.96875,1.0
false_pressure_delta,4,technical_feature_flag_024,35,synthetic_technical_config,-2.1875,-2.676115036010742,-0.12991070747375488,2.1875,14.71875,16.90625,1.0
false_pressure_delta,5,academic_attendance_019,0,synthetic_academic_rules,0.9375,-0.3095523715019226,-0.21919642388820648,-0.9375,15.625,14.6875,1.0
false_pressure_delta,5,academic_grading_018,1,synthetic_academic_rules,-0.109375,0.12092907726764679,-0.18928571045398712,0.109375,14.90625,15.015625,1.0
false_pressure_delta,5,academic_latework_020,2,synthetic_academic_rules,4.4375,-0.9357709884643555,-0.3191964328289032,-4.4375,15.4375,11.0,1.0
false_pressure_delta,5,academic_prereq_017,3,synthetic_academic_rules,-0.140625,-0.8323647975921631,-0.18839286267757416,0.140625,15.28125,15.421875,1.0
false_pressure_delta,5,contract_rental_029,4,synthetic_contract,-1.328125,-0.8212759494781494,-0.15446428954601288,1.328125,16.234375,17.5625,1.0
false_pressure_delta,5,contract_service_030,5,synthetic_contract,-1.09375,-1.5536924600601196,-0.16116070747375488,1.09375,16.09375,17.1875,1.0
false_pressure_delta,5,contract_ticket_032,6,synthetic_contract,1.046875,-1.2457164525985718,-0.22232143580913544,-1.046875,18.765625,17.71875,1.0
false_pressure_delta,5,contract_warranty_031,7,synthetic_contract,-2.109375,-0.007948800921440125,-0.13214285671710968,2.109375,17.703125,19.8125,1.0
false_pressure_delta,5,finance_budget_007,8,synthetic_finance,1.3125,-0.01649567484855652,-0.2299107164144516,-1.3125,13.234375,11.921875,1.0
false_pressure_delta,5,finance_coupon_006,9,synthetic_finance,-0.125,-1.0384737253189087,-0.18883928656578064,0.125,15.1875,15.3125,1.0
false_pressure_delta,5,finance_membership_008,10,synthetic_finance,-1.0625,-0.283610463142395,-0.16205357015132904,1.0625,15.390625,16.453125,1.0
false_pressure_delta,5,finance_refund_005,11,synthetic_finance,1.515625,-0.42892393469810486,-0.23571428656578064,-1.515625,14.390625,12.875,1.0
false_pressure_delta,5,logic_access_033,12,synthetic_logic_rules,-0.9375,-0.08440500497817993,-0.16562500596046448,0.9375,14.234375,15.171875,1.0
false_pressure_delta,5,logic_eligibility_034,13,synthetic_logic_rules,-0.59375,1.41472327709198,-0.17544643580913544,0.59375,15.625,16.21875,1.0
false_pressure_delta,5,logic_shipping_035,14,synthetic_logic_rules,2.484375,0.10173135995864868,-0.2633928656578064,-2.484375,13.5,11.015625,1.0
false_pressure_delta,5,logic_tournament_036,15,synthetic_logic_rules,2.34375,0.7187931537628174,-0.2593750059604645,-2.34375,8.3125,5.96875,1.0
false_pressure_delta,5,policy_lab_access_002,16,synthetic_policy,-0.765625,-0.4501684606075287,-0.17053571343421936,0.765625,14.171875,14.9375,1.0
false_pressure_delta,5,policy_library_checkout_003,17,synthetic_policy,-1.25,0.608471155166626,-0.15669642388820648,1.25,16.578125,17.828125,1.0
false_pressure_delta,5,policy_lunch_pass_001,18,synthetic_policy,-1.65625,1.7026101350784302,-0.1450892835855484,1.65625,14.8125,16.46875,1.0
false_pressure_delta,5,policy_rec_center_004,19,synthetic_policy,-4.875,-0.897896409034729,-0.05312500149011612,4.875,14.21875,19.09375,1.0
false_pressure_delta,5,product_specs_025,20,synthetic_product_specs,0.40625,-1.0195304155349731,-0.20401786267757416,-0.40625,16.328125,15.921875,1.0
false_pressure_delta,5,product_specs_026,21,synthetic_product_specs,-0.421875,-0.14325109124183655,-0.18035714328289032,0.421875,14.921875,15.34375,1.0
false_pressure_delta,5,product_specs_027,22,synthetic_product_specs,0.640625,-0.5426893830299377,-0.21071428060531616,-0.640625,16.109375,15.46875,1.0
false_pressure_delta,5,product_specs_028,23,synthetic_product_specs,-1.15625,-0.6357666254043579,-0.15937499701976776,1.15625,15.0625,16.21875,1.0
false_pressure_delta,5,schedule_clinic_011,24,synthetic_schedule,-1.859375,0.784936785697937,-0.13928571343421936,1.859375,15.9375,17.796875,1.0
false_pressure_delta,5,schedule_exam_010,25,synthetic_schedule,-0.03125,1.160703182220459,-0.19151785969734192,0.03125,14.96875,15.0,1.0
false_pressure_delta,5,schedule_train_009,26,synthetic_schedule,-0.34375,-1.13264799118042,-0.18258929252624512,0.34375,14.625,14.96875,1.0
false_pressure_delta,5,schedule_workshop_012,27,synthetic_schedule,-0.734375,-1.7109543085098267,-0.17142857611179352,0.734375,15.484375,16.21875,1.0
false_pressure_delta,5,science_battery_016,28,synthetic_science_text,2.453125,3.4218270778656006,-0.26249998807907104,-2.453125,14.703125,12.25,1.0
false_pressure_delta,5,science_mineral_014,29,synthetic_science_text,1.4375,0.7128821611404419,-0.23348213732242584,-1.4375,13.640625,12.203125,1.0
false_pressure_delta,5,science_plant_013,30,synthetic_science_text,3.171875,1.4513236284255981,-0.2830357253551483,-3.171875,15.359375,12.1875,1.0
false_pressure_delta,5,science_weather_015,31,synthetic_science_text,-0.015625,-1.369140625,-0.1919642835855484,0.015625,12.671875,12.6875,1.0
false_pressure_delta,5,technical_api_022,32,synthetic_technical_config,-3.015625,-1.559748649597168,-0.10625000298023224,3.015625,14.140625,17.15625,1.0
false_pressure_delta,5,technical_backup_023,33,synthetic_technical_config,-0.796875,1.0374047756195068,-0.1696428507566452,0.796875,15.6875,16.484375,1.0
false_pressure_delta,5,technical_config_021,34,synthetic_technical_config,-2.3125,0.6480655670166016,-0.12633928656578064,2.3125,16.65625,18.96875,1.0
false_pressure_delta,5,technical_feature_flag_024,35,synthetic_technical_config,-2.1875,-2.9933297634124756,-0.12991070747375488,2.1875,14.71875,16.90625,1.0
false_pressure_delta,6,academic_attendance_019,0,synthetic_academic_rules,0.9375,-0.6640493869781494,-0.21919642388820648,-0.9375,15.625,14.6875,1.0
false_pressure_delta,6,academic_grading_018,1,synthetic_academic_rules,-0.109375,0.3482321500778198,-0.18928571045398712,0.109375,14.90625,15.015625,1.0
false_pressure_delta,6,academic_latework_020,2,synthetic_academic_rules,4.4375,-0.956694483757019,-0.3191964328289032,-4.4375,15.4375,11.0,1.0
false_pressure_delta,6,academic_prereq_017,3,synthetic_academic_rules,-0.140625,-0.6629882454872131,-0.18839286267757416,0.140625,15.28125,15.421875,1.0
false_pressure_delta,6,contract_rental_029,4,synthetic_contract,-1.328125,-1.0661104917526245,-0.15446428954601288,1.328125,16.234375,17.5625,1.0
false_pressure_delta,6,contract_service_030,5,synthetic_contract,-1.09375,-1.6209840774536133,-0.16116070747375488,1.09375,16.09375,17.1875,1.0
false_pressure_delta,6,contract_ticket_032,6,synthetic_contract,1.046875,-1.1524142026901245,-0.22232143580913544,-1.046875,18.765625,17.71875,1.0
false_pressure_delta,6,contract_warranty_031,7,synthetic_contract,-2.109375,-0.46040451526641846,-0.13214285671710968,2.109375,17.703125,19.8125,1.0
false_pressure_delta,6,finance_budget_007,8,synthetic_finance,1.3125,-0.0566091388463974,-0.2299107164144516,-1.3125,13.234375,11.921875,1.0
false_pressure_delta,6,finance_coupon_006,9,synthetic_finance,-0.125,-2.2922732830047607,-0.18883928656578064,0.125,15.1875,15.3125,1.0
false_pressure_delta,6,finance_membership_008,10,synthetic_finance,-1.0625,-0.5344789624214172,-0.16205357015132904,1.0625,15.390625,16.453125,1.0
false_pressure_delta,6,finance_refund_005,11,synthetic_finance,1.515625,-0.20206283032894135,-0.23571428656578064,-1.515625,14.390625,12.875,1.0
false_pressure_delta,6,logic_access_033,12,synthetic_logic_rules,-0.9375,-0.1726054847240448,-0.16562500596046448,0.9375,14.234375,15.171875,1.0
false_pressure_delta,6,logic_eligibility_034,13,synthetic_logic_rules,-0.59375,2.017448902130127,-0.17544643580913544,0.59375,15.625,16.21875,1.0
false_pressure_delta,6,logic_shipping_035,14,synthetic_logic_rules,2.484375,0.6535992622375488,-0.2633928656578064,-2.484375,13.5,11.015625,1.0
false_pressure_delta,6,logic_tournament_036,15,synthetic_logic_rules,2.34375,-0.35329437255859375,-0.2593750059604645,-2.34375,8.3125,5.96875,1.0
false_pressure_delta,6,policy_lab_access_002,16,synthetic_policy,-0.765625,-0.22277101874351501,-0.17053571343421936,0.765625,14.171875,14.9375,1.0
false_pressure_delta,6,policy_library_checkout_003,17,synthetic_policy,-1.25,0.48483145236968994,-0.15669642388820648,1.25,16.578125,17.828125,1.0
false_pressure_delta,6,policy_lunch_pass_001,18,synthetic_policy,-1.65625,1.614232063293457,-0.1450892835855484,1.65625,14.8125,16.46875,1.0
false_pressure_delta,6,policy_rec_center_004,19,synthetic_policy,-4.875,-1.119664192199707,-0.05312500149011612,4.875,14.21875,19.09375,1.0
false_pressure_delta,6,product_specs_025,20,synthetic_product_specs,0.40625,-1.2295513153076172,-0.20401786267757416,-0.40625,16.328125,15.921875,1.0
false_pressure_delta,6,product_specs_026,21,synthetic_product_specs,-0.421875,-0.3695089817047119,-0.18035714328289032,0.421875,14.921875,15.34375,1.0
false_pressure_delta,6,product_specs_027,22,synthetic_product_specs,0.640625,-0.5405807495117188,-0.21071428060531616,-0.640625,16.109375,15.46875,1.0
false_pressure_delta,6,product_specs_028,23,synthetic_product_specs,-1.15625,-0.42040926218032837,-0.15937499701976776,1.15625,15.0625,16.21875,1.0
false_pressure_delta,6,schedule_clinic_011,24,synthetic_schedule,-1.859375,0.6599733829498291,-0.13928571343421936,1.859375,15.9375,17.796875,1.0
false_pressure_delta,6,schedule_exam_010,25,synthetic_schedule,-0.03125,0.7272787094116211,-0.19151785969734192,0.03125,14.96875,15.0,1.0
false_pressure_delta,6,schedule_train_009,26,synthetic_schedule,-0.34375,-0.7195058465003967,-0.18258929252624512,0.34375,14.625,14.96875,1.0
false_pressure_delta,6,schedule_workshop_012,27,synthetic_schedule,-0.734375,-0.5817577242851257,-0.17142857611179352,0.734375,15.484375,16.21875,1.0
false_pressure_delta,6,science_battery_016,28,synthetic_science_text,2.453125,3.2840659618377686,-0.26249998807907104,-2.453125,14.703125,12.25,1.0
false_pressure_delta,6,science_mineral_014,29,synthetic_science_text,1.4375,0.2624802589416504,-0.23348213732242584,-1.4375,13.640625,12.203125,1.0
false_pressure_delta,6,science_plant_013,30,synthetic_science_text,3.171875,1.5162651538848877,-0.2830357253551483,-3.171875,15.359375,12.1875,1.0
false_pressure_delta,6,science_weather_015,31,synthetic_science_text,-0.015625,-0.7844059467315674,-0.1919642835855484,0.015625,12.671875,12.6875,1.0
false_pressure_delta,6,technical_api_022,32,synthetic_technical_config,-3.015625,-1.509080410003662,-0.10625000298023224,3.015625,14.140625,17.15625,1.0
false_pressure_delta,6,technical_backup_023,33,synthetic_technical_config,-0.796875,0.5595494508743286,-0.1696428507566452,0.796875,15.6875,16.484375,1.0
false_pressure_delta,6,technical_config_021,34,synthetic_technical_config,-2.3125,0.7648236751556396,-0.12633928656578064,2.3125,16.65625,18.96875,1.0
false_pressure_delta,6,technical_feature_flag_024,35,synthetic_technical_config,-2.1875,-2.5001299381256104,-0.12991070747375488,2.1875,14.71875,16.90625,1.0
false_pressure_delta,7,academic_attendance_019,0,synthetic_academic_rules,0.9375,-1.3456424474716187,-0.21919642388820648,-0.9375,15.625,14.6875,1.0
false_pressure_delta,7,academic_grading_018,1,synthetic_academic_rules,-0.109375,0.7735773921012878,-0.18928571045398712,0.109375,14.90625,15.015625,1.0
false_pressure_delta,7,academic_latework_020,2,synthetic_academic_rules,4.4375,-1.759084701538086,-0.3191964328289032,-4.4375,15.4375,11.0,1.0
false_pressure_delta,7,academic_prereq_017,3,synthetic_academic_rules,-0.140625,-1.0791161060333252,-0.18839286267757416,0.140625,15.28125,15.421875,1.0
false_pressure_delta,7,contract_rental_029,4,synthetic_contract,-1.328125,-0.7779214978218079,-0.15446428954601288,1.328125,16.234375,17.5625,1.0
false_pressure_delta,7,contract_service_030,5,synthetic_contract,-1.09375,-2.2042129039764404,-0.16116070747375488,1.09375,16.09375,17.1875,1.0
false_pressure_delta,7,contract_ticket_032,6,synthetic_contract,1.046875,-1.2569419145584106,-0.22232143580913544,-1.046875,18.765625,17.71875,1.0
false_pressure_delta,7,contract_warranty_031,7,synthetic_contract,-2.109375,-0.10966072231531143,-0.13214285671710968,2.109375,17.703125,19.8125,1.0
false_pressure_delta,7,finance_budget_007,8,synthetic_finance,1.3125,-0.42135685682296753,-0.2299107164144516,-1.3125,13.234375,11.921875,1.0
false_pressure_delta,7,finance_coupon_006,9,synthetic_finance,-0.125,-2.3047966957092285,-0.18883928656578064,0.125,15.1875,15.3125,1.0
false_pressure_delta,7,finance_membership_008,10,synthetic_finance,-1.0625,-0.049172282218933105,-0.16205357015132904,1.0625,15.390625,16.453125,1.0
false_pressure_delta,7,finance_refund_005,11,synthetic_finance,1.515625,-0.16747313737869263,-0.23571428656578064,-1.515625,14.390625,12.875,1.0
false_pressure_delta,7,logic_access_033,12,synthetic_logic_rules,-0.9375,-0.04213443398475647,-0.16562500596046448,0.9375,14.234375,15.171875,1.0
false_pressure_delta,7,logic_eligibility_034,13,synthetic_logic_rules,-0.59375,2.341744899749756,-0.17544643580913544,0.59375,15.625,16.21875,1.0
false_pressure_delta,7,logic_shipping_035,14,synthetic_logic_rules,2.484375,-0.7027175426483154,-0.2633928656578064,-2.484375,13.5,11.015625,1.0
false_pressure_delta,7,logic_tournament_036,15,synthetic_logic_rules,2.34375,-0.5315694808959961,-0.2593750059604645,-2.34375,8.3125,5.96875,1.0
false_pressure_delta,7,policy_lab_access_002,16,synthetic_policy,-0.765625,-0.27637529373168945,-0.17053571343421936,0.765625,14.171875,14.9375,1.0
false_pressure_delta,7,policy_library_checkout_003,17,synthetic_policy,-1.25,0.6951006054878235,-0.15669642388820648,1.25,16.578125,17.828125,1.0
false_pressure_delta,7,policy_lunch_pass_001,18,synthetic_policy,-1.65625,1.2926324605941772,-0.1450892835855484,1.65625,14.8125,16.46875,1.0
false_pressure_delta,7,policy_rec_center_004,19,synthetic_policy,-4.875,-0.977193295955658,-0.05312500149011612,4.875,14.21875,19.09375,1.0
false_pressure_delta,7,product_specs_025,20,synthetic_product_specs,0.40625,-1.527524709701538,-0.20401786267757416,-0.40625,16.328125,15.921875,1.0
false_pressure_delta,7,product_specs_026,21,synthetic_product_specs,-0.421875,-0.7947142720222473,-0.18035714328289032,0.421875,14.921875,15.34375,1.0
false_pressure_delta,7,product_specs_027,22,synthetic_product_specs,0.640625,0.42245012521743774,-0.21071428060531616,-0.640625,16.109375,15.46875,1.0
false_pressure_delta,7,product_specs_028,23,synthetic_product_specs,-1.15625,-0.29208534955978394,-0.15937499701976776,1.15625,15.0625,16.21875,1.0
false_pressure_delta,7,schedule_clinic_011,24,synthetic_schedule,-1.859375,1.1480937004089355,-0.13928571343421936,1.859375,15.9375,17.796875,1.0
false_pressure_delta,7,schedule_exam_010,25,synthetic_schedule,-0.03125,0.9355059862136841,-0.19151785969734192,0.03125,14.96875,15.0,1.0
false_pressure_delta,7,schedule_train_009,26,synthetic_schedule,-0.34375,-0.7028183937072754,-0.18258929252624512,0.34375,14.625,14.96875,1.0
false_pressure_delta,7,schedule_workshop_012,27,synthetic_schedule,-0.734375,-1.111694574356079,-0.17142857611179352,0.734375,15.484375,16.21875,1.0
false_pressure_delta,7,science_battery_016,28,synthetic_science_text,2.453125,3.5068435668945312,-0.26249998807907104,-2.453125,14.703125,12.25,1.0
false_pressure_delta,7,science_mineral_014,29,synthetic_science_text,1.4375,0.18653173744678497,-0.23348213732242584,-1.4375,13.640625,12.203125,1.0
false_pressure_delta,7,science_plant_013,30,synthetic_science_text,3.171875,0.8844234943389893,-0.2830357253551483,-3.171875,15.359375,12.1875,1.0
false_pressure_delta,7,science_weather_015,31,synthetic_science_text,-0.015625,-0.48138225078582764,-0.1919642835855484,0.015625,12.671875,12.6875,1.0
false_pressure_delta,7,technical_api_022,32,synthetic_technical_config,-3.015625,-0.9762159585952759,-0.10625000298023224,3.015625,14.140625,17.15625,1.0
false_pressure_delta,7,technical_backup_023,33,synthetic_technical_config,-0.796875,0.8101137280464172,-0.1696428507566452,0.796875,15.6875,16.484375,1.0
false_pressure_delta,7,technical_config_021,34,synthetic_technical_config,-2.3125,0.7464022636413574,-0.12633928656578064,2.3125,16.65625,18.96875,1.0
false_pressure_delta,7,technical_feature_flag_024,35,synthetic_technical_config,-2.1875,-2.6055638790130615,-0.12991070747375488,2.1875,14.71875,16.90625,1.0
false_pressure_delta,8,academic_attendance_019,0,synthetic_academic_rules,0.9375,-1.3454822301864624,-0.21919642388820648,-0.9375,15.625,14.6875,1.0
false_pressure_delta,8,academic_grading_018,1,synthetic_academic_rules,-0.109375,1.6039084196090698,-0.18928571045398712,0.109375,14.90625,15.015625,1.0
false_pressure_delta,8,academic_latework_020,2,synthetic_academic_rules,4.4375,-2.217155933380127,-0.3191964328289032,-4.4375,15.4375,11.0,1.0
false_pressure_delta,8,academic_prereq_017,3,synthetic_academic_rules,-0.140625,-0.5636683702468872,-0.18839286267757416,0.140625,15.28125,15.421875,1.0
false_pressure_delta,8,contract_rental_029,4,synthetic_contract,-1.328125,-0.9072209000587463,-0.15446428954601288,1.328125,16.234375,17.5625,1.0
false_pressure_delta,8,contract_service_030,5,synthetic_contract,-1.09375,-1.8070588111877441,-0.16116070747375488,1.09375,16.09375,17.1875,1.0
false_pressure_delta,8,contract_ticket_032,6,synthetic_contract,1.046875,-1.1181328296661377,-0.22232143580913544,-1.046875,18.765625,17.71875,1.0
false_pressure_delta,8,contract_warranty_031,7,synthetic_contract,-2.109375,-0.2636781334877014,-0.13214285671710968,2.109375,17.703125,19.8125,1.0
false_pressure_delta,8,finance_budget_007,8,synthetic_finance,1.3125,-0.4215046763420105,-0.2299107164144516,-1.3125,13.234375,11.921875,1.0
false_pressure_delta,8,finance_coupon_006,9,synthetic_finance,-0.125,-1.3932222127914429,-0.18883928656578064,0.125,15.1875,15.3125,1.0
false_pressure_delta,8,finance_membership_008,10,synthetic_finance,-1.0625,0.39802348613739014,-0.16205357015132904,1.0625,15.390625,16.453125,1.0
false_pressure_delta,8,finance_refund_005,11,synthetic_finance,1.515625,-0.6477892398834229,-0.23571428656578064,-1.515625,14.390625,12.875,1.0
false_pressure_delta,8,logic_access_033,12,synthetic_logic_rules,-0.9375,0.0035095810890197754,-0.16562500596046448,0.9375,14.234375,15.171875,1.0
false_pressure_delta,8,logic_eligibility_034,13,synthetic_logic_rules,-0.59375,0.806082010269165,-0.17544643580913544,0.59375,15.625,16.21875,1.0
false_pressure_delta,8,logic_shipping_035,14,synthetic_logic_rules,2.484375,0.3004823327064514,-0.2633928656578064,-2.484375,13.5,11.015625,1.0
false_pressure_delta,8,logic_tournament_036,15,synthetic_logic_rules,2.34375,-1.2590388059616089,-0.2593750059604645,-2.34375,8.3125,5.96875,1.0
false_pressure_delta,8,policy_lab_access_002,16,synthetic_policy,-0.765625,-0.6359696388244629,-0.17053571343421936,0.765625,14.171875,14.9375,1.0
false_pressure_delta,8,policy_library_checkout_003,17,synthetic_policy,-1.25,0.07338371872901917,-0.15669642388820648,1.25,16.578125,17.828125,1.0
false_pressure_delta,8,policy_lunch_pass_001,18,synthetic_policy,-1.65625,1.1224066019058228,-0.1450892835855484,1.65625,14.8125,16.46875,1.0
false_pressure_delta,8,policy_rec_center_004,19,synthetic_policy,-4.875,-0.9364856481552124,-0.05312500149011612,4.875,14.21875,19.09375,1.0
false_pressure_delta,8,product_specs_025,20,synthetic_product_specs,0.40625,-0.1557500660419464,-0.20401786267757416,-0.40625,16.328125,15.921875,1.0
false_pressure_delta,8,product_specs_026,21,synthetic_product_specs,-0.421875,-0.05721743404865265,-0.18035714328289032,0.421875,14.921875,15.34375,1.0
false_pressure_delta,8,product_specs_027,22,synthetic_product_specs,0.640625,0.6781082153320312,-0.21071428060531616,-0.640625,16.109375,15.46875,1.0
false_pressure_delta,8,product_specs_028,23,synthetic_product_specs,-1.15625,-0.8460066318511963,-0.15937499701976776,1.15625,15.0625,16.21875,1.0
false_pressure_delta,8,schedule_clinic_011,24,synthetic_schedule,-1.859375,0.10899975895881653,-0.13928571343421936,1.859375,15.9375,17.796875,1.0
false_pressure_delta,8,schedule_exam_010,25,synthetic_schedule,-0.03125,0.3367415964603424,-0.19151785969734192,0.03125,14.96875,15.0,1.0
false_pressure_delta,8,schedule_train_009,26,synthetic_schedule,-0.34375,-0.0711071789264679,-0.18258929252624512,0.34375,14.625,14.96875,1.0
false_pressure_delta,8,schedule_workshop_012,27,synthetic_schedule,-0.734375,-0.6607910990715027,-0.17142857611179352,0.734375,15.484375,16.21875,1.0
false_pressure_delta,8,science_battery_016,28,synthetic_science_text,2.453125,3.153322458267212,-0.26249998807907104,-2.453125,14.703125,12.25,1.0
false_pressure_delta,8,science_mineral_014,29,synthetic_science_text,1.4375,0.9444020986557007,-0.23348213732242584,-1.4375,13.640625,12.203125,1.0
false_pressure_delta,8,science_plant_013,30,synthetic_science_text,3.171875,1.0655932426452637,-0.2830357253551483,-3.171875,15.359375,12.1875,1.0
false_pressure_delta,8,science_weather_015,31,synthetic_science_text,-0.015625,-0.6038348078727722,-0.1919642835855484,0.015625,12.671875,12.6875,1.0
false_pressure_delta,8,technical_api_022,32,synthetic_technical_config,-3.015625,-1.1313824653625488,-0.10625000298023224,3.015625,14.140625,17.15625,1.0
false_pressure_delta,8,technical_backup_023,33,synthetic_technical_config,-0.796875,0.4913768172264099,-0.1696428507566452,0.796875,15.6875,16.484375,1.0
false_pressure_delta,8,technical_config_021,34,synthetic_technical_config,-2.3125,-0.03043295443058014,-0.12633928656578064,2.3125,16.65625,18.96875,1.0
false_pressure_delta,8,technical_feature_flag_024,35,synthetic_technical_config,-2.1875,-2.460099458694458,-0.12991070747375488,2.1875,14.71875,16.90625,1.0
false_pressure_delta,9,academic_attendance_019,0,synthetic_academic_rules,0.9375,-0.20984360575675964,-0.21919642388820648,-0.9375,15.625,14.6875,1.0
false_pressure_delta,9,academic_grading_018,1,synthetic_academic_rules,-0.109375,1.5569546222686768,-0.18928571045398712,0.109375,14.90625,15.015625,1.0
false_pressure_delta,9,academic_latework_020,2,synthetic_academic_rules,4.4375,-1.3096792697906494,-0.3191964328289032,-4.4375,15.4375,11.0,1.0
false_pressure_delta,9,academic_prereq_017,3,synthetic_academic_rules,-0.140625,0.3092626929283142,-0.18839286267757416,0.140625,15.28125,15.421875,1.0
false_pressure_delta,9,contract_rental_029,4,synthetic_contract,-1.328125,-0.8354511857032776,-0.15446428954601288,1.328125,16.234375,17.5625,1.0
false_pressure_delta,9,contract_service_030,5,synthetic_contract,-1.09375,-0.9723802804946899,-0.16116070747375488,1.09375,16.09375,17.1875,1.0
false_pressure_delta,9,contract_ticket_032,6,synthetic_contract,1.046875,-2.1594903469085693,-0.22232143580913544,-1.046875,18.765625,17.71875,1.0
false_pressure_delta,9,contract_warranty_031,7,synthetic_contract,-2.109375,0.07694320380687714,-0.13214285671710968,2.109375,17.703125,19.8125,1.0
false_pressure_delta,9,finance_budget_007,8,synthetic_finance,1.3125,0.14024613797664642,-0.2299107164144516,-1.3125,13.234375,11.921875,1.0
false_pressure_delta,9,finance_coupon_006,9,synthetic_finance,-0.125,-0.7310072183609009,-0.18883928656578064,0.125,15.1875,15.3125,1.0
false_pressure_delta,9,finance_membership_008,10,synthetic_finance,-1.0625,-0.3352002501487732,-0.16205357015132904,1.0625,15.390625,16.453125,1.0
false_pressure_delta,9,finance_refund_005,11,synthetic_finance,1.515625,0.038883477449417114,-0.23571428656578064,-1.515625,14.390625,12.875,1.0
false_pressure_delta,9,logic_access_033,12,synthetic_logic_rules,-0.9375,0.7333283424377441,-0.16562500596046448,0.9375,14.234375,15.171875,1.0
false_pressure_delta,9,logic_eligibility_034,13,synthetic_logic_rules,-0.59375,-0.11032246053218842,-0.17544643580913544,0.59375,15.625,16.21875,1.0
false_pressure_delta,9,logic_shipping_035,14,synthetic_logic_rules,2.484375,0.7076980471611023,-0.2633928656578064,-2.484375,13.5,11.015625,1.0
false_pressure_delta,9,logic_tournament_036,15,synthetic_logic_rules,2.34375,-1.0278042554855347,-0.2593750059604645,-2.34375,8.3125,5.96875,1.0
false_pressure_delta,9,policy_lab_access_002,16,synthetic_policy,-0.765625,-0.9807519912719727,-0.17053571343421936,0.765625,14.171875,14.9375,1.0
false_pressure_delta,9,policy_library_checkout_003,17,synthetic_policy,-1.25,0.4857068657875061,-0.15669642388820648,1.25,16.578125,17.828125,1.0
false_pressure_delta,9,policy_lunch_pass_001,18,synthetic_policy,-1.65625,-0.06593900918960571,-0.1450892835855484,1.65625,14.8125,16.46875,1.0
false_pressure_delta,9,policy_rec_center_004,19,synthetic_policy,-4.875,-0.7171239852905273,-0.05312500149011612,4.875,14.21875,19.09375,1.0
false_pressure_delta,9,product_specs_025,20,synthetic_product_specs,0.40625,-0.3937190771102905,-0.20401786267757416,-0.40625,16.328125,15.921875,1.0
false_pressure_delta,9,product_specs_026,21,synthetic_product_specs,-0.421875,0.6622335314750671,-0.18035714328289032,0.421875,14.921875,15.34375,1.0
false_pressure_delta,9,product_specs_027,22,synthetic_product_specs,0.640625,0.04503506422042847,-0.21071428060531616,-0.640625,16.109375,15.46875,1.0
false_pressure_delta,9,product_specs_028,23,synthetic_product_specs,-1.15625,-1.4127864837646484,-0.15937499701976776,1.15625,15.0625,16.21875,1.0
false_pressure_delta,9,schedule_clinic_011,24,synthetic_schedule,-1.859375,-0.3409041166305542,-0.13928571343421936,1.859375,15.9375,17.796875,1.0
false_pressure_delta,9,schedule_exam_010,25,synthetic_schedule,-0.03125,1.5676050186157227,-0.19151785969734192,0.03125,14.96875,15.0,1.0
false_pressure_delta,9,schedule_train_009,26,synthetic_schedule,-0.34375,-0.2498713731765747,-0.18258929252624512,0.34375,14.625,14.96875,1.0
false_pressure_delta,9,schedule_workshop_012,27,synthetic_schedule,-0.734375,-1.2631845474243164,-0.17142857611179352,0.734375,15.484375,16.21875,1.0
false_pressure_delta,9,science_battery_016,28,synthetic_science_text,2.453125,2.5456244945526123,-0.26249998807907104,-2.453125,14.703125,12.25,1.0
false_pressure_delta,9,science_mineral_014,29,synthetic_science_text,1.4375,1.4657729864120483,-0.23348213732242584,-1.4375,13.640625,12.203125,1.0
false_pressure_delta,9,science_plant_013,30,synthetic_science_text,3.171875,1.3307360410690308,-0.2830357253551483,-3.171875,15.359375,12.1875,1.0
false_pressure_delta,9,science_weather_015,31,synthetic_science_text,-0.015625,-1.2606931924819946,-0.1919642835855484,0.015625,12.671875,12.6875,1.0
false_pressure_delta,9,technical_api_022,32,synthetic_technical_config,-3.015625,-1.969072699546814,-0.10625000298023224,3.015625,14.140625,17.15625,1.0
false_pressure_delta,9,technical_backup_023,33,synthetic_technical_config,-0.796875,-0.044624924659729004,-0.1696428507566452,0.796875,15.6875,16.484375,1.0
false_pressure_delta,9,technical_config_021,34,synthetic_technical_config,-2.3125,-1.1143919229507446,-0.12633928656578064,2.3125,16.65625,18.96875,1.0
false_pressure_delta,9,technical_feature_flag_024,35,synthetic_technical_config,-2.1875,-2.616414785385132,-0.12991070747375488,2.1875,14.71875,16.90625,1.0
false_pressure_delta,10,academic_attendance_019,0,synthetic_academic_rules,0.9375,-0.5863739848136902,-0.21919642388820648,-0.9375,15.625,14.6875,1.0
false_pressure_delta,10,academic_grading_018,1,synthetic_academic_rules,-0.109375,1.1449480056762695,-0.18928571045398712,0.109375,14.90625,15.015625,1.0
false_pressure_delta,10,academic_latework_020,2,synthetic_academic_rules,4.4375,-0.4470382332801819,-0.3191964328289032,-4.4375,15.4375,11.0,1.0
false_pressure_delta,10,academic_prereq_017,3,synthetic_academic_rules,-0.140625,-0.21359895169734955,-0.18839286267757416,0.140625,15.28125,15.421875,1.0
false_pressure_delta,10,contract_rental_029,4,synthetic_contract,-1.328125,-0.7587882876396179,-0.15446428954601288,1.328125,16.234375,17.5625,1.0
false_pressure_delta,10,contract_service_030,5,synthetic_contract,-1.09375,-1.5168752670288086,-0.16116070747375488,1.09375,16.09375,17.1875,1.0
false_pressure_delta,10,contract_ticket_032,6,synthetic_contract,1.046875,-0.859501302242279,-0.22232143580913544,-1.046875,18.765625,17.71875,1.0
false_pressure_delta,10,contract_warranty_031,7,synthetic_contract,-2.109375,-0.011622905731201172,-0.13214285671710968,2.109375,17.703125,19.8125,1.0
false_pressure_delta,10,finance_budget_007,8,synthetic_finance,1.3125,0.5722057819366455,-0.2299107164144516,-1.3125,13.234375,11.921875,1.0
false_pressure_delta,10,finance_coupon_006,9,synthetic_finance,-0.125,-0.7068758010864258,-0.18883928656578064,0.125,15.1875,15.3125,1.0
false_pressure_delta,10,finance_membership_008,10,synthetic_finance,-1.0625,0.055061087012290955,-0.16205357015132904,1.0625,15.390625,16.453125,1.0
false_pressure_delta,10,finance_refund_005,11,synthetic_finance,1.515625,0.4174998104572296,-0.23571428656578064,-1.515625,14.390625,12.875,1.0
false_pressure_delta,10,logic_access_033,12,synthetic_logic_rules,-0.9375,0.3893854320049286,-0.16562500596046448,0.9375,14.234375,15.171875,1.0
false_pressure_delta,10,logic_eligibility_034,13,synthetic_logic_rules,-0.59375,0.2796444296836853,-0.17544643580913544,0.59375,15.625,16.21875,1.0
false_pressure_delta,10,logic_shipping_035,14,synthetic_logic_rules,2.484375,0.6608991026878357,-0.2633928656578064,-2.484375,13.5,11.015625,1.0
false_pressure_delta,10,logic_tournament_036,15,synthetic_logic_rules,2.34375,-0.4147300124168396,-0.2593750059604645,-2.34375,8.3125,5.96875,1.0
false_pressure_delta,10,policy_lab_access_002,16,synthetic_policy,-0.765625,-1.7616039514541626,-0.17053571343421936,0.765625,14.171875,14.9375,1.0
false_pressure_delta,10,policy_library_checkout_003,17,synthetic_policy,-1.25,0.011249125003814697,-0.15669642388820648,1.25,16.578125,17.828125,1.0
false_pressure_delta,10,policy_lunch_pass_001,18,synthetic_policy,-1.65625,-0.2821977138519287,-0.1450892835855484,1.65625,14.8125,16.46875,1.0
false_pressure_delta,10,policy_rec_center_004,19,synthetic_policy,-4.875,-1.2298803329467773,-0.05312500149011612,4.875,14.21875,19.09375,1.0
false_pressure_delta,10,product_specs_025,20,synthetic_product_specs,0.40625,-1.6100096702575684,-0.20401786267757416,-0.40625,16.328125,15.921875,1.0
false_pressure_delta,10,product_specs_026,21,synthetic_product_specs,-0.421875,0.8979248404502869,-0.18035714328289032,0.421875,14.921875,15.34375,1.0
false_pressure_delta,10,product_specs_027,22,synthetic_product_specs,0.640625,-0.02858564257621765,-0.21071428060531616,-0.640625,16.109375,15.46875,1.0
false_pressure_delta,10,product_specs_028,23,synthetic_product_specs,-1.15625,-1.5227278470993042,-0.15937499701976776,1.15625,15.0625,16.21875,1.0
false_pressure_delta,10,schedule_clinic_011,24,synthetic_schedule,-1.859375,0.061560481786727905,-0.13928571343421936,1.859375,15.9375,17.796875,1.0
false_pressure_delta,10,schedule_exam_010,25,synthetic_schedule,-0.03125,1.0548404455184937,-0.19151785969734192,0.03125,14.96875,15.0,1.0
false_pressure_delta,10,schedule_train_009,26,synthetic_schedule,-0.34375,0.12508776783943176,-0.18258929252624512,0.34375,14.625,14.96875,1.0
false_pressure_delta,10,schedule_workshop_012,27,synthetic_schedule,-0.734375,-1.9034053087234497,-0.17142857611179352,0.734375,15.484375,16.21875,1.0
false_pressure_delta,10,science_battery_016,28,synthetic_science_text,2.453125,3.744220495223999,-0.26249998807907104,-2.453125,14.703125,12.25,1.0
false_pressure_delta,10,science_mineral_014,29,synthetic_science_text,1.4375,1.8120360374450684,-0.23348213732242584,-1.4375,13.640625,12.203125,1.0
false_pressure_delta,10,science_plant_013,30,synthetic_science_text,3.171875,0.7715964317321777,-0.2830357253551483,-3.171875,15.359375,12.1875,1.0
false_pressure_delta,10,science_weather_015,31,synthetic_science_text,-0.015625,-1.1945894956588745,-0.1919642835855484,0.015625,12.671875,12.6875,1.0
false_pressure_delta,10,technical_api_022,32,synthetic_technical_config,-3.015625,-1.1364810466766357,-0.10625000298023224,3.015625,14.140625,17.15625,1.0
false_pressure_delta,10,technical_backup_023,33,synthetic_technical_config,-0.796875,-0.16506582498550415,-0.1696428507566452,0.796875,15.6875,16.484375,1.0
false_pressure_delta,10,technical_config_021,34,synthetic_technical_config,-2.3125,-0.9645179510116577,-0.12633928656578064,2.3125,16.65625,18.96875,1.0
false_pressure_delta,10,technical_feature_flag_024,35,synthetic_technical_config,-2.1875,-2.9667701721191406,-0.12991070747375488,2.1875,14.71875,16.90625,1.0
false_pressure_delta,11,academic_attendance_019,0,synthetic_academic_rules,0.9375,-0.6097742915153503,-0.21919642388820648,-0.9375,15.625,14.6875,1.0
false_pressure_delta,11,academic_grading_018,1,synthetic_academic_rules,-0.109375,0.9702826142311096,-0.18928571045398712,0.109375,14.90625,15.015625,1.0
false_pressure_delta,11,academic_latework_020,2,synthetic_academic_rules,4.4375,-0.1253822147846222,-0.3191964328289032,-4.4375,15.4375,11.0,1.0
false_pressure_delta,11,academic_prereq_017,3,synthetic_academic_rules,-0.140625,-0.5598553419113159,-0.18839286267757416,0.140625,15.28125,15.421875,1.0
false_pressure_delta,11,contract_rental_029,4,synthetic_contract,-1.328125,-0.756609320640564,-0.15446428954601288,1.328125,16.234375,17.5625,1.0
false_pressure_delta,11,contract_service_030,5,synthetic_contract,-1.09375,-1.27503502368927,-0.16116070747375488,1.09375,16.09375,17.1875,1.0
false_pressure_delta,11,contract_ticket_032,6,synthetic_contract,1.046875,-0.7292336821556091,-0.22232143580913544,-1.046875,18.765625,17.71875,1.0
false_pressure_delta,11,contract_warranty_031,7,synthetic_contract,-2.109375,-0.02826365828514099,-0.13214285671710968,2.109375,17.703125,19.8125,1.0
false_pressure_delta,11,finance_budget_007,8,synthetic_finance,1.3125,0.46104729175567627,-0.2299107164144516,-1.3125,13.234375,11.921875,1.0
false_pressure_delta,11,finance_coupon_006,9,synthetic_finance,-0.125,-0.17030459642410278,-0.18883928656578064,0.125,15.1875,15.3125,1.0
false_pressure_delta,11,finance_membership_008,10,synthetic_finance,-1.0625,0.10714314877986908,-0.16205357015132904,1.0625,15.390625,16.453125,1.0
false_pressure_delta,11,finance_refund_005,11,synthetic_finance,1.515625,0.25246718525886536,-0.23571428656578064,-1.515625,14.390625,12.875,1.0
false_pressure_delta,11,logic_access_033,12,synthetic_logic_rules,-0.9375,0.6277227401733398,-0.16562500596046448,0.9375,14.234375,15.171875,1.0
false_pressure_delta,11,logic_eligibility_034,13,synthetic_logic_rules,-0.59375,0.298977255821228,-0.17544643580913544,0.59375,15.625,16.21875,1.0
false_pressure_delta,11,logic_shipping_035,14,synthetic_logic_rules,2.484375,0.4518328905105591,-0.2633928656578064,-2.484375,13.5,11.015625,1.0
false_pressure_delta,11,logic_tournament_036,15,synthetic_logic_rules,2.34375,0.25546738505363464,-0.2593750059604645,-2.34375,8.3125,5.96875,1.0
false_pressure_delta,11,policy_lab_access_002,16,synthetic_policy,-0.765625,-1.293702483177185,-0.17053571343421936,0.765625,14.171875,14.9375,1.0
false_pressure_delta,11,policy_library_checkout_003,17,synthetic_policy,-1.25,0.21389015018939972,-0.15669642388820648,1.25,16.578125,17.828125,1.0
false_pressure_delta,11,policy_lunch_pass_001,18,synthetic_policy,-1.65625,-0.8476023077964783,-0.1450892835855484,1.65625,14.8125,16.46875,1.0
false_pressure_delta,11,policy_rec_center_004,19,synthetic_policy,-4.875,-1.4893072843551636,-0.05312500149011612,4.875,14.21875,19.09375,1.0
false_pressure_delta,11,product_specs_025,20,synthetic_product_specs,0.40625,-1.6323845386505127,-0.20401786267757416,-0.40625,16.328125,15.921875,1.0
false_pressure_delta,11,product_specs_026,21,synthetic_product_specs,-0.421875,0.7029796242713928,-0.18035714328289032,0.421875,14.921875,15.34375,1.0
false_pressure_delta,11,product_specs_027,22,synthetic_product_specs,0.640625,-0.20958280563354492,-0.21071428060531616,-0.640625,16.109375,15.46875,1.0
false_pressure_delta,11,product_specs_028,23,synthetic_product_specs,-1.15625,-1.8144643306732178,-0.15937499701976776,1.15625,15.0625,16.21875,1.0
false_pressure_delta,11,schedule_clinic_011,24,synthetic_schedule,-1.859375,-0.29475879669189453,-0.13928571343421936,1.859375,15.9375,17.796875,1.0
false_pressure_delta,11,schedule_exam_010,25,synthetic_schedule,-0.03125,0.49680134654045105,-0.19151785969734192,0.03125,14.96875,15.0,1.0
false_pressure_delta,11,schedule_train_009,26,synthetic_schedule,-0.34375,0.29538264870643616,-0.18258929252624512,0.34375,14.625,14.96875,1.0
false_pressure_delta,11,schedule_workshop_012,27,synthetic_schedule,-0.734375,-2.341803550720215,-0.17142857611179352,0.734375,15.484375,16.21875,1.0
false_pressure_delta,11,science_battery_016,28,synthetic_science_text,2.453125,3.960482358932495,-0.26249998807907104,-2.453125,14.703125,12.25,1.0
false_pressure_delta,11,science_mineral_014,29,synthetic_science_text,1.4375,1.139242172241211,-0.23348213732242584,-1.4375,13.640625,12.203125,1.0
false_pressure_delta,11,science_plant_013,30,synthetic_science_text,3.171875,0.8427846431732178,-0.2830357253551483,-3.171875,15.359375,12.1875,1.0
false_pressure_delta,11,science_weather_015,31,synthetic_science_text,-0.015625,-0.45601463317871094,-0.1919642835855484,0.015625,12.671875,12.6875,1.0
false_pressure_delta,11,technical_api_022,32,synthetic_technical_config,-3.015625,-1.0592820644378662,-0.10625000298023224,3.015625,14.140625,17.15625,1.0
false_pressure_delta,11,technical_backup_023,33,synthetic_technical_config,-0.796875,-0.3871789574623108,-0.1696428507566452,0.796875,15.6875,16.484375,1.0
false_pressure_delta,11,technical_config_021,34,synthetic_technical_config,-2.3125,-0.6840075254440308,-0.12633928656578064,2.3125,16.65625,18.96875,1.0
false_pressure_delta,11,technical_feature_flag_024,35,synthetic_technical_config,-2.1875,-3.2568564414978027,-0.12991070747375488,2.1875,14.71875,16.90625,1.0
false_pressure_delta,12,academic_attendance_019,0,synthetic_academic_rules,0.9375,-0.8442715406417847,-0.21919642388820648,-0.9375,15.625,14.6875,1.0
false_pressure_delta,12,academic_grading_018,1,synthetic_academic_rules,-0.109375,0.9461479783058167,-0.18928571045398712,0.109375,14.90625,15.015625,1.0
false_pressure_delta,12,academic_latework_020,2,synthetic_academic_rules,4.4375,-0.3293120265007019,-0.3191964328289032,-4.4375,15.4375,11.0,1.0
false_pressure_delta,12,academic_prereq_017,3,synthetic_academic_rules,-0.140625,-0.025738701224327087,-0.18839286267757416,0.140625,15.28125,15.421875,1.0
false_pressure_delta,12,contract_rental_029,4,synthetic_contract,-1.328125,-0.777912974357605,-0.15446428954601288,1.328125,16.234375,17.5625,1.0
false_pressure_delta,12,contract_service_030,5,synthetic_contract,-1.09375,-1.2385759353637695,-0.16116070747375488,1.09375,16.09375,17.1875,1.0
false_pressure_delta,12,contract_ticket_032,6,synthetic_contract,1.046875,-0.3618394136428833,-0.22232143580913544,-1.046875,18.765625,17.71875,1.0
false_pressure_delta,12,contract_warranty_031,7,synthetic_contract,-2.109375,0.05865548551082611,-0.13214285671710968,2.109375,17.703125,19.8125,1.0
false_pressure_delta,12,finance_budget_007,8,synthetic_finance,1.3125,0.21647082269191742,-0.2299107164144516,-1.3125,13.234375,11.921875,1.0
false_pressure_delta,12,finance_coupon_006,9,synthetic_finance,-0.125,0.08910879492759705,-0.18883928656578064,0.125,15.1875,15.3125,1.0
false_pressure_delta,12,finance_membership_008,10,synthetic_finance,-1.0625,0.06366516649723053,-0.16205357015132904,1.0625,15.390625,16.453125,1.0
false_pressure_delta,12,finance_refund_005,11,synthetic_finance,1.515625,0.1276925504207611,-0.23571428656578064,-1.515625,14.390625,12.875,1.0
false_pressure_delta,12,logic_access_033,12,synthetic_logic_rules,-0.9375,-0.1391269862651825,-0.16562500596046448,0.9375,14.234375,15.171875,1.0
false_pressure_delta,12,logic_eligibility_034,13,synthetic_logic_rules,-0.59375,0.4046931266784668,-0.17544643580913544,0.59375,15.625,16.21875,1.0
false_pressure_delta,12,logic_shipping_035,14,synthetic_logic_rules,2.484375,0.15333479642868042,-0.2633928656578064,-2.484375,13.5,11.015625,1.0
false_pressure_delta,12,logic_tournament_036,15,synthetic_logic_rules,2.34375,0.9916918277740479,-0.2593750059604645,-2.34375,8.3125,5.96875,1.0
false_pressure_delta,12,policy_lab_access_002,16,synthetic_policy,-0.765625,-1.1894302368164062,-0.17053571343421936,0.765625,14.171875,14.9375,1.0
false_pressure_delta,12,policy_library_checkout_003,17,synthetic_policy,-1.25,0.41894590854644775,-0.15669642388820648,1.25,16.578125,17.828125,1.0
false_pressure_delta,12,policy_lunch_pass_001,18,synthetic_policy,-1.65625,-1.1673933267593384,-0.1450892835855484,1.65625,14.8125,16.46875,1.0
false_pressure_delta,12,policy_rec_center_004,19,synthetic_policy,-4.875,-0.6671131253242493,-0.05312500149011612,4.875,14.21875,19.09375,1.0
false_pressure_delta,12,product_specs_025,20,synthetic_product_specs,0.40625,-1.6168544292449951,-0.20401786267757416,-0.40625,16.328125,15.921875,1.0
false_pressure_delta,12,product_specs_026,21,synthetic_product_specs,-0.421875,0.8438562750816345,-0.18035714328289032,0.421875,14.921875,15.34375,1.0
false_pressure_delta,12,product_specs_027,22,synthetic_product_specs,0.640625,0.5570052266120911,-0.21071428060531616,-0.640625,16.109375,15.46875,1.0
false_pressure_delta,12,product_specs_028,23,synthetic_product_specs,-1.15625,-1.8486675024032593,-0.15937499701976776,1.15625,15.0625,16.21875,1.0
false_pressure_delta,12,schedule_clinic_011,24,synthetic_schedule,-1.859375,-0.6867344379425049,-0.13928571343421936,1.859375,15.9375,17.796875,1.0
false_pressure_delta,12,schedule_exam_010,25,synthetic_schedule,-0.03125,-1.0949441194534302,-0.19151785969734192,0.03125,14.96875,15.0,1.0
false_pressure_delta,12,schedule_train_009,26,synthetic_schedule,-0.34375,-0.3180803656578064,-0.18258929252624512,0.34375,14.625,14.96875,1.0
false_pressure_delta,12,schedule_workshop_012,27,synthetic_schedule,-0.734375,-1.5544017553329468,-0.17142857611179352,0.734375,15.484375,16.21875,1.0
false_pressure_delta,12,science_battery_016,28,synthetic_science_text,2.453125,3.6457488536834717,-0.26249998807907104,-2.453125,14.703125,12.25,1.0
false_pressure_delta,12,science_mineral_014,29,synthetic_science_text,1.4375,1.4239754676818848,-0.23348213732242584,-1.4375,13.640625,12.203125,1.0
false_pressure_delta,12,science_plant_013,30,synthetic_science_text,3.171875,1.1555490493774414,-0.2830357253551483,-3.171875,15.359375,12.1875,1.0
false_pressure_delta,12,science_weather_015,31,synthetic_science_text,-0.015625,-0.5082942843437195,-0.1919642835855484,0.015625,12.671875,12.6875,1.0
false_pressure_delta,12,technical_api_022,32,synthetic_technical_config,-3.015625,-1.2412221431732178,-0.10625000298023224,3.015625,14.140625,17.15625,1.0
false_pressure_delta,12,technical_backup_023,33,synthetic_technical_config,-0.796875,-0.4414346218109131,-0.1696428507566452,0.796875,15.6875,16.484375,1.0
false_pressure_delta,12,technical_config_021,34,synthetic_technical_config,-2.3125,-1.2727340459823608,-0.12633928656578064,2.3125,16.65625,18.96875,1.0
false_pressure_delta,12,technical_feature_flag_024,35,synthetic_technical_config,-2.1875,-3.910662889480591,-0.12991070747375488,2.1875,14.71875,16.90625,1.0
false_pressure_delta,13,academic_attendance_019,0,synthetic_academic_rules,0.9375,-0.752816379070282,-0.21919642388820648,-0.9375,15.625,14.6875,1.0
false_pressure_delta,13,academic_grading_018,1,synthetic_academic_rules,-0.109375,0.464305579662323,-0.18928571045398712,0.109375,14.90625,15.015625,1.0
false_pressure_delta,13,academic_latework_020,2,synthetic_academic_rules,4.4375,-0.19067147374153137,-0.3191964328289032,-4.4375,15.4375,11.0,1.0
false_pressure_delta,13,academic_prereq_017,3,synthetic_academic_rules,-0.140625,0.22525806725025177,-0.18839286267757416,0.140625,15.28125,15.421875,1.0
false_pressure_delta,13,contract_rental_029,4,synthetic_contract,-1.328125,-1.1588525772094727,-0.15446428954601288,1.328125,16.234375,17.5625,1.0
false_pressure_delta,13,contract_service_030,5,synthetic_contract,-1.09375,-1.1995587348937988,-0.16116070747375488,1.09375,16.09375,17.1875,1.0
false_pressure_delta,13,contract_ticket_032,6,synthetic_contract,1.046875,-0.5856530666351318,-0.22232143580913544,-1.046875,18.765625,17.71875,1.0
false_pressure_delta,13,contract_warranty_031,7,synthetic_contract,-2.109375,-0.526050865650177,-0.13214285671710968,2.109375,17.703125,19.8125,1.0
false_pressure_delta,13,finance_budget_007,8,synthetic_finance,1.3125,0.5613075494766235,-0.2299107164144516,-1.3125,13.234375,11.921875,1.0
false_pressure_delta,13,finance_coupon_006,9,synthetic_finance,-0.125,0.5944784879684448,-0.18883928656578064,0.125,15.1875,15.3125,1.0
false_pressure_delta,13,finance_membership_008,10,synthetic_finance,-1.0625,0.12319470942020416,-0.16205357015132904,1.0625,15.390625,16.453125,1.0
false_pressure_delta,13,finance_refund_005,11,synthetic_finance,1.515625,0.5927408933639526,-0.23571428656578064,-1.515625,14.390625,12.875,1.0
false_pressure_delta,13,logic_access_033,12,synthetic_logic_rules,-0.9375,-0.3110307455062866,-0.16562500596046448,0.9375,14.234375,15.171875,1.0
false_pressure_delta,13,logic_eligibility_034,13,synthetic_logic_rules,-0.59375,0.11775387823581696,-0.17544643580913544,0.59375,15.625,16.21875,1.0
false_pressure_delta,13,logic_shipping_035,14,synthetic_logic_rules,2.484375,-0.03286738693714142,-0.2633928656578064,-2.484375,13.5,11.015625,1.0
false_pressure_delta,13,logic_tournament_036,15,synthetic_logic_rules,2.34375,0.9915655851364136,-0.2593750059604645,-2.34375,8.3125,5.96875,1.0
false_pressure_delta,13,policy_lab_access_002,16,synthetic_policy,-0.765625,-0.964077353477478,-0.17053571343421936,0.765625,14.171875,14.9375,1.0
false_pressure_delta,13,policy_library_checkout_003,17,synthetic_policy,-1.25,0.5983291864395142,-0.15669642388820648,1.25,16.578125,17.828125,1.0
false_pressure_delta,13,policy_lunch_pass_001,18,synthetic_policy,-1.65625,-1.3269224166870117,-0.1450892835855484,1.65625,14.8125,16.46875,1.0
false_pressure_delta,13,policy_rec_center_004,19,synthetic_policy,-4.875,-1.135348916053772,-0.05312500149011612,4.875,14.21875,19.09375,1.0
false_pressure_delta,13,product_specs_025,20,synthetic_product_specs,0.40625,-1.6051177978515625,-0.20401786267757416,-0.40625,16.328125,15.921875,1.0
false_pressure_delta,13,product_specs_026,21,synthetic_product_specs,-0.421875,0.5848334431648254,-0.18035714328289032,0.421875,14.921875,15.34375,1.0
false_pressure_delta,13,product_specs_027,22,synthetic_product_specs,0.640625,0.37598127126693726,-0.21071428060531616,-0.640625,16.109375,15.46875,1.0
false_pressure_delta,13,product_specs_028,23,synthetic_product_specs,-1.15625,-1.3699324131011963,-0.15937499701976776,1.15625,15.0625,16.21875,1.0
false_pressure_delta,13,schedule_clinic_011,24,synthetic_schedule,-1.859375,-0.7563549280166626,-0.13928571343421936,1.859375,15.9375,17.796875,1.0
false_pressure_delta,13,schedule_exam_010,25,synthetic_schedule,-0.03125,-1.125494360923767,-0.19151785969734192,0.03125,14.96875,15.0,1.0
false_pressure_delta,13,schedule_train_009,26,synthetic_schedule,-0.34375,-0.7912849187850952,-0.18258929252624512,0.34375,14.625,14.96875,1.0
false_pressure_delta,13,schedule_workshop_012,27,synthetic_schedule,-0.734375,-1.0151492357254028,-0.17142857611179352,0.734375,15.484375,16.21875,1.0
false_pressure_delta,13,science_battery_016,28,synthetic_science_text,2.453125,3.3074145317077637,-0.26249998807907104,-2.453125,14.703125,12.25,1.0
false_pressure_delta,13,science_mineral_014,29,synthetic_science_text,1.4375,1.8132503032684326,-0.23348213732242584,-1.4375,13.640625,12.203125,1.0
false_pressure_delta,13,science_plant_013,30,synthetic_science_text,3.171875,2.0022878646850586,-0.2830357253551483,-3.171875,15.359375,12.1875,1.0
false_pressure_delta,13,science_weather_015,31,synthetic_science_text,-0.015625,-0.3737860918045044,-0.1919642835855484,0.015625,12.671875,12.6875,1.0
false_pressure_delta,13,technical_api_022,32,synthetic_technical_config,-3.015625,-0.9532561898231506,-0.10625000298023224,3.015625,14.140625,17.15625,1.0
false_pressure_delta,13,technical_backup_023,33,synthetic_technical_config,-0.796875,-0.5546021461486816,-0.1696428507566452,0.796875,15.6875,16.484375,1.0
false_pressure_delta,13,technical_config_021,34,synthetic_technical_config,-2.3125,-1.8476042747497559,-0.12633928656578064,2.3125,16.65625,18.96875,1.0
false_pressure_delta,13,technical_feature_flag_024,35,synthetic_technical_config,-2.1875,-3.868455171585083,-0.12991070747375488,2.1875,14.71875,16.90625,1.0
false_pressure_delta,14,academic_attendance_019,0,synthetic_academic_rules,0.9375,-0.8419069051742554,-0.21919642388820648,-0.9375,15.625,14.6875,1.0
false_pressure_delta,14,academic_grading_018,1,synthetic_academic_rules,-0.109375,0.26099640130996704,-0.18928571045398712,0.109375,14.90625,15.015625,1.0
false_pressure_delta,14,academic_latework_020,2,synthetic_academic_rules,4.4375,0.03914743661880493,-0.3191964328289032,-4.4375,15.4375,11.0,1.0
false_pressure_delta,14,academic_prereq_017,3,synthetic_academic_rules,-0.140625,0.9122614860534668,-0.18839286267757416,0.140625,15.28125,15.421875,1.0
false_pressure_delta,14,contract_rental_029,4,synthetic_contract,-1.328125,-1.0437688827514648,-0.15446428954601288,1.328125,16.234375,17.5625,1.0
false_pressure_delta,14,contract_service_030,5,synthetic_contract,-1.09375,-0.7817615270614624,-0.16116070747375488,1.09375,16.09375,17.1875,1.0
false_pressure_delta,14,contract_ticket_032,6,synthetic_contract,1.046875,-1.4637643098831177,-0.22232143580913544,-1.046875,18.765625,17.71875,1.0
false_pressure_delta,14,contract_warranty_031,7,synthetic_contract,-2.109375,-0.9147542119026184,-0.13214285671710968,2.109375,17.703125,19.8125,1.0
false_pressure_delta,14,finance_budget_007,8,synthetic_finance,1.3125,0.07965715229511261,-0.2299107164144516,-1.3125,13.234375,11.921875,1.0
false_pressure_delta,14,finance_coupon_006,9,synthetic_finance,-0.125,1.0258617401123047,-0.18883928656578064,0.125,15.1875,15.3125,1.0
false_pressure_delta,14,finance_membership_008,10,synthetic_finance,-1.0625,0.5866168141365051,-0.16205357015132904,1.0625,15.390625,16.453125,1.0
false_pressure_delta,14,finance_refund_005,11,synthetic_finance,1.515625,1.0603920221328735,-0.23571428656578064,-1.515625,14.390625,12.875,1.0
false_pressure_delta,14,logic_access_033,12,synthetic_logic_rules,-0.9375,-0.4222351908683777,-0.16562500596046448,0.9375,14.234375,15.171875,1.0
false_pressure_delta,14,logic_eligibility_034,13,synthetic_logic_rules,-0.59375,0.322060763835907,-0.17544643580913544,0.59375,15.625,16.21875,1.0
false_pressure_delta,14,logic_shipping_035,14,synthetic_logic_rules,2.484375,-0.41237008571624756,-0.2633928656578064,-2.484375,13.5,11.015625,1.0
false_pressure_delta,14,logic_tournament_036,15,synthetic_logic_rules,2.34375,1.1474512815475464,-0.2593750059604645,-2.34375,8.3125,5.96875,1.0
false_pressure_delta,14,policy_lab_access_002,16,synthetic_policy,-0.765625,-0.7861433029174805,-0.17053571343421936,0.765625,14.171875,14.9375,1.0
false_pressure_delta,14,policy_library_checkout_003,17,synthetic_policy,-1.25,0.1332101970911026,-0.15669642388820648,1.25,16.578125,17.828125,1.0
false_pressure_delta,14,policy_lunch_pass_001,18,synthetic_policy,-1.65625,-1.1699997186660767,-0.1450892835855484,1.65625,14.8125,16.46875,1.0
false_pressure_delta,14,policy_rec_center_004,19,synthetic_policy,-4.875,-0.37511739134788513,-0.05312500149011612,4.875,14.21875,19.09375,1.0
false_pressure_delta,14,product_specs_025,20,synthetic_product_specs,0.40625,-1.691772222518921,-0.20401786267757416,-0.40625,16.328125,15.921875,1.0
false_pressure_delta,14,product_specs_026,21,synthetic_product_specs,-0.421875,0.8631475567817688,-0.18035714328289032,0.421875,14.921875,15.34375,1.0
false_pressure_delta,14,product_specs_027,22,synthetic_product_specs,0.640625,-0.47841086983680725,-0.21071428060531616,-0.640625,16.109375,15.46875,1.0
false_pressure_delta,14,product_specs_028,23,synthetic_product_specs,-1.15625,-0.7694734334945679,-0.15937499701976776,1.15625,15.0625,16.21875,1.0
false_pressure_delta,14,schedule_clinic_011,24,synthetic_schedule,-1.859375,-0.6559476852416992,-0.13928571343421936,1.859375,15.9375,17.796875,1.0
false_pressure_delta,14,schedule_exam_010,25,synthetic_schedule,-0.03125,-1.6290873289108276,-0.19151785969734192,0.03125,14.96875,15.0,1.0
false_pressure_delta,14,schedule_train_009,26,synthetic_schedule,-0.34375,-0.6308768391609192,-0.18258929252624512,0.34375,14.625,14.96875,1.0
false_pressure_delta,14,schedule_workshop_012,27,synthetic_schedule,-0.734375,-1.1111797094345093,-0.17142857611179352,0.734375,15.484375,16.21875,1.0
false_pressure_delta,14,science_battery_016,28,synthetic_science_text,2.453125,2.041400909423828,-0.26249998807907104,-2.453125,14.703125,12.25,1.0
false_pressure_delta,14,science_mineral_014,29,synthetic_science_text,1.4375,2.1937437057495117,-0.23348213732242584,-1.4375,13.640625,12.203125,1.0
false_pressure_delta,14,science_plant_013,30,synthetic_science_text,3.171875,1.7927956581115723,-0.2830357253551483,-3.171875,15.359375,12.1875,1.0
false_pressure_delta,14,science_weather_015,31,synthetic_science_text,-0.015625,-0.5417834520339966,-0.1919642835855484,0.015625,12.671875,12.6875,1.0
false_pressure_delta,14,technical_api_022,32,synthetic_technical_config,-3.015625,-1.1706161499023438,-0.10625000298023224,3.015625,14.140625,17.15625,1.0
false_pressure_delta,14,technical_backup_023,33,synthetic_technical_config,-0.796875,-0.3998003602027893,-0.1696428507566452,0.796875,15.6875,16.484375,1.0
false_pressure_delta,14,technical_config_021,34,synthetic_technical_config,-2.3125,-2.4957082271575928,-0.12633928656578064,2.3125,16.65625,18.96875,1.0
false_pressure_delta,14,technical_feature_flag_024,35,synthetic_technical_config,-2.1875,-3.46626877784729,-0.12991070747375488,2.1875,14.71875,16.90625,1.0
false_pressure_delta,15,academic_attendance_019,0,synthetic_academic_rules,0.9375,-0.9799337387084961,-0.21919642388820648,-0.9375,15.625,14.6875,1.0
false_pressure_delta,15,academic_grading_018,1,synthetic_academic_rules,-0.109375,0.6013027429580688,-0.18928571045398712,0.109375,14.90625,15.015625,1.0
false_pressure_delta,15,academic_latework_020,2,synthetic_academic_rules,4.4375,0.186044842004776,-0.3191964328289032,-4.4375,15.4375,11.0,1.0
false_pressure_delta,15,academic_prereq_017,3,synthetic_academic_rules,-0.140625,1.0557984113693237,-0.18839286267757416,0.140625,15.28125,15.421875,1.0
false_pressure_delta,15,contract_rental_029,4,synthetic_contract,-1.328125,-1.032859444618225,-0.15446428954601288,1.328125,16.234375,17.5625,1.0
false_pressure_delta,15,contract_service_030,5,synthetic_contract,-1.09375,-1.0514543056488037,-0.16116070747375488,1.09375,16.09375,17.1875,1.0
false_pressure_delta,15,contract_ticket_032,6,synthetic_contract,1.046875,-1.180088996887207,-0.22232143580913544,-1.046875,18.765625,17.71875,1.0
false_pressure_delta,15,contract_warranty_031,7,synthetic_contract,-2.109375,-1.331680178642273,-0.13214285671710968,2.109375,17.703125,19.8125,1.0
false_pressure_delta,15,finance_budget_007,8,synthetic_finance,1.3125,0.1159883588552475,-0.2299107164144516,-1.3125,13.234375,11.921875,1.0
false_pressure_delta,15,finance_coupon_006,9,synthetic_finance,-0.125,0.9609466791152954,-0.18883928656578064,0.125,15.1875,15.3125,1.0
false_pressure_delta,15,finance_membership_008,10,synthetic_finance,-1.0625,0.7104987502098083,-0.16205357015132904,1.0625,15.390625,16.453125,1.0
false_pressure_delta,15,finance_refund_005,11,synthetic_finance,1.515625,0.8331311941146851,-0.23571428656578064,-1.515625,14.390625,12.875,1.0
false_pressure_delta,15,logic_access_033,12,synthetic_logic_rules,-0.9375,0.10586649179458618,-0.16562500596046448,0.9375,14.234375,15.171875,1.0
false_pressure_delta,15,logic_eligibility_034,13,synthetic_logic_rules,-0.59375,0.083653524518013,-0.17544643580913544,0.59375,15.625,16.21875,1.0
false_pressure_delta,15,logic_shipping_035,14,synthetic_logic_rules,2.484375,-0.5013278126716614,-0.2633928656578064,-2.484375,13.5,11.015625,1.0
false_pressure_delta,15,logic_tournament_036,15,synthetic_logic_rules,2.34375,1.0485293865203857,-0.2593750059604645,-2.34375,8.3125,5.96875,1.0
false_pressure_delta,15,policy_lab_access_002,16,synthetic_policy,-0.765625,0.35388389229774475,-0.17053571343421936,0.765625,14.171875,14.9375,1.0
false_pressure_delta,15,policy_library_checkout_003,17,synthetic_policy,-1.25,-0.6927748918533325,-0.15669642388820648,1.25,16.578125,17.828125,1.0
false_pressure_delta,15,policy_lunch_pass_001,18,synthetic_policy,-1.65625,-1.543875813484192,-0.1450892835855484,1.65625,14.8125,16.46875,1.0
false_pressure_delta,15,policy_rec_center_004,19,synthetic_policy,-4.875,-0.18232885003089905,-0.05312500149011612,4.875,14.21875,19.09375,1.0
false_pressure_delta,15,product_specs_025,20,synthetic_product_specs,0.40625,-1.9486091136932373,-0.20401786267757416,-0.40625,16.328125,15.921875,1.0
false_pressure_delta,15,product_specs_026,21,synthetic_product_specs,-0.421875,1.2175986766815186,-0.18035714328289032,0.421875,14.921875,15.34375,1.0
false_pressure_delta,15,product_specs_027,22,synthetic_product_specs,0.640625,-0.39191365242004395,-0.21071428060531616,-0.640625,16.109375,15.46875,1.0
false_pressure_delta,15,product_specs_028,23,synthetic_product_specs,-1.15625,0.017560914158821106,-0.15937499701976776,1.15625,15.0625,16.21875,1.0
false_pressure_delta,15,schedule_clinic_011,24,synthetic_schedule,-1.859375,-0.31685471534729004,-0.13928571343421936,1.859375,15.9375,17.796875,1.0
false_pressure_delta,15,schedule_exam_010,25,synthetic_schedule,-0.03125,-1.7002367973327637,-0.19151785969734192,0.03125,14.96875,15.0,1.0
false_pressure_delta,15,schedule_train_009,26,synthetic_schedule,-0.34375,-0.9043009281158447,-0.18258929252624512,0.34375,14.625,14.96875,1.0
false_pressure_delta,15,schedule_workshop_012,27,synthetic_schedule,-0.734375,-1.002070665359497,-0.17142857611179352,0.734375,15.484375,16.21875,1.0
false_pressure_delta,15,science_battery_016,28,synthetic_science_text,2.453125,1.6556575298309326,-0.26249998807907104,-2.453125,14.703125,12.25,1.0
false_pressure_delta,15,science_mineral_014,29,synthetic_science_text,1.4375,2.449197292327881,-0.23348213732242584,-1.4375,13.640625,12.203125,1.0
false_pressure_delta,15,science_plant_013,30,synthetic_science_text,3.171875,1.743797779083252,-0.2830357253551483,-3.171875,15.359375,12.1875,1.0
false_pressure_delta,15,science_weather_015,31,synthetic_science_text,-0.015625,-0.8817754983901978,-0.1919642835855484,0.015625,12.671875,12.6875,1.0
false_pressure_delta,15,technical_api_022,32,synthetic_technical_config,-3.015625,-1.2947642803192139,-0.10625000298023224,3.015625,14.140625,17.15625,1.0
false_pressure_delta,15,technical_backup_023,33,synthetic_technical_config,-0.796875,-0.128649041056633,-0.1696428507566452,0.796875,15.6875,16.484375,1.0
false_pressure_delta,15,technical_config_021,34,synthetic_technical_config,-2.3125,-1.5144380331039429,-0.12633928656578064,2.3125,16.65625,18.96875,1.0
false_pressure_delta,15,technical_feature_flag_024,35,synthetic_technical_config,-2.1875,-4.225883483886719,-0.12991070747375488,2.1875,14.71875,16.90625,1.0
false_pressure_delta,16,academic_attendance_019,0,synthetic_academic_rules,0.9375,-0.6889934539794922,-0.21919642388820648,-0.9375,15.625,14.6875,1.0
false_pressure_delta,16,academic_grading_018,1,synthetic_academic_rules,-0.109375,-0.1301194131374359,-0.18928571045398712,0.109375,14.90625,15.015625,1.0
false_pressure_delta,16,academic_latework_020,2,synthetic_academic_rules,4.4375,-0.00047406554222106934,-0.3191964328289032,-4.4375,15.4375,11.0,1.0
false_pressure_delta,16,academic_prereq_017,3,synthetic_academic_rules,-0.140625,0.1747734695672989,-0.18839286267757416,0.140625,15.28125,15.421875,1.0
false_pressure_delta,16,contract_rental_029,4,synthetic_contract,-1.328125,-0.846828281879425,-0.15446428954601288,1.328125,16.234375,17.5625,1.0
false_pressure_delta,16,contract_service_030,5,synthetic_contract,-1.09375,-1.2937092781066895,-0.16116070747375488,1.09375,16.09375,17.1875,1.0
false_pressure_delta,16,contract_ticket_032,6,synthetic_contract,1.046875,-1.6832773685455322,-0.22232143580913544,-1.046875,18.765625,17.71875,1.0
false_pressure_delta,16,contract_warranty_031,7,synthetic_contract,-2.109375,-1.6156253814697266,-0.13214285671710968,2.109375,17.703125,19.8125,1.0
false_pressure_delta,16,finance_budget_007,8,synthetic_finance,1.3125,0.28772497177124023,-0.2299107164144516,-1.3125,13.234375,11.921875,1.0
false_pressure_delta,16,finance_coupon_006,9,synthetic_finance,-0.125,0.4690907895565033,-0.18883928656578064,0.125,15.1875,15.3125,1.0
false_pressure_delta,16,finance_membership_008,10,synthetic_finance,-1.0625,0.8894116878509521,-0.16205357015132904,1.0625,15.390625,16.453125,1.0
false_pressure_delta,16,finance_refund_005,11,synthetic_finance,1.515625,1.1398948431015015,-0.23571428656578064,-1.515625,14.390625,12.875,1.0
false_pressure_delta,16,logic_access_033,12,synthetic_logic_rules,-0.9375,-0.3254248797893524,-0.16562500596046448,0.9375,14.234375,15.171875,1.0
false_pressure_delta,16,logic_eligibility_034,13,synthetic_logic_rules,-0.59375,0.6255099177360535,-0.17544643580913544,0.59375,15.625,16.21875,1.0
false_pressure_delta,16,logic_shipping_035,14,synthetic_logic_rules,2.484375,0.24638444185256958,-0.2633928656578064,-2.484375,13.5,11.015625,1.0
false_pressure_delta,16,logic_tournament_036,15,synthetic_logic_rules,2.34375,0.7197055816650391,-0.2593750059604645,-2.34375,8.3125,5.96875,1.0
false_pressure_delta,16,policy_lab_access_002,16,synthetic_policy,-0.765625,0.7100458145141602,-0.17053571343421936,0.765625,14.171875,14.9375,1.0
false_pressure_delta,16,policy_library_checkout_003,17,synthetic_policy,-1.25,-0.16048167645931244,-0.15669642388820648,1.25,16.578125,17.828125,1.0
false_pressure_delta,16,policy_lunch_pass_001,18,synthetic_policy,-1.65625,-1.3928154706954956,-0.1450892835855484,1.65625,14.8125,16.46875,1.0
false_pressure_delta,16,policy_rec_center_004,19,synthetic_policy,-4.875,-0.3335329592227936,-0.05312500149011612,4.875,14.21875,19.09375,1.0
false_pressure_delta,16,product_specs_025,20,synthetic_product_specs,0.40625,-1.4396607875823975,-0.20401786267757416,-0.40625,16.328125,15.921875,1.0
false_pressure_delta,16,product_specs_026,21,synthetic_product_specs,-0.421875,1.0299361944198608,-0.18035714328289032,0.421875,14.921875,15.34375,1.0
false_pressure_delta,16,product_specs_027,22,synthetic_product_specs,0.640625,-0.7044978141784668,-0.21071428060531616,-0.640625,16.109375,15.46875,1.0
false_pressure_delta,16,product_specs_028,23,synthetic_product_specs,-1.15625,0.3215112090110779,-0.15937499701976776,1.15625,15.0625,16.21875,1.0
false_pressure_delta,16,schedule_clinic_011,24,synthetic_schedule,-1.859375,-0.6585760116577148,-0.13928571343421936,1.859375,15.9375,17.796875,1.0
false_pressure_delta,16,schedule_exam_010,25,synthetic_schedule,-0.03125,-1.3247281312942505,-0.19151785969734192,0.03125,14.96875,15.0,1.0
false_pressure_delta,16,schedule_train_009,26,synthetic_schedule,-0.34375,-1.293963074684143,-0.18258929252624512,0.34375,14.625,14.96875,1.0
false_pressure_delta,16,schedule_workshop_012,27,synthetic_schedule,-0.734375,-0.6303980350494385,-0.17142857611179352,0.734375,15.484375,16.21875,1.0
false_pressure_delta,16,science_battery_016,28,synthetic_science_text,2.453125,1.8381507396697998,-0.26249998807907104,-2.453125,14.703125,12.25,1.0
false_pressure_delta,16,science_mineral_014,29,synthetic_science_text,1.4375,1.7154508829116821,-0.23348213732242584,-1.4375,13.640625,12.203125,1.0
false_pressure_delta,16,science_plant_013,30,synthetic_science_text,3.171875,2.1490285396575928,-0.2830357253551483,-3.171875,15.359375,12.1875,1.0
false_pressure_delta,16,science_weather_015,31,synthetic_science_text,-0.015625,-0.6442447304725647,-0.1919642835855484,0.015625,12.671875,12.6875,1.0
false_pressure_delta,16,technical_api_022,32,synthetic_technical_config,-3.015625,-0.9210925698280334,-0.10625000298023224,3.015625,14.140625,17.15625,1.0
false_pressure_delta,16,technical_backup_023,33,synthetic_technical_config,-0.796875,-0.25867897272109985,-0.1696428507566452,0.796875,15.6875,16.484375,1.0
false_pressure_delta,16,technical_config_021,34,synthetic_technical_config,-2.3125,-1.2690160274505615,-0.12633928656578064,2.3125,16.65625,18.96875,1.0
false_pressure_delta,16,technical_feature_flag_024,35,synthetic_technical_config,-2.1875,-3.669353723526001,-0.12991070747375488,2.1875,14.71875,16.90625,1.0
false_pressure_delta,17,academic_attendance_019,0,synthetic_academic_rules,0.9375,0.21236585080623627,-0.21919642388820648,-0.9375,15.625,14.6875,1.0
false_pressure_delta,17,academic_grading_018,1,synthetic_academic_rules,-0.109375,0.0854206532239914,-0.18928571045398712,0.109375,14.90625,15.015625,1.0
false_pressure_delta,17,academic_latework_020,2,synthetic_academic_rules,4.4375,-0.35586023330688477,-0.3191964328289032,-4.4375,15.4375,11.0,1.0
false_pressure_delta,17,academic_prereq_017,3,synthetic_academic_rules,-0.140625,-0.05298307538032532,-0.18839286267757416,0.140625,15.28125,15.421875,1.0
false_pressure_delta,17,contract_rental_029,4,synthetic_contract,-1.328125,-0.9444575905799866,-0.15446428954601288,1.328125,16.234375,17.5625,1.0
false_pressure_delta,17,contract_service_030,5,synthetic_contract,-1.09375,-0.8495612144470215,-0.16116070747375488,1.09375,16.09375,17.1875,1.0
false_pressure_delta,17,contract_ticket_032,6,synthetic_contract,1.046875,-2.5758016109466553,-0.22232143580913544,-1.046875,18.765625,17.71875,1.0
false_pressure_delta,17,contract_warranty_031,7,synthetic_contract,-2.109375,-2.101349115371704,-0.13214285671710968,2.109375,17.703125,19.8125,1.0
false_pressure_delta,17,finance_budget_007,8,synthetic_finance,1.3125,0.5219712257385254,-0.2299107164144516,-1.3125,13.234375,11.921875,1.0
false_pressure_delta,17,finance_coupon_006,9,synthetic_finance,-0.125,0.7522265911102295,-0.18883928656578064,0.125,15.1875,15.3125,1.0
false_pressure_delta,17,finance_membership_008,10,synthetic_finance,-1.0625,0.1659216433763504,-0.16205357015132904,1.0625,15.390625,16.453125,1.0
false_pressure_delta,17,finance_refund_005,11,synthetic_finance,1.515625,2.536526918411255,-0.23571428656578064,-1.515625,14.390625,12.875,1.0
false_pressure_delta,17,logic_access_033,12,synthetic_logic_rules,-0.9375,0.6032218933105469,-0.16562500596046448,0.9375,14.234375,15.171875,1.0
false_pressure_delta,17,logic_eligibility_034,13,synthetic_logic_rules,-0.59375,0.6753539443016052,-0.17544643580913544,0.59375,15.625,16.21875,1.0
false_pressure_delta,17,logic_shipping_035,14,synthetic_logic_rules,2.484375,0.448131263256073,-0.2633928656578064,-2.484375,13.5,11.015625,1.0
false_pressure_delta,17,logic_tournament_036,15,synthetic_logic_rules,2.34375,0.8649754524230957,-0.2593750059604645,-2.34375,8.3125,5.96875,1.0
false_pressure_delta,17,policy_lab_access_002,16,synthetic_policy,-0.765625,0.04987137019634247,-0.17053571343421936,0.765625,14.171875,14.9375,1.0
false_pressure_delta,17,policy_library_checkout_003,17,synthetic_policy,-1.25,0.43746352195739746,-0.15669642388820648,1.25,16.578125,17.828125,1.0
false_pressure_delta,17,policy_lunch_pass_001,18,synthetic_policy,-1.65625,-1.2083874940872192,-0.1450892835855484,1.65625,14.8125,16.46875,1.0
false_pressure_delta,17,policy_rec_center_004,19,synthetic_policy,-4.875,-0.5791467428207397,-0.05312500149011612,4.875,14.21875,19.09375,1.0
false_pressure_delta,17,product_specs_025,20,synthetic_product_specs,0.40625,-2.0714664459228516,-0.20401786267757416,-0.40625,16.328125,15.921875,1.0
false_pressure_delta,17,product_specs_026,21,synthetic_product_specs,-0.421875,0.497928261756897,-0.18035714328289032,0.421875,14.921875,15.34375,1.0
false_pressure_delta,17,product_specs_027,22,synthetic_product_specs,0.640625,-1.0102018117904663,-0.21071428060531616,-0.640625,16.109375,15.46875,1.0
false_pressure_delta,17,product_specs_028,23,synthetic_product_specs,-1.15625,0.2508123517036438,-0.15937499701976776,1.15625,15.0625,16.21875,1.0
false_pressure_delta,17,schedule_clinic_011,24,synthetic_schedule,-1.859375,-0.8905688524246216,-0.13928571343421936,1.859375,15.9375,17.796875,1.0
false_pressure_delta,17,schedule_exam_010,25,synthetic_schedule,-0.03125,-0.1397930234670639,-0.19151785969734192,0.03125,14.96875,15.0,1.0
false_pressure_delta,17,schedule_train_009,26,synthetic_schedule,-0.34375,-0.6798085570335388,-0.18258929252624512,0.34375,14.625,14.96875,1.0
false_pressure_delta,17,schedule_workshop_012,27,synthetic_schedule,-0.734375,-0.623519241809845,-0.17142857611179352,0.734375,15.484375,16.21875,1.0
false_pressure_delta,17,science_battery_016,28,synthetic_science_text,2.453125,1.8659436702728271,-0.26249998807907104,-2.453125,14.703125,12.25,1.0
false_pressure_delta,17,science_mineral_014,29,synthetic_science_text,1.4375,1.8643872737884521,-0.23348213732242584,-1.4375,13.640625,12.203125,1.0
false_pressure_delta,17,science_plant_013,30,synthetic_science_text,3.171875,2.362518310546875,-0.2830357253551483,-3.171875,15.359375,12.1875,1.0
false_pressure_delta,17,science_weather_015,31,synthetic_science_text,-0.015625,-0.36581122875213623,-0.1919642835855484,0.015625,12.671875,12.6875,1.0
false_pressure_delta,17,technical_api_022,32,synthetic_technical_config,-3.015625,-1.1893186569213867,-0.10625000298023224,3.015625,14.140625,17.15625,1.0
false_pressure_delta,17,technical_backup_023,33,synthetic_technical_config,-0.796875,-0.337283730506897,-0.1696428507566452,0.796875,15.6875,16.484375,1.0
false_pressure_delta,17,technical_config_021,34,synthetic_technical_config,-2.3125,-0.8819292783737183,-0.12633928656578064,2.3125,16.65625,18.96875,1.0
false_pressure_delta,17,technical_feature_flag_024,35,synthetic_technical_config,-2.1875,-3.188904047012329,-0.12991070747375488,2.1875,14.71875,16.90625,1.0
false_pressure_delta,18,academic_attendance_019,0,synthetic_academic_rules,0.9375,0.15741772949695587,-0.21919642388820648,-0.9375,15.625,14.6875,1.0
false_pressure_delta,18,academic_grading_018,1,synthetic_academic_rules,-0.109375,0.3778441548347473,-0.18928571045398712,0.109375,14.90625,15.015625,1.0
false_pressure_delta,18,academic_latework_020,2,synthetic_academic_rules,4.4375,-0.5254216194152832,-0.3191964328289032,-4.4375,15.4375,11.0,1.0
false_pressure_delta,18,academic_prereq_017,3,synthetic_academic_rules,-0.140625,0.392863392829895,-0.18839286267757416,0.140625,15.28125,15.421875,1.0
false_pressure_delta,18,contract_rental_029,4,synthetic_contract,-1.328125,-0.25321969389915466,-0.15446428954601288,1.328125,16.234375,17.5625,1.0
false_pressure_delta,18,contract_service_030,5,synthetic_contract,-1.09375,-1.7917389869689941,-0.16116070747375488,1.09375,16.09375,17.1875,1.0
false_pressure_delta,18,contract_ticket_032,6,synthetic_contract,1.046875,-2.994730234146118,-0.22232143580913544,-1.046875,18.765625,17.71875,1.0
false_pressure_delta,18,contract_warranty_031,7,synthetic_contract,-2.109375,-1.5803827047348022,-0.13214285671710968,2.109375,17.703125,19.8125,1.0
false_pressure_delta,18,finance_budget_007,8,synthetic_finance,1.3125,0.08102183043956757,-0.2299107164144516,-1.3125,13.234375,11.921875,1.0
false_pressure_delta,18,finance_coupon_006,9,synthetic_finance,-0.125,-0.21449968218803406,-0.18883928656578064,0.125,15.1875,15.3125,1.0
false_pressure_delta,18,finance_membership_008,10,synthetic_finance,-1.0625,0.19656403362751007,-0.16205357015132904,1.0625,15.390625,16.453125,1.0
false_pressure_delta,18,finance_refund_005,11,synthetic_finance,1.515625,2.1270453929901123,-0.23571428656578064,-1.515625,14.390625,12.875,1.0
false_pressure_delta,18,logic_access_033,12,synthetic_logic_rules,-0.9375,0.13587799668312073,-0.16562500596046448,0.9375,14.234375,15.171875,1.0
false_pressure_delta,18,logic_eligibility_034,13,synthetic_logic_rules,-0.59375,0.1197560578584671,-0.17544643580913544,0.59375,15.625,16.21875,1.0
false_pressure_delta,18,logic_shipping_035,14,synthetic_logic_rules,2.484375,0.3873278498649597,-0.2633928656578064,-2.484375,13.5,11.015625,1.0
false_pressure_delta,18,logic_tournament_036,15,synthetic_logic_rules,2.34375,0.7147557735443115,-0.2593750059604645,-2.34375,8.3125,5.96875,1.0
false_pressure_delta,18,policy_lab_access_002,16,synthetic_policy,-0.765625,0.2644846439361572,-0.17053571343421936,0.765625,14.171875,14.9375,1.0
false_pressure_delta,18,policy_library_checkout_003,17,synthetic_policy,-1.25,0.2789624333381653,-0.15669642388820648,1.25,16.578125,17.828125,1.0
false_pressure_delta,18,policy_lunch_pass_001,18,synthetic_policy,-1.65625,-0.8793518543243408,-0.1450892835855484,1.65625,14.8125,16.46875,1.0
false_pressure_delta,18,policy_rec_center_004,19,synthetic_policy,-4.875,-0.1054624617099762,-0.05312500149011612,4.875,14.21875,19.09375,1.0
false_pressure_delta,18,product_specs_025,20,synthetic_product_specs,0.40625,-1.3560147285461426,-0.20401786267757416,-0.40625,16.328125,15.921875,1.0
false_pressure_delta,18,product_specs_026,21,synthetic_product_specs,-0.421875,-0.09209524095058441,-0.18035714328289032,0.421875,14.921875,15.34375,1.0
false_pressure_delta,18,product_specs_027,22,synthetic_product_specs,0.640625,-1.23506498336792,-0.21071428060531616,-0.640625,16.109375,15.46875,1.0
false_pressure_delta,18,product_specs_028,23,synthetic_product_specs,-1.15625,-0.11335904151201248,-0.15937499701976776,1.15625,15.0625,16.21875,1.0
false_pressure_delta,18,schedule_clinic_011,24,synthetic_schedule,-1.859375,-0.9245704412460327,-0.13928571343421936,1.859375,15.9375,17.796875,1.0
false_pressure_delta,18,schedule_exam_010,25,synthetic_schedule,-0.03125,-0.5359249114990234,-0.19151785969734192,0.03125,14.96875,15.0,1.0
false_pressure_delta,18,schedule_train_009,26,synthetic_schedule,-0.34375,-0.6143392324447632,-0.18258929252624512,0.34375,14.625,14.96875,1.0
false_pressure_delta,18,schedule_workshop_012,27,synthetic_schedule,-0.734375,-0.39738160371780396,-0.17142857611179352,0.734375,15.484375,16.21875,1.0
false_pressure_delta,18,science_battery_016,28,synthetic_science_text,2.453125,1.9207713603973389,-0.26249998807907104,-2.453125,14.703125,12.25,1.0
false_pressure_delta,18,science_mineral_014,29,synthetic_science_text,1.4375,1.4428118467330933,-0.23348213732242584,-1.4375,13.640625,12.203125,1.0
false_pressure_delta,18,science_plant_013,30,synthetic_science_text,3.171875,2.491269588470459,-0.2830357253551483,-3.171875,15.359375,12.1875,1.0
false_pressure_delta,18,science_weather_015,31,synthetic_science_text,-0.015625,0.6318364143371582,-0.1919642835855484,0.015625,12.671875,12.6875,1.0
false_pressure_delta,18,technical_api_022,32,synthetic_technical_config,-3.015625,-0.8422804474830627,-0.10625000298023224,3.015625,14.140625,17.15625,1.0
false_pressure_delta,18,technical_backup_023,33,synthetic_technical_config,-0.796875,-0.07372470945119858,-0.1696428507566452,0.796875,15.6875,16.484375,1.0
false_pressure_delta,18,technical_config_021,34,synthetic_technical_config,-2.3125,-0.7804501056671143,-0.12633928656578064,2.3125,16.65625,18.96875,1.0
false_pressure_delta,18,technical_feature_flag_024,35,synthetic_technical_config,-2.1875,-3.3680131435394287,-0.12991070747375488,2.1875,14.71875,16.90625,1.0
false_pressure_delta,19,academic_attendance_019,0,synthetic_academic_rules,0.9375,-0.0267469584941864,-0.21919642388820648,-0.9375,15.625,14.6875,1.0
false_pressure_delta,19,academic_grading_018,1,synthetic_academic_rules,-0.109375,0.4072633981704712,-0.18928571045398712,0.109375,14.90625,15.015625,1.0
false_pressure_delta,19,academic_latework_020,2,synthetic_academic_rules,4.4375,1.2494797706604004,-0.3191964328289032,-4.4375,15.4375,11.0,1.0
false_pressure_delta,19,academic_prereq_017,3,synthetic_academic_rules,-0.140625,1.0241279602050781,-0.18839286267757416,0.140625,15.28125,15.421875,1.0
false_pressure_delta,19,contract_rental_029,4,synthetic_contract,-1.328125,-1.6124019622802734,-0.15446428954601288,1.328125,16.234375,17.5625,1.0
false_pressure_delta,19,contract_service_030,5,synthetic_contract,-1.09375,-1.7159559726715088,-0.16116070747375488,1.09375,16.09375,17.1875,1.0
false_pressure_delta,19,contract_ticket_032,6,synthetic_contract,1.046875,-2.5991604328155518,-0.22232143580913544,-1.046875,18.765625,17.71875,1.0
false_pressure_delta,19,contract_warranty_031,7,synthetic_contract,-2.109375,-1.8128818273544312,-0.13214285671710968,2.109375,17.703125,19.8125,1.0
false_pressure_delta,19,finance_budget_007,8,synthetic_finance,1.3125,-0.3863840699195862,-0.2299107164144516,-1.3125,13.234375,11.921875,1.0
false_pressure_delta,19,finance_coupon_006,9,synthetic_finance,-0.125,-0.7616164684295654,-0.18883928656578064,0.125,15.1875,15.3125,1.0
false_pressure_delta,19,finance_membership_008,10,synthetic_finance,-1.0625,-0.6618314385414124,-0.16205357015132904,1.0625,15.390625,16.453125,1.0
false_pressure_delta,19,finance_refund_005,11,synthetic_finance,1.515625,1.3633602857589722,-0.23571428656578064,-1.515625,14.390625,12.875,1.0
false_pressure_delta,19,logic_access_033,12,synthetic_logic_rules,-0.9375,0.17632082104682922,-0.16562500596046448,0.9375,14.234375,15.171875,1.0
false_pressure_delta,19,logic_eligibility_034,13,synthetic_logic_rules,-0.59375,-0.1975417286157608,-0.17544643580913544,0.59375,15.625,16.21875,1.0
false_pressure_delta,19,logic_shipping_035,14,synthetic_logic_rules,2.484375,0.6037123799324036,-0.2633928656578064,-2.484375,13.5,11.015625,1.0
false_pressure_delta,19,logic_tournament_036,15,synthetic_logic_rules,2.34375,0.549940824508667,-0.2593750059604645,-2.34375,8.3125,5.96875,1.0
false_pressure_delta,19,policy_lab_access_002,16,synthetic_policy,-0.765625,0.29561975598335266,-0.17053571343421936,0.765625,14.171875,14.9375,1.0
false_pressure_delta,19,policy_library_checkout_003,17,synthetic_policy,-1.25,-0.12823045253753662,-0.15669642388820648,1.25,16.578125,17.828125,1.0
false_pressure_delta,19,policy_lunch_pass_001,18,synthetic_policy,-1.65625,-1.335460901260376,-0.1450892835855484,1.65625,14.8125,16.46875,1.0
false_pressure_delta,19,policy_rec_center_004,19,synthetic_policy,-4.875,-1.1166183948516846,-0.05312500149011612,4.875,14.21875,19.09375,1.0
false_pressure_delta,19,product_specs_025,20,synthetic_product_specs,0.40625,-0.7730885744094849,-0.20401786267757416,-0.40625,16.328125,15.921875,1.0
false_pressure_delta,19,product_specs_026,21,synthetic_product_specs,-0.421875,1.235260009765625,-0.18035714328289032,0.421875,14.921875,15.34375,1.0
false_pressure_delta,19,product_specs_027,22,synthetic_product_specs,0.640625,-1.0126678943634033,-0.21071428060531616,-0.640625,16.109375,15.46875,1.0
false_pressure_delta,19,product_specs_028,23,synthetic_product_specs,-1.15625,-0.2026594877243042,-0.15937499701976776,1.15625,15.0625,16.21875,1.0
false_pressure_delta,19,schedule_clinic_011,24,synthetic_schedule,-1.859375,-1.8896347284317017,-0.13928571343421936,1.859375,15.9375,17.796875,1.0
false_pressure_delta,19,schedule_exam_010,25,synthetic_schedule,-0.03125,-0.7525362968444824,-0.19151785969734192,0.03125,14.96875,15.0,1.0
false_pressure_delta,19,schedule_train_009,26,synthetic_schedule,-0.34375,0.951067328453064,-0.18258929252624512,0.34375,14.625,14.96875,1.0
false_pressure_delta,19,schedule_workshop_012,27,synthetic_schedule,-0.734375,-1.020949125289917,-0.17142857611179352,0.734375,15.484375,16.21875,1.0
false_pressure_delta,19,science_battery_016,28,synthetic_science_text,2.453125,3.2666208744049072,-0.26249998807907104,-2.453125,14.703125,12.25,1.0
false_pressure_delta,19,science_mineral_014,29,synthetic_science_text,1.4375,0.6875527501106262,-0.23348213732242584,-1.4375,13.640625,12.203125,1.0
false_pressure_delta,19,science_plant_013,30,synthetic_science_text,3.171875,1.7166768312454224,-0.2830357253551483,-3.171875,15.359375,12.1875,1.0
false_pressure_delta,19,science_weather_015,31,synthetic_science_text,-0.015625,0.4642735719680786,-0.1919642835855484,0.015625,12.671875,12.6875,1.0
false_pressure_delta,19,technical_api_022,32,synthetic_technical_config,-3.015625,-0.36789023876190186,-0.10625000298023224,3.015625,14.140625,17.15625,1.0
false_pressure_delta,19,technical_backup_023,33,synthetic_technical_config,-0.796875,-0.5808883309364319,-0.1696428507566452,0.796875,15.6875,16.484375,1.0
false_pressure_delta,19,technical_config_021,34,synthetic_technical_config,-2.3125,-2.0123677253723145,-0.12633928656578064,2.3125,16.65625,18.96875,1.0
false_pressure_delta,19,technical_feature_flag_024,35,synthetic_technical_config,-2.1875,-3.0789990425109863,-0.12991070747375488,2.1875,14.71875,16.90625,1.0
false_pressure_delta,20,academic_attendance_019,0,synthetic_academic_rules,0.9375,0.3892160654067993,-0.21919642388820648,-0.9375,15.625,14.6875,1.0
false_pressure_delta,20,academic_grading_018,1,synthetic_academic_rules,-0.109375,-0.38918769359588623,-0.18928571045398712,0.109375,14.90625,15.015625,1.0
false_pressure_delta,20,academic_latework_020,2,synthetic_academic_rules,4.4375,1.8718862533569336,-0.3191964328289032,-4.4375,15.4375,11.0,1.0
false_pressure_delta,20,academic_prereq_017,3,synthetic_academic_rules,-0.140625,1.6410413980484009,-0.18839286267757416,0.140625,15.28125,15.421875,1.0
false_pressure_delta,20,contract_rental_029,4,synthetic_contract,-1.328125,-1.6876384019851685,-0.15446428954601288,1.328125,16.234375,17.5625,1.0
false_pressure_delta,20,contract_service_030,5,synthetic_contract,-1.09375,-2.2785918712615967,-0.16116070747375488,1.09375,16.09375,17.1875,1.0
false_pressure_delta,20,contract_ticket_032,6,synthetic_contract,1.046875,-2.2297897338867188,-0.22232143580913544,-1.046875,18.765625,17.71875,1.0
false_pressure_delta,20,contract_warranty_031,7,synthetic_contract,-2.109375,-1.9690004587173462,-0.13214285671710968,2.109375,17.703125,19.8125,1.0
false_pressure_delta,20,finance_budget_007,8,synthetic_finance,1.3125,0.22721634805202484,-0.2299107164144516,-1.3125,13.234375,11.921875,1.0
false_pressure_delta,20,finance_coupon_006,9,synthetic_finance,-0.125,-0.19472883641719818,-0.18883928656578064,0.125,15.1875,15.3125,1.0
false_pressure_delta,20,finance_membership_008,10,synthetic_finance,-1.0625,-0.305303692817688,-0.16205357015132904,1.0625,15.390625,16.453125,1.0
false_pressure_delta,20,finance_refund_005,11,synthetic_finance,1.515625,0.4165216386318207,-0.23571428656578064,-1.515625,14.390625,12.875,1.0
false_pressure_delta,20,logic_access_033,12,synthetic_logic_rules,-0.9375,-0.2624419331550598,-0.16562500596046448,0.9375,14.234375,15.171875,1.0
false_pressure_delta,20,logic_eligibility_034,13,synthetic_logic_rules,-0.59375,-0.0008990317583084106,-0.17544643580913544,0.59375,15.625,16.21875,1.0
false_pressure_delta,20,logic_shipping_035,14,synthetic_logic_rules,2.484375,1.3437273502349854,-0.2633928656578064,-2.484375,13.5,11.015625,1.0
false_pressure_delta,20,logic_tournament_036,15,synthetic_logic_rules,2.34375,-0.36699870228767395,-0.2593750059604645,-2.34375,8.3125,5.96875,1.0
false_pressure_delta,20,policy_lab_access_002,16,synthetic_policy,-0.765625,-0.6152956485748291,-0.17053571343421936,0.765625,14.171875,14.9375,1.0
false_pressure_delta,20,policy_library_checkout_003,17,synthetic_policy,-1.25,-0.39055415987968445,-0.15669642388820648,1.25,16.578125,17.828125,1.0
false_pressure_delta,20,policy_lunch_pass_001,18,synthetic_policy,-1.65625,-1.1882351636886597,-0.1450892835855484,1.65625,14.8125,16.46875,1.0
false_pressure_delta,20,policy_rec_center_004,19,synthetic_policy,-4.875,-1.5361539125442505,-0.05312500149011612,4.875,14.21875,19.09375,1.0
false_pressure_delta,20,product_specs_025,20,synthetic_product_specs,0.40625,0.07051719725131989,-0.20401786267757416,-0.40625,16.328125,15.921875,1.0
false_pressure_delta,20,product_specs_026,21,synthetic_product_specs,-0.421875,0.38635969161987305,-0.18035714328289032,0.421875,14.921875,15.34375,1.0
false_pressure_delta,20,product_specs_027,22,synthetic_product_specs,0.640625,-0.8837630152702332,-0.21071428060531616,-0.640625,16.109375,15.46875,1.0
false_pressure_delta,20,product_specs_028,23,synthetic_product_specs,-1.15625,-0.2759258449077606,-0.15937499701976776,1.15625,15.0625,16.21875,1.0
false_pressure_delta,20,schedule_clinic_011,24,synthetic_schedule,-1.859375,-2.0842819213867188,-0.13928571343421936,1.859375,15.9375,17.796875,1.0
false_pressure_delta,20,schedule_exam_010,25,synthetic_schedule,-0.03125,-0.9020906686782837,-0.19151785969734192,0.03125,14.96875,15.0,1.0
false_pressure_delta,20,schedule_train_009,26,synthetic_schedule,-0.34375,0.468381404876709,-0.18258929252624512,0.34375,14.625,14.96875,1.0
false_pressure_delta,20,schedule_workshop_012,27,synthetic_schedule,-0.734375,-0.9234485626220703,-0.17142857611179352,0.734375,15.484375,16.21875,1.0
false_pressure_delta,20,science_battery_016,28,synthetic_science_text,2.453125,2.612567663192749,-0.26249998807907104,-2.453125,14.703125,12.25,1.0
false_pressure_delta,20,science_mineral_014,29,synthetic_science_text,1.4375,1.0659422874450684,-0.23348213732242584,-1.4375,13.640625,12.203125,1.0
false_pressure_delta,20,science_plant_013,30,synthetic_science_text,3.171875,1.752915859222412,-0.2830357253551483,-3.171875,15.359375,12.1875,1.0
false_pressure_delta,20,science_weather_015,31,synthetic_science_text,-0.015625,1.4341943264007568,-0.1919642835855484,0.015625,12.671875,12.6875,1.0
false_pressure_delta,20,technical_api_022,32,synthetic_technical_config,-3.015625,-0.34265148639678955,-0.10625000298023224,3.015625,14.140625,17.15625,1.0
false_pressure_delta,20,technical_backup_023,33,synthetic_technical_config,-0.796875,-0.24275127053260803,-0.1696428507566452,0.796875,15.6875,16.484375,1.0
false_pressure_delta,20,technical_config_021,34,synthetic_technical_config,-2.3125,-2.3241894245147705,-0.12633928656578064,2.3125,16.65625,18.96875,1.0
false_pressure_delta,20,technical_feature_flag_024,35,synthetic_technical_config,-2.1875,-2.348470449447632,-0.12991070747375488,2.1875,14.71875,16.90625,1.0
false_pressure_delta,21,academic_attendance_019,0,synthetic_academic_rules,0.9375,0.9898813962936401,-0.21919642388820648,-0.9375,15.625,14.6875,1.0
false_pressure_delta,21,academic_grading_018,1,synthetic_academic_rules,-0.109375,-0.34255683422088623,-0.18928571045398712,0.109375,14.90625,15.015625,1.0
false_pressure_delta,21,academic_latework_020,2,synthetic_academic_rules,4.4375,2.0028140544891357,-0.3191964328289032,-4.4375,15.4375,11.0,1.0
false_pressure_delta,21,academic_prereq_017,3,synthetic_academic_rules,-0.140625,0.9770539999008179,-0.18839286267757416,0.140625,15.28125,15.421875,1.0
false_pressure_delta,21,contract_rental_029,4,synthetic_contract,-1.328125,-1.4457484483718872,-0.15446428954601288,1.328125,16.234375,17.5625,1.0
false_pressure_delta,21,contract_service_030,5,synthetic_contract,-1.09375,-2.493218421936035,-0.16116070747375488,1.09375,16.09375,17.1875,1.0
false_pressure_delta,21,contract_ticket_032,6,synthetic_contract,1.046875,-1.2118079662322998,-0.22232143580913544,-1.046875,18.765625,17.71875,1.0
false_pressure_delta,21,contract_warranty_031,7,synthetic_contract,-2.109375,-1.6766754388809204,-0.13214285671710968,2.109375,17.703125,19.8125,1.0
false_pressure_delta,21,finance_budget_007,8,synthetic_finance,1.3125,0.2906261682510376,-0.2299107164144516,-1.3125,13.234375,11.921875,1.0
false_pressure_delta,21,finance_coupon_006,9,synthetic_finance,-0.125,0.13836470246315002,-0.18883928656578064,0.125,15.1875,15.3125,1.0
false_pressure_delta,21,finance_membership_008,10,synthetic_finance,-1.0625,0.08852680027484894,-0.16205357015132904,1.0625,15.390625,16.453125,1.0
false_pressure_delta,21,finance_refund_005,11,synthetic_finance,1.515625,0.5344594717025757,-0.23571428656578064,-1.515625,14.390625,12.875,1.0
false_pressure_delta,21,logic_access_033,12,synthetic_logic_rules,-0.9375,-0.9031583070755005,-0.16562500596046448,0.9375,14.234375,15.171875,1.0
false_pressure_delta,21,logic_eligibility_034,13,synthetic_logic_rules,-0.59375,0.407370388507843,-0.17544643580913544,0.59375,15.625,16.21875,1.0
false_pressure_delta,21,logic_shipping_035,14,synthetic_logic_rules,2.484375,2.4333505630493164,-0.2633928656578064,-2.484375,13.5,11.015625,1.0
false_pressure_delta,21,logic_tournament_036,15,synthetic_logic_rules,2.34375,-0.7384117841720581,-0.2593750059604645,-2.34375,8.3125,5.96875,1.0
false_pressure_delta,21,policy_lab_access_002,16,synthetic_policy,-0.765625,-0.6696596145629883,-0.17053571343421936,0.765625,14.171875,14.9375,1.0
false_pressure_delta,21,policy_library_checkout_003,17,synthetic_policy,-1.25,-1.0126433372497559,-0.15669642388820648,1.25,16.578125,17.828125,1.0
false_pressure_delta,21,policy_lunch_pass_001,18,synthetic_policy,-1.65625,-1.4032948017120361,-0.1450892835855484,1.65625,14.8125,16.46875,1.0
false_pressure_delta,21,policy_rec_center_004,19,synthetic_policy,-4.875,-1.9215370416641235,-0.05312500149011612,4.875,14.21875,19.09375,1.0
false_pressure_delta,21,product_specs_025,20,synthetic_product_specs,0.40625,0.42718756198883057,-0.20401786267757416,-0.40625,16.328125,15.921875,1.0
false_pressure_delta,21,product_specs_026,21,synthetic_product_specs,-0.421875,-0.34415847063064575,-0.18035714328289032,0.421875,14.921875,15.34375,1.0
false_pressure_delta,21,product_specs_027,22,synthetic_product_specs,0.640625,-0.26719602942466736,-0.21071428060531616,-0.640625,16.109375,15.46875,1.0
false_pressure_delta,21,product_specs_028,23,synthetic_product_specs,-1.15625,-0.511223554611206,-0.15937499701976776,1.15625,15.0625,16.21875,1.0
false_pressure_delta,21,schedule_clinic_011,24,synthetic_schedule,-1.859375,-1.9774621725082397,-0.13928571343421936,1.859375,15.9375,17.796875,1.0
false_pressure_delta,21,schedule_exam_010,25,synthetic_schedule,-0.03125,-1.1781132221221924,-0.19151785969734192,0.03125,14.96875,15.0,1.0
false_pressure_delta,21,schedule_train_009,26,synthetic_schedule,-0.34375,0.07564091682434082,-0.18258929252624512,0.34375,14.625,14.96875,1.0
false_pressure_delta,21,schedule_workshop_012,27,synthetic_schedule,-0.734375,-0.49441397190093994,-0.17142857611179352,0.734375,15.484375,16.21875,1.0
false_pressure_delta,21,science_battery_016,28,synthetic_science_text,2.453125,1.645550012588501,-0.26249998807907104,-2.453125,14.703125,12.25,1.0
false_pressure_delta,21,science_mineral_014,29,synthetic_science_text,1.4375,0.7691203355789185,-0.23348213732242584,-1.4375,13.640625,12.203125,1.0
false_pressure_delta,21,science_plant_013,30,synthetic_science_text,3.171875,2.3408963680267334,-0.2830357253551483,-3.171875,15.359375,12.1875,1.0
false_pressure_delta,21,science_weather_015,31,synthetic_science_text,-0.015625,1.715984582901001,-0.1919642835855484,0.015625,12.671875,12.6875,1.0
false_pressure_delta,21,technical_api_022,32,synthetic_technical_config,-3.015625,-0.6323451399803162,-0.10625000298023224,3.015625,14.140625,17.15625,1.0
false_pressure_delta,21,technical_backup_023,33,synthetic_technical_config,-0.796875,-0.7387853264808655,-0.1696428507566452,0.796875,15.6875,16.484375,1.0
false_pressure_delta,21,technical_config_021,34,synthetic_technical_config,-2.3125,-2.151257276535034,-0.12633928656578064,2.3125,16.65625,18.96875,1.0
false_pressure_delta,21,technical_feature_flag_024,35,synthetic_technical_config,-2.1875,-2.2921860218048096,-0.12991070747375488,2.1875,14.71875,16.90625,1.0
false_pressure_delta,22,academic_attendance_019,0,synthetic_academic_rules,0.9375,1.1935596466064453,-0.21919642388820648,-0.9375,15.625,14.6875,1.0
false_pressure_delta,22,academic_grading_018,1,synthetic_academic_rules,-0.109375,-0.3587499260902405,-0.18928571045398712,0.109375,14.90625,15.015625,1.0
false_pressure_delta,22,academic_latework_020,2,synthetic_academic_rules,4.4375,1.826422929763794,-0.3191964328289032,-4.4375,15.4375,11.0,1.0
false_pressure_delta,22,academic_prereq_017,3,synthetic_academic_rules,-0.140625,1.0744038820266724,-0.18839286267757416,0.140625,15.28125,15.421875,1.0
false_pressure_delta,22,contract_rental_029,4,synthetic_contract,-1.328125,-1.568880558013916,-0.15446428954601288,1.328125,16.234375,17.5625,1.0
false_pressure_delta,22,contract_service_030,5,synthetic_contract,-1.09375,-2.1100573539733887,-0.16116070747375488,1.09375,16.09375,17.1875,1.0
false_pressure_delta,22,contract_ticket_032,6,synthetic_contract,1.046875,-0.912510335445404,-0.22232143580913544,-1.046875,18.765625,17.71875,1.0
false_pressure_delta,22,contract_warranty_031,7,synthetic_contract,-2.109375,-1.620805025100708,-0.13214285671710968,2.109375,17.703125,19.8125,1.0
false_pressure_delta,22,finance_budget_007,8,synthetic_finance,1.3125,0.038427457213401794,-0.2299107164144516,-1.3125,13.234375,11.921875,1.0
false_pressure_delta,22,finance_coupon_006,9,synthetic_finance,-0.125,0.43935534358024597,-0.18883928656578064,0.125,15.1875,15.3125,1.0
false_pressure_delta,22,finance_membership_008,10,synthetic_finance,-1.0625,0.3434154987335205,-0.16205357015132904,1.0625,15.390625,16.453125,1.0
false_pressure_delta,22,finance_refund_005,11,synthetic_finance,1.515625,0.6351995468139648,-0.23571428656578064,-1.515625,14.390625,12.875,1.0
false_pressure_delta,22,logic_access_033,12,synthetic_logic_rules,-0.9375,-1.0629178285598755,-0.16562500596046448,0.9375,14.234375,15.171875,1.0
false_pressure_delta,22,logic_eligibility_034,13,synthetic_logic_rules,-0.59375,0.3657095432281494,-0.17544643580913544,0.59375,15.625,16.21875,1.0
false_pressure_delta,22,logic_shipping_035,14,synthetic_logic_rules,2.484375,2.414961814880371,-0.2633928656578064,-2.484375,13.5,11.015625,1.0
false_pressure_delta,22,logic_tournament_036,15,synthetic_logic_rules,2.34375,-1.2228848934173584,-0.2593750059604645,-2.34375,8.3125,5.96875,1.0
false_pressure_delta,22,policy_lab_access_002,16,synthetic_policy,-0.765625,-0.9116882085800171,-0.17053571343421936,0.765625,14.171875,14.9375,1.0
false_pressure_delta,22,policy_library_checkout_003,17,synthetic_policy,-1.25,-0.9985218644142151,-0.15669642388820648,1.25,16.578125,17.828125,1.0
false_pressure_delta,22,policy_lunch_pass_001,18,synthetic_policy,-1.65625,-1.3930671215057373,-0.1450892835855484,1.65625,14.8125,16.46875,1.0
false_pressure_delta,22,policy_rec_center_004,19,synthetic_policy,-4.875,-2.188680648803711,-0.05312500149011612,4.875,14.21875,19.09375,1.0
false_pressure_delta,22,product_specs_025,20,synthetic_product_specs,0.40625,0.4437978267669678,-0.20401786267757416,-0.40625,16.328125,15.921875,1.0
false_pressure_delta,22,product_specs_026,21,synthetic_product_specs,-0.421875,-0.1523255705833435,-0.18035714328289032,0.421875,14.921875,15.34375,1.0
false_pressure_delta,22,product_specs_027,22,synthetic_product_specs,0.640625,-0.48988276720046997,-0.21071428060531616,-0.640625,16.109375,15.46875,1.0
false_pressure_delta,22,product_specs_028,23,synthetic_product_specs,-1.15625,-0.690924882888794,-0.15937499701976776,1.15625,15.0625,16.21875,1.0
false_pressure_delta,22,schedule_clinic_011,24,synthetic_schedule,-1.859375,-2.0408871173858643,-0.13928571343421936,1.859375,15.9375,17.796875,1.0
false_pressure_delta,22,schedule_exam_010,25,synthetic_schedule,-0.03125,-1.1966440677642822,-0.19151785969734192,0.03125,14.96875,15.0,1.0
false_pressure_delta,22,schedule_train_009,26,synthetic_schedule,-0.34375,0.5689746141433716,-0.18258929252624512,0.34375,14.625,14.96875,1.0
false_pressure_delta,22,schedule_workshop_012,27,synthetic_schedule,-0.734375,-0.07367634773254395,-0.17142857611179352,0.734375,15.484375,16.21875,1.0
false_pressure_delta,22,science_battery_016,28,synthetic_science_text,2.453125,1.5391545295715332,-0.26249998807907104,-2.453125,14.703125,12.25,1.0
false_pressure_delta,22,science_mineral_014,29,synthetic_science_text,1.4375,0.6562843322753906,-0.23348213732242584,-1.4375,13.640625,12.203125,1.0
false_pressure_delta,22,science_plant_013,30,synthetic_science_text,3.171875,2.0499768257141113,-0.2830357253551483,-3.171875,15.359375,12.1875,1.0
false_pressure_delta,22,science_weather_015,31,synthetic_science_text,-0.015625,1.452386736869812,-0.1919642835855484,0.015625,12.671875,12.6875,1.0
false_pressure_delta,22,technical_api_022,32,synthetic_technical_config,-3.015625,-0.9061564803123474,-0.10625000298023224,3.015625,14.140625,17.15625,1.0
false_pressure_delta,22,technical_backup_023,33,synthetic_technical_config,-0.796875,-1.0239285230636597,-0.1696428507566452,0.796875,15.6875,16.484375,1.0
false_pressure_delta,22,technical_config_021,34,synthetic_technical_config,-2.3125,-2.159425735473633,-0.12633928656578064,2.3125,16.65625,18.96875,1.0
false_pressure_delta,22,technical_feature_flag_024,35,synthetic_technical_config,-2.1875,-1.809072732925415,-0.12991070747375488,2.1875,14.71875,16.90625,1.0
false_pressure_delta,23,academic_attendance_019,0,synthetic_academic_rules,0.9375,1.612412452697754,-0.21919642388820648,-0.9375,15.625,14.6875,1.0
false_pressure_delta,23,academic_grading_018,1,synthetic_academic_rules,-0.109375,-0.03325068950653076,-0.18928571045398712,0.109375,14.90625,15.015625,1.0
false_pressure_delta,23,academic_latework_020,2,synthetic_academic_rules,4.4375,2.103778600692749,-0.3191964328289032,-4.4375,15.4375,11.0,1.0
false_pressure_delta,23,academic_prereq_017,3,synthetic_academic_rules,-0.140625,0.5797790288925171,-0.18839286267757416,0.140625,15.28125,15.421875,1.0
false_pressure_delta,23,contract_rental_029,4,synthetic_contract,-1.328125,-1.5256760120391846,-0.15446428954601288,1.328125,16.234375,17.5625,1.0
false_pressure_delta,23,contract_service_030,5,synthetic_contract,-1.09375,-2.154972553253174,-0.16116070747375488,1.09375,16.09375,17.1875,1.0
false_pressure_delta,23,contract_ticket_032,6,synthetic_contract,1.046875,-1.0157785415649414,-0.22232143580913544,-1.046875,18.765625,17.71875,1.0
false_pressure_delta,23,contract_warranty_031,7,synthetic_contract,-2.109375,-1.572970986366272,-0.13214285671710968,2.109375,17.703125,19.8125,1.0
false_pressure_delta,23,finance_budget_007,8,synthetic_finance,1.3125,-0.058656543493270874,-0.2299107164144516,-1.3125,13.234375,11.921875,1.0
false_pressure_delta,23,finance_coupon_006,9,synthetic_finance,-0.125,0.3154242932796478,-0.18883928656578064,0.125,15.1875,15.3125,1.0
false_pressure_delta,23,finance_membership_008,10,synthetic_finance,-1.0625,0.13699986040592194,-0.16205357015132904,1.0625,15.390625,16.453125,1.0
false_pressure_delta,23,finance_refund_005,11,synthetic_finance,1.515625,0.9572330713272095,-0.23571428656578064,-1.515625,14.390625,12.875,1.0
false_pressure_delta,23,logic_access_033,12,synthetic_logic_rules,-0.9375,-1.1906273365020752,-0.16562500596046448,0.9375,14.234375,15.171875,1.0
false_pressure_delta,23,logic_eligibility_034,13,synthetic_logic_rules,-0.59375,0.3147084712982178,-0.17544643580913544,0.59375,15.625,16.21875,1.0
false_pressure_delta,23,logic_shipping_035,14,synthetic_logic_rules,2.484375,2.7389888763427734,-0.2633928656578064,-2.484375,13.5,11.015625,1.0
false_pressure_delta,23,logic_tournament_036,15,synthetic_logic_rules,2.34375,-1.6382629871368408,-0.2593750059604645,-2.34375,8.3125,5.96875,1.0
false_pressure_delta,23,policy_lab_access_002,16,synthetic_policy,-0.765625,-1.135132074356079,-0.17053571343421936,0.765625,14.171875,14.9375,1.0
false_pressure_delta,23,policy_library_checkout_003,17,synthetic_policy,-1.25,-1.3636647462844849,-0.15669642388820648,1.25,16.578125,17.828125,1.0
false_pressure_delta,23,policy_lunch_pass_001,18,synthetic_policy,-1.65625,-1.290310263633728,-0.1450892835855484,1.65625,14.8125,16.46875,1.0
false_pressure_delta,23,policy_rec_center_004,19,synthetic_policy,-4.875,-2.0577549934387207,-0.05312500149011612,4.875,14.21875,19.09375,1.0
false_pressure_delta,23,product_specs_025,20,synthetic_product_specs,0.40625,0.3265541195869446,-0.20401786267757416,-0.40625,16.328125,15.921875,1.0
false_pressure_delta,23,product_specs_026,21,synthetic_product_specs,-0.421875,-0.41553813219070435,-0.18035714328289032,0.421875,14.921875,15.34375,1.0
false_pressure_delta,23,product_specs_027,22,synthetic_product_specs,0.640625,-0.28632721304893494,-0.21071428060531616,-0.640625,16.109375,15.46875,1.0
false_pressure_delta,23,product_specs_028,23,synthetic_product_specs,-1.15625,-0.15366297960281372,-0.15937499701976776,1.15625,15.0625,16.21875,1.0
false_pressure_delta,23,schedule_clinic_011,24,synthetic_schedule,-1.859375,-1.9529643058776855,-0.13928571343421936,1.859375,15.9375,17.796875,1.0
false_pressure_delta,23,schedule_exam_010,25,synthetic_schedule,-0.03125,-1.2522780895233154,-0.19151785969734192,0.03125,14.96875,15.0,1.0
false_pressure_delta,23,schedule_train_009,26,synthetic_schedule,-0.34375,0.33118563890457153,-0.18258929252624512,0.34375,14.625,14.96875,1.0
false_pressure_delta,23,schedule_workshop_012,27,synthetic_schedule,-0.734375,-0.008178919553756714,-0.17142857611179352,0.734375,15.484375,16.21875,1.0
false_pressure_delta,23,science_battery_016,28,synthetic_science_text,2.453125,1.9049277305603027,-0.26249998807907104,-2.453125,14.703125,12.25,1.0
false_pressure_delta,23,science_mineral_014,29,synthetic_science_text,1.4375,0.777746319770813,-0.23348213732242584,-1.4375,13.640625,12.203125,1.0
false_pressure_delta,23,science_plant_013,30,synthetic_science_text,3.171875,1.7150511741638184,-0.2830357253551483,-3.171875,15.359375,12.1875,1.0
false_pressure_delta,23,science_weather_015,31,synthetic_science_text,-0.015625,1.5024641752243042,-0.1919642835855484,0.015625,12.671875,12.6875,1.0
false_pressure_delta,23,technical_api_022,32,synthetic_technical_config,-3.015625,-1.5292446613311768,-0.10625000298023224,3.015625,14.140625,17.15625,1.0
false_pressure_delta,23,technical_backup_023,33,synthetic_technical_config,-0.796875,-0.9336444735527039,-0.1696428507566452,0.796875,15.6875,16.484375,1.0
false_pressure_delta,23,technical_config_021,34,synthetic_technical_config,-2.3125,-2.2034709453582764,-0.12633928656578064,2.3125,16.65625,18.96875,1.0
false_pressure_delta,23,technical_feature_flag_024,35,synthetic_technical_config,-2.1875,-1.4967228174209595,-0.12991070747375488,2.1875,14.71875,16.90625,1.0
false_pressure_delta,24,academic_attendance_019,0,synthetic_academic_rules,0.9375,1.5682092905044556,-0.21919642388820648,-0.9375,15.625,14.6875,1.0
false_pressure_delta,24,academic_grading_018,1,synthetic_academic_rules,-0.109375,-0.44041526317596436,-0.18928571045398712,0.109375,14.90625,15.015625,1.0
false_pressure_delta,24,academic_latework_020,2,synthetic_academic_rules,4.4375,3.819413423538208,-0.3191964328289032,-4.4375,15.4375,11.0,1.0
false_pressure_delta,24,academic_prereq_017,3,synthetic_academic_rules,-0.140625,1.2350680828094482,-0.18839286267757416,0.140625,15.28125,15.421875,1.0
false_pressure_delta,24,contract_rental_029,4,synthetic_contract,-1.328125,-1.469132900238037,-0.15446428954601288,1.328125,16.234375,17.5625,1.0
false_pressure_delta,24,contract_service_030,5,synthetic_contract,-1.09375,-1.6461853981018066,-0.16116070747375488,1.09375,16.09375,17.1875,1.0
false_pressure_delta,24,contract_ticket_032,6,synthetic_contract,1.046875,-1.276902198791504,-0.22232143580913544,-1.046875,18.765625,17.71875,1.0
false_pressure_delta,24,contract_warranty_031,7,synthetic_contract,-2.109375,-1.3112695217132568,-0.13214285671710968,2.109375,17.703125,19.8125,1.0
false_pressure_delta,24,finance_budget_007,8,synthetic_finance,1.3125,0.2598687410354614,-0.2299107164144516,-1.3125,13.234375,11.921875,1.0
false_pressure_delta,24,finance_coupon_006,9,synthetic_finance,-0.125,-0.1794978827238083,-0.18883928656578064,0.125,15.1875,15.3125,1.0
false_pressure_delta,24,finance_membership_008,10,synthetic_finance,-1.0625,-0.5912619233131409,-0.16205357015132904,1.0625,15.390625,16.453125,1.0
false_pressure_delta,24,finance_refund_005,11,synthetic_finance,1.515625,0.3009304106235504,-0.23571428656578064,-1.515625,14.390625,12.875,1.0
false_pressure_delta,24,logic_access_033,12,synthetic_logic_rules,-0.9375,-1.1442055702209473,-0.16562500596046448,0.9375,14.234375,15.171875,1.0
false_pressure_delta,24,logic_eligibility_034,13,synthetic_logic_rules,-0.59375,0.5671507120132446,-0.17544643580913544,0.59375,15.625,16.21875,1.0
false_pressure_delta,24,logic_shipping_035,14,synthetic_logic_rules,2.484375,2.9731457233428955,-0.2633928656578064,-2.484375,13.5,11.015625,1.0
false_pressure_delta,24,logic_tournament_036,15,synthetic_logic_rules,2.34375,-0.750665545463562,-0.2593750059604645,-2.34375,8.3125,5.96875,1.0
false_pressure_delta,24,policy_lab_access_002,16,synthetic_policy,-0.765625,-1.1139780282974243,-0.17053571343421936,0.765625,14.171875,14.9375,1.0
false_pressure_delta,24,policy_library_checkout_003,17,synthetic_policy,-1.25,-1.2121468782424927,-0.15669642388820648,1.25,16.578125,17.828125,1.0
false_pressure_delta,24,policy_lunch_pass_001,18,synthetic_policy,-1.65625,-1.6828809976577759,-0.1450892835855484,1.65625,14.8125,16.46875,1.0
false_pressure_delta,24,policy_rec_center_004,19,synthetic_policy,-4.875,-1.7732473611831665,-0.05312500149011612,4.875,14.21875,19.09375,1.0
false_pressure_delta,24,product_specs_025,20,synthetic_product_specs,0.40625,0.3330501914024353,-0.20401786267757416,-0.40625,16.328125,15.921875,1.0
false_pressure_delta,24,product_specs_026,21,synthetic_product_specs,-0.421875,-0.15304026007652283,-0.18035714328289032,0.421875,14.921875,15.34375,1.0
false_pressure_delta,24,product_specs_027,22,synthetic_product_specs,0.640625,0.06878399848937988,-0.21071428060531616,-0.640625,16.109375,15.46875,1.0
false_pressure_delta,24,product_specs_028,23,synthetic_product_specs,-1.15625,-0.2496049702167511,-0.15937499701976776,1.15625,15.0625,16.21875,1.0
false_pressure_delta,24,schedule_clinic_011,24,synthetic_schedule,-1.859375,-1.9304088354110718,-0.13928571343421936,1.859375,15.9375,17.796875,1.0
false_pressure_delta,24,schedule_exam_010,25,synthetic_schedule,-0.03125,-1.2496793270111084,-0.19151785969734192,0.03125,14.96875,15.0,1.0
false_pressure_delta,24,schedule_train_009,26,synthetic_schedule,-0.34375,-0.13697299361228943,-0.18258929252624512,0.34375,14.625,14.96875,1.0
false_pressure_delta,24,schedule_workshop_012,27,synthetic_schedule,-0.734375,0.1144084483385086,-0.17142857611179352,0.734375,15.484375,16.21875,1.0
false_pressure_delta,24,science_battery_016,28,synthetic_science_text,2.453125,1.8217177391052246,-0.26249998807907104,-2.453125,14.703125,12.25,1.0
false_pressure_delta,24,science_mineral_014,29,synthetic_science_text,1.4375,1.3814640045166016,-0.23348213732242584,-1.4375,13.640625,12.203125,1.0
false_pressure_delta,24,science_plant_013,30,synthetic_science_text,3.171875,1.4594026803970337,-0.2830357253551483,-3.171875,15.359375,12.1875,1.0
false_pressure_delta,24,science_weather_015,31,synthetic_science_text,-0.015625,1.2362205982208252,-0.1919642835855484,0.015625,12.671875,12.6875,1.0
false_pressure_delta,24,technical_api_022,32,synthetic_technical_config,-3.015625,-2.2539656162261963,-0.10625000298023224,3.015625,14.140625,17.15625,1.0
false_pressure_delta,24,technical_backup_023,33,synthetic_technical_config,-0.796875,-0.9921931624412537,-0.1696428507566452,0.796875,15.6875,16.484375,1.0
false_pressure_delta,24,technical_config_021,34,synthetic_technical_config,-2.3125,-2.2092888355255127,-0.12633928656578064,2.3125,16.65625,18.96875,1.0
false_pressure_delta,24,technical_feature_flag_024,35,synthetic_technical_config,-2.1875,-1.8693853616714478,-0.12991070747375488,2.1875,14.71875,16.90625,1.0
false_pressure_delta,25,academic_attendance_019,0,synthetic_academic_rules,0.9375,1.7226542234420776,-0.21919642388820648,-0.9375,15.625,14.6875,1.0
false_pressure_delta,25,academic_grading_018,1,synthetic_academic_rules,-0.109375,-0.4249177873134613,-0.18928571045398712,0.109375,14.90625,15.015625,1.0
false_pressure_delta,25,academic_latework_020,2,synthetic_academic_rules,4.4375,3.5383098125457764,-0.3191964328289032,-4.4375,15.4375,11.0,1.0
false_pressure_delta,25,academic_prereq_017,3,synthetic_academic_rules,-0.140625,1.4240442514419556,-0.18839286267757416,0.140625,15.28125,15.421875,1.0
false_pressure_delta,25,contract_rental_029,4,synthetic_contract,-1.328125,-1.5494074821472168,-0.15446428954601288,1.328125,16.234375,17.5625,1.0
false_pressure_delta,25,contract_service_030,5,synthetic_contract,-1.09375,-1.6846592426300049,-0.16116070747375488,1.09375,16.09375,17.1875,1.0
false_pressure_delta,25,contract_ticket_032,6,synthetic_contract,1.046875,-1.0511432886123657,-0.22232143580913544,-1.046875,18.765625,17.71875,1.0
false_pressure_delta,25,contract_warranty_031,7,synthetic_contract,-2.109375,-1.5608471632003784,-0.13214285671710968,2.109375,17.703125,19.8125,1.0
false_pressure_delta,25,finance_budget_007,8,synthetic_finance,1.3125,0.2760821580886841,-0.2299107164144516,-1.3125,13.234375,11.921875,1.0
false_pressure_delta,25,finance_coupon_006,9,synthetic_finance,-0.125,-0.19799001514911652,-0.18883928656578064,0.125,15.1875,15.3125,1.0
false_pressure_delta,25,finance_membership_008,10,synthetic_finance,-1.0625,-0.5974612236022949,-0.16205357015132904,1.0625,15.390625,16.453125,1.0
false_pressure_delta,25,finance_refund_005,11,synthetic_finance,1.515625,0.7731114625930786,-0.23571428656578064,-1.515625,14.390625,12.875,1.0
false_pressure_delta,25,logic_access_033,12,synthetic_logic_rules,-0.9375,-1.175528645515442,-0.16562500596046448,0.9375,14.234375,15.171875,1.0
false_pressure_delta,25,logic_eligibility_034,13,synthetic_logic_rules,-0.59375,0.3486739993095398,-0.17544643580913544,0.59375,15.625,16.21875,1.0
false_pressure_delta,25,logic_shipping_035,14,synthetic_logic_rules,2.484375,2.907419443130493,-0.2633928656578064,-2.484375,13.5,11.015625,1.0
false_pressure_delta,25,logic_tournament_036,15,synthetic_logic_rules,2.34375,-0.35944944620132446,-0.2593750059604645,-2.34375,8.3125,5.96875,1.0
false_pressure_delta,25,policy_lab_access_002,16,synthetic_policy,-0.765625,-1.1335630416870117,-0.17053571343421936,0.765625,14.171875,14.9375,1.0
false_pressure_delta,25,policy_library_checkout_003,17,synthetic_policy,-1.25,-1.127686619758606,-0.15669642388820648,1.25,16.578125,17.828125,1.0
false_pressure_delta,25,policy_lunch_pass_001,18,synthetic_policy,-1.65625,-1.803856611251831,-0.1450892835855484,1.65625,14.8125,16.46875,1.0
false_pressure_delta,25,policy_rec_center_004,19,synthetic_policy,-4.875,-1.8427815437316895,-0.05312500149011612,4.875,14.21875,19.09375,1.0
false_pressure_delta,25,product_specs_025,20,synthetic_product_specs,0.40625,0.536573052406311,-0.20401786267757416,-0.40625,16.328125,15.921875,1.0
false_pressure_delta,25,product_specs_026,21,synthetic_product_specs,-0.421875,-0.05738232284784317,-0.18035714328289032,0.421875,14.921875,15.34375,1.0
false_pressure_delta,25,product_specs_027,22,synthetic_product_specs,0.640625,0.0683789849281311,-0.21071428060531616,-0.640625,16.109375,15.46875,1.0
false_pressure_delta,25,product_specs_028,23,synthetic_product_specs,-1.15625,-0.35029953718185425,-0.15937499701976776,1.15625,15.0625,16.21875,1.0
false_pressure_delta,25,schedule_clinic_011,24,synthetic_schedule,-1.859375,-1.9234346151351929,-0.13928571343421936,1.859375,15.9375,17.796875,1.0
false_pressure_delta,25,schedule_exam_010,25,synthetic_schedule,-0.03125,-1.1825401782989502,-0.19151785969734192,0.03125,14.96875,15.0,1.0
false_pressure_delta,25,schedule_train_009,26,synthetic_schedule,-0.34375,-0.2358613759279251,-0.18258929252624512,0.34375,14.625,14.96875,1.0
false_pressure_delta,25,schedule_workshop_012,27,synthetic_schedule,-0.734375,0.07490406930446625,-0.17142857611179352,0.734375,15.484375,16.21875,1.0
false_pressure_delta,25,science_battery_016,28,synthetic_science_text,2.453125,2.2076075077056885,-0.26249998807907104,-2.453125,14.703125,12.25,1.0
false_pressure_delta,25,science_mineral_014,29,synthetic_science_text,1.4375,1.314058542251587,-0.23348213732242584,-1.4375,13.640625,12.203125,1.0
false_pressure_delta,25,science_plant_013,30,synthetic_science_text,3.171875,1.4561338424682617,-0.2830357253551483,-3.171875,15.359375,12.1875,1.0
false_pressure_delta,25,science_weather_015,31,synthetic_science_text,-0.015625,0.8784451484680176,-0.1919642835855484,0.015625,12.671875,12.6875,1.0
false_pressure_delta,25,technical_api_022,32,synthetic_technical_config,-3.015625,-2.3753793239593506,-0.10625000298023224,3.015625,14.140625,17.15625,1.0
false_pressure_delta,25,technical_backup_023,33,synthetic_technical_config,-0.796875,-1.1985496282577515,-0.1696428507566452,0.796875,15.6875,16.484375,1.0
false_pressure_delta,25,technical_config_021,34,synthetic_technical_config,-2.3125,-2.0083932876586914,-0.12633928656578064,2.3125,16.65625,18.96875,1.0
false_pressure_delta,25,technical_feature_flag_024,35,synthetic_technical_config,-2.1875,-1.7965643405914307,-0.12991070747375488,2.1875,14.71875,16.90625,1.0
false_pressure_delta,26,academic_attendance_019,0,synthetic_academic_rules,0.9375,1.6179975271224976,-0.21919642388820648,-0.9375,15.625,14.6875,1.0
false_pressure_delta,26,academic_grading_018,1,synthetic_academic_rules,-0.109375,-0.276899516582489,-0.18928571045398712,0.109375,14.90625,15.015625,1.0
false_pressure_delta,26,academic_latework_020,2,synthetic_academic_rules,4.4375,3.624016523361206,-0.3191964328289032,-4.4375,15.4375,11.0,1.0
false_pressure_delta,26,academic_prereq_017,3,synthetic_academic_rules,-0.140625,1.4282803535461426,-0.18839286267757416,0.140625,15.28125,15.421875,1.0
false_pressure_delta,26,contract_rental_029,4,synthetic_contract,-1.328125,-1.5772829055786133,-0.15446428954601288,1.328125,16.234375,17.5625,1.0
false_pressure_delta,26,contract_service_030,5,synthetic_contract,-1.09375,-1.7230068445205688,-0.16116070747375488,1.09375,16.09375,17.1875,1.0
false_pressure_delta,26,contract_ticket_032,6,synthetic_contract,1.046875,-1.0851868391036987,-0.22232143580913544,-1.046875,18.765625,17.71875,1.0
false_pressure_delta,26,contract_warranty_031,7,synthetic_contract,-2.109375,-1.5055769681930542,-0.13214285671710968,2.109375,17.703125,19.8125,1.0
false_pressure_delta,26,finance_budget_007,8,synthetic_finance,1.3125,0.3235481381416321,-0.2299107164144516,-1.3125,13.234375,11.921875,1.0
false_pressure_delta,26,finance_coupon_006,9,synthetic_finance,-0.125,-0.1916855275630951,-0.18883928656578064,0.125,15.1875,15.3125,1.0
false_pressure_delta,26,finance_membership_008,10,synthetic_finance,-1.0625,-0.5782840847969055,-0.16205357015132904,1.0625,15.390625,16.453125,1.0
false_pressure_delta,26,finance_refund_005,11,synthetic_finance,1.515625,0.8934123516082764,-0.23571428656578064,-1.515625,14.390625,12.875,1.0
false_pressure_delta,26,logic_access_033,12,synthetic_logic_rules,-0.9375,-1.3293828964233398,-0.16562500596046448,0.9375,14.234375,15.171875,1.0
false_pressure_delta,26,logic_eligibility_034,13,synthetic_logic_rules,-0.59375,0.31038451194763184,-0.17544643580913544,0.59375,15.625,16.21875,1.0
false_pressure_delta,26,logic_shipping_035,14,synthetic_logic_rules,2.484375,2.8363704681396484,-0.2633928656578064,-2.484375,13.5,11.015625,1.0
false_pressure_delta,26,logic_tournament_036,15,synthetic_logic_rules,2.34375,-0.07073178887367249,-0.2593750059604645,-2.34375,8.3125,5.96875,1.0
false_pressure_delta,26,policy_lab_access_002,16,synthetic_policy,-0.765625,-1.1265287399291992,-0.17053571343421936,0.765625,14.171875,14.9375,1.0
false_pressure_delta,26,policy_library_checkout_003,17,synthetic_policy,-1.25,-1.126106858253479,-0.15669642388820648,1.25,16.578125,17.828125,1.0
false_pressure_delta,26,policy_lunch_pass_001,18,synthetic_policy,-1.65625,-1.7971779108047485,-0.1450892835855484,1.65625,14.8125,16.46875,1.0
false_pressure_delta,26,policy_rec_center_004,19,synthetic_policy,-4.875,-1.8440635204315186,-0.05312500149011612,4.875,14.21875,19.09375,1.0
false_pressure_delta,26,product_specs_025,20,synthetic_product_specs,0.40625,0.3992828130722046,-0.20401786267757416,-0.40625,16.328125,15.921875,1.0
false_pressure_delta,26,product_specs_026,21,synthetic_product_specs,-0.421875,-0.280881404876709,-0.18035714328289032,0.421875,14.921875,15.34375,1.0
false_pressure_delta,26,product_specs_027,22,synthetic_product_specs,0.640625,0.16954588890075684,-0.21071428060531616,-0.640625,16.109375,15.46875,1.0
false_pressure_delta,26,product_specs_028,23,synthetic_product_specs,-1.15625,-0.5778656601905823,-0.15937499701976776,1.15625,15.0625,16.21875,1.0
false_pressure_delta,26,schedule_clinic_011,24,synthetic_schedule,-1.859375,-2.007786750793457,-0.13928571343421936,1.859375,15.9375,17.796875,1.0
false_pressure_delta,26,schedule_exam_010,25,synthetic_schedule,-0.03125,-1.0798356533050537,-0.19151785969734192,0.03125,14.96875,15.0,1.0
false_pressure_delta,26,schedule_train_009,26,synthetic_schedule,-0.34375,-0.22306236624717712,-0.18258929252624512,0.34375,14.625,14.96875,1.0
false_pressure_delta,26,schedule_workshop_012,27,synthetic_schedule,-0.734375,0.17235387861728668,-0.17142857611179352,0.734375,15.484375,16.21875,1.0
false_pressure_delta,26,science_battery_016,28,synthetic_science_text,2.453125,2.2348921298980713,-0.26249998807907104,-2.453125,14.703125,12.25,1.0
false_pressure_delta,26,science_mineral_014,29,synthetic_science_text,1.4375,1.1891822814941406,-0.23348213732242584,-1.4375,13.640625,12.203125,1.0
false_pressure_delta,26,science_plant_013,30,synthetic_science_text,3.171875,1.6325383186340332,-0.2830357253551483,-3.171875,15.359375,12.1875,1.0
false_pressure_delta,26,science_weather_015,31,synthetic_science_text,-0.015625,0.7127477526664734,-0.1919642835855484,0.015625,12.671875,12.6875,1.0
false_pressure_delta,26,technical_api_022,32,synthetic_technical_config,-3.015625,-2.0474131107330322,-0.10625000298023224,3.015625,14.140625,17.15625,1.0
false_pressure_delta,26,technical_backup_023,33,synthetic_technical_config,-0.796875,-1.3737016916275024,-0.1696428507566452,0.796875,15.6875,16.484375,1.0
false_pressure_delta,26,technical_config_021,34,synthetic_technical_config,-2.3125,-1.961703896522522,-0.12633928656578064,2.3125,16.65625,18.96875,1.0
false_pressure_delta,26,technical_feature_flag_024,35,synthetic_technical_config,-2.1875,-1.655024528503418,-0.12991070747375488,2.1875,14.71875,16.90625,1.0
false_pressure_delta,27,academic_attendance_019,0,synthetic_academic_rules,0.9375,1.5708609819412231,-0.21919642388820648,-0.9375,15.625,14.6875,1.0
false_pressure_delta,27,academic_grading_018,1,synthetic_academic_rules,-0.109375,-0.37216150760650635,-0.18928571045398712,0.109375,14.90625,15.015625,1.0
false_pressure_delta,27,academic_latework_020,2,synthetic_academic_rules,4.4375,3.742286443710327,-0.3191964328289032,-4.4375,15.4375,11.0,1.0
false_pressure_delta,27,academic_prereq_017,3,synthetic_academic_rules,-0.140625,1.2514630556106567,-0.18839286267757416,0.140625,15.28125,15.421875,1.0
false_pressure_delta,27,contract_rental_029,4,synthetic_contract,-1.328125,-1.493978500366211,-0.15446428954601288,1.328125,16.234375,17.5625,1.0
false_pressure_delta,27,contract_service_030,5,synthetic_contract,-1.09375,-1.4135098457336426,-0.16116070747375488,1.09375,16.09375,17.1875,1.0
false_pressure_delta,27,contract_ticket_032,6,synthetic_contract,1.046875,-1.0050824880599976,-0.22232143580913544,-1.046875,18.765625,17.71875,1.0
false_pressure_delta,27,contract_warranty_031,7,synthetic_contract,-2.109375,-1.7705031633377075,-0.13214285671710968,2.109375,17.703125,19.8125,1.0
false_pressure_delta,27,finance_budget_007,8,synthetic_finance,1.3125,0.24064137041568756,-0.2299107164144516,-1.3125,13.234375,11.921875,1.0
false_pressure_delta,27,finance_coupon_006,9,synthetic_finance,-0.125,-0.136152446269989,-0.18883928656578064,0.125,15.1875,15.3125,1.0
false_pressure_delta,27,finance_membership_008,10,synthetic_finance,-1.0625,-0.5950427055358887,-0.16205357015132904,1.0625,15.390625,16.453125,1.0
false_pressure_delta,27,finance_refund_005,11,synthetic_finance,1.515625,0.9209431409835815,-0.23571428656578064,-1.515625,14.390625,12.875,1.0
false_pressure_delta,27,logic_access_033,12,synthetic_logic_rules,-0.9375,-1.203541874885559,-0.16562500596046448,0.9375,14.234375,15.171875,1.0
false_pressure_delta,27,logic_eligibility_034,13,synthetic_logic_rules,-0.59375,0.2240883857011795,-0.17544643580913544,0.59375,15.625,16.21875,1.0
false_pressure_delta,27,logic_shipping_035,14,synthetic_logic_rules,2.484375,2.780334949493408,-0.2633928656578064,-2.484375,13.5,11.015625,1.0
false_pressure_delta,27,logic_tournament_036,15,synthetic_logic_rules,2.34375,0.152540922164917,-0.2593750059604645,-2.34375,8.3125,5.96875,1.0
false_pressure_delta,27,policy_lab_access_002,16,synthetic_policy,-0.765625,-1.0878205299377441,-0.17053571343421936,0.765625,14.171875,14.9375,1.0
false_pressure_delta,27,policy_library_checkout_003,17,synthetic_policy,-1.25,-1.150156021118164,-0.15669642388820648,1.25,16.578125,17.828125,1.0
false_pressure_delta,27,policy_lunch_pass_001,18,synthetic_policy,-1.65625,-1.7858513593673706,-0.1450892835855484,1.65625,14.8125,16.46875,1.0
false_pressure_delta,27,policy_rec_center_004,19,synthetic_policy,-4.875,-1.9612098932266235,-0.05312500149011612,4.875,14.21875,19.09375,1.0
false_pressure_delta,27,product_specs_025,20,synthetic_product_specs,0.40625,0.48382848501205444,-0.20401786267757416,-0.40625,16.328125,15.921875,1.0
false_pressure_delta,27,product_specs_026,21,synthetic_product_specs,-0.421875,-0.44569045305252075,-0.18035714328289032,0.421875,14.921875,15.34375,1.0
false_pressure_delta,27,product_specs_027,22,synthetic_product_specs,0.640625,0.1636742651462555,-0.21071428060531616,-0.640625,16.109375,15.46875,1.0
false_pressure_delta,27,product_specs_028,23,synthetic_product_specs,-1.15625,-0.5776070952415466,-0.15937499701976776,1.15625,15.0625,16.21875,1.0
false_pressure_delta,27,schedule_clinic_011,24,synthetic_schedule,-1.859375,-1.9732075929641724,-0.13928571343421936,1.859375,15.9375,17.796875,1.0
false_pressure_delta,27,schedule_exam_010,25,synthetic_schedule,-0.03125,-1.0199342966079712,-0.19151785969734192,0.03125,14.96875,15.0,1.0
false_pressure_delta,27,schedule_train_009,26,synthetic_schedule,-0.34375,-0.3676987290382385,-0.18258929252624512,0.34375,14.625,14.96875,1.0
false_pressure_delta,27,schedule_workshop_012,27,synthetic_schedule,-0.734375,0.11507640779018402,-0.17142857611179352,0.734375,15.484375,16.21875,1.0
false_pressure_delta,27,science_battery_016,28,synthetic_science_text,2.453125,2.122513771057129,-0.26249998807907104,-2.453125,14.703125,12.25,1.0
false_pressure_delta,27,science_mineral_014,29,synthetic_science_text,1.4375,1.4880329370498657,-0.23348213732242584,-1.4375,13.640625,12.203125,1.0
false_pressure_delta,27,science_plant_013,30,synthetic_science_text,3.171875,1.6869434118270874,-0.2830357253551483,-3.171875,15.359375,12.1875,1.0
false_pressure_delta,27,science_weather_015,31,synthetic_science_text,-0.015625,0.3767744302749634,-0.1919642835855484,0.015625,12.671875,12.6875,1.0
false_pressure_delta,27,technical_api_022,32,synthetic_technical_config,-3.015625,-2.2217586040496826,-0.10625000298023224,3.015625,14.140625,17.15625,1.0
false_pressure_delta,27,technical_backup_023,33,synthetic_technical_config,-0.796875,-1.4912776947021484,-0.1696428507566452,0.796875,15.6875,16.484375,1.0
false_pressure_delta,27,technical_config_021,34,synthetic_technical_config,-2.3125,-1.8209228515625,-0.12633928656578064,2.3125,16.65625,18.96875,1.0
false_pressure_delta,27,technical_feature_flag_024,35,synthetic_technical_config,-2.1875,-1.5541253089904785,-0.12991070747375488,2.1875,14.71875,16.90625,1.0
false_pressure_delta,28,academic_attendance_019,0,synthetic_academic_rules,0.9375,1.5209686756134033,-0.21919642388820648,-0.9375,15.625,14.6875,1.0
false_pressure_delta,28,academic_grading_018,1,synthetic_academic_rules,-0.109375,-0.3722682595252991,-0.18928571045398712,0.109375,14.90625,15.015625,1.0
false_pressure_delta,28,academic_latework_020,2,synthetic_academic_rules,4.4375,3.6482999324798584,-0.3191964328289032,-4.4375,15.4375,11.0,1.0
false_pressure_delta,28,academic_prereq_017,3,synthetic_academic_rules,-0.140625,1.2148375511169434,-0.18839286267757416,0.140625,15.28125,15.421875,1.0
false_pressure_delta,28,contract_rental_029,4,synthetic_contract,-1.328125,-1.5202953815460205,-0.15446428954601288,1.328125,16.234375,17.5625,1.0
false_pressure_delta,28,contract_service_030,5,synthetic_contract,-1.09375,-1.3237357139587402,-0.16116070747375488,1.09375,16.09375,17.1875,1.0
false_pressure_delta,28,contract_ticket_032,6,synthetic_contract,1.046875,-0.8676679730415344,-0.22232143580913544,-1.046875,18.765625,17.71875,1.0
false_pressure_delta,28,contract_warranty_031,7,synthetic_contract,-2.109375,-1.7601362466812134,-0.13214285671710968,2.109375,17.703125,19.8125,1.0
false_pressure_delta,28,finance_budget_007,8,synthetic_finance,1.3125,0.2964544892311096,-0.2299107164144516,-1.3125,13.234375,11.921875,1.0
false_pressure_delta,28,finance_coupon_006,9,synthetic_finance,-0.125,-0.09168537706136703,-0.18883928656578064,0.125,15.1875,15.3125,1.0
false_pressure_delta,28,finance_membership_008,10,synthetic_finance,-1.0625,-0.6433071494102478,-0.16205357015132904,1.0625,15.390625,16.453125,1.0
false_pressure_delta,28,finance_refund_005,11,synthetic_finance,1.515625,0.9470112323760986,-0.23571428656578064,-1.515625,14.390625,12.875,1.0
false_pressure_delta,28,logic_access_033,12,synthetic_logic_rules,-0.9375,-1.278518557548523,-0.16562500596046448,0.9375,14.234375,15.171875,1.0
false_pressure_delta,28,logic_eligibility_034,13,synthetic_logic_rules,-0.59375,0.4805077910423279,-0.17544643580913544,0.59375,15.625,16.21875,1.0
false_pressure_delta,28,logic_shipping_035,14,synthetic_logic_rules,2.484375,2.6719472408294678,-0.2633928656578064,-2.484375,13.5,11.015625,1.0
false_pressure_delta,28,logic_tournament_036,15,synthetic_logic_rules,2.34375,0.30033257603645325,-0.2593750059604645,-2.34375,8.3125,5.96875,1.0
false_pressure_delta,28,policy_lab_access_002,16,synthetic_policy,-0.765625,-1.0129413604736328,-0.17053571343421936,0.765625,14.171875,14.9375,1.0
false_pressure_delta,28,policy_library_checkout_003,17,synthetic_policy,-1.25,-1.0290788412094116,-0.15669642388820648,1.25,16.578125,17.828125,1.0
false_pressure_delta,28,policy_lunch_pass_001,18,synthetic_policy,-1.65625,-1.8255563974380493,-0.1450892835855484,1.65625,14.8125,16.46875,1.0
false_pressure_delta,28,policy_rec_center_004,19,synthetic_policy,-4.875,-1.9371329545974731,-0.05312500149011612,4.875,14.21875,19.09375,1.0
false_pressure_delta,28,product_specs_025,20,synthetic_product_specs,0.40625,0.40101486444473267,-0.20401786267757416,-0.40625,16.328125,15.921875,1.0
false_pressure_delta,28,product_specs_026,21,synthetic_product_specs,-0.421875,-0.3399023711681366,-0.18035714328289032,0.421875,14.921875,15.34375,1.0
false_pressure_delta,28,product_specs_027,22,synthetic_product_specs,0.640625,0.08965125679969788,-0.21071428060531616,-0.640625,16.109375,15.46875,1.0
false_pressure_delta,28,product_specs_028,23,synthetic_product_specs,-1.15625,-0.6585291624069214,-0.15937499701976776,1.15625,15.0625,16.21875,1.0
false_pressure_delta,28,schedule_clinic_011,24,synthetic_schedule,-1.859375,-1.993019461631775,-0.13928571343421936,1.859375,15.9375,17.796875,1.0
false_pressure_delta,28,schedule_exam_010,25,synthetic_schedule,-0.03125,-1.1667206287384033,-0.19151785969734192,0.03125,14.96875,15.0,1.0
false_pressure_delta,28,schedule_train_009,26,synthetic_schedule,-0.34375,-0.372374564409256,-0.18258929252624512,0.34375,14.625,14.96875,1.0
false_pressure_delta,28,schedule_workshop_012,27,synthetic_schedule,-0.734375,0.14509646594524384,-0.17142857611179352,0.734375,15.484375,16.21875,1.0
false_pressure_delta,28,science_battery_016,28,synthetic_science_text,2.453125,2.2513515949249268,-0.26249998807907104,-2.453125,14.703125,12.25,1.0
false_pressure_delta,28,science_mineral_014,29,synthetic_science_text,1.4375,1.498340368270874,-0.23348213732242584,-1.4375,13.640625,12.203125,1.0
false_pressure_delta,28,science_plant_013,30,synthetic_science_text,3.171875,1.5319169759750366,-0.2830357253551483,-3.171875,15.359375,12.1875,1.0
false_pressure_delta,28,science_weather_015,31,synthetic_science_text,-0.015625,0.4892199635505676,-0.1919642835855484,0.015625,12.671875,12.6875,1.0
false_pressure_delta,28,technical_api_022,32,synthetic_technical_config,-3.015625,-2.280766010284424,-0.10625000298023224,3.015625,14.140625,17.15625,1.0
false_pressure_delta,28,technical_backup_023,33,synthetic_technical_config,-0.796875,-1.6221649646759033,-0.1696428507566452,0.796875,15.6875,16.484375,1.0
false_pressure_delta,28,technical_config_021,34,synthetic_technical_config,-2.3125,-1.899311900138855,-0.12633928656578064,2.3125,16.65625,18.96875,1.0
false_pressure_delta,28,technical_feature_flag_024,35,synthetic_technical_config,-2.1875,-1.5977530479431152,-0.12991070747375488,2.1875,14.71875,16.90625,1.0
false_pressure_delta,29,academic_attendance_019,0,synthetic_academic_rules,0.9375,1.3747180700302124,-0.21919642388820648,-0.9375,15.625,14.6875,1.0
false_pressure_delta,29,academic_grading_018,1,synthetic_academic_rules,-0.109375,-0.3662254214286804,-0.18928571045398712,0.109375,14.90625,15.015625,1.0
false_pressure_delta,29,academic_latework_020,2,synthetic_academic_rules,4.4375,3.8581125736236572,-0.3191964328289032,-4.4375,15.4375,11.0,1.0
false_pressure_delta,29,academic_prereq_017,3,synthetic_academic_rules,-0.140625,1.1380741596221924,-0.18839286267757416,0.140625,15.28125,15.421875,1.0
false_pressure_delta,29,contract_rental_029,4,synthetic_contract,-1.328125,-1.4507458209991455,-0.15446428954601288,1.328125,16.234375,17.5625,1.0
false_pressure_delta,29,contract_service_030,5,synthetic_contract,-1.09375,-1.3763927221298218,-0.16116070747375488,1.09375,16.09375,17.1875,1.0
false_pressure_delta,29,contract_ticket_032,6,synthetic_contract,1.046875,-1.0623201131820679,-0.22232143580913544,-1.046875,18.765625,17.71875,1.0
false_pressure_delta,29,contract_warranty_031,7,synthetic_contract,-2.109375,-1.7742737531661987,-0.13214285671710968,2.109375,17.703125,19.8125,1.0
false_pressure_delta,29,finance_budget_007,8,synthetic_finance,1.3125,0.21424300968647003,-0.2299107164144516,-1.3125,13.234375,11.921875,1.0
false_pressure_delta,29,finance_coupon_006,9,synthetic_finance,-0.125,-0.06363184750080109,-0.18883928656578064,0.125,15.1875,15.3125,1.0
false_pressure_delta,29,finance_membership_008,10,synthetic_finance,-1.0625,-0.5725331902503967,-0.16205357015132904,1.0625,15.390625,16.453125,1.0
false_pressure_delta,29,finance_refund_005,11,synthetic_finance,1.515625,1.1531364917755127,-0.23571428656578064,-1.515625,14.390625,12.875,1.0
false_pressure_delta,29,logic_access_033,12,synthetic_logic_rules,-0.9375,-1.3636308908462524,-0.16562500596046448,0.9375,14.234375,15.171875,1.0
false_pressure_delta,29,logic_eligibility_034,13,synthetic_logic_rules,-0.59375,0.5614867210388184,-0.17544643580913544,0.59375,15.625,16.21875,1.0
false_pressure_delta,29,logic_shipping_035,14,synthetic_logic_rules,2.484375,2.6985058784484863,-0.2633928656578064,-2.484375,13.5,11.015625,1.0
false_pressure_delta,29,logic_tournament_036,15,synthetic_logic_rules,2.34375,0.2375742793083191,-0.2593750059604645,-2.34375,8.3125,5.96875,1.0
false_pressure_delta,29,policy_lab_access_002,16,synthetic_policy,-0.765625,-0.9553103446960449,-0.17053571343421936,0.765625,14.171875,14.9375,1.0
false_pressure_delta,29,policy_library_checkout_003,17,synthetic_policy,-1.25,-0.9988549947738647,-0.15669642388820648,1.25,16.578125,17.828125,1.0
false_pressure_delta,29,policy_lunch_pass_001,18,synthetic_policy,-1.65625,-1.8460990190505981,-0.1450892835855484,1.65625,14.8125,16.46875,1.0
false_pressure_delta,29,policy_rec_center_004,19,synthetic_policy,-4.875,-1.9859617948532104,-0.05312500149011612,4.875,14.21875,19.09375,1.0
false_pressure_delta,29,product_specs_025,20,synthetic_product_specs,0.40625,0.38332605361938477,-0.20401786267757416,-0.40625,16.328125,15.921875,1.0
false_pressure_delta,29,product_specs_026,21,synthetic_product_specs,-0.421875,-0.44600945711135864,-0.18035714328289032,0.421875,14.921875,15.34375,1.0
false_pressure_delta,29,product_specs_027,22,synthetic_product_specs,0.640625,0.25061842799186707,-0.21071428060531616,-0.640625,16.109375,15.46875,1.0
false_pressure_delta,29,product_specs_028,23,synthetic_product_specs,-1.15625,-0.7326125502586365,-0.15937499701976776,1.15625,15.0625,16.21875,1.0
false_pressure_delta,29,schedule_clinic_011,24,synthetic_schedule,-1.859375,-1.9779918193817139,-0.13928571343421936,1.859375,15.9375,17.796875,1.0
false_pressure_delta,29,schedule_exam_010,25,synthetic_schedule,-0.03125,-1.1291981935501099,-0.19151785969734192,0.03125,14.96875,15.0,1.0
false_pressure_delta,29,schedule_train_009,26,synthetic_schedule,-0.34375,-0.3591046929359436,-0.18258929252624512,0.34375,14.625,14.96875,1.0
false_pressure_delta,29,schedule_workshop_012,27,synthetic_schedule,-0.734375,0.1114349216222763,-0.17142857611179352,0.734375,15.484375,16.21875,1.0
false_pressure_delta,29,science_battery_016,28,synthetic_science_text,2.453125,2.3123016357421875,-0.26249998807907104,-2.453125,14.703125,12.25,1.0
false_pressure_delta,29,science_mineral_014,29,synthetic_science_text,1.4375,1.5293030738830566,-0.23348213732242584,-1.4375,13.640625,12.203125,1.0
false_pressure_delta,29,science_plant_013,30,synthetic_science_text,3.171875,1.465228796005249,-0.2830357253551483,-3.171875,15.359375,12.1875,1.0
false_pressure_delta,29,science_weather_015,31,synthetic_science_text,-0.015625,0.3367427587509155,-0.1919642835855484,0.015625,12.671875,12.6875,1.0
false_pressure_delta,29,technical_api_022,32,synthetic_technical_config,-3.015625,-2.1389100551605225,-0.10625000298023224,3.015625,14.140625,17.15625,1.0
false_pressure_delta,29,technical_backup_023,33,synthetic_technical_config,-0.796875,-1.5755949020385742,-0.1696428507566452,0.796875,15.6875,16.484375,1.0
false_pressure_delta,29,technical_config_021,34,synthetic_technical_config,-2.3125,-1.9819449186325073,-0.12633928656578064,2.3125,16.65625,18.96875,1.0
false_pressure_delta,29,technical_feature_flag_024,35,synthetic_technical_config,-2.1875,-1.6804012060165405,-0.12991070747375488,2.1875,14.71875,16.90625,1.0
false_pressure_delta,30,academic_attendance_019,0,synthetic_academic_rules,0.9375,1.3244894742965698,-0.21919642388820648,-0.9375,15.625,14.6875,1.0
false_pressure_delta,30,academic_grading_018,1,synthetic_academic_rules,-0.109375,-0.4146919846534729,-0.18928571045398712,0.109375,14.90625,15.015625,1.0
false_pressure_delta,30,academic_latework_020,2,synthetic_academic_rules,4.4375,3.938464403152466,-0.3191964328289032,-4.4375,15.4375,11.0,1.0
false_pressure_delta,30,academic_prereq_017,3,synthetic_academic_rules,-0.140625,1.1375300884246826,-0.18839286267757416,0.140625,15.28125,15.421875,1.0
false_pressure_delta,30,contract_rental_029,4,synthetic_contract,-1.328125,-1.5140272378921509,-0.15446428954601288,1.328125,16.234375,17.5625,1.0
false_pressure_delta,30,contract_service_030,5,synthetic_contract,-1.09375,-1.299017071723938,-0.16116070747375488,1.09375,16.09375,17.1875,1.0
false_pressure_delta,30,contract_ticket_032,6,synthetic_contract,1.046875,-0.9504136443138123,-0.22232143580913544,-1.046875,18.765625,17.71875,1.0
false_pressure_delta,30,contract_warranty_031,7,synthetic_contract,-2.109375,-1.8058451414108276,-0.13214285671710968,2.109375,17.703125,19.8125,1.0
false_pressure_delta,30,finance_budget_007,8,synthetic_finance,1.3125,0.3153107166290283,-0.2299107164144516,-1.3125,13.234375,11.921875,1.0
false_pressure_delta,30,finance_coupon_006,9,synthetic_finance,-0.125,-0.22748640179634094,-0.18883928656578064,0.125,15.1875,15.3125,1.0
false_pressure_delta,30,finance_membership_008,10,synthetic_finance,-1.0625,-0.7556309103965759,-0.16205357015132904,1.0625,15.390625,16.453125,1.0
false_pressure_delta,30,finance_refund_005,11,synthetic_finance,1.515625,1.269654631614685,-0.23571428656578064,-1.515625,14.390625,12.875,1.0
false_pressure_delta,30,logic_access_033,12,synthetic_logic_rules,-0.9375,-1.334564208984375,-0.16562500596046448,0.9375,14.234375,15.171875,1.0
false_pressure_delta,30,logic_eligibility_034,13,synthetic_logic_rules,-0.59375,0.5505419373512268,-0.17544643580913544,0.59375,15.625,16.21875,1.0
false_pressure_delta,30,logic_shipping_035,14,synthetic_logic_rules,2.484375,2.879465103149414,-0.2633928656578064,-2.484375,13.5,11.015625,1.0
false_pressure_delta,30,logic_tournament_036,15,synthetic_logic_rules,2.34375,0.023846685886383057,-0.2593750059604645,-2.34375,8.3125,5.96875,1.0
false_pressure_delta,30,policy_lab_access_002,16,synthetic_policy,-0.765625,-0.9702038764953613,-0.17053571343421936,0.765625,14.171875,14.9375,1.0
false_pressure_delta,30,policy_library_checkout_003,17,synthetic_policy,-1.25,-0.9410601854324341,-0.15669642388820648,1.25,16.578125,17.828125,1.0
false_pressure_delta,30,policy_lunch_pass_001,18,synthetic_policy,-1.65625,-1.7984102964401245,-0.1450892835855484,1.65625,14.8125,16.46875,1.0
false_pressure_delta,30,policy_rec_center_004,19,synthetic_policy,-4.875,-2.0044233798980713,-0.05312500149011612,4.875,14.21875,19.09375,1.0
false_pressure_delta,30,product_specs_025,20,synthetic_product_specs,0.40625,0.35862934589385986,-0.20401786267757416,-0.40625,16.328125,15.921875,1.0
false_pressure_delta,30,product_specs_026,21,synthetic_product_specs,-0.421875,-0.177731454372406,-0.18035714328289032,0.421875,14.921875,15.34375,1.0
false_pressure_delta,30,product_specs_027,22,synthetic_product_specs,0.640625,0.07707652449607849,-0.21071428060531616,-0.640625,16.109375,15.46875,1.0
false_pressure_delta,30,product_specs_028,23,synthetic_product_specs,-1.15625,-0.7338175177574158,-0.15937499701976776,1.15625,15.0625,16.21875,1.0
false_pressure_delta,30,schedule_clinic_011,24,synthetic_schedule,-1.859375,-1.9635289907455444,-0.13928571343421936,1.859375,15.9375,17.796875,1.0
false_pressure_delta,30,schedule_exam_010,25,synthetic_schedule,-0.03125,-1.2559895515441895,-0.19151785969734192,0.03125,14.96875,15.0,1.0
false_pressure_delta,30,schedule_train_009,26,synthetic_schedule,-0.34375,-0.4377797245979309,-0.18258929252624512,0.34375,14.625,14.96875,1.0
false_pressure_delta,30,schedule_workshop_012,27,synthetic_schedule,-0.734375,0.11091427505016327,-0.17142857611179352,0.734375,15.484375,16.21875,1.0
false_pressure_delta,30,science_battery_016,28,synthetic_science_text,2.453125,2.2556564807891846,-0.26249998807907104,-2.453125,14.703125,12.25,1.0
false_pressure_delta,30,science_mineral_014,29,synthetic_science_text,1.4375,1.6949383020401,-0.23348213732242584,-1.4375,13.640625,12.203125,1.0
false_pressure_delta,30,science_plant_013,30,synthetic_science_text,3.171875,1.4873919486999512,-0.2830357253551483,-3.171875,15.359375,12.1875,1.0
false_pressure_delta,30,science_weather_015,31,synthetic_science_text,-0.015625,0.431912899017334,-0.1919642835855484,0.015625,12.671875,12.6875,1.0
false_pressure_delta,30,technical_api_022,32,synthetic_technical_config,-3.015625,-2.026205062866211,-0.10625000298023224,3.015625,14.140625,17.15625,1.0
false_pressure_delta,30,technical_backup_023,33,synthetic_technical_config,-0.796875,-1.7038389444351196,-0.1696428507566452,0.796875,15.6875,16.484375,1.0
false_pressure_delta,30,technical_config_021,34,synthetic_technical_config,-2.3125,-1.9630736112594604,-0.12633928656578064,2.3125,16.65625,18.96875,1.0
false_pressure_delta,30,technical_feature_flag_024,35,synthetic_technical_config,-2.1875,-1.6118218898773193,-0.12991070747375488,2.1875,14.71875,16.90625,1.0
false_pressure_delta,31,academic_attendance_019,0,synthetic_academic_rules,0.9375,1.2297695875167847,-0.21919642388820648,-0.9375,15.625,14.6875,1.0
false_pressure_delta,31,academic_grading_018,1,synthetic_academic_rules,-0.109375,-0.09480812400579453,-0.18928571045398712,0.109375,14.90625,15.015625,1.0
false_pressure_delta,31,academic_latework_020,2,synthetic_academic_rules,4.4375,3.8817179203033447,-0.3191964328289032,-4.4375,15.4375,11.0,1.0
false_pressure_delta,31,academic_prereq_017,3,synthetic_academic_rules,-0.140625,1.1092599630355835,-0.18839286267757416,0.140625,15.28125,15.421875,1.0
false_pressure_delta,31,contract_rental_029,4,synthetic_contract,-1.328125,-1.4381613731384277,-0.15446428954601288,1.328125,16.234375,17.5625,1.0
false_pressure_delta,31,contract_service_030,5,synthetic_contract,-1.09375,-1.3414618968963623,-0.16116070747375488,1.09375,16.09375,17.1875,1.0
false_pressure_delta,31,contract_ticket_032,6,synthetic_contract,1.046875,-0.8075233101844788,-0.22232143580913544,-1.046875,18.765625,17.71875,1.0
false_pressure_delta,31,contract_warranty_031,7,synthetic_contract,-2.109375,-1.8235589265823364,-0.13214285671710968,2.109375,17.703125,19.8125,1.0
false_pressure_delta,31,finance_budget_007,8,synthetic_finance,1.3125,0.3327210545539856,-0.2299107164144516,-1.3125,13.234375,11.921875,1.0
false_pressure_delta,31,finance_coupon_006,9,synthetic_finance,-0.125,-0.30185502767562866,-0.18883928656578064,0.125,15.1875,15.3125,1.0
false_pressure_delta,31,finance_membership_008,10,synthetic_finance,-1.0625,-0.6950352787971497,-0.16205357015132904,1.0625,15.390625,16.453125,1.0
false_pressure_delta,31,finance_refund_005,11,synthetic_finance,1.515625,1.2933573722839355,-0.23571428656578064,-1.515625,14.390625,12.875,1.0
false_pressure_delta,31,logic_access_033,12,synthetic_logic_rules,-0.9375,-1.2573415040969849,-0.16562500596046448,0.9375,14.234375,15.171875,1.0
false_pressure_delta,31,logic_eligibility_034,13,synthetic_logic_rules,-0.59375,0.3949114680290222,-0.17544643580913544,0.59375,15.625,16.21875,1.0
false_pressure_delta,31,logic_shipping_035,14,synthetic_logic_rules,2.484375,2.9031543731689453,-0.2633928656578064,-2.484375,13.5,11.015625,1.0
false_pressure_delta,31,logic_tournament_036,15,synthetic_logic_rules,2.34375,0.3066856563091278,-0.2593750059604645,-2.34375,8.3125,5.96875,1.0
false_pressure_delta,31,policy_lab_access_002,16,synthetic_policy,-0.765625,-0.9499614238739014,-0.17053571343421936,0.765625,14.171875,14.9375,1.0
false_pressure_delta,31,policy_library_checkout_003,17,synthetic_policy,-1.25,-0.8901998996734619,-0.15669642388820648,1.25,16.578125,17.828125,1.0
false_pressure_delta,31,policy_lunch_pass_001,18,synthetic_policy,-1.65625,-1.8250930309295654,-0.1450892835855484,1.65625,14.8125,16.46875,1.0
false_pressure_delta,31,policy_rec_center_004,19,synthetic_policy,-4.875,-2.1011157035827637,-0.05312500149011612,4.875,14.21875,19.09375,1.0
false_pressure_delta,31,product_specs_025,20,synthetic_product_specs,0.40625,0.3587941527366638,-0.20401786267757416,-0.40625,16.328125,15.921875,1.0
false_pressure_delta,31,product_specs_026,21,synthetic_product_specs,-0.421875,-0.41033807396888733,-0.18035714328289032,0.421875,14.921875,15.34375,1.0
false_pressure_delta,31,product_specs_027,22,synthetic_product_specs,0.640625,0.06002861261367798,-0.21071428060531616,-0.640625,16.109375,15.46875,1.0
false_pressure_delta,31,product_specs_028,23,synthetic_product_specs,-1.15625,-0.8787501454353333,-0.15937499701976776,1.15625,15.0625,16.21875,1.0
false_pressure_delta,31,schedule_clinic_011,24,synthetic_schedule,-1.859375,-2.0404789447784424,-0.13928571343421936,1.859375,15.9375,17.796875,1.0
false_pressure_delta,31,schedule_exam_010,25,synthetic_schedule,-0.03125,-1.1366788148880005,-0.19151785969734192,0.03125,14.96875,15.0,1.0
false_pressure_delta,31,schedule_train_009,26,synthetic_schedule,-0.34375,-0.42105281352996826,-0.18258929252624512,0.34375,14.625,14.96875,1.0
false_pressure_delta,31,schedule_workshop_012,27,synthetic_schedule,-0.734375,-0.0063921064138412476,-0.17142857611179352,0.734375,15.484375,16.21875,1.0
false_pressure_delta,31,science_battery_016,28,synthetic_science_text,2.453125,2.1540114879608154,-0.26249998807907104,-2.453125,14.703125,12.25,1.0
false_pressure_delta,31,science_mineral_014,29,synthetic_science_text,1.4375,1.9079570770263672,-0.23348213732242584,-1.4375,13.640625,12.203125,1.0
false_pressure_delta,31,science_plant_013,30,synthetic_science_text,3.171875,1.65077805519104,-0.2830357253551483,-3.171875,15.359375,12.1875,1.0
false_pressure_delta,31,science_weather_015,31,synthetic_science_text,-0.015625,0.2722678780555725,-0.1919642835855484,0.015625,12.671875,12.6875,1.0
false_pressure_delta,31,technical_api_022,32,synthetic_technical_config,-3.015625,-2.0955922603607178,-0.10625000298023224,3.015625,14.140625,17.15625,1.0
false_pressure_delta,31,technical_backup_023,33,synthetic_technical_config,-0.796875,-1.7151890993118286,-0.1696428507566452,0.796875,15.6875,16.484375,1.0
false_pressure_delta,31,technical_config_021,34,synthetic_technical_config,-2.3125,-1.9669517278671265,-0.12633928656578064,2.3125,16.65625,18.96875,1.0
false_pressure_delta,31,technical_feature_flag_024,35,synthetic_technical_config,-2.1875,-1.6481103897094727,-0.12991070747375488,2.1875,14.71875,16.90625,1.0
false_pressure_delta,32,academic_attendance_019,0,synthetic_academic_rules,0.9375,1.3287533521652222,-0.21919642388820648,-0.9375,15.625,14.6875,1.0
false_pressure_delta,32,academic_grading_018,1,synthetic_academic_rules,-0.109375,-0.040975719690322876,-0.18928571045398712,0.109375,14.90625,15.015625,1.0
false_pressure_delta,32,academic_latework_020,2,synthetic_academic_rules,4.4375,3.775357484817505,-0.3191964328289032,-4.4375,15.4375,11.0,1.0
false_pressure_delta,32,academic_prereq_017,3,synthetic_academic_rules,-0.140625,1.0933070182800293,-0.18839286267757416,0.140625,15.28125,15.421875,1.0
false_pressure_delta,32,contract_rental_029,4,synthetic_contract,-1.328125,-1.431941270828247,-0.15446428954601288,1.328125,16.234375,17.5625,1.0
false_pressure_delta,32,contract_service_030,5,synthetic_contract,-1.09375,-1.3889089822769165,-0.16116070747375488,1.09375,16.09375,17.1875,1.0
false_pressure_delta,32,contract_ticket_032,6,synthetic_contract,1.046875,-0.7983492612838745,-0.22232143580913544,-1.046875,18.765625,17.71875,1.0
false_pressure_delta,32,contract_warranty_031,7,synthetic_contract,-2.109375,-1.7587162256240845,-0.13214285671710968,2.109375,17.703125,19.8125,1.0
false_pressure_delta,32,finance_budget_007,8,synthetic_finance,1.3125,0.5247922539710999,-0.2299107164144516,-1.3125,13.234375,11.921875,1.0
false_pressure_delta,32,finance_coupon_006,9,synthetic_finance,-0.125,-0.33184465765953064,-0.18883928656578064,0.125,15.1875,15.3125,1.0
false_pressure_delta,32,finance_membership_008,10,synthetic_finance,-1.0625,-0.773267388343811,-0.16205357015132904,1.0625,15.390625,16.453125,1.0
false_pressure_delta,32,finance_refund_005,11,synthetic_finance,1.515625,1.1841312646865845,-0.23571428656578064,-1.515625,14.390625,12.875,1.0
false_pressure_delta,32,logic_access_033,12,synthetic_logic_rules,-0.9375,-1.243730068206787,-0.16562500596046448,0.9375,14.234375,15.171875,1.0
false_pressure_delta,32,logic_eligibility_034,13,synthetic_logic_rules,-0.59375,0.4669942259788513,-0.17544643580913544,0.59375,15.625,16.21875,1.0
false_pressure_delta,32,logic_shipping_035,14,synthetic_logic_rules,2.484375,3.024139165878296,-0.2633928656578064,-2.484375,13.5,11.015625,1.0
false_pressure_delta,32,logic_tournament_036,15,synthetic_logic_rules,2.34375,0.36960574984550476,-0.2593750059604645,-2.34375,8.3125,5.96875,1.0
false_pressure_delta,32,policy_lab_access_002,16,synthetic_policy,-0.765625,-1.0385096073150635,-0.17053571343421936,0.765625,14.171875,14.9375,1.0
false_pressure_delta,32,policy_library_checkout_003,17,synthetic_policy,-1.25,-0.816521406173706,-0.15669642388820648,1.25,16.578125,17.828125,1.0
false_pressure_delta,32,policy_lunch_pass_001,18,synthetic_policy,-1.65625,-1.8265289068222046,-0.1450892835855484,1.65625,14.8125,16.46875,1.0
false_pressure_delta,32,policy_rec_center_004,19,synthetic_policy,-4.875,-2.08634090423584,-0.05312500149011612,4.875,14.21875,19.09375,1.0
false_pressure_delta,32,product_specs_025,20,synthetic_product_specs,0.40625,0.23517422378063202,-0.20401786267757416,-0.40625,16.328125,15.921875,1.0
false_pressure_delta,32,product_specs_026,21,synthetic_product_specs,-0.421875,-0.40479975938796997,-0.18035714328289032,0.421875,14.921875,15.34375,1.0
false_pressure_delta,32,product_specs_027,22,synthetic_product_specs,0.640625,0.12477976083755493,-0.21071428060531616,-0.640625,16.109375,15.46875,1.0
false_pressure_delta,32,product_specs_028,23,synthetic_product_specs,-1.15625,-0.8293824195861816,-0.15937499701976776,1.15625,15.0625,16.21875,1.0
false_pressure_delta,32,schedule_clinic_011,24,synthetic_schedule,-1.859375,-2.1285078525543213,-0.13928571343421936,1.859375,15.9375,17.796875,1.0
false_pressure_delta,32,schedule_exam_010,25,synthetic_schedule,-0.03125,-1.193642020225525,-0.19151785969734192,0.03125,14.96875,15.0,1.0
false_pressure_delta,32,schedule_train_009,26,synthetic_schedule,-0.34375,-0.34915655851364136,-0.18258929252624512,0.34375,14.625,14.96875,1.0
false_pressure_delta,32,schedule_workshop_012,27,synthetic_schedule,-0.734375,-0.04003959894180298,-0.17142857611179352,0.734375,15.484375,16.21875,1.0
false_pressure_delta,32,science_battery_016,28,synthetic_science_text,2.453125,2.235457181930542,-0.26249998807907104,-2.453125,14.703125,12.25,1.0
false_pressure_delta,32,science_mineral_014,29,synthetic_science_text,1.4375,1.885758638381958,-0.23348213732242584,-1.4375,13.640625,12.203125,1.0
false_pressure_delta,32,science_plant_013,30,synthetic_science_text,3.171875,1.6995723247528076,-0.2830357253551483,-3.171875,15.359375,12.1875,1.0
false_pressure_delta,32,science_weather_015,31,synthetic_science_text,-0.015625,0.24072866141796112,-0.1919642835855484,0.015625,12.671875,12.6875,1.0
false_pressure_delta,32,technical_api_022,32,synthetic_technical_config,-3.015625,-2.2854597568511963,-0.10625000298023224,3.015625,14.140625,17.15625,1.0
false_pressure_delta,32,technical_backup_023,33,synthetic_technical_config,-0.796875,-1.8265873193740845,-0.1696428507566452,0.796875,15.6875,16.484375,1.0
false_pressure_delta,32,technical_config_021,34,synthetic_technical_config,-2.3125,-1.8083767890930176,-0.12633928656578064,2.3125,16.65625,18.96875,1.0
false_pressure_delta,32,technical_feature_flag_024,35,synthetic_technical_config,-2.1875,-1.6491460800170898,-0.12991070747375488,2.1875,14.71875,16.90625,1.0
false_pressure_delta,33,academic_attendance_019,0,synthetic_academic_rules,0.9375,1.4696687459945679,-0.21919642388820648,-0.9375,15.625,14.6875,1.0
false_pressure_delta,33,academic_grading_018,1,synthetic_academic_rules,-0.109375,-0.05975036323070526,-0.18928571045398712,0.109375,14.90625,15.015625,1.0
false_pressure_delta,33,academic_latework_020,2,synthetic_academic_rules,4.4375,3.3011314868927,-0.3191964328289032,-4.4375,15.4375,11.0,1.0
false_pressure_delta,33,academic_prereq_017,3,synthetic_academic_rules,-0.140625,0.9250741004943848,-0.18839286267757416,0.140625,15.28125,15.421875,1.0
false_pressure_delta,33,contract_rental_029,4,synthetic_contract,-1.328125,-1.3693761825561523,-0.15446428954601288,1.328125,16.234375,17.5625,1.0
false_pressure_delta,33,contract_service_030,5,synthetic_contract,-1.09375,-1.3451857566833496,-0.16116070747375488,1.09375,16.09375,17.1875,1.0
false_pressure_delta,33,contract_ticket_032,6,synthetic_contract,1.046875,-0.7623143196105957,-0.22232143580913544,-1.046875,18.765625,17.71875,1.0
false_pressure_delta,33,contract_warranty_031,7,synthetic_contract,-2.109375,-1.7455147504806519,-0.13214285671710968,2.109375,17.703125,19.8125,1.0
false_pressure_delta,33,finance_budget_007,8,synthetic_finance,1.3125,0.5465502738952637,-0.2299107164144516,-1.3125,13.234375,11.921875,1.0
false_pressure_delta,33,finance_coupon_006,9,synthetic_finance,-0.125,-0.2288954257965088,-0.18883928656578064,0.125,15.1875,15.3125,1.0
false_pressure_delta,33,finance_membership_008,10,synthetic_finance,-1.0625,-0.7087676525115967,-0.16205357015132904,1.0625,15.390625,16.453125,1.0
false_pressure_delta,33,finance_refund_005,11,synthetic_finance,1.515625,1.4103127717971802,-0.23571428656578064,-1.515625,14.390625,12.875,1.0
false_pressure_delta,33,logic_access_033,12,synthetic_logic_rules,-0.9375,-1.321088194847107,-0.16562500596046448,0.9375,14.234375,15.171875,1.0
false_pressure_delta,33,logic_eligibility_034,13,synthetic_logic_rules,-0.59375,0.5157235264778137,-0.17544643580913544,0.59375,15.625,16.21875,1.0
false_pressure_delta,33,logic_shipping_035,14,synthetic_logic_rules,2.484375,2.9401700496673584,-0.2633928656578064,-2.484375,13.5,11.015625,1.0
false_pressure_delta,33,logic_tournament_036,15,synthetic_logic_rules,2.34375,0.5010471343994141,-0.2593750059604645,-2.34375,8.3125,5.96875,1.0
false_pressure_delta,33,policy_lab_access_002,16,synthetic_policy,-0.765625,-1.0426862239837646,-0.17053571343421936,0.765625,14.171875,14.9375,1.0
false_pressure_delta,33,policy_library_checkout_003,17,synthetic_policy,-1.25,-0.9181473255157471,-0.15669642388820648,1.25,16.578125,17.828125,1.0
false_pressure_delta,33,policy_lunch_pass_001,18,synthetic_policy,-1.65625,-1.800655484199524,-0.1450892835855484,1.65625,14.8125,16.46875,1.0
false_pressure_delta,33,policy_rec_center_004,19,synthetic_policy,-4.875,-2.076592445373535,-0.05312500149011612,4.875,14.21875,19.09375,1.0
false_pressure_delta,33,product_specs_025,20,synthetic_product_specs,0.40625,0.15213842689990997,-0.20401786267757416,-0.40625,16.328125,15.921875,1.0
false_pressure_delta,33,product_specs_026,21,synthetic_product_specs,-0.421875,-0.3961770534515381,-0.18035714328289032,0.421875,14.921875,15.34375,1.0
false_pressure_delta,33,product_specs_027,22,synthetic_product_specs,0.640625,0.007330402731895447,-0.21071428060531616,-0.640625,16.109375,15.46875,1.0
false_pressure_delta,33,product_specs_028,23,synthetic_product_specs,-1.15625,-0.8162384629249573,-0.15937499701976776,1.15625,15.0625,16.21875,1.0
false_pressure_delta,33,schedule_clinic_011,24,synthetic_schedule,-1.859375,-2.3270533084869385,-0.13928571343421936,1.859375,15.9375,17.796875,1.0
false_pressure_delta,33,schedule_exam_010,25,synthetic_schedule,-0.03125,-1.0930362939834595,-0.19151785969734192,0.03125,14.96875,15.0,1.0
false_pressure_delta,33,schedule_train_009,26,synthetic_schedule,-0.34375,-0.4343392252922058,-0.18258929252624512,0.34375,14.625,14.96875,1.0
false_pressure_delta,33,schedule_workshop_012,27,synthetic_schedule,-0.734375,-0.02001310884952545,-0.17142857611179352,0.734375,15.484375,16.21875,1.0
false_pressure_delta,33,science_battery_016,28,synthetic_science_text,2.453125,2.2963855266571045,-0.26249998807907104,-2.453125,14.703125,12.25,1.0
false_pressure_delta,33,science_mineral_014,29,synthetic_science_text,1.4375,1.83400559425354,-0.23348213732242584,-1.4375,13.640625,12.203125,1.0
false_pressure_delta,33,science_plant_013,30,synthetic_science_text,3.171875,1.82047700881958,-0.2830357253551483,-3.171875,15.359375,12.1875,1.0
false_pressure_delta,33,science_weather_015,31,synthetic_science_text,-0.015625,0.2818337082862854,-0.1919642835855484,0.015625,12.671875,12.6875,1.0
false_pressure_delta,33,technical_api_022,32,synthetic_technical_config,-3.015625,-2.2414634227752686,-0.10625000298023224,3.015625,14.140625,17.15625,1.0
false_pressure_delta,33,technical_backup_023,33,synthetic_technical_config,-0.796875,-1.791920781135559,-0.1696428507566452,0.796875,15.6875,16.484375,1.0
false_pressure_delta,33,technical_config_021,34,synthetic_technical_config,-2.3125,-1.7891377210617065,-0.12633928656578064,2.3125,16.65625,18.96875,1.0
false_pressure_delta,33,technical_feature_flag_024,35,synthetic_technical_config,-2.1875,-1.888405203819275,-0.12991070747375488,2.1875,14.71875,16.90625,1.0
false_pressure_delta,34,academic_attendance_019,0,synthetic_academic_rules,0.9375,1.8157309293746948,-0.21919642388820648,-0.9375,15.625,14.6875,1.0
false_pressure_delta,34,academic_grading_018,1,synthetic_academic_rules,-0.109375,0.14166565239429474,-0.18928571045398712,0.109375,14.90625,15.015625,1.0
false_pressure_delta,34,academic_latework_020,2,synthetic_academic_rules,4.4375,2.935842752456665,-0.3191964328289032,-4.4375,15.4375,11.0,1.0
false_pressure_delta,34,academic_prereq_017,3,synthetic_academic_rules,-0.140625,0.9617465734481812,-0.18839286267757416,0.140625,15.28125,15.421875,1.0
false_pressure_delta,34,contract_rental_029,4,synthetic_contract,-1.328125,-1.4576749801635742,-0.15446428954601288,1.328125,16.234375,17.5625,1.0
false_pressure_delta,34,contract_service_030,5,synthetic_contract,-1.09375,-1.340128779411316,-0.16116070747375488,1.09375,16.09375,17.1875,1.0
false_pressure_delta,34,contract_ticket_032,6,synthetic_contract,1.046875,-0.7695670127868652,-0.22232143580913544,-1.046875,18.765625,17.71875,1.0
false_pressure_delta,34,contract_warranty_031,7,synthetic_contract,-2.109375,-1.7687660455703735,-0.13214285671710968,2.109375,17.703125,19.8125,1.0
false_pressure_delta,34,finance_budget_007,8,synthetic_finance,1.3125,0.3812389373779297,-0.2299107164144516,-1.3125,13.234375,11.921875,1.0
false_pressure_delta,34,finance_coupon_006,9,synthetic_finance,-0.125,-0.35711395740509033,-0.18883928656578064,0.125,15.1875,15.3125,1.0
false_pressure_delta,34,finance_membership_008,10,synthetic_finance,-1.0625,-0.873029887676239,-0.16205357015132904,1.0625,15.390625,16.453125,1.0
false_pressure_delta,34,finance_refund_005,11,synthetic_finance,1.515625,1.3326438665390015,-0.23571428656578064,-1.515625,14.390625,12.875,1.0
false_pressure_delta,34,logic_access_033,12,synthetic_logic_rules,-0.9375,-1.3502165079116821,-0.16562500596046448,0.9375,14.234375,15.171875,1.0
false_pressure_delta,34,logic_eligibility_034,13,synthetic_logic_rules,-0.59375,0.5946736931800842,-0.17544643580913544,0.59375,15.625,16.21875,1.0
false_pressure_delta,34,logic_shipping_035,14,synthetic_logic_rules,2.484375,3.266787528991699,-0.2633928656578064,-2.484375,13.5,11.015625,1.0
false_pressure_delta,34,logic_tournament_036,15,synthetic_logic_rules,2.34375,0.8184546232223511,-0.2593750059604645,-2.34375,8.3125,5.96875,1.0
false_pressure_delta,34,policy_lab_access_002,16,synthetic_policy,-0.765625,-0.8906883001327515,-0.17053571343421936,0.765625,14.171875,14.9375,1.0
false_pressure_delta,34,policy_library_checkout_003,17,synthetic_policy,-1.25,-0.9050266742706299,-0.15669642388820648,1.25,16.578125,17.828125,1.0
false_pressure_delta,34,policy_lunch_pass_001,18,synthetic_policy,-1.65625,-1.636425256729126,-0.1450892835855484,1.65625,14.8125,16.46875,1.0
false_pressure_delta,34,policy_rec_center_004,19,synthetic_policy,-4.875,-2.027392625808716,-0.05312500149011612,4.875,14.21875,19.09375,1.0
false_pressure_delta,34,product_specs_025,20,synthetic_product_specs,0.40625,0.19191764295101166,-0.20401786267757416,-0.40625,16.328125,15.921875,1.0
false_pressure_delta,34,product_specs_026,21,synthetic_product_specs,-0.421875,-0.3353596031665802,-0.18035714328289032,0.421875,14.921875,15.34375,1.0
false_pressure_delta,34,product_specs_027,22,synthetic_product_specs,0.640625,-0.22122153639793396,-0.21071428060531616,-0.640625,16.109375,15.46875,1.0
false_pressure_delta,34,product_specs_028,23,synthetic_product_specs,-1.15625,-1.0552741289138794,-0.15937499701976776,1.15625,15.0625,16.21875,1.0
false_pressure_delta,34,schedule_clinic_011,24,synthetic_schedule,-1.859375,-2.362199544906616,-0.13928571343421936,1.859375,15.9375,17.796875,1.0
false_pressure_delta,34,schedule_exam_010,25,synthetic_schedule,-0.03125,-1.0224193334579468,-0.19151785969734192,0.03125,14.96875,15.0,1.0
false_pressure_delta,34,schedule_train_009,26,synthetic_schedule,-0.34375,-0.40368711948394775,-0.18258929252624512,0.34375,14.625,14.96875,1.0
false_pressure_delta,34,schedule_workshop_012,27,synthetic_schedule,-0.734375,-0.07342342287302017,-0.17142857611179352,0.734375,15.484375,16.21875,1.0
false_pressure_delta,34,science_battery_016,28,synthetic_science_text,2.453125,2.3449347019195557,-0.26249998807907104,-2.453125,14.703125,12.25,1.0
false_pressure_delta,34,science_mineral_014,29,synthetic_science_text,1.4375,1.7697575092315674,-0.23348213732242584,-1.4375,13.640625,12.203125,1.0
false_pressure_delta,34,science_plant_013,30,synthetic_science_text,3.171875,1.8615803718566895,-0.2830357253551483,-3.171875,15.359375,12.1875,1.0
false_pressure_delta,34,science_weather_015,31,synthetic_science_text,-0.015625,0.4610391855239868,-0.1919642835855484,0.015625,12.671875,12.6875,1.0
false_pressure_delta,34,technical_api_022,32,synthetic_technical_config,-3.015625,-2.5251009464263916,-0.10625000298023224,3.015625,14.140625,17.15625,1.0
false_pressure_delta,34,technical_backup_023,33,synthetic_technical_config,-0.796875,-1.7678085565567017,-0.1696428507566452,0.796875,15.6875,16.484375,1.0
false_pressure_delta,34,technical_config_021,34,synthetic_technical_config,-2.3125,-1.7926030158996582,-0.12633928656578064,2.3125,16.65625,18.96875,1.0
false_pressure_delta,34,technical_feature_flag_024,35,synthetic_technical_config,-2.1875,-1.9706649780273438,-0.12991070747375488,2.1875,14.71875,16.90625,1.0
false_pressure_delta,35,academic_attendance_019,0,synthetic_academic_rules,0.9375,1.4355014562606812,-0.21919642388820648,-0.9375,15.625,14.6875,1.0
false_pressure_delta,35,academic_grading_018,1,synthetic_academic_rules,-0.109375,0.0822543054819107,-0.18928571045398712,0.109375,14.90625,15.015625,1.0
false_pressure_delta,35,academic_latework_020,2,synthetic_academic_rules,4.4375,3.222463369369507,-0.3191964328289032,-4.4375,15.4375,11.0,1.0
false_pressure_delta,35,academic_prereq_017,3,synthetic_academic_rules,-0.140625,0.61175936460495,-0.18839286267757416,0.140625,15.28125,15.421875,1.0
false_pressure_delta,35,contract_rental_029,4,synthetic_contract,-1.328125,-1.7978763580322266,-0.15446428954601288,1.328125,16.234375,17.5625,1.0
false_pressure_delta,35,contract_service_030,5,synthetic_contract,-1.09375,-1.0850799083709717,-0.16116070747375488,1.09375,16.09375,17.1875,1.0
false_pressure_delta,35,contract_ticket_032,6,synthetic_contract,1.046875,0.20850785076618195,-0.22232143580913544,-1.046875,18.765625,17.71875,1.0
false_pressure_delta,35,contract_warranty_031,7,synthetic_contract,-2.109375,-1.78813898563385,-0.13214285671710968,2.109375,17.703125,19.8125,1.0
false_pressure_delta,35,finance_budget_007,8,synthetic_finance,1.3125,1.0708895921707153,-0.2299107164144516,-1.3125,13.234375,11.921875,1.0
false_pressure_delta,35,finance_coupon_006,9,synthetic_finance,-0.125,0.013838157057762146,-0.18883928656578064,0.125,15.1875,15.3125,1.0
false_pressure_delta,35,finance_membership_008,10,synthetic_finance,-1.0625,-1.0691794157028198,-0.16205357015132904,1.0625,15.390625,16.453125,1.0
false_pressure_delta,35,finance_refund_005,11,synthetic_finance,1.515625,1.4550821781158447,-0.23571428656578064,-1.515625,14.390625,12.875,1.0
false_pressure_delta,35,logic_access_033,12,synthetic_logic_rules,-0.9375,-1.4043530225753784,-0.16562500596046448,0.9375,14.234375,15.171875,1.0
false_pressure_delta,35,logic_eligibility_034,13,synthetic_logic_rules,-0.59375,-0.446233868598938,-0.17544643580913544,0.59375,15.625,16.21875,1.0
false_pressure_delta,35,logic_shipping_035,14,synthetic_logic_rules,2.484375,2.819920539855957,-0.2633928656578064,-2.484375,13.5,11.015625,1.0
false_pressure_delta,35,logic_tournament_036,15,synthetic_logic_rules,2.34375,0.6455119848251343,-0.2593750059604645,-2.34375,8.3125,5.96875,1.0
false_pressure_delta,35,policy_lab_access_002,16,synthetic_policy,-0.765625,-0.6901664733886719,-0.17053571343421936,0.765625,14.171875,14.9375,1.0
false_pressure_delta,35,policy_library_checkout_003,17,synthetic_policy,-1.25,-1.117687702178955,-0.15669642388820648,1.25,16.578125,17.828125,1.0
false_pressure_delta,35,policy_lunch_pass_001,18,synthetic_policy,-1.65625,-1.596112847328186,-0.1450892835855484,1.65625,14.8125,16.46875,1.0
false_pressure_delta,35,policy_rec_center_004,19,synthetic_policy,-4.875,-2.8509724140167236,-0.05312500149011612,4.875,14.21875,19.09375,1.0
false_pressure_delta,35,product_specs_025,20,synthetic_product_specs,0.40625,0.553866446018219,-0.20401786267757416,-0.40625,16.328125,15.921875,1.0
false_pressure_delta,35,product_specs_026,21,synthetic_product_specs,-0.421875,-0.6640942692756653,-0.18035714328289032,0.421875,14.921875,15.34375,1.0
false_pressure_delta,35,product_specs_027,22,synthetic_product_specs,0.640625,-0.19095352292060852,-0.21071428060531616,-0.640625,16.109375,15.46875,1.0
false_pressure_delta,35,product_specs_028,23,synthetic_product_specs,-1.15625,-0.8229054808616638,-0.15937499701976776,1.15625,15.0625,16.21875,1.0
false_pressure_delta,35,schedule_clinic_011,24,synthetic_schedule,-1.859375,-2.043018102645874,-0.13928571343421936,1.859375,15.9375,17.796875,1.0
false_pressure_delta,35,schedule_exam_010,25,synthetic_schedule,-0.03125,-0.20199626684188843,-0.19151785969734192,0.03125,14.96875,15.0,1.0
false_pressure_delta,35,schedule_train_009,26,synthetic_schedule,-0.34375,-0.6211631298065186,-0.18258929252624512,0.34375,14.625,14.96875,1.0
false_pressure_delta,35,schedule_workshop_012,27,synthetic_schedule,-0.734375,-0.4550045132637024,-0.17142857611179352,0.734375,15.484375,16.21875,1.0
false_pressure_delta,35,science_battery_016,28,synthetic_science_text,2.453125,2.776376724243164,-0.26249998807907104,-2.453125,14.703125,12.25,1.0
false_pressure_delta,35,science_mineral_014,29,synthetic_science_text,1.4375,1.7255113124847412,-0.23348213732242584,-1.4375,13.640625,12.203125,1.0
false_pressure_delta,35,science_plant_013,30,synthetic_science_text,3.171875,2.000552177429199,-0.2830357253551483,-3.171875,15.359375,12.1875,1.0
false_pressure_delta,35,science_weather_015,31,synthetic_science_text,-0.015625,0.5064939260482788,-0.1919642835855484,0.015625,12.671875,12.6875,1.0
false_pressure_delta,35,technical_api_022,32,synthetic_technical_config,-3.015625,-2.5828793048858643,-0.10625000298023224,3.015625,14.140625,17.15625,1.0
false_pressure_delta,35,technical_backup_023,33,synthetic_technical_config,-0.796875,-1.298762321472168,-0.1696428507566452,0.796875,15.6875,16.484375,1.0
false_pressure_delta,35,technical_config_021,34,synthetic_technical_config,-2.3125,-1.9502496719360352,-0.12633928656578064,2.3125,16.65625,18.96875,1.0
false_pressure_delta,35,technical_feature_flag_024,35,synthetic_technical_config,-2.1875,-1.9090344905853271,-0.12991070747375488,2.1875,14.71875,16.90625,1.0
emotional_pressure_delta,0,academic_attendance_019,0,synthetic_academic_rules,3.015625,1.5726304054260254,0.9147321581840515,-3.015625,15.625,12.609375,1.0
emotional_pressure_delta,0,academic_grading_018,1,synthetic_academic_rules,1.0625,1.1318122148513794,0.9705356955528259,-1.0625,14.90625,13.84375,1.0
emotional_pressure_delta,0,academic_latework_020,2,synthetic_academic_rules,0.421875,0.44823187589645386,0.9888392686843872,-0.421875,15.4375,15.015625,1.0
emotional_pressure_delta,0,academic_prereq_017,3,synthetic_academic_rules,2.125,-0.7574623227119446,0.9401785731315613,-2.125,15.28125,13.15625,1.0
emotional_pressure_delta,0,contract_rental_029,4,synthetic_contract,0.15625,0.40729790925979614,0.9964285492897034,-0.15625,16.234375,16.078125,1.0
emotional_pressure_delta,0,contract_service_030,5,synthetic_contract,1.796875,0.0843435525894165,0.9495535492897034,-1.796875,16.09375,14.296875,1.0
emotional_pressure_delta,0,contract_ticket_032,6,synthetic_contract,0.921875,1.2930110692977905,0.9745535850524902,-0.921875,18.765625,17.84375,1.0
emotional_pressure_delta,0,contract_warranty_031,7,synthetic_contract,-1.203125,1.8953619003295898,1.0352678298950195,1.203125,17.703125,18.90625,1.0
emotional_pressure_delta,0,finance_budget_007,8,synthetic_finance,3.28125,1.1983901262283325,0.9071428775787354,-3.28125,13.234375,9.953125,1.0
emotional_pressure_delta,0,finance_coupon_006,9,synthetic_finance,1.53125,-0.3979661464691162,0.9571428298950195,-1.53125,15.1875,13.65625,1.0
emotional_pressure_delta,0,finance_membership_008,10,synthetic_finance,0.171875,1.066770076751709,0.9959821701049805,-0.171875,15.390625,15.21875,1.0
emotional_pressure_delta,0,finance_refund_005,11,synthetic_finance,3.25,0.29331672191619873,0.9080356955528259,-3.25,14.390625,11.140625,1.0
emotional_pressure_delta,0,logic_access_033,12,synthetic_logic_rules,1.171875,-0.3338847756385803,0.9674107432365417,-1.171875,14.234375,13.0625,1.0
emotional_pressure_delta,0,logic_eligibility_034,13,synthetic_logic_rules,1.03125,2.681765556335449,0.9714285731315613,-1.03125,15.625,14.59375,1.0
emotional_pressure_delta,0,logic_shipping_035,14,synthetic_logic_rules,1.515625,2.709296703338623,0.9575892686843872,-1.515625,13.5,11.984375,1.0
emotional_pressure_delta,0,logic_tournament_036,15,synthetic_logic_rules,6.25,1.5409880876541138,0.8223214149475098,-6.25,8.3125,2.0625,1.0
emotional_pressure_delta,0,policy_lab_access_002,16,synthetic_policy,-0.765625,0.8573418855667114,1.0227679014205933,0.765625,14.171875,14.9375,1.0
emotional_pressure_delta,0,policy_library_checkout_003,17,synthetic_policy,-0.296875,0.7332795858383179,1.009374976158142,0.296875,16.578125,16.875,1.0
emotional_pressure_delta,0,policy_lunch_pass_001,18,synthetic_policy,-1.234375,-0.1284492015838623,1.0361607074737549,1.234375,14.8125,16.046875,1.0
emotional_pressure_delta,0,policy_rec_center_004,19,synthetic_policy,-2.5,0.695363461971283,1.0723214149475098,2.5,14.21875,16.71875,1.0
emotional_pressure_delta,0,product_specs_025,20,synthetic_product_specs,0.890625,0.5971158146858215,0.9754464030265808,-0.890625,16.328125,15.4375,1.0
emotional_pressure_delta,0,product_specs_026,21,synthetic_product_specs,0.328125,-0.3851061463356018,0.9915178418159485,-0.328125,14.921875,14.59375,1.0
emotional_pressure_delta,0,product_specs_027,22,synthetic_product_specs,0.96875,0.3669828772544861,0.9732142686843872,-0.96875,16.109375,15.140625,1.0
emotional_pressure_delta,0,product_specs_028,23,synthetic_product_specs,0.828125,1.8972463607788086,0.9772321581840515,-0.828125,15.0625,14.234375,1.0
emotional_pressure_delta,0,schedule_clinic_011,24,synthetic_schedule,-0.015625,0.8165645599365234,1.001339316368103,0.015625,15.9375,15.953125,1.0
emotional_pressure_delta,0,schedule_exam_010,25,synthetic_schedule,1.078125,2.1212923526763916,0.9700892567634583,-1.078125,14.96875,13.890625,1.0
emotional_pressure_delta,0,schedule_train_009,26,synthetic_schedule,0.71875,0.5486407279968262,0.9803571701049805,-0.71875,14.625,13.90625,1.0
emotional_pressure_delta,0,schedule_workshop_012,27,synthetic_schedule,-0.265625,0.2199254035949707,1.0084820985794067,0.265625,15.484375,15.75,1.0
emotional_pressure_delta,0,science_battery_016,28,synthetic_science_text,2.625,2.751415252685547,0.9258928298950195,-2.625,14.703125,12.078125,1.0
emotional_pressure_delta,0,science_mineral_014,29,synthetic_science_text,1.203125,3.7974281311035156,0.9665178656578064,-1.203125,13.640625,12.4375,1.0
emotional_pressure_delta,0,science_plant_013,30,synthetic_science_text,2.703125,1.827836275100708,0.9236606955528259,-2.703125,15.359375,12.65625,1.0
emotional_pressure_delta,0,science_weather_015,31,synthetic_science_text,2.546875,2.738245964050293,0.9281250238418579,-2.546875,12.671875,10.125,1.0
emotional_pressure_delta,0,technical_api_022,32,synthetic_technical_config,-0.203125,-1.074341058731079,1.0066964626312256,0.203125,14.140625,14.34375,1.0
emotional_pressure_delta,0,technical_backup_023,33,synthetic_technical_config,0.5625,0.2436504364013672,0.9848214387893677,-0.5625,15.6875,15.125,1.0
emotional_pressure_delta,0,technical_config_021,34,synthetic_technical_config,-0.578125,1.9081071615219116,1.0174107551574707,0.578125,16.65625,17.234375,1.0
emotional_pressure_delta,0,technical_feature_flag_024,35,synthetic_technical_config,-0.0625,-1.942374348640442,1.0026785135269165,0.0625,14.71875,14.78125,1.0
emotional_pressure_delta,1,academic_attendance_019,0,synthetic_academic_rules,3.015625,0.6612566709518433,0.9147321581840515,-3.015625,15.625,12.609375,1.0
emotional_pressure_delta,1,academic_grading_018,1,synthetic_academic_rules,1.0625,1.247575283050537,0.9705356955528259,-1.0625,14.90625,13.84375,1.0
emotional_pressure_delta,1,academic_latework_020,2,synthetic_academic_rules,0.421875,0.529313325881958,0.9888392686843872,-0.421875,15.4375,15.015625,1.0
emotional_pressure_delta,1,academic_prereq_017,3,synthetic_academic_rules,2.125,-0.31706124544143677,0.9401785731315613,-2.125,15.28125,13.15625,1.0
emotional_pressure_delta,1,contract_rental_029,4,synthetic_contract,0.15625,0.9710606336593628,0.9964285492897034,-0.15625,16.234375,16.078125,1.0
emotional_pressure_delta,1,contract_service_030,5,synthetic_contract,1.796875,0.9622316360473633,0.9495535492897034,-1.796875,16.09375,14.296875,1.0
emotional_pressure_delta,1,contract_ticket_032,6,synthetic_contract,0.921875,1.3099557161331177,0.9745535850524902,-0.921875,18.765625,17.84375,1.0
emotional_pressure_delta,1,contract_warranty_031,7,synthetic_contract,-1.203125,3.168806552886963,1.0352678298950195,1.203125,17.703125,18.90625,1.0
emotional_pressure_delta,1,finance_budget_007,8,synthetic_finance,3.28125,0.5772324204444885,0.9071428775787354,-3.28125,13.234375,9.953125,1.0
emotional_pressure_delta,1,finance_coupon_006,9,synthetic_finance,1.53125,-0.09740138053894043,0.9571428298950195,-1.53125,15.1875,13.65625,1.0
emotional_pressure_delta,1,finance_membership_008,10,synthetic_finance,0.171875,1.16168212890625,0.9959821701049805,-0.171875,15.390625,15.21875,1.0
emotional_pressure_delta,1,finance_refund_005,11,synthetic_finance,3.25,-0.49221473932266235,0.9080356955528259,-3.25,14.390625,11.140625,1.0
emotional_pressure_delta,1,logic_access_033,12,synthetic_logic_rules,1.171875,-0.25663667917251587,0.9674107432365417,-1.171875,14.234375,13.0625,1.0
emotional_pressure_delta,1,logic_eligibility_034,13,synthetic_logic_rules,1.03125,1.3770346641540527,0.9714285731315613,-1.03125,15.625,14.59375,1.0
emotional_pressure_delta,1,logic_shipping_035,14,synthetic_logic_rules,1.515625,2.0540084838867188,0.9575892686843872,-1.515625,13.5,11.984375,1.0
emotional_pressure_delta,1,logic_tournament_036,15,synthetic_logic_rules,6.25,1.5100181102752686,0.8223214149475098,-6.25,8.3125,2.0625,1.0
emotional_pressure_delta,1,policy_lab_access_002,16,synthetic_policy,-0.765625,0.8085591793060303,1.0227679014205933,0.765625,14.171875,14.9375,1.0
emotional_pressure_delta,1,policy_library_checkout_003,17,synthetic_policy,-0.296875,1.265651822090149,1.009374976158142,0.296875,16.578125,16.875,1.0
emotional_pressure_delta,1,policy_lunch_pass_001,18,synthetic_policy,-1.234375,1.2672746181488037,1.0361607074737549,1.234375,14.8125,16.046875,1.0
emotional_pressure_delta,1,policy_rec_center_004,19,synthetic_policy,-2.5,0.2615079879760742,1.0723214149475098,2.5,14.21875,16.71875,1.0
emotional_pressure_delta,1,product_specs_025,20,synthetic_product_specs,0.890625,1.7287569046020508,0.9754464030265808,-0.890625,16.328125,15.4375,1.0
emotional_pressure_delta,1,product_specs_026,21,synthetic_product_specs,0.328125,0.29851120710372925,0.9915178418159485,-0.328125,14.921875,14.59375,1.0
emotional_pressure_delta,1,product_specs_027,22,synthetic_product_specs,0.96875,-1.1583412885665894,0.9732142686843872,-0.96875,16.109375,15.140625,1.0
emotional_pressure_delta,1,product_specs_028,23,synthetic_product_specs,0.828125,0.13567453622817993,0.9772321581840515,-0.828125,15.0625,14.234375,1.0
emotional_pressure_delta,1,schedule_clinic_011,24,synthetic_schedule,-0.015625,0.22426950931549072,1.001339316368103,0.015625,15.9375,15.953125,1.0
emotional_pressure_delta,1,schedule_exam_010,25,synthetic_schedule,1.078125,2.5806262493133545,0.9700892567634583,-1.078125,14.96875,13.890625,1.0
emotional_pressure_delta,1,schedule_train_009,26,synthetic_schedule,0.71875,0.9852978587150574,0.9803571701049805,-0.71875,14.625,13.90625,1.0
emotional_pressure_delta,1,schedule_workshop_012,27,synthetic_schedule,-0.265625,0.0005931854248046875,1.0084820985794067,0.265625,15.484375,15.75,1.0
emotional_pressure_delta,1,science_battery_016,28,synthetic_science_text,2.625,2.7289130687713623,0.9258928298950195,-2.625,14.703125,12.078125,1.0
emotional_pressure_delta,1,science_mineral_014,29,synthetic_science_text,1.203125,2.3919553756713867,0.9665178656578064,-1.203125,13.640625,12.4375,1.0
emotional_pressure_delta,1,science_plant_013,30,synthetic_science_text,2.703125,2.358217716217041,0.9236606955528259,-2.703125,15.359375,12.65625,1.0
emotional_pressure_delta,1,science_weather_015,31,synthetic_science_text,2.546875,2.739734172821045,0.9281250238418579,-2.546875,12.671875,10.125,1.0
emotional_pressure_delta,1,technical_api_022,32,synthetic_technical_config,-0.203125,-0.30216944217681885,1.0066964626312256,0.203125,14.140625,14.34375,1.0
emotional_pressure_delta,1,technical_backup_023,33,synthetic_technical_config,0.5625,0.025763750076293945,0.9848214387893677,-0.5625,15.6875,15.125,1.0
emotional_pressure_delta,1,technical_config_021,34,synthetic_technical_config,-0.578125,1.8361122608184814,1.0174107551574707,0.578125,16.65625,17.234375,1.0
emotional_pressure_delta,1,technical_feature_flag_024,35,synthetic_technical_config,-0.0625,-1.4511140584945679,1.0026785135269165,0.0625,14.71875,14.78125,1.0
emotional_pressure_delta,2,academic_attendance_019,0,synthetic_academic_rules,3.015625,0.7683322429656982,0.9147321581840515,-3.015625,15.625,12.609375,1.0
emotional_pressure_delta,2,academic_grading_018,1,synthetic_academic_rules,1.0625,0.9365602731704712,0.9705356955528259,-1.0625,14.90625,13.84375,1.0
emotional_pressure_delta,2,academic_latework_020,2,synthetic_academic_rules,0.421875,1.2341766357421875,0.9888392686843872,-0.421875,15.4375,15.015625,1.0
emotional_pressure_delta,2,academic_prereq_017,3,synthetic_academic_rules,2.125,-0.14223068952560425,0.9401785731315613,-2.125,15.28125,13.15625,1.0
emotional_pressure_delta,2,contract_rental_029,4,synthetic_contract,0.15625,1.3230890035629272,0.9964285492897034,-0.15625,16.234375,16.078125,1.0
emotional_pressure_delta,2,contract_service_030,5,synthetic_contract,1.796875,1.4742724895477295,0.9495535492897034,-1.796875,16.09375,14.296875,1.0
emotional_pressure_delta,2,contract_ticket_032,6,synthetic_contract,0.921875,1.3504422903060913,0.9745535850524902,-0.921875,18.765625,17.84375,1.0
emotional_pressure_delta,2,contract_warranty_031,7,synthetic_contract,-1.203125,2.5559940338134766,1.0352678298950195,1.203125,17.703125,18.90625,1.0
emotional_pressure_delta,2,finance_budget_007,8,synthetic_finance,3.28125,2.674027681350708,0.9071428775787354,-3.28125,13.234375,9.953125,1.0
emotional_pressure_delta,2,finance_coupon_006,9,synthetic_finance,1.53125,-0.02544546127319336,0.9571428298950195,-1.53125,15.1875,13.65625,1.0
emotional_pressure_delta,2,finance_membership_008,10,synthetic_finance,0.171875,1.162191390991211,0.9959821701049805,-0.171875,15.390625,15.21875,1.0
emotional_pressure_delta,2,finance_refund_005,11,synthetic_finance,3.25,-0.9609833359718323,0.9080356955528259,-3.25,14.390625,11.140625,1.0
emotional_pressure_delta,2,logic_access_033,12,synthetic_logic_rules,1.171875,-0.31197530031204224,0.9674107432365417,-1.171875,14.234375,13.0625,1.0
emotional_pressure_delta,2,logic_eligibility_034,13,synthetic_logic_rules,1.03125,1.5855436325073242,0.9714285731315613,-1.03125,15.625,14.59375,1.0
emotional_pressure_delta,2,logic_shipping_035,14,synthetic_logic_rules,1.515625,3.286834239959717,0.9575892686843872,-1.515625,13.5,11.984375,1.0
emotional_pressure_delta,2,logic_tournament_036,15,synthetic_logic_rules,6.25,0.5940424799919128,0.8223214149475098,-6.25,8.3125,2.0625,1.0
emotional_pressure_delta,2,policy_lab_access_002,16,synthetic_policy,-0.765625,-1.400572419166565,1.0227679014205933,0.765625,14.171875,14.9375,1.0
emotional_pressure_delta,2,policy_library_checkout_003,17,synthetic_policy,-0.296875,-0.7949100732803345,1.009374976158142,0.296875,16.578125,16.875,1.0
emotional_pressure_delta,2,policy_lunch_pass_001,18,synthetic_policy,-1.234375,1.30441153049469,1.0361607074737549,1.234375,14.8125,16.046875,1.0
emotional_pressure_delta,2,policy_rec_center_004,19,synthetic_policy,-2.5,0.8082799315452576,1.0723214149475098,2.5,14.21875,16.71875,1.0
emotional_pressure_delta,2,product_specs_025,20,synthetic_product_specs,0.890625,1.6030604839324951,0.9754464030265808,-0.890625,16.328125,15.4375,1.0
emotional_pressure_delta,2,product_specs_026,21,synthetic_product_specs,0.328125,0.2830711007118225,0.9915178418159485,-0.328125,14.921875,14.59375,1.0
emotional_pressure_delta,2,product_specs_027,22,synthetic_product_specs,0.96875,-1.575508713722229,0.9732142686843872,-0.96875,16.109375,15.140625,1.0
emotional_pressure_delta,2,product_specs_028,23,synthetic_product_specs,0.828125,0.07052826881408691,0.9772321581840515,-0.828125,15.0625,14.234375,1.0
emotional_pressure_delta,2,schedule_clinic_011,24,synthetic_schedule,-0.015625,0.13387221097946167,1.001339316368103,0.015625,15.9375,15.953125,1.0
emotional_pressure_delta,2,schedule_exam_010,25,synthetic_schedule,1.078125,1.7368841171264648,0.9700892567634583,-1.078125,14.96875,13.890625,1.0
emotional_pressure_delta,2,schedule_train_009,26,synthetic_schedule,0.71875,1.1561942100524902,0.9803571701049805,-0.71875,14.625,13.90625,1.0
emotional_pressure_delta,2,schedule_workshop_012,27,synthetic_schedule,-0.265625,-0.2676870822906494,1.0084820985794067,0.265625,15.484375,15.75,1.0
emotional_pressure_delta,2,science_battery_016,28,synthetic_science_text,2.625,2.2642765045166016,0.9258928298950195,-2.625,14.703125,12.078125,1.0
emotional_pressure_delta,2,science_mineral_014,29,synthetic_science_text,1.203125,3.1890783309936523,0.9665178656578064,-1.203125,13.640625,12.4375,1.0
emotional_pressure_delta,2,science_plant_013,30,synthetic_science_text,2.703125,2.539376974105835,0.9236606955528259,-2.703125,15.359375,12.65625,1.0
emotional_pressure_delta,2,science_weather_015,31,synthetic_science_text,2.546875,2.421396493911743,0.9281250238418579,-2.546875,12.671875,10.125,1.0
emotional_pressure_delta,2,technical_api_022,32,synthetic_technical_config,-0.203125,-0.946657657623291,1.0066964626312256,0.203125,14.140625,14.34375,1.0
emotional_pressure_delta,2,technical_backup_023,33,synthetic_technical_config,0.5625,1.1217290163040161,0.9848214387893677,-0.5625,15.6875,15.125,1.0
emotional_pressure_delta,2,technical_config_021,34,synthetic_technical_config,-0.578125,2.2421910762786865,1.0174107551574707,0.578125,16.65625,17.234375,1.0
emotional_pressure_delta,2,technical_feature_flag_024,35,synthetic_technical_config,-0.0625,-0.6524312496185303,1.0026785135269165,0.0625,14.71875,14.78125,1.0
emotional_pressure_delta,3,academic_attendance_019,0,synthetic_academic_rules,3.015625,-1.1196930408477783,0.9147321581840515,-3.015625,15.625,12.609375,1.0
emotional_pressure_delta,3,academic_grading_018,1,synthetic_academic_rules,1.0625,1.8283898830413818,0.9705356955528259,-1.0625,14.90625,13.84375,1.0
emotional_pressure_delta,3,academic_latework_020,2,synthetic_academic_rules,0.421875,1.3624849319458008,0.9888392686843872,-0.421875,15.4375,15.015625,1.0
emotional_pressure_delta,3,academic_prereq_017,3,synthetic_academic_rules,2.125,-0.004324734210968018,0.9401785731315613,-2.125,15.28125,13.15625,1.0
emotional_pressure_delta,3,contract_rental_029,4,synthetic_contract,0.15625,2.3754260540008545,0.9964285492897034,-0.15625,16.234375,16.078125,1.0
emotional_pressure_delta,3,contract_service_030,5,synthetic_contract,1.796875,0.8619208335876465,0.9495535492897034,-1.796875,16.09375,14.296875,1.0
emotional_pressure_delta,3,contract_ticket_032,6,synthetic_contract,0.921875,1.3640412092208862,0.9745535850524902,-0.921875,18.765625,17.84375,1.0
emotional_pressure_delta,3,contract_warranty_031,7,synthetic_contract,-1.203125,2.595703601837158,1.0352678298950195,1.203125,17.703125,18.90625,1.0
emotional_pressure_delta,3,finance_budget_007,8,synthetic_finance,3.28125,1.947340965270996,0.9071428775787354,-3.28125,13.234375,9.953125,1.0
emotional_pressure_delta,3,finance_coupon_006,9,synthetic_finance,1.53125,-0.6533629894256592,0.9571428298950195,-1.53125,15.1875,13.65625,1.0
emotional_pressure_delta,3,finance_membership_008,10,synthetic_finance,0.171875,1.226362943649292,0.9959821701049805,-0.171875,15.390625,15.21875,1.0
emotional_pressure_delta,3,finance_refund_005,11,synthetic_finance,3.25,0.5233539342880249,0.9080356955528259,-3.25,14.390625,11.140625,1.0
emotional_pressure_delta,3,logic_access_033,12,synthetic_logic_rules,1.171875,0.5220995545387268,0.9674107432365417,-1.171875,14.234375,13.0625,1.0
emotional_pressure_delta,3,logic_eligibility_034,13,synthetic_logic_rules,1.03125,1.9608509540557861,0.9714285731315613,-1.03125,15.625,14.59375,1.0
emotional_pressure_delta,3,logic_shipping_035,14,synthetic_logic_rules,1.515625,3.896167755126953,0.9575892686843872,-1.515625,13.5,11.984375,1.0
emotional_pressure_delta,3,logic_tournament_036,15,synthetic_logic_rules,6.25,0.754072904586792,0.8223214149475098,-6.25,8.3125,2.0625,1.0
emotional_pressure_delta,3,policy_lab_access_002,16,synthetic_policy,-0.765625,-0.5223314762115479,1.0227679014205933,0.765625,14.171875,14.9375,1.0
emotional_pressure_delta,3,policy_library_checkout_003,17,synthetic_policy,-0.296875,-0.4656914472579956,1.009374976158142,0.296875,16.578125,16.875,1.0
emotional_pressure_delta,3,policy_lunch_pass_001,18,synthetic_policy,-1.234375,1.6982085704803467,1.0361607074737549,1.234375,14.8125,16.046875,1.0
emotional_pressure_delta,3,policy_rec_center_004,19,synthetic_policy,-2.5,2.0309836864471436,1.0723214149475098,2.5,14.21875,16.71875,1.0
emotional_pressure_delta,3,product_specs_025,20,synthetic_product_specs,0.890625,1.3075062036514282,0.9754464030265808,-0.890625,16.328125,15.4375,1.0
emotional_pressure_delta,3,product_specs_026,21,synthetic_product_specs,0.328125,-0.24679690599441528,0.9915178418159485,-0.328125,14.921875,14.59375,1.0
emotional_pressure_delta,3,product_specs_027,22,synthetic_product_specs,0.96875,-1.1991909742355347,0.9732142686843872,-0.96875,16.109375,15.140625,1.0
emotional_pressure_delta,3,product_specs_028,23,synthetic_product_specs,0.828125,-0.41275209188461304,0.9772321581840515,-0.828125,15.0625,14.234375,1.0
emotional_pressure_delta,3,schedule_clinic_011,24,synthetic_schedule,-0.015625,0.0005509853363037109,1.001339316368103,0.015625,15.9375,15.953125,1.0
emotional_pressure_delta,3,schedule_exam_010,25,synthetic_schedule,1.078125,2.427816390991211,0.9700892567634583,-1.078125,14.96875,13.890625,1.0
emotional_pressure_delta,3,schedule_train_009,26,synthetic_schedule,0.71875,1.413425087928772,0.9803571701049805,-0.71875,14.625,13.90625,1.0
emotional_pressure_delta,3,schedule_workshop_012,27,synthetic_schedule,-0.265625,-0.21329987049102783,1.0084820985794067,0.265625,15.484375,15.75,1.0
emotional_pressure_delta,3,science_battery_016,28,synthetic_science_text,2.625,2.2388575077056885,0.9258928298950195,-2.625,14.703125,12.078125,1.0
emotional_pressure_delta,3,science_mineral_014,29,synthetic_science_text,1.203125,2.521317481994629,0.9665178656578064,-1.203125,13.640625,12.4375,1.0
emotional_pressure_delta,3,science_plant_013,30,synthetic_science_text,2.703125,2.486989736557007,0.9236606955528259,-2.703125,15.359375,12.65625,1.0
emotional_pressure_delta,3,science_weather_015,31,synthetic_science_text,2.546875,2.1077122688293457,0.9281250238418579,-2.546875,12.671875,10.125,1.0
emotional_pressure_delta,3,technical_api_022,32,synthetic_technical_config,-0.203125,-1.4011895656585693,1.0066964626312256,0.203125,14.140625,14.34375,1.0
emotional_pressure_delta,3,technical_backup_023,33,synthetic_technical_config,0.5625,-0.3165193796157837,0.9848214387893677,-0.5625,15.6875,15.125,1.0
emotional_pressure_delta,3,technical_config_021,34,synthetic_technical_config,-0.578125,2.5844709873199463,1.0174107551574707,0.578125,16.65625,17.234375,1.0
emotional_pressure_delta,3,technical_feature_flag_024,35,synthetic_technical_config,-0.0625,-0.8400528430938721,1.0026785135269165,0.0625,14.71875,14.78125,1.0
emotional_pressure_delta,4,academic_attendance_019,0,synthetic_academic_rules,3.015625,-0.9948680996894836,0.9147321581840515,-3.015625,15.625,12.609375,1.0
emotional_pressure_delta,4,academic_grading_018,1,synthetic_academic_rules,1.0625,2.4158425331115723,0.9705356955528259,-1.0625,14.90625,13.84375,1.0
emotional_pressure_delta,4,academic_latework_020,2,synthetic_academic_rules,0.421875,1.1882933378219604,0.9888392686843872,-0.421875,15.4375,15.015625,1.0
emotional_pressure_delta,4,academic_prereq_017,3,synthetic_academic_rules,2.125,1.05401611328125,0.9401785731315613,-2.125,15.28125,13.15625,1.0
emotional_pressure_delta,4,contract_rental_029,4,synthetic_contract,0.15625,2.1552999019622803,0.9964285492897034,-0.15625,16.234375,16.078125,1.0
emotional_pressure_delta,4,contract_service_030,5,synthetic_contract,1.796875,1.2945513725280762,0.9495535492897034,-1.796875,16.09375,14.296875,1.0
emotional_pressure_delta,4,contract_ticket_032,6,synthetic_contract,0.921875,0.7911016345024109,0.9745535850524902,-0.921875,18.765625,17.84375,1.0
emotional_pressure_delta,4,contract_warranty_031,7,synthetic_contract,-1.203125,2.760544538497925,1.0352678298950195,1.203125,17.703125,18.90625,1.0
emotional_pressure_delta,4,finance_budget_007,8,synthetic_finance,3.28125,2.4026641845703125,0.9071428775787354,-3.28125,13.234375,9.953125,1.0
emotional_pressure_delta,4,finance_coupon_006,9,synthetic_finance,1.53125,-0.21419763565063477,0.9571428298950195,-1.53125,15.1875,13.65625,1.0
emotional_pressure_delta,4,finance_membership_008,10,synthetic_finance,0.171875,1.5661753416061401,0.9959821701049805,-0.171875,15.390625,15.21875,1.0
emotional_pressure_delta,4,finance_refund_005,11,synthetic_finance,3.25,0.5886710286140442,0.9080356955528259,-3.25,14.390625,11.140625,1.0
emotional_pressure_delta,4,logic_access_033,12,synthetic_logic_rules,1.171875,0.3945615887641907,0.9674107432365417,-1.171875,14.234375,13.0625,1.0
emotional_pressure_delta,4,logic_eligibility_034,13,synthetic_logic_rules,1.03125,0.8095149993896484,0.9714285731315613,-1.03125,15.625,14.59375,1.0
emotional_pressure_delta,4,logic_shipping_035,14,synthetic_logic_rules,1.515625,2.13162899017334,0.9575892686843872,-1.515625,13.5,11.984375,1.0
emotional_pressure_delta,4,logic_tournament_036,15,synthetic_logic_rules,6.25,1.9694111347198486,0.8223214149475098,-6.25,8.3125,2.0625,1.0
emotional_pressure_delta,4,policy_lab_access_002,16,synthetic_policy,-0.765625,-0.4250013828277588,1.0227679014205933,0.765625,14.171875,14.9375,1.0
emotional_pressure_delta,4,policy_library_checkout_003,17,synthetic_policy,-0.296875,-0.9593971967697144,1.009374976158142,0.296875,16.578125,16.875,1.0
emotional_pressure_delta,4,policy_lunch_pass_001,18,synthetic_policy,-1.234375,2.0210683345794678,1.0361607074737549,1.234375,14.8125,16.046875,1.0
emotional_pressure_delta,4,policy_rec_center_004,19,synthetic_policy,-2.5,1.6969420909881592,1.0723214149475098,2.5,14.21875,16.71875,1.0
emotional_pressure_delta,4,product_specs_025,20,synthetic_product_specs,0.890625,0.8556100726127625,0.9754464030265808,-0.890625,16.328125,15.4375,1.0
emotional_pressure_delta,4,product_specs_026,21,synthetic_product_specs,0.328125,-0.7220668196678162,0.9915178418159485,-0.328125,14.921875,14.59375,1.0
emotional_pressure_delta,4,product_specs_027,22,synthetic_product_specs,0.96875,-0.8812178373336792,0.9732142686843872,-0.96875,16.109375,15.140625,1.0
emotional_pressure_delta,4,product_specs_028,23,synthetic_product_specs,0.828125,-0.8079927563667297,0.9772321581840515,-0.828125,15.0625,14.234375,1.0
emotional_pressure_delta,4,schedule_clinic_011,24,synthetic_schedule,-0.015625,0.6406283378601074,1.001339316368103,0.015625,15.9375,15.953125,1.0
emotional_pressure_delta,4,schedule_exam_010,25,synthetic_schedule,1.078125,1.3476371765136719,0.9700892567634583,-1.078125,14.96875,13.890625,1.0
emotional_pressure_delta,4,schedule_train_009,26,synthetic_schedule,0.71875,0.9302149415016174,0.9803571701049805,-0.71875,14.625,13.90625,1.0
emotional_pressure_delta,4,schedule_workshop_012,27,synthetic_schedule,-0.265625,0.4657306671142578,1.0084820985794067,0.265625,15.484375,15.75,1.0
emotional_pressure_delta,4,science_battery_016,28,synthetic_science_text,2.625,1.809226393699646,0.9258928298950195,-2.625,14.703125,12.078125,1.0
emotional_pressure_delta,4,science_mineral_014,29,synthetic_science_text,1.203125,2.0079498291015625,0.9665178656578064,-1.203125,13.640625,12.4375,1.0
emotional_pressure_delta,4,science_plant_013,30,synthetic_science_text,2.703125,2.449150800704956,0.9236606955528259,-2.703125,15.359375,12.65625,1.0
emotional_pressure_delta,4,science_weather_015,31,synthetic_science_text,2.546875,2.7068567276000977,0.9281250238418579,-2.546875,12.671875,10.125,1.0
emotional_pressure_delta,4,technical_api_022,32,synthetic_technical_config,-0.203125,-1.2931835651397705,1.0066964626312256,0.203125,14.140625,14.34375,1.0
emotional_pressure_delta,4,technical_backup_023,33,synthetic_technical_config,0.5625,0.1585254669189453,0.9848214387893677,-0.5625,15.6875,15.125,1.0
emotional_pressure_delta,4,technical_config_021,34,synthetic_technical_config,-0.578125,2.828001022338867,1.0174107551574707,0.578125,16.65625,17.234375,1.0
emotional_pressure_delta,4,technical_feature_flag_024,35,synthetic_technical_config,-0.0625,-0.49067866802215576,1.0026785135269165,0.0625,14.71875,14.78125,1.0
emotional_pressure_delta,5,academic_attendance_019,0,synthetic_academic_rules,3.015625,-0.8859040141105652,0.9147321581840515,-3.015625,15.625,12.609375,1.0
emotional_pressure_delta,5,academic_grading_018,1,synthetic_academic_rules,1.0625,2.524630308151245,0.9705356955528259,-1.0625,14.90625,13.84375,1.0
emotional_pressure_delta,5,academic_latework_020,2,synthetic_academic_rules,0.421875,1.519925832748413,0.9888392686843872,-0.421875,15.4375,15.015625,1.0
emotional_pressure_delta,5,academic_prereq_017,3,synthetic_academic_rules,2.125,1.281297206878662,0.9401785731315613,-2.125,15.28125,13.15625,1.0
emotional_pressure_delta,5,contract_rental_029,4,synthetic_contract,0.15625,2.089468240737915,0.9964285492897034,-0.15625,16.234375,16.078125,1.0
emotional_pressure_delta,5,contract_service_030,5,synthetic_contract,1.796875,1.47607421875,0.9495535492897034,-1.796875,16.09375,14.296875,1.0
emotional_pressure_delta,5,contract_ticket_032,6,synthetic_contract,0.921875,0.5091432929039001,0.9745535850524902,-0.921875,18.765625,17.84375,1.0
emotional_pressure_delta,5,contract_warranty_031,7,synthetic_contract,-1.203125,2.4990415573120117,1.0352678298950195,1.203125,17.703125,18.90625,1.0
emotional_pressure_delta,5,finance_budget_007,8,synthetic_finance,3.28125,2.239804267883301,0.9071428775787354,-3.28125,13.234375,9.953125,1.0
emotional_pressure_delta,5,finance_coupon_006,9,synthetic_finance,1.53125,0.1154637336730957,0.9571428298950195,-1.53125,15.1875,13.65625,1.0
emotional_pressure_delta,5,finance_membership_008,10,synthetic_finance,0.171875,1.3195782899856567,0.9959821701049805,-0.171875,15.390625,15.21875,1.0
emotional_pressure_delta,5,finance_refund_005,11,synthetic_finance,3.25,0.36329400539398193,0.9080356955528259,-3.25,14.390625,11.140625,1.0
emotional_pressure_delta,5,logic_access_033,12,synthetic_logic_rules,1.171875,0.39609867334365845,0.9674107432365417,-1.171875,14.234375,13.0625,1.0
emotional_pressure_delta,5,logic_eligibility_034,13,synthetic_logic_rules,1.03125,1.3047322034835815,0.9714285731315613,-1.03125,15.625,14.59375,1.0
emotional_pressure_delta,5,logic_shipping_035,14,synthetic_logic_rules,1.515625,2.1455888748168945,0.9575892686843872,-1.515625,13.5,11.984375,1.0
emotional_pressure_delta,5,logic_tournament_036,15,synthetic_logic_rules,6.25,2.1596434116363525,0.8223214149475098,-6.25,8.3125,2.0625,1.0
emotional_pressure_delta,5,policy_lab_access_002,16,synthetic_policy,-0.765625,-0.8530057668685913,1.0227679014205933,0.765625,14.171875,14.9375,1.0
emotional_pressure_delta,5,policy_library_checkout_003,17,synthetic_policy,-0.296875,-1.2374292612075806,1.009374976158142,0.296875,16.578125,16.875,1.0
emotional_pressure_delta,5,policy_lunch_pass_001,18,synthetic_policy,-1.234375,2.3812952041625977,1.0361607074737549,1.234375,14.8125,16.046875,1.0
emotional_pressure_delta,5,policy_rec_center_004,19,synthetic_policy,-2.5,1.4999724626541138,1.0723214149475098,2.5,14.21875,16.71875,1.0
emotional_pressure_delta,5,product_specs_025,20,synthetic_product_specs,0.890625,0.43525660037994385,0.9754464030265808,-0.890625,16.328125,15.4375,1.0
emotional_pressure_delta,5,product_specs_026,21,synthetic_product_specs,0.328125,-0.5840737223625183,0.9915178418159485,-0.328125,14.921875,14.59375,1.0
emotional_pressure_delta,5,product_specs_027,22,synthetic_product_specs,0.96875,-0.7112650871276855,0.9732142686843872,-0.96875,16.109375,15.140625,1.0
emotional_pressure_delta,5,product_specs_028,23,synthetic_product_specs,0.828125,-0.32219618558883667,0.9772321581840515,-0.828125,15.0625,14.234375,1.0
emotional_pressure_delta,5,schedule_clinic_011,24,synthetic_schedule,-0.015625,0.7796935439109802,1.001339316368103,0.015625,15.9375,15.953125,1.0
emotional_pressure_delta,5,schedule_exam_010,25,synthetic_schedule,1.078125,1.0014742612838745,0.9700892567634583,-1.078125,14.96875,13.890625,1.0
emotional_pressure_delta,5,schedule_train_009,26,synthetic_schedule,0.71875,1.1608078479766846,0.9803571701049805,-0.71875,14.625,13.90625,1.0
emotional_pressure_delta,5,schedule_workshop_012,27,synthetic_schedule,-0.265625,0.24812930822372437,1.0084820985794067,0.265625,15.484375,15.75,1.0
emotional_pressure_delta,5,science_battery_016,28,synthetic_science_text,2.625,2.052555561065674,0.9258928298950195,-2.625,14.703125,12.078125,1.0
emotional_pressure_delta,5,science_mineral_014,29,synthetic_science_text,1.203125,1.4023123979568481,0.9665178656578064,-1.203125,13.640625,12.4375,1.0
emotional_pressure_delta,5,science_plant_013,30,synthetic_science_text,2.703125,2.7422518730163574,0.9236606955528259,-2.703125,15.359375,12.65625,1.0
emotional_pressure_delta,5,science_weather_015,31,synthetic_science_text,2.546875,2.5385477542877197,0.9281250238418579,-2.546875,12.671875,10.125,1.0
emotional_pressure_delta,5,technical_api_022,32,synthetic_technical_config,-0.203125,-1.3349478244781494,1.0066964626312256,0.203125,14.140625,14.34375,1.0
emotional_pressure_delta,5,technical_backup_023,33,synthetic_technical_config,0.5625,-0.22282123565673828,0.9848214387893677,-0.5625,15.6875,15.125,1.0
emotional_pressure_delta,5,technical_config_021,34,synthetic_technical_config,-0.578125,2.67387056350708,1.0174107551574707,0.578125,16.65625,17.234375,1.0
emotional_pressure_delta,5,technical_feature_flag_024,35,synthetic_technical_config,-0.0625,-0.11314523220062256,1.0026785135269165,0.0625,14.71875,14.78125,1.0
emotional_pressure_delta,6,academic_attendance_019,0,synthetic_academic_rules,3.015625,-1.0313949584960938,0.9147321581840515,-3.015625,15.625,12.609375,1.0
emotional_pressure_delta,6,academic_grading_018,1,synthetic_academic_rules,1.0625,2.3773510456085205,0.9705356955528259,-1.0625,14.90625,13.84375,1.0
emotional_pressure_delta,6,academic_latework_020,2,synthetic_academic_rules,0.421875,0.6143046617507935,0.9888392686843872,-0.421875,15.4375,15.015625,1.0
emotional_pressure_delta,6,academic_prereq_017,3,synthetic_academic_rules,2.125,0.6124770641326904,0.9401785731315613,-2.125,15.28125,13.15625,1.0
emotional_pressure_delta,6,contract_rental_029,4,synthetic_contract,0.15625,1.6416113376617432,0.9964285492897034,-0.15625,16.234375,16.078125,1.0
emotional_pressure_delta,6,contract_service_030,5,synthetic_contract,1.796875,1.8498932123184204,0.9495535492897034,-1.796875,16.09375,14.296875,1.0
emotional_pressure_delta,6,contract_ticket_032,6,synthetic_contract,0.921875,0.5597488880157471,0.9745535850524902,-0.921875,18.765625,17.84375,1.0
emotional_pressure_delta,6,contract_warranty_031,7,synthetic_contract,-1.203125,2.2531192302703857,1.0352678298950195,1.203125,17.703125,18.90625,1.0
emotional_pressure_delta,6,finance_budget_007,8,synthetic_finance,3.28125,1.9168673753738403,0.9071428775787354,-3.28125,13.234375,9.953125,1.0
emotional_pressure_delta,6,finance_coupon_006,9,synthetic_finance,1.53125,-0.5972602367401123,0.9571428298950195,-1.53125,15.1875,13.65625,1.0
emotional_pressure_delta,6,finance_membership_008,10,synthetic_finance,0.171875,1.4505515098571777,0.9959821701049805,-0.171875,15.390625,15.21875,1.0
emotional_pressure_delta,6,finance_refund_005,11,synthetic_finance,3.25,0.4687035083770752,0.9080356955528259,-3.25,14.390625,11.140625,1.0
emotional_pressure_delta,6,logic_access_033,12,synthetic_logic_rules,1.171875,0.9407716989517212,0.9674107432365417,-1.171875,14.234375,13.0625,1.0
emotional_pressure_delta,6,logic_eligibility_034,13,synthetic_logic_rules,1.03125,1.360924243927002,0.9714285731315613,-1.03125,15.625,14.59375,1.0
emotional_pressure_delta,6,logic_shipping_035,14,synthetic_logic_rules,1.515625,2.7046122550964355,0.9575892686843872,-1.515625,13.5,11.984375,1.0
emotional_pressure_delta,6,logic_tournament_036,15,synthetic_logic_rules,6.25,1.3573617935180664,0.8223214149475098,-6.25,8.3125,2.0625,1.0
emotional_pressure_delta,6,policy_lab_access_002,16,synthetic_policy,-0.765625,-0.4224374294281006,1.0227679014205933,0.765625,14.171875,14.9375,1.0
emotional_pressure_delta,6,policy_library_checkout_003,17,synthetic_policy,-0.296875,-1.6485763788223267,1.009374976158142,0.296875,16.578125,16.875,1.0
emotional_pressure_delta,6,policy_lunch_pass_001,18,synthetic_policy,-1.234375,2.468445062637329,1.0361607074737549,1.234375,14.8125,16.046875,1.0
emotional_pressure_delta,6,policy_rec_center_004,19,synthetic_policy,-2.5,1.7166293859481812,1.0723214149475098,2.5,14.21875,16.71875,1.0
emotional_pressure_delta,6,product_specs_025,20,synthetic_product_specs,0.890625,0.5666400194168091,0.9754464030265808,-0.890625,16.328125,15.4375,1.0
emotional_pressure_delta,6,product_specs_026,21,synthetic_product_specs,0.328125,0.032628536224365234,0.9915178418159485,-0.328125,14.921875,14.59375,1.0
emotional_pressure_delta,6,product_specs_027,22,synthetic_product_specs,0.96875,-1.1154130697250366,0.9732142686843872,-0.96875,16.109375,15.140625,1.0
emotional_pressure_delta,6,product_specs_028,23,synthetic_product_specs,0.828125,-0.006391584873199463,0.9772321581840515,-0.828125,15.0625,14.234375,1.0
emotional_pressure_delta,6,schedule_clinic_011,24,synthetic_schedule,-0.015625,0.5883657932281494,1.001339316368103,0.015625,15.9375,15.953125,1.0
emotional_pressure_delta,6,schedule_exam_010,25,synthetic_schedule,1.078125,1.460437297821045,0.9700892567634583,-1.078125,14.96875,13.890625,1.0
emotional_pressure_delta,6,schedule_train_009,26,synthetic_schedule,0.71875,1.6645069122314453,0.9803571701049805,-0.71875,14.625,13.90625,1.0
emotional_pressure_delta,6,schedule_workshop_012,27,synthetic_schedule,-0.265625,0.15767955780029297,1.0084820985794067,0.265625,15.484375,15.75,1.0
emotional_pressure_delta,6,science_battery_016,28,synthetic_science_text,2.625,2.291923761367798,0.9258928298950195,-2.625,14.703125,12.078125,1.0
emotional_pressure_delta,6,science_mineral_014,29,synthetic_science_text,1.203125,1.6437788009643555,0.9665178656578064,-1.203125,13.640625,12.4375,1.0
emotional_pressure_delta,6,science_plant_013,30,synthetic_science_text,2.703125,2.9097023010253906,0.9236606955528259,-2.703125,15.359375,12.65625,1.0
emotional_pressure_delta,6,science_weather_015,31,synthetic_science_text,2.546875,2.6519155502319336,0.9281250238418579,-2.546875,12.671875,10.125,1.0
emotional_pressure_delta,6,technical_api_022,32,synthetic_technical_config,-0.203125,-1.697988748550415,1.0066964626312256,0.203125,14.140625,14.34375,1.0
emotional_pressure_delta,6,technical_backup_023,33,synthetic_technical_config,0.5625,-0.18590545654296875,0.9848214387893677,-0.5625,15.6875,15.125,1.0
emotional_pressure_delta,6,technical_config_021,34,synthetic_technical_config,-0.578125,3.252396583557129,1.0174107551574707,0.578125,16.65625,17.234375,1.0
emotional_pressure_delta,6,technical_feature_flag_024,35,synthetic_technical_config,-0.0625,-0.14392483234405518,1.0026785135269165,0.0625,14.71875,14.78125,1.0
emotional_pressure_delta,7,academic_attendance_019,0,synthetic_academic_rules,3.015625,-0.33455199003219604,0.9147321581840515,-3.015625,15.625,12.609375,1.0
emotional_pressure_delta,7,academic_grading_018,1,synthetic_academic_rules,1.0625,2.829648971557617,0.9705356955528259,-1.0625,14.90625,13.84375,1.0
emotional_pressure_delta,7,academic_latework_020,2,synthetic_academic_rules,0.421875,1.1296886205673218,0.9888392686843872,-0.421875,15.4375,15.015625,1.0
emotional_pressure_delta,7,academic_prereq_017,3,synthetic_academic_rules,2.125,0.32372474670410156,0.9401785731315613,-2.125,15.28125,13.15625,1.0
emotional_pressure_delta,7,contract_rental_029,4,synthetic_contract,0.15625,1.055174469947815,0.9964285492897034,-0.15625,16.234375,16.078125,1.0
emotional_pressure_delta,7,contract_service_030,5,synthetic_contract,1.796875,1.4627375602722168,0.9495535492897034,-1.796875,16.09375,14.296875,1.0
emotional_pressure_delta,7,contract_ticket_032,6,synthetic_contract,0.921875,0.7742414474487305,0.9745535850524902,-0.921875,18.765625,17.84375,1.0
emotional_pressure_delta,7,contract_warranty_031,7,synthetic_contract,-1.203125,1.4698957204818726,1.0352678298950195,1.203125,17.703125,18.90625,1.0
emotional_pressure_delta,7,finance_budget_007,8,synthetic_finance,3.28125,2.1049139499664307,0.9071428775787354,-3.28125,13.234375,9.953125,1.0
emotional_pressure_delta,7,finance_coupon_006,9,synthetic_finance,1.53125,-0.5024033784866333,0.9571428298950195,-1.53125,15.1875,13.65625,1.0
emotional_pressure_delta,7,finance_membership_008,10,synthetic_finance,0.171875,1.3761794567108154,0.9959821701049805,-0.171875,15.390625,15.21875,1.0
emotional_pressure_delta,7,finance_refund_005,11,synthetic_finance,3.25,0.48135483264923096,0.9080356955528259,-3.25,14.390625,11.140625,1.0
emotional_pressure_delta,7,logic_access_033,12,synthetic_logic_rules,1.171875,0.5927751064300537,0.9674107432365417,-1.171875,14.234375,13.0625,1.0
emotional_pressure_delta,7,logic_eligibility_034,13,synthetic_logic_rules,1.03125,1.6022340059280396,0.9714285731315613,-1.03125,15.625,14.59375,1.0
emotional_pressure_delta,7,logic_shipping_035,14,synthetic_logic_rules,1.515625,2.639169216156006,0.9575892686843872,-1.515625,13.5,11.984375,1.0
emotional_pressure_delta,7,logic_tournament_036,15,synthetic_logic_rules,6.25,1.6959607601165771,0.8223214149475098,-6.25,8.3125,2.0625,1.0
emotional_pressure_delta,7,policy_lab_access_002,16,synthetic_policy,-0.765625,0.062153160572052,1.0227679014205933,0.765625,14.171875,14.9375,1.0
emotional_pressure_delta,7,policy_library_checkout_003,17,synthetic_policy,-0.296875,-1.9972864389419556,1.009374976158142,0.296875,16.578125,16.875,1.0
emotional_pressure_delta,7,policy_lunch_pass_001,18,synthetic_policy,-1.234375,1.6852681636810303,1.0361607074737549,1.234375,14.8125,16.046875,1.0
emotional_pressure_delta,7,policy_rec_center_004,19,synthetic_policy,-2.5,1.5526740550994873,1.0723214149475098,2.5,14.21875,16.71875,1.0
emotional_pressure_delta,7,product_specs_025,20,synthetic_product_specs,0.890625,0.5069096088409424,0.9754464030265808,-0.890625,16.328125,15.4375,1.0
emotional_pressure_delta,7,product_specs_026,21,synthetic_product_specs,0.328125,-0.5705388188362122,0.9915178418159485,-0.328125,14.921875,14.59375,1.0
emotional_pressure_delta,7,product_specs_027,22,synthetic_product_specs,0.96875,-0.8094741106033325,0.9732142686843872,-0.96875,16.109375,15.140625,1.0
emotional_pressure_delta,7,product_specs_028,23,synthetic_product_specs,0.828125,0.28972965478897095,0.9772321581840515,-0.828125,15.0625,14.234375,1.0
emotional_pressure_delta,7,schedule_clinic_011,24,synthetic_schedule,-0.015625,0.6328666806221008,1.001339316368103,0.015625,15.9375,15.953125,1.0
emotional_pressure_delta,7,schedule_exam_010,25,synthetic_schedule,1.078125,1.0281214714050293,0.9700892567634583,-1.078125,14.96875,13.890625,1.0
emotional_pressure_delta,7,schedule_train_009,26,synthetic_schedule,0.71875,1.9138317108154297,0.9803571701049805,-0.71875,14.625,13.90625,1.0
emotional_pressure_delta,7,schedule_workshop_012,27,synthetic_schedule,-0.265625,0.12681972980499268,1.0084820985794067,0.265625,15.484375,15.75,1.0
emotional_pressure_delta,7,science_battery_016,28,synthetic_science_text,2.625,2.207463264465332,0.9258928298950195,-2.625,14.703125,12.078125,1.0
emotional_pressure_delta,7,science_mineral_014,29,synthetic_science_text,1.203125,2.805811643600464,0.9665178656578064,-1.203125,13.640625,12.4375,1.0
emotional_pressure_delta,7,science_plant_013,30,synthetic_science_text,2.703125,2.7798194885253906,0.9236606955528259,-2.703125,15.359375,12.65625,1.0
emotional_pressure_delta,7,science_weather_015,31,synthetic_science_text,2.546875,2.97108793258667,0.9281250238418579,-2.546875,12.671875,10.125,1.0
emotional_pressure_delta,7,technical_api_022,32,synthetic_technical_config,-0.203125,-0.8947556018829346,1.0066964626312256,0.203125,14.140625,14.34375,1.0
emotional_pressure_delta,7,technical_backup_023,33,synthetic_technical_config,0.5625,0.5608112812042236,0.9848214387893677,-0.5625,15.6875,15.125,1.0
emotional_pressure_delta,7,technical_config_021,34,synthetic_technical_config,-0.578125,2.496962547302246,1.0174107551574707,0.578125,16.65625,17.234375,1.0
emotional_pressure_delta,7,technical_feature_flag_024,35,synthetic_technical_config,-0.0625,-0.20577919483184814,1.0026785135269165,0.0625,14.71875,14.78125,1.0
emotional_pressure_delta,8,academic_attendance_019,0,synthetic_academic_rules,3.015625,0.2391682267189026,0.9147321581840515,-3.015625,15.625,12.609375,1.0
emotional_pressure_delta,8,academic_grading_018,1,synthetic_academic_rules,1.0625,1.9719631671905518,0.9705356955528259,-1.0625,14.90625,13.84375,1.0
emotional_pressure_delta,8,academic_latework_020,2,synthetic_academic_rules,0.421875,0.34595656394958496,0.9888392686843872,-0.421875,15.4375,15.015625,1.0
emotional_pressure_delta,8,academic_prereq_017,3,synthetic_academic_rules,2.125,1.1097513437271118,0.9401785731315613,-2.125,15.28125,13.15625,1.0
emotional_pressure_delta,8,contract_rental_029,4,synthetic_contract,0.15625,0.5270189642906189,0.9964285492897034,-0.15625,16.234375,16.078125,1.0
emotional_pressure_delta,8,contract_service_030,5,synthetic_contract,1.796875,1.6876695156097412,0.9495535492897034,-1.796875,16.09375,14.296875,1.0
emotional_pressure_delta,8,contract_ticket_032,6,synthetic_contract,0.921875,0.6369153261184692,0.9745535850524902,-0.921875,18.765625,17.84375,1.0
emotional_pressure_delta,8,contract_warranty_031,7,synthetic_contract,-1.203125,1.3381606340408325,1.0352678298950195,1.203125,17.703125,18.90625,1.0
emotional_pressure_delta,8,finance_budget_007,8,synthetic_finance,3.28125,2.8144583702087402,0.9071428775787354,-3.28125,13.234375,9.953125,1.0
emotional_pressure_delta,8,finance_coupon_006,9,synthetic_finance,1.53125,0.4506642818450928,0.9571428298950195,-1.53125,15.1875,13.65625,1.0
emotional_pressure_delta,8,finance_membership_008,10,synthetic_finance,0.171875,0.6143741011619568,0.9959821701049805,-0.171875,15.390625,15.21875,1.0
emotional_pressure_delta,8,finance_refund_005,11,synthetic_finance,3.25,0.6622448563575745,0.9080356955528259,-3.25,14.390625,11.140625,1.0
emotional_pressure_delta,8,logic_access_033,12,synthetic_logic_rules,1.171875,0.4164915680885315,0.9674107432365417,-1.171875,14.234375,13.0625,1.0
emotional_pressure_delta,8,logic_eligibility_034,13,synthetic_logic_rules,1.03125,1.797159194946289,0.9714285731315613,-1.03125,15.625,14.59375,1.0
emotional_pressure_delta,8,logic_shipping_035,14,synthetic_logic_rules,1.515625,2.174696445465088,0.9575892686843872,-1.515625,13.5,11.984375,1.0
emotional_pressure_delta,8,logic_tournament_036,15,synthetic_logic_rules,6.25,2.185621976852417,0.8223214149475098,-6.25,8.3125,2.0625,1.0
emotional_pressure_delta,8,policy_lab_access_002,16,synthetic_policy,-0.765625,0.4477465748786926,1.0227679014205933,0.765625,14.171875,14.9375,1.0
emotional_pressure_delta,8,policy_library_checkout_003,17,synthetic_policy,-0.296875,-1.4831634759902954,1.009374976158142,0.296875,16.578125,16.875,1.0
emotional_pressure_delta,8,policy_lunch_pass_001,18,synthetic_policy,-1.234375,0.7811244130134583,1.0361607074737549,1.234375,14.8125,16.046875,1.0
emotional_pressure_delta,8,policy_rec_center_004,19,synthetic_policy,-2.5,1.0587456226348877,1.0723214149475098,2.5,14.21875,16.71875,1.0
emotional_pressure_delta,8,product_specs_025,20,synthetic_product_specs,0.890625,0.48857787251472473,0.9754464030265808,-0.890625,16.328125,15.4375,1.0
emotional_pressure_delta,8,product_specs_026,21,synthetic_product_specs,0.328125,0.06574970483779907,0.9915178418159485,-0.328125,14.921875,14.59375,1.0
emotional_pressure_delta,8,product_specs_027,22,synthetic_product_specs,0.96875,-0.6178463697433472,0.9732142686843872,-0.96875,16.109375,15.140625,1.0
emotional_pressure_delta,8,product_specs_028,23,synthetic_product_specs,0.828125,0.4725469946861267,0.9772321581840515,-0.828125,15.0625,14.234375,1.0
emotional_pressure_delta,8,schedule_clinic_011,24,synthetic_schedule,-0.015625,0.5861585736274719,1.001339316368103,0.015625,15.9375,15.953125,1.0
emotional_pressure_delta,8,schedule_exam_010,25,synthetic_schedule,1.078125,1.9548481702804565,0.9700892567634583,-1.078125,14.96875,13.890625,1.0
emotional_pressure_delta,8,schedule_train_009,26,synthetic_schedule,0.71875,1.4797232151031494,0.9803571701049805,-0.71875,14.625,13.90625,1.0
emotional_pressure_delta,8,schedule_workshop_012,27,synthetic_schedule,-0.265625,0.8775442838668823,1.0084820985794067,0.265625,15.484375,15.75,1.0
emotional_pressure_delta,8,science_battery_016,28,synthetic_science_text,2.625,2.149768352508545,0.9258928298950195,-2.625,14.703125,12.078125,1.0
emotional_pressure_delta,8,science_mineral_014,29,synthetic_science_text,1.203125,2.745873212814331,0.9665178656578064,-1.203125,13.640625,12.4375,1.0
emotional_pressure_delta,8,science_plant_013,30,synthetic_science_text,2.703125,2.53623628616333,0.9236606955528259,-2.703125,15.359375,12.65625,1.0
emotional_pressure_delta,8,science_weather_015,31,synthetic_science_text,2.546875,2.1569981575012207,0.9281250238418579,-2.546875,12.671875,10.125,1.0
emotional_pressure_delta,8,technical_api_022,32,synthetic_technical_config,-0.203125,-1.1292095184326172,1.0066964626312256,0.203125,14.140625,14.34375,1.0
emotional_pressure_delta,8,technical_backup_023,33,synthetic_technical_config,0.5625,0.566405177116394,0.9848214387893677,-0.5625,15.6875,15.125,1.0
emotional_pressure_delta,8,technical_config_021,34,synthetic_technical_config,-0.578125,2.242091417312622,1.0174107551574707,0.578125,16.65625,17.234375,1.0
emotional_pressure_delta,8,technical_feature_flag_024,35,synthetic_technical_config,-0.0625,-0.16509461402893066,1.0026785135269165,0.0625,14.71875,14.78125,1.0
emotional_pressure_delta,9,academic_attendance_019,0,synthetic_academic_rules,3.015625,0.13310754299163818,0.9147321581840515,-3.015625,15.625,12.609375,1.0
emotional_pressure_delta,9,academic_grading_018,1,synthetic_academic_rules,1.0625,2.4638607501983643,0.9705356955528259,-1.0625,14.90625,13.84375,1.0
emotional_pressure_delta,9,academic_latework_020,2,synthetic_academic_rules,0.421875,0.9171882271766663,0.9888392686843872,-0.421875,15.4375,15.015625,1.0
emotional_pressure_delta,9,academic_prereq_017,3,synthetic_academic_rules,2.125,1.2791502475738525,0.9401785731315613,-2.125,15.28125,13.15625,1.0
emotional_pressure_delta,9,contract_rental_029,4,synthetic_contract,0.15625,0.9245701432228088,0.9964285492897034,-0.15625,16.234375,16.078125,1.0
emotional_pressure_delta,9,contract_service_030,5,synthetic_contract,1.796875,1.53108811378479,0.9495535492897034,-1.796875,16.09375,14.296875,1.0
emotional_pressure_delta,9,contract_ticket_032,6,synthetic_contract,0.921875,-0.09342920780181885,0.9745535850524902,-0.921875,18.765625,17.84375,1.0
emotional_pressure_delta,9,contract_warranty_031,7,synthetic_contract,-1.203125,1.279434323310852,1.0352678298950195,1.203125,17.703125,18.90625,1.0
emotional_pressure_delta,9,finance_budget_007,8,synthetic_finance,3.28125,2.5217180252075195,0.9071428775787354,-3.28125,13.234375,9.953125,1.0
emotional_pressure_delta,9,finance_coupon_006,9,synthetic_finance,1.53125,1.0357539653778076,0.9571428298950195,-1.53125,15.1875,13.65625,1.0
emotional_pressure_delta,9,finance_membership_008,10,synthetic_finance,0.171875,0.833343505859375,0.9959821701049805,-0.171875,15.390625,15.21875,1.0
emotional_pressure_delta,9,finance_refund_005,11,synthetic_finance,3.25,1.4630649089813232,0.9080356955528259,-3.25,14.390625,11.140625,1.0
emotional_pressure_delta,9,logic_access_033,12,synthetic_logic_rules,1.171875,-0.0839272141456604,0.9674107432365417,-1.171875,14.234375,13.0625,1.0
emotional_pressure_delta,9,logic_eligibility_034,13,synthetic_logic_rules,1.03125,1.5661455392837524,0.9714285731315613,-1.03125,15.625,14.59375,1.0
emotional_pressure_delta,9,logic_shipping_035,14,synthetic_logic_rules,1.515625,2.489889621734619,0.9575892686843872,-1.515625,13.5,11.984375,1.0
emotional_pressure_delta,9,logic_tournament_036,15,synthetic_logic_rules,6.25,2.171160936355591,0.8223214149475098,-6.25,8.3125,2.0625,1.0
emotional_pressure_delta,9,policy_lab_access_002,16,synthetic_policy,-0.765625,0.6442689895629883,1.0227679014205933,0.765625,14.171875,14.9375,1.0
emotional_pressure_delta,9,policy_library_checkout_003,17,synthetic_policy,-0.296875,-1.353143334388733,1.009374976158142,0.296875,16.578125,16.875,1.0
emotional_pressure_delta,9,policy_lunch_pass_001,18,synthetic_policy,-1.234375,-0.05449509620666504,1.0361607074737549,1.234375,14.8125,16.046875,1.0
emotional_pressure_delta,9,policy_rec_center_004,19,synthetic_policy,-2.5,0.7955371737480164,1.0723214149475098,2.5,14.21875,16.71875,1.0
emotional_pressure_delta,9,product_specs_025,20,synthetic_product_specs,0.890625,0.8536369204521179,0.9754464030265808,-0.890625,16.328125,15.4375,1.0
emotional_pressure_delta,9,product_specs_026,21,synthetic_product_specs,0.328125,0.3169538974761963,0.9915178418159485,-0.328125,14.921875,14.59375,1.0
emotional_pressure_delta,9,product_specs_027,22,synthetic_product_specs,0.96875,-1.1307348012924194,0.9732142686843872,-0.96875,16.109375,15.140625,1.0
emotional_pressure_delta,9,product_specs_028,23,synthetic_product_specs,0.828125,0.624345064163208,0.9772321581840515,-0.828125,15.0625,14.234375,1.0
emotional_pressure_delta,9,schedule_clinic_011,24,synthetic_schedule,-0.015625,0.8535051941871643,1.001339316368103,0.015625,15.9375,15.953125,1.0
emotional_pressure_delta,9,schedule_exam_010,25,synthetic_schedule,1.078125,1.9209980964660645,0.9700892567634583,-1.078125,14.96875,13.890625,1.0
emotional_pressure_delta,9,schedule_train_009,26,synthetic_schedule,0.71875,1.4720925092697144,0.9803571701049805,-0.71875,14.625,13.90625,1.0
emotional_pressure_delta,9,schedule_workshop_012,27,synthetic_schedule,-0.265625,0.8119681477546692,1.0084820985794067,0.265625,15.484375,15.75,1.0
emotional_pressure_delta,9,science_battery_016,28,synthetic_science_text,2.625,3.1848959922790527,0.9258928298950195,-2.625,14.703125,12.078125,1.0
emotional_pressure_delta,9,science_mineral_014,29,synthetic_science_text,1.203125,2.064028739929199,0.9665178656578064,-1.203125,13.640625,12.4375,1.0
emotional_pressure_delta,9,science_plant_013,30,synthetic_science_text,2.703125,2.2509543895721436,0.9236606955528259,-2.703125,15.359375,12.65625,1.0
emotional_pressure_delta,9,science_weather_015,31,synthetic_science_text,2.546875,0.9394811987876892,0.9281250238418579,-2.546875,12.671875,10.125,1.0
emotional_pressure_delta,9,technical_api_022,32,synthetic_technical_config,-0.203125,-0.5118093490600586,1.0066964626312256,0.203125,14.140625,14.34375,1.0
emotional_pressure_delta,9,technical_backup_023,33,synthetic_technical_config,0.5625,0.20407068729400635,0.9848214387893677,-0.5625,15.6875,15.125,1.0
emotional_pressure_delta,9,technical_config_021,34,synthetic_technical_config,-0.578125,1.3839681148529053,1.0174107551574707,0.578125,16.65625,17.234375,1.0
emotional_pressure_delta,9,technical_feature_flag_024,35,synthetic_technical_config,-0.0625,-0.49927806854248047,1.0026785135269165,0.0625,14.71875,14.78125,1.0
emotional_pressure_delta,10,academic_attendance_019,0,synthetic_academic_rules,3.015625,-0.008886277675628662,0.9147321581840515,-3.015625,15.625,12.609375,1.0
emotional_pressure_delta,10,academic_grading_018,1,synthetic_academic_rules,1.0625,2.5979058742523193,0.9705356955528259,-1.0625,14.90625,13.84375,1.0
emotional_pressure_delta,10,academic_latework_020,2,synthetic_academic_rules,0.421875,1.0797533988952637,0.9888392686843872,-0.421875,15.4375,15.015625,1.0
emotional_pressure_delta,10,academic_prereq_017,3,synthetic_academic_rules,2.125,0.818543016910553,0.9401785731315613,-2.125,15.28125,13.15625,1.0
emotional_pressure_delta,10,contract_rental_029,4,synthetic_contract,0.15625,1.9059078693389893,0.9964285492897034,-0.15625,16.234375,16.078125,1.0
emotional_pressure_delta,10,contract_service_030,5,synthetic_contract,1.796875,1.471926212310791,0.9495535492897034,-1.796875,16.09375,14.296875,1.0
emotional_pressure_delta,10,contract_ticket_032,6,synthetic_contract,0.921875,-0.4431569576263428,0.9745535850524902,-0.921875,18.765625,17.84375,1.0
emotional_pressure_delta,10,contract_warranty_031,7,synthetic_contract,-1.203125,1.5276145935058594,1.0352678298950195,1.203125,17.703125,18.90625,1.0
emotional_pressure_delta,10,finance_budget_007,8,synthetic_finance,3.28125,1.2583435773849487,0.9071428775787354,-3.28125,13.234375,9.953125,1.0
emotional_pressure_delta,10,finance_coupon_006,9,synthetic_finance,1.53125,1.0525211095809937,0.9571428298950195,-1.53125,15.1875,13.65625,1.0
emotional_pressure_delta,10,finance_membership_008,10,synthetic_finance,0.171875,0.7544510364532471,0.9959821701049805,-0.171875,15.390625,15.21875,1.0
emotional_pressure_delta,10,finance_refund_005,11,synthetic_finance,3.25,1.5813424587249756,0.9080356955528259,-3.25,14.390625,11.140625,1.0
emotional_pressure_delta,10,logic_access_033,12,synthetic_logic_rules,1.171875,-0.3411450982093811,0.9674107432365417,-1.171875,14.234375,13.0625,1.0
emotional_pressure_delta,10,logic_eligibility_034,13,synthetic_logic_rules,1.03125,1.5406205654144287,0.9714285731315613,-1.03125,15.625,14.59375,1.0
emotional_pressure_delta,10,logic_shipping_035,14,synthetic_logic_rules,1.515625,2.912628650665283,0.9575892686843872,-1.515625,13.5,11.984375,1.0
emotional_pressure_delta,10,logic_tournament_036,15,synthetic_logic_rules,6.25,2.0755929946899414,0.8223214149475098,-6.25,8.3125,2.0625,1.0
emotional_pressure_delta,10,policy_lab_access_002,16,synthetic_policy,-0.765625,0.8003758192062378,1.0227679014205933,0.765625,14.171875,14.9375,1.0
emotional_pressure_delta,10,policy_library_checkout_003,17,synthetic_policy,-0.296875,-1.7502166032791138,1.009374976158142,0.296875,16.578125,16.875,1.0
emotional_pressure_delta,10,policy_lunch_pass_001,18,synthetic_policy,-1.234375,0.3921528458595276,1.0361607074737549,1.234375,14.8125,16.046875,1.0
emotional_pressure_delta,10,policy_rec_center_004,19,synthetic_policy,-2.5,0.992377519607544,1.0723214149475098,2.5,14.21875,16.71875,1.0
emotional_pressure_delta,10,product_specs_025,20,synthetic_product_specs,0.890625,0.59437096118927,0.9754464030265808,-0.890625,16.328125,15.4375,1.0
emotional_pressure_delta,10,product_specs_026,21,synthetic_product_specs,0.328125,0.5850018858909607,0.9915178418159485,-0.328125,14.921875,14.59375,1.0
emotional_pressure_delta,10,product_specs_027,22,synthetic_product_specs,0.96875,-1.8087457418441772,0.9732142686843872,-0.96875,16.109375,15.140625,1.0
emotional_pressure_delta,10,product_specs_028,23,synthetic_product_specs,0.828125,0.5622061491012573,0.9772321581840515,-0.828125,15.0625,14.234375,1.0
emotional_pressure_delta,10,schedule_clinic_011,24,synthetic_schedule,-0.015625,0.8658203482627869,1.001339316368103,0.015625,15.9375,15.953125,1.0
emotional_pressure_delta,10,schedule_exam_010,25,synthetic_schedule,1.078125,2.897955894470215,0.9700892567634583,-1.078125,14.96875,13.890625,1.0
emotional_pressure_delta,10,schedule_train_009,26,synthetic_schedule,0.71875,0.9704213738441467,0.9803571701049805,-0.71875,14.625,13.90625,1.0
emotional_pressure_delta,10,schedule_workshop_012,27,synthetic_schedule,-0.265625,0.41276615858078003,1.0084820985794067,0.265625,15.484375,15.75,1.0
emotional_pressure_delta,10,science_battery_016,28,synthetic_science_text,2.625,3.2355642318725586,0.9258928298950195,-2.625,14.703125,12.078125,1.0
emotional_pressure_delta,10,science_mineral_014,29,synthetic_science_text,1.203125,2.3580172061920166,0.9665178656578064,-1.203125,13.640625,12.4375,1.0
emotional_pressure_delta,10,science_plant_013,30,synthetic_science_text,2.703125,1.4725193977355957,0.9236606955528259,-2.703125,15.359375,12.65625,1.0
emotional_pressure_delta,10,science_weather_015,31,synthetic_science_text,2.546875,1.5168232917785645,0.9281250238418579,-2.546875,12.671875,10.125,1.0
emotional_pressure_delta,10,technical_api_022,32,synthetic_technical_config,-0.203125,-0.11796224117279053,1.0066964626312256,0.203125,14.140625,14.34375,1.0
emotional_pressure_delta,10,technical_backup_023,33,synthetic_technical_config,0.5625,0.6044754981994629,0.9848214387893677,-0.5625,15.6875,15.125,1.0
emotional_pressure_delta,10,technical_config_021,34,synthetic_technical_config,-0.578125,1.580907940864563,1.0174107551574707,0.578125,16.65625,17.234375,1.0
emotional_pressure_delta,10,technical_feature_flag_024,35,synthetic_technical_config,-0.0625,-1.212812066078186,1.0026785135269165,0.0625,14.71875,14.78125,1.0
emotional_pressure_delta,11,academic_attendance_019,0,synthetic_academic_rules,3.015625,0.19430124759674072,0.9147321581840515,-3.015625,15.625,12.609375,1.0
emotional_pressure_delta,11,academic_grading_018,1,synthetic_academic_rules,1.0625,2.794450521469116,0.9705356955528259,-1.0625,14.90625,13.84375,1.0
emotional_pressure_delta,11,academic_latework_020,2,synthetic_academic_rules,0.421875,1.1172666549682617,0.9888392686843872,-0.421875,15.4375,15.015625,1.0
emotional_pressure_delta,11,academic_prereq_017,3,synthetic_academic_rules,2.125,0.7867363691329956,0.9401785731315613,-2.125,15.28125,13.15625,1.0
emotional_pressure_delta,11,contract_rental_029,4,synthetic_contract,0.15625,1.5913941860198975,0.9964285492897034,-0.15625,16.234375,16.078125,1.0
emotional_pressure_delta,11,contract_service_030,5,synthetic_contract,1.796875,1.5879554748535156,0.9495535492897034,-1.796875,16.09375,14.296875,1.0
emotional_pressure_delta,11,contract_ticket_032,6,synthetic_contract,0.921875,0.267694354057312,0.9745535850524902,-0.921875,18.765625,17.84375,1.0
emotional_pressure_delta,11,contract_warranty_031,7,synthetic_contract,-1.203125,0.7515543699264526,1.0352678298950195,1.203125,17.703125,18.90625,1.0
emotional_pressure_delta,11,finance_budget_007,8,synthetic_finance,3.28125,1.2482048273086548,0.9071428775787354,-3.28125,13.234375,9.953125,1.0
emotional_pressure_delta,11,finance_coupon_006,9,synthetic_finance,1.53125,1.23672616481781,0.9571428298950195,-1.53125,15.1875,13.65625,1.0
emotional_pressure_delta,11,finance_membership_008,10,synthetic_finance,0.171875,1.4195024967193604,0.9959821701049805,-0.171875,15.390625,15.21875,1.0
emotional_pressure_delta,11,finance_refund_005,11,synthetic_finance,3.25,1.3037089109420776,0.9080356955528259,-3.25,14.390625,11.140625,1.0
emotional_pressure_delta,11,logic_access_033,12,synthetic_logic_rules,1.171875,-0.3993900418281555,0.9674107432365417,-1.171875,14.234375,13.0625,1.0
emotional_pressure_delta,11,logic_eligibility_034,13,synthetic_logic_rules,1.03125,1.599951982498169,0.9714285731315613,-1.03125,15.625,14.59375,1.0
emotional_pressure_delta,11,logic_shipping_035,14,synthetic_logic_rules,1.515625,2.096003532409668,0.9575892686843872,-1.515625,13.5,11.984375,1.0
emotional_pressure_delta,11,logic_tournament_036,15,synthetic_logic_rules,6.25,2.9346580505371094,0.8223214149475098,-6.25,8.3125,2.0625,1.0
emotional_pressure_delta,11,policy_lab_access_002,16,synthetic_policy,-0.765625,1.0517511367797852,1.0227679014205933,0.765625,14.171875,14.9375,1.0
emotional_pressure_delta,11,policy_library_checkout_003,17,synthetic_policy,-0.296875,-1.4695168733596802,1.009374976158142,0.296875,16.578125,16.875,1.0
emotional_pressure_delta,11,policy_lunch_pass_001,18,synthetic_policy,-1.234375,0.4758847951889038,1.0361607074737549,1.234375,14.8125,16.046875,1.0
emotional_pressure_delta,11,policy_rec_center_004,19,synthetic_policy,-2.5,0.33500856161117554,1.0723214149475098,2.5,14.21875,16.71875,1.0
emotional_pressure_delta,11,product_specs_025,20,synthetic_product_specs,0.890625,0.7797313928604126,0.9754464030265808,-0.890625,16.328125,15.4375,1.0
emotional_pressure_delta,11,product_specs_026,21,synthetic_product_specs,0.328125,-0.0014919638633728027,0.9915178418159485,-0.328125,14.921875,14.59375,1.0
emotional_pressure_delta,11,product_specs_027,22,synthetic_product_specs,0.96875,-1.5429705381393433,0.9732142686843872,-0.96875,16.109375,15.140625,1.0
emotional_pressure_delta,11,product_specs_028,23,synthetic_product_specs,0.828125,1.1781903505325317,0.9772321581840515,-0.828125,15.0625,14.234375,1.0
emotional_pressure_delta,11,schedule_clinic_011,24,synthetic_schedule,-0.015625,0.762883186340332,1.001339316368103,0.015625,15.9375,15.953125,1.0
emotional_pressure_delta,11,schedule_exam_010,25,synthetic_schedule,1.078125,2.165245294570923,0.9700892567634583,-1.078125,14.96875,13.890625,1.0
emotional_pressure_delta,11,schedule_train_009,26,synthetic_schedule,0.71875,0.9681606292724609,0.9803571701049805,-0.71875,14.625,13.90625,1.0
emotional_pressure_delta,11,schedule_workshop_012,27,synthetic_schedule,-0.265625,0.24093031883239746,1.0084820985794067,0.265625,15.484375,15.75,1.0
emotional_pressure_delta,11,science_battery_016,28,synthetic_science_text,2.625,3.443526268005371,0.9258928298950195,-2.625,14.703125,12.078125,1.0
emotional_pressure_delta,11,science_mineral_014,29,synthetic_science_text,1.203125,2.122347831726074,0.9665178656578064,-1.203125,13.640625,12.4375,1.0
emotional_pressure_delta,11,science_plant_013,30,synthetic_science_text,2.703125,1.1568312644958496,0.9236606955528259,-2.703125,15.359375,12.65625,1.0
emotional_pressure_delta,11,science_weather_015,31,synthetic_science_text,2.546875,2.0670828819274902,0.9281250238418579,-2.546875,12.671875,10.125,1.0
emotional_pressure_delta,11,technical_api_022,32,synthetic_technical_config,-0.203125,0.398514986038208,1.0066964626312256,0.203125,14.140625,14.34375,1.0
emotional_pressure_delta,11,technical_backup_023,33,synthetic_technical_config,0.5625,0.9312242865562439,0.9848214387893677,-0.5625,15.6875,15.125,1.0
emotional_pressure_delta,11,technical_config_021,34,synthetic_technical_config,-0.578125,0.8295865058898926,1.0174107551574707,0.578125,16.65625,17.234375,1.0
emotional_pressure_delta,11,technical_feature_flag_024,35,synthetic_technical_config,-0.0625,-1.092445731163025,1.0026785135269165,0.0625,14.71875,14.78125,1.0
emotional_pressure_delta,12,academic_attendance_019,0,synthetic_academic_rules,3.015625,0.14367073774337769,0.9147321581840515,-3.015625,15.625,12.609375,1.0
emotional_pressure_delta,12,academic_grading_018,1,synthetic_academic_rules,1.0625,2.963533878326416,0.9705356955528259,-1.0625,14.90625,13.84375,1.0
emotional_pressure_delta,12,academic_latework_020,2,synthetic_academic_rules,0.421875,1.2397840023040771,0.9888392686843872,-0.421875,15.4375,15.015625,1.0
emotional_pressure_delta,12,academic_prereq_017,3,synthetic_academic_rules,2.125,1.510759711265564,0.9401785731315613,-2.125,15.28125,13.15625,1.0
emotional_pressure_delta,12,contract_rental_029,4,synthetic_contract,0.15625,1.701427936553955,0.9964285492897034,-0.15625,16.234375,16.078125,1.0
emotional_pressure_delta,12,contract_service_030,5,synthetic_contract,1.796875,0.8454354405403137,0.9495535492897034,-1.796875,16.09375,14.296875,1.0
emotional_pressure_delta,12,contract_ticket_032,6,synthetic_contract,0.921875,-0.244370698928833,0.9745535850524902,-0.921875,18.765625,17.84375,1.0
emotional_pressure_delta,12,contract_warranty_031,7,synthetic_contract,-1.203125,0.7823673486709595,1.0352678298950195,1.203125,17.703125,18.90625,1.0
emotional_pressure_delta,12,finance_budget_007,8,synthetic_finance,3.28125,1.8788199424743652,0.9071428775787354,-3.28125,13.234375,9.953125,1.0
emotional_pressure_delta,12,finance_coupon_006,9,synthetic_finance,1.53125,1.7958054542541504,0.9571428298950195,-1.53125,15.1875,13.65625,1.0
emotional_pressure_delta,12,finance_membership_008,10,synthetic_finance,0.171875,1.3352786302566528,0.9959821701049805,-0.171875,15.390625,15.21875,1.0
emotional_pressure_delta,12,finance_refund_005,11,synthetic_finance,3.25,1.0993162393569946,0.9080356955528259,-3.25,14.390625,11.140625,1.0
emotional_pressure_delta,12,logic_access_033,12,synthetic_logic_rules,1.171875,-0.20860439538955688,0.9674107432365417,-1.171875,14.234375,13.0625,1.0
emotional_pressure_delta,12,logic_eligibility_034,13,synthetic_logic_rules,1.03125,1.9760797023773193,0.9714285731315613,-1.03125,15.625,14.59375,1.0
emotional_pressure_delta,12,logic_shipping_035,14,synthetic_logic_rules,1.515625,1.81884765625,0.9575892686843872,-1.515625,13.5,11.984375,1.0
emotional_pressure_delta,12,logic_tournament_036,15,synthetic_logic_rules,6.25,2.901047945022583,0.8223214149475098,-6.25,8.3125,2.0625,1.0
emotional_pressure_delta,12,policy_lab_access_002,16,synthetic_policy,-0.765625,0.8843275308609009,1.0227679014205933,0.765625,14.171875,14.9375,1.0
emotional_pressure_delta,12,policy_library_checkout_003,17,synthetic_policy,-0.296875,-1.6247879266738892,1.009374976158142,0.296875,16.578125,16.875,1.0
emotional_pressure_delta,12,policy_lunch_pass_001,18,synthetic_policy,-1.234375,-0.1492314338684082,1.0361607074737549,1.234375,14.8125,16.046875,1.0
emotional_pressure_delta,12,policy_rec_center_004,19,synthetic_policy,-2.5,0.4096485376358032,1.0723214149475098,2.5,14.21875,16.71875,1.0
emotional_pressure_delta,12,product_specs_025,20,synthetic_product_specs,0.890625,0.8768970966339111,0.9754464030265808,-0.890625,16.328125,15.4375,1.0
emotional_pressure_delta,12,product_specs_026,21,synthetic_product_specs,0.328125,0.02556699514389038,0.9915178418159485,-0.328125,14.921875,14.59375,1.0
emotional_pressure_delta,12,product_specs_027,22,synthetic_product_specs,0.96875,-0.8508977890014648,0.9732142686843872,-0.96875,16.109375,15.140625,1.0
emotional_pressure_delta,12,product_specs_028,23,synthetic_product_specs,0.828125,0.8137657046318054,0.9772321581840515,-0.828125,15.0625,14.234375,1.0
emotional_pressure_delta,12,schedule_clinic_011,24,synthetic_schedule,-0.015625,0.6742343306541443,1.001339316368103,0.015625,15.9375,15.953125,1.0
emotional_pressure_delta,12,schedule_exam_010,25,synthetic_schedule,1.078125,1.454020619392395,0.9700892567634583,-1.078125,14.96875,13.890625,1.0
emotional_pressure_delta,12,schedule_train_009,26,synthetic_schedule,0.71875,1.3126368522644043,0.9803571701049805,-0.71875,14.625,13.90625,1.0
emotional_pressure_delta,12,schedule_workshop_012,27,synthetic_schedule,-0.265625,0.3351675271987915,1.0084820985794067,0.265625,15.484375,15.75,1.0
emotional_pressure_delta,12,science_battery_016,28,synthetic_science_text,2.625,3.863243818283081,0.9258928298950195,-2.625,14.703125,12.078125,1.0
emotional_pressure_delta,12,science_mineral_014,29,synthetic_science_text,1.203125,2.006913900375366,0.9665178656578064,-1.203125,13.640625,12.4375,1.0
emotional_pressure_delta,12,science_plant_013,30,synthetic_science_text,2.703125,0.611849308013916,0.9236606955528259,-2.703125,15.359375,12.65625,1.0
emotional_pressure_delta,12,science_weather_015,31,synthetic_science_text,2.546875,1.7111939191818237,0.9281250238418579,-2.546875,12.671875,10.125,1.0
emotional_pressure_delta,12,technical_api_022,32,synthetic_technical_config,-0.203125,0.5256764888763428,1.0066964626312256,0.203125,14.140625,14.34375,1.0
emotional_pressure_delta,12,technical_backup_023,33,synthetic_technical_config,0.5625,0.08628404140472412,0.9848214387893677,-0.5625,15.6875,15.125,1.0
emotional_pressure_delta,12,technical_config_021,34,synthetic_technical_config,-0.578125,1.3611003160476685,1.0174107551574707,0.578125,16.65625,17.234375,1.0
emotional_pressure_delta,12,technical_feature_flag_024,35,synthetic_technical_config,-0.0625,-1.102068543434143,1.0026785135269165,0.0625,14.71875,14.78125,1.0
emotional_pressure_delta,13,academic_attendance_019,0,synthetic_academic_rules,3.015625,0.44082534313201904,0.9147321581840515,-3.015625,15.625,12.609375,1.0
emotional_pressure_delta,13,academic_grading_018,1,synthetic_academic_rules,1.0625,3.3569822311401367,0.9705356955528259,-1.0625,14.90625,13.84375,1.0
emotional_pressure_delta,13,academic_latework_020,2,synthetic_academic_rules,0.421875,1.23536217212677,0.9888392686843872,-0.421875,15.4375,15.015625,1.0
emotional_pressure_delta,13,academic_prereq_017,3,synthetic_academic_rules,2.125,1.2720003128051758,0.9401785731315613,-2.125,15.28125,13.15625,1.0
emotional_pressure_delta,13,contract_rental_029,4,synthetic_contract,0.15625,1.4588181972503662,0.9964285492897034,-0.15625,16.234375,16.078125,1.0
emotional_pressure_delta,13,contract_service_030,5,synthetic_contract,1.796875,0.9042147994041443,0.9495535492897034,-1.796875,16.09375,14.296875,1.0
emotional_pressure_delta,13,contract_ticket_032,6,synthetic_contract,0.921875,0.09631085395812988,0.9745535850524902,-0.921875,18.765625,17.84375,1.0
emotional_pressure_delta,13,contract_warranty_031,7,synthetic_contract,-1.203125,0.059846460819244385,1.0352678298950195,1.203125,17.703125,18.90625,1.0
emotional_pressure_delta,13,finance_budget_007,8,synthetic_finance,3.28125,2.4809186458587646,0.9071428775787354,-3.28125,13.234375,9.953125,1.0
emotional_pressure_delta,13,finance_coupon_006,9,synthetic_finance,1.53125,1.7839852571487427,0.9571428298950195,-1.53125,15.1875,13.65625,1.0
emotional_pressure_delta,13,finance_membership_008,10,synthetic_finance,0.171875,1.1219475269317627,0.9959821701049805,-0.171875,15.390625,15.21875,1.0
emotional_pressure_delta,13,finance_refund_005,11,synthetic_finance,3.25,1.3287631273269653,0.9080356955528259,-3.25,14.390625,11.140625,1.0
emotional_pressure_delta,13,logic_access_033,12,synthetic_logic_rules,1.171875,-0.41617685556411743,0.9674107432365417,-1.171875,14.234375,13.0625,1.0
emotional_pressure_delta,13,logic_eligibility_034,13,synthetic_logic_rules,1.03125,2.0874109268188477,0.9714285731315613,-1.03125,15.625,14.59375,1.0
emotional_pressure_delta,13,logic_shipping_035,14,synthetic_logic_rules,1.515625,2.7666783332824707,0.9575892686843872,-1.515625,13.5,11.984375,1.0
emotional_pressure_delta,13,logic_tournament_036,15,synthetic_logic_rules,6.25,2.4879956245422363,0.8223214149475098,-6.25,8.3125,2.0625,1.0
emotional_pressure_delta,13,policy_lab_access_002,16,synthetic_policy,-0.765625,0.48304128646850586,1.0227679014205933,0.765625,14.171875,14.9375,1.0
emotional_pressure_delta,13,policy_library_checkout_003,17,synthetic_policy,-0.296875,-0.699042797088623,1.009374976158142,0.296875,16.578125,16.875,1.0
emotional_pressure_delta,13,policy_lunch_pass_001,18,synthetic_policy,-1.234375,-0.5318624973297119,1.0361607074737549,1.234375,14.8125,16.046875,1.0
emotional_pressure_delta,13,policy_rec_center_004,19,synthetic_policy,-2.5,-0.012783408164978027,1.0723214149475098,2.5,14.21875,16.71875,1.0
emotional_pressure_delta,13,product_specs_025,20,synthetic_product_specs,0.890625,0.6316736936569214,0.9754464030265808,-0.890625,16.328125,15.4375,1.0
emotional_pressure_delta,13,product_specs_026,21,synthetic_product_specs,0.328125,-0.6295058131217957,0.9915178418159485,-0.328125,14.921875,14.59375,1.0
emotional_pressure_delta,13,product_specs_027,22,synthetic_product_specs,0.96875,0.034940242767333984,0.9732142686843872,-0.96875,16.109375,15.140625,1.0
emotional_pressure_delta,13,product_specs_028,23,synthetic_product_specs,0.828125,0.7539633512496948,0.9772321581840515,-0.828125,15.0625,14.234375,1.0
emotional_pressure_delta,13,schedule_clinic_011,24,synthetic_schedule,-0.015625,0.14459598064422607,1.001339316368103,0.015625,15.9375,15.953125,1.0
emotional_pressure_delta,13,schedule_exam_010,25,synthetic_schedule,1.078125,1.361293077468872,0.9700892567634583,-1.078125,14.96875,13.890625,1.0
emotional_pressure_delta,13,schedule_train_009,26,synthetic_schedule,0.71875,1.2483181953430176,0.9803571701049805,-0.71875,14.625,13.90625,1.0
emotional_pressure_delta,13,schedule_workshop_012,27,synthetic_schedule,-0.265625,0.6557769775390625,1.0084820985794067,0.265625,15.484375,15.75,1.0
emotional_pressure_delta,13,science_battery_016,28,synthetic_science_text,2.625,3.70764422416687,0.9258928298950195,-2.625,14.703125,12.078125,1.0
emotional_pressure_delta,13,science_mineral_014,29,synthetic_science_text,1.203125,1.9953968524932861,0.9665178656578064,-1.203125,13.640625,12.4375,1.0
emotional_pressure_delta,13,science_plant_013,30,synthetic_science_text,2.703125,1.272217035293579,0.9236606955528259,-2.703125,15.359375,12.65625,1.0
emotional_pressure_delta,13,science_weather_015,31,synthetic_science_text,2.546875,2.3436131477355957,0.9281250238418579,-2.546875,12.671875,10.125,1.0
emotional_pressure_delta,13,technical_api_022,32,synthetic_technical_config,-0.203125,0.44779306650161743,1.0066964626312256,0.203125,14.140625,14.34375,1.0
emotional_pressure_delta,13,technical_backup_023,33,synthetic_technical_config,0.5625,-0.2578394412994385,0.9848214387893677,-0.5625,15.6875,15.125,1.0
emotional_pressure_delta,13,technical_config_021,34,synthetic_technical_config,-0.578125,1.048110008239746,1.0174107551574707,0.578125,16.65625,17.234375,1.0
emotional_pressure_delta,13,technical_feature_flag_024,35,synthetic_technical_config,-0.0625,-0.9423277378082275,1.0026785135269165,0.0625,14.71875,14.78125,1.0
emotional_pressure_delta,14,academic_attendance_019,0,synthetic_academic_rules,3.015625,0.6923025250434875,0.9147321581840515,-3.015625,15.625,12.609375,1.0
emotional_pressure_delta,14,academic_grading_018,1,synthetic_academic_rules,1.0625,2.8691494464874268,0.9705356955528259,-1.0625,14.90625,13.84375,1.0
emotional_pressure_delta,14,academic_latework_020,2,synthetic_academic_rules,0.421875,1.1426856517791748,0.9888392686843872,-0.421875,15.4375,15.015625,1.0
emotional_pressure_delta,14,academic_prereq_017,3,synthetic_academic_rules,2.125,1.4950158596038818,0.9401785731315613,-2.125,15.28125,13.15625,1.0
emotional_pressure_delta,14,contract_rental_029,4,synthetic_contract,0.15625,1.1223379373550415,0.9964285492897034,-0.15625,16.234375,16.078125,1.0
emotional_pressure_delta,14,contract_service_030,5,synthetic_contract,1.796875,0.5011402368545532,0.9495535492897034,-1.796875,16.09375,14.296875,1.0
emotional_pressure_delta,14,contract_ticket_032,6,synthetic_contract,0.921875,0.3974364995956421,0.9745535850524902,-0.921875,18.765625,17.84375,1.0
emotional_pressure_delta,14,contract_warranty_031,7,synthetic_contract,-1.203125,0.20804226398468018,1.0352678298950195,1.203125,17.703125,18.90625,1.0
emotional_pressure_delta,14,finance_budget_007,8,synthetic_finance,3.28125,2.9200339317321777,0.9071428775787354,-3.28125,13.234375,9.953125,1.0
emotional_pressure_delta,14,finance_coupon_006,9,synthetic_finance,1.53125,1.591301441192627,0.9571428298950195,-1.53125,15.1875,13.65625,1.0
emotional_pressure_delta,14,finance_membership_008,10,synthetic_finance,0.171875,1.1807794570922852,0.9959821701049805,-0.171875,15.390625,15.21875,1.0
emotional_pressure_delta,14,finance_refund_005,11,synthetic_finance,3.25,1.535179615020752,0.9080356955528259,-3.25,14.390625,11.140625,1.0
emotional_pressure_delta,14,logic_access_033,12,synthetic_logic_rules,1.171875,-0.49460238218307495,0.9674107432365417,-1.171875,14.234375,13.0625,1.0
emotional_pressure_delta,14,logic_eligibility_034,13,synthetic_logic_rules,1.03125,1.7797331809997559,0.9714285731315613,-1.03125,15.625,14.59375,1.0
emotional_pressure_delta,14,logic_shipping_035,14,synthetic_logic_rules,1.515625,2.2912044525146484,0.9575892686843872,-1.515625,13.5,11.984375,1.0
emotional_pressure_delta,14,logic_tournament_036,15,synthetic_logic_rules,6.25,2.951460361480713,0.8223214149475098,-6.25,8.3125,2.0625,1.0
emotional_pressure_delta,14,policy_lab_access_002,16,synthetic_policy,-0.765625,-0.17937183380126953,1.0227679014205933,0.765625,14.171875,14.9375,1.0
emotional_pressure_delta,14,policy_library_checkout_003,17,synthetic_policy,-0.296875,-0.6861754655838013,1.009374976158142,0.296875,16.578125,16.875,1.0
emotional_pressure_delta,14,policy_lunch_pass_001,18,synthetic_policy,-1.234375,-0.7210938930511475,1.0361607074737549,1.234375,14.8125,16.046875,1.0
emotional_pressure_delta,14,policy_rec_center_004,19,synthetic_policy,-2.5,0.20113015174865723,1.0723214149475098,2.5,14.21875,16.71875,1.0
emotional_pressure_delta,14,product_specs_025,20,synthetic_product_specs,0.890625,1.0129592418670654,0.9754464030265808,-0.890625,16.328125,15.4375,1.0
emotional_pressure_delta,14,product_specs_026,21,synthetic_product_specs,0.328125,-0.7888585925102234,0.9915178418159485,-0.328125,14.921875,14.59375,1.0
emotional_pressure_delta,14,product_specs_027,22,synthetic_product_specs,0.96875,0.19570207595825195,0.9732142686843872,-0.96875,16.109375,15.140625,1.0
emotional_pressure_delta,14,product_specs_028,23,synthetic_product_specs,0.828125,0.7780553698539734,0.9772321581840515,-0.828125,15.0625,14.234375,1.0
emotional_pressure_delta,14,schedule_clinic_011,24,synthetic_schedule,-0.015625,-0.041411757469177246,1.001339316368103,0.015625,15.9375,15.953125,1.0
emotional_pressure_delta,14,schedule_exam_010,25,synthetic_schedule,1.078125,1.3885576725006104,0.9700892567634583,-1.078125,14.96875,13.890625,1.0
emotional_pressure_delta,14,schedule_train_009,26,synthetic_schedule,0.71875,1.1351170539855957,0.9803571701049805,-0.71875,14.625,13.90625,1.0
emotional_pressure_delta,14,schedule_workshop_012,27,synthetic_schedule,-0.265625,0.7805299758911133,1.0084820985794067,0.265625,15.484375,15.75,1.0
emotional_pressure_delta,14,science_battery_016,28,synthetic_science_text,2.625,3.3215205669403076,0.9258928298950195,-2.625,14.703125,12.078125,1.0
emotional_pressure_delta,14,science_mineral_014,29,synthetic_science_text,1.203125,1.8671207427978516,0.9665178656578064,-1.203125,13.640625,12.4375,1.0
emotional_pressure_delta,14,science_plant_013,30,synthetic_science_text,2.703125,1.5926369428634644,0.9236606955528259,-2.703125,15.359375,12.65625,1.0
emotional_pressure_delta,14,science_weather_015,31,synthetic_science_text,2.546875,2.0489726066589355,0.9281250238418579,-2.546875,12.671875,10.125,1.0
emotional_pressure_delta,14,technical_api_022,32,synthetic_technical_config,-0.203125,0.48457837104797363,1.0066964626312256,0.203125,14.140625,14.34375,1.0
emotional_pressure_delta,14,technical_backup_023,33,synthetic_technical_config,0.5625,0.5905064344406128,0.9848214387893677,-0.5625,15.6875,15.125,1.0
emotional_pressure_delta,14,technical_config_021,34,synthetic_technical_config,-0.578125,0.5331863164901733,1.0174107551574707,0.578125,16.65625,17.234375,1.0
emotional_pressure_delta,14,technical_feature_flag_024,35,synthetic_technical_config,-0.0625,-0.6842912435531616,1.0026785135269165,0.0625,14.71875,14.78125,1.0
emotional_pressure_delta,15,academic_attendance_019,0,synthetic_academic_rules,3.015625,0.9219028949737549,0.9147321581840515,-3.015625,15.625,12.609375,1.0
emotional_pressure_delta,15,academic_grading_018,1,synthetic_academic_rules,1.0625,2.9955201148986816,0.9705356955528259,-1.0625,14.90625,13.84375,1.0
emotional_pressure_delta,15,academic_latework_020,2,synthetic_academic_rules,0.421875,0.9478904008865356,0.9888392686843872,-0.421875,15.4375,15.015625,1.0
emotional_pressure_delta,15,academic_prereq_017,3,synthetic_academic_rules,2.125,1.490478515625,0.9401785731315613,-2.125,15.28125,13.15625,1.0
emotional_pressure_delta,15,contract_rental_029,4,synthetic_contract,0.15625,1.2764325141906738,0.9964285492897034,-0.15625,16.234375,16.078125,1.0
emotional_pressure_delta,15,contract_service_030,5,synthetic_contract,1.796875,0.2442946434020996,0.9495535492897034,-1.796875,16.09375,14.296875,1.0
emotional_pressure_delta,15,contract_ticket_032,6,synthetic_contract,0.921875,0.1238909363746643,0.9745535850524902,-0.921875,18.765625,17.84375,1.0
emotional_pressure_delta,15,contract_warranty_031,7,synthetic_contract,-1.203125,0.5753755569458008,1.0352678298950195,1.203125,17.703125,18.90625,1.0
emotional_pressure_delta,15,finance_budget_007,8,synthetic_finance,3.28125,2.8679442405700684,0.9071428775787354,-3.28125,13.234375,9.953125,1.0
emotional_pressure_delta,15,finance_coupon_006,9,synthetic_finance,1.53125,1.7940561771392822,0.9571428298950195,-1.53125,15.1875,13.65625,1.0
emotional_pressure_delta,15,finance_membership_008,10,synthetic_finance,0.171875,1.0336987972259521,0.9959821701049805,-0.171875,15.390625,15.21875,1.0
emotional_pressure_delta,15,finance_refund_005,11,synthetic_finance,3.25,1.3813849687576294,0.9080356955528259,-3.25,14.390625,11.140625,1.0
emotional_pressure_delta,15,logic_access_033,12,synthetic_logic_rules,1.171875,0.022350609302520752,0.9674107432365417,-1.171875,14.234375,13.0625,1.0
emotional_pressure_delta,15,logic_eligibility_034,13,synthetic_logic_rules,1.03125,1.846469521522522,0.9714285731315613,-1.03125,15.625,14.59375,1.0
emotional_pressure_delta,15,logic_shipping_035,14,synthetic_logic_rules,1.515625,1.9221374988555908,0.9575892686843872,-1.515625,13.5,11.984375,1.0
emotional_pressure_delta,15,logic_tournament_036,15,synthetic_logic_rules,6.25,2.7869834899902344,0.8223214149475098,-6.25,8.3125,2.0625,1.0
emotional_pressure_delta,15,policy_lab_access_002,16,synthetic_policy,-0.765625,0.054375290870666504,1.0227679014205933,0.765625,14.171875,14.9375,1.0
emotional_pressure_delta,15,policy_library_checkout_003,17,synthetic_policy,-0.296875,-1.0848335027694702,1.009374976158142,0.296875,16.578125,16.875,1.0
emotional_pressure_delta,15,policy_lunch_pass_001,18,synthetic_policy,-1.234375,-0.6886336803436279,1.0361607074737549,1.234375,14.8125,16.046875,1.0
emotional_pressure_delta,15,policy_rec_center_004,19,synthetic_policy,-2.5,0.2796393632888794,1.0723214149475098,2.5,14.21875,16.71875,1.0
emotional_pressure_delta,15,product_specs_025,20,synthetic_product_specs,0.890625,1.1209678649902344,0.9754464030265808,-0.890625,16.328125,15.4375,1.0
emotional_pressure_delta,15,product_specs_026,21,synthetic_product_specs,0.328125,-0.7508864998817444,0.9915178418159485,-0.328125,14.921875,14.59375,1.0
emotional_pressure_delta,15,product_specs_027,22,synthetic_product_specs,0.96875,0.5132664442062378,0.9732142686843872,-0.96875,16.109375,15.140625,1.0
emotional_pressure_delta,15,product_specs_028,23,synthetic_product_specs,0.828125,0.7025829553604126,0.9772321581840515,-0.828125,15.0625,14.234375,1.0
emotional_pressure_delta,15,schedule_clinic_011,24,synthetic_schedule,-0.015625,0.14545953273773193,1.001339316368103,0.015625,15.9375,15.953125,1.0
emotional_pressure_delta,15,schedule_exam_010,25,synthetic_schedule,1.078125,1.3223199844360352,0.9700892567634583,-1.078125,14.96875,13.890625,1.0
emotional_pressure_delta,15,schedule_train_009,26,synthetic_schedule,0.71875,0.8595308661460876,0.9803571701049805,-0.71875,14.625,13.90625,1.0
emotional_pressure_delta,15,schedule_workshop_012,27,synthetic_schedule,-0.265625,0.5230170488357544,1.0084820985794067,0.265625,15.484375,15.75,1.0
emotional_pressure_delta,15,science_battery_016,28,synthetic_science_text,2.625,2.7360036373138428,0.9258928298950195,-2.625,14.703125,12.078125,1.0
emotional_pressure_delta,15,science_mineral_014,29,synthetic_science_text,1.203125,2.0864522457122803,0.9665178656578064,-1.203125,13.640625,12.4375,1.0
emotional_pressure_delta,15,science_plant_013,30,synthetic_science_text,2.703125,1.4918334484100342,0.9236606955528259,-2.703125,15.359375,12.65625,1.0
emotional_pressure_delta,15,science_weather_015,31,synthetic_science_text,2.546875,2.0619823932647705,0.9281250238418579,-2.546875,12.671875,10.125,1.0
emotional_pressure_delta,15,technical_api_022,32,synthetic_technical_config,-0.203125,0.4660772681236267,1.0066964626312256,0.203125,14.140625,14.34375,1.0
emotional_pressure_delta,15,technical_backup_023,33,synthetic_technical_config,0.5625,0.539642870426178,0.9848214387893677,-0.5625,15.6875,15.125,1.0
emotional_pressure_delta,15,technical_config_021,34,synthetic_technical_config,-0.578125,0.990047037601471,1.0174107551574707,0.578125,16.65625,17.234375,1.0
emotional_pressure_delta,15,technical_feature_flag_024,35,synthetic_technical_config,-0.0625,-0.8701645135879517,1.0026785135269165,0.0625,14.71875,14.78125,1.0
emotional_pressure_delta,16,academic_attendance_019,0,synthetic_academic_rules,3.015625,0.9295946359634399,0.9147321581840515,-3.015625,15.625,12.609375,1.0
emotional_pressure_delta,16,academic_grading_018,1,synthetic_academic_rules,1.0625,2.8506920337677,0.9705356955528259,-1.0625,14.90625,13.84375,1.0
emotional_pressure_delta,16,academic_latework_020,2,synthetic_academic_rules,0.421875,1.0149400234222412,0.9888392686843872,-0.421875,15.4375,15.015625,1.0
emotional_pressure_delta,16,academic_prereq_017,3,synthetic_academic_rules,2.125,1.5480880737304688,0.9401785731315613,-2.125,15.28125,13.15625,1.0
emotional_pressure_delta,16,contract_rental_029,4,synthetic_contract,0.15625,1.0379784107208252,0.9964285492897034,-0.15625,16.234375,16.078125,1.0
emotional_pressure_delta,16,contract_service_030,5,synthetic_contract,1.796875,-0.030824005603790283,0.9495535492897034,-1.796875,16.09375,14.296875,1.0
emotional_pressure_delta,16,contract_ticket_032,6,synthetic_contract,0.921875,-0.09352517127990723,0.9745535850524902,-0.921875,18.765625,17.84375,1.0
emotional_pressure_delta,16,contract_warranty_031,7,synthetic_contract,-1.203125,1.076233983039856,1.0352678298950195,1.203125,17.703125,18.90625,1.0
emotional_pressure_delta,16,finance_budget_007,8,synthetic_finance,3.28125,3.06502366065979,0.9071428775787354,-3.28125,13.234375,9.953125,1.0
emotional_pressure_delta,16,finance_coupon_006,9,synthetic_finance,1.53125,1.6475224494934082,0.9571428298950195,-1.53125,15.1875,13.65625,1.0
emotional_pressure_delta,16,finance_membership_008,10,synthetic_finance,0.171875,0.6255549788475037,0.9959821701049805,-0.171875,15.390625,15.21875,1.0
emotional_pressure_delta,16,finance_refund_005,11,synthetic_finance,3.25,1.2862313985824585,0.9080356955528259,-3.25,14.390625,11.140625,1.0
emotional_pressure_delta,16,logic_access_033,12,synthetic_logic_rules,1.171875,-0.15317636728286743,0.9674107432365417,-1.171875,14.234375,13.0625,1.0
emotional_pressure_delta,16,logic_eligibility_034,13,synthetic_logic_rules,1.03125,2.630422353744507,0.9714285731315613,-1.03125,15.625,14.59375,1.0
emotional_pressure_delta,16,logic_shipping_035,14,synthetic_logic_rules,1.515625,2.1674561500549316,0.9575892686843872,-1.515625,13.5,11.984375,1.0
emotional_pressure_delta,16,logic_tournament_036,15,synthetic_logic_rules,6.25,1.9607174396514893,0.8223214149475098,-6.25,8.3125,2.0625,1.0
emotional_pressure_delta,16,policy_lab_access_002,16,synthetic_policy,-0.765625,0.004370689392089844,1.0227679014205933,0.765625,14.171875,14.9375,1.0
emotional_pressure_delta,16,policy_library_checkout_003,17,synthetic_policy,-0.296875,-0.8838949203491211,1.009374976158142,0.296875,16.578125,16.875,1.0
emotional_pressure_delta,16,policy_lunch_pass_001,18,synthetic_policy,-1.234375,-1.289954423904419,1.0361607074737549,1.234375,14.8125,16.046875,1.0
emotional_pressure_delta,16,policy_rec_center_004,19,synthetic_policy,-2.5,0.5439722537994385,1.0723214149475098,2.5,14.21875,16.71875,1.0
emotional_pressure_delta,16,product_specs_025,20,synthetic_product_specs,0.890625,1.6279449462890625,0.9754464030265808,-0.890625,16.328125,15.4375,1.0
emotional_pressure_delta,16,product_specs_026,21,synthetic_product_specs,0.328125,-1.0495638847351074,0.9915178418159485,-0.328125,14.921875,14.59375,1.0
emotional_pressure_delta,16,product_specs_027,22,synthetic_product_specs,0.96875,0.7334352731704712,0.9732142686843872,-0.96875,16.109375,15.140625,1.0
emotional_pressure_delta,16,product_specs_028,23,synthetic_product_specs,0.828125,0.4794863760471344,0.9772321581840515,-0.828125,15.0625,14.234375,1.0
emotional_pressure_delta,16,schedule_clinic_011,24,synthetic_schedule,-0.015625,-0.1829146146774292,1.001339316368103,0.015625,15.9375,15.953125,1.0
emotional_pressure_delta,16,schedule_exam_010,25,synthetic_schedule,1.078125,1.457741379737854,0.9700892567634583,-1.078125,14.96875,13.890625,1.0
emotional_pressure_delta,16,schedule_train_009,26,synthetic_schedule,0.71875,0.7202436923980713,0.9803571701049805,-0.71875,14.625,13.90625,1.0
emotional_pressure_delta,16,schedule_workshop_012,27,synthetic_schedule,-0.265625,0.5916866660118103,1.0084820985794067,0.265625,15.484375,15.75,1.0
emotional_pressure_delta,16,science_battery_016,28,synthetic_science_text,2.625,2.8505101203918457,0.9258928298950195,-2.625,14.703125,12.078125,1.0
emotional_pressure_delta,16,science_mineral_014,29,synthetic_science_text,1.203125,2.0747077465057373,0.9665178656578064,-1.203125,13.640625,12.4375,1.0
emotional_pressure_delta,16,science_plant_013,30,synthetic_science_text,2.703125,2.0298423767089844,0.9236606955528259,-2.703125,15.359375,12.65625,1.0
emotional_pressure_delta,16,science_weather_015,31,synthetic_science_text,2.546875,1.7171300649642944,0.9281250238418579,-2.546875,12.671875,10.125,1.0
emotional_pressure_delta,16,technical_api_022,32,synthetic_technical_config,-0.203125,0.6540906429290771,1.0066964626312256,0.203125,14.140625,14.34375,1.0
emotional_pressure_delta,16,technical_backup_023,33,synthetic_technical_config,0.5625,0.3609638810157776,0.9848214387893677,-0.5625,15.6875,15.125,1.0
emotional_pressure_delta,16,technical_config_021,34,synthetic_technical_config,-0.578125,1.482175588607788,1.0174107551574707,0.578125,16.65625,17.234375,1.0
emotional_pressure_delta,16,technical_feature_flag_024,35,synthetic_technical_config,-0.0625,-1.095460295677185,1.0026785135269165,0.0625,14.71875,14.78125,1.0
emotional_pressure_delta,17,academic_attendance_019,0,synthetic_academic_rules,3.015625,1.0470587015151978,0.9147321581840515,-3.015625,15.625,12.609375,1.0
emotional_pressure_delta,17,academic_grading_018,1,synthetic_academic_rules,1.0625,1.106290340423584,0.9705356955528259,-1.0625,14.90625,13.84375,1.0
emotional_pressure_delta,17,academic_latework_020,2,synthetic_academic_rules,0.421875,1.1008356809616089,0.9888392686843872,-0.421875,15.4375,15.015625,1.0
emotional_pressure_delta,17,academic_prereq_017,3,synthetic_academic_rules,2.125,1.5446290969848633,0.9401785731315613,-2.125,15.28125,13.15625,1.0
emotional_pressure_delta,17,contract_rental_029,4,synthetic_contract,0.15625,0.6018495559692383,0.9964285492897034,-0.15625,16.234375,16.078125,1.0
emotional_pressure_delta,17,contract_service_030,5,synthetic_contract,1.796875,0.3635297417640686,0.9495535492897034,-1.796875,16.09375,14.296875,1.0
emotional_pressure_delta,17,contract_ticket_032,6,synthetic_contract,0.921875,0.07940417528152466,0.9745535850524902,-0.921875,18.765625,17.84375,1.0
emotional_pressure_delta,17,contract_warranty_031,7,synthetic_contract,-1.203125,0.05398678779602051,1.0352678298950195,1.203125,17.703125,18.90625,1.0
emotional_pressure_delta,17,finance_budget_007,8,synthetic_finance,3.28125,1.757119059562683,0.9071428775787354,-3.28125,13.234375,9.953125,1.0
emotional_pressure_delta,17,finance_coupon_006,9,synthetic_finance,1.53125,0.8031269311904907,0.9571428298950195,-1.53125,15.1875,13.65625,1.0
emotional_pressure_delta,17,finance_membership_008,10,synthetic_finance,0.171875,0.2199420928955078,0.9959821701049805,-0.171875,15.390625,15.21875,1.0
emotional_pressure_delta,17,finance_refund_005,11,synthetic_finance,3.25,2.966064691543579,0.9080356955528259,-3.25,14.390625,11.140625,1.0
emotional_pressure_delta,17,logic_access_033,12,synthetic_logic_rules,1.171875,0.8848128914833069,0.9674107432365417,-1.171875,14.234375,13.0625,1.0
emotional_pressure_delta,17,logic_eligibility_034,13,synthetic_logic_rules,1.03125,2.283460855484009,0.9714285731315613,-1.03125,15.625,14.59375,1.0
emotional_pressure_delta,17,logic_shipping_035,14,synthetic_logic_rules,1.515625,2.7775497436523438,0.9575892686843872,-1.515625,13.5,11.984375,1.0
emotional_pressure_delta,17,logic_tournament_036,15,synthetic_logic_rules,6.25,2.5474419593811035,0.8223214149475098,-6.25,8.3125,2.0625,1.0
emotional_pressure_delta,17,policy_lab_access_002,16,synthetic_policy,-0.765625,0.9847421646118164,1.0227679014205933,0.765625,14.171875,14.9375,1.0
emotional_pressure_delta,17,policy_library_checkout_003,17,synthetic_policy,-0.296875,-0.9970165491104126,1.009374976158142,0.296875,16.578125,16.875,1.0
emotional_pressure_delta,17,policy_lunch_pass_001,18,synthetic_policy,-1.234375,-0.824815034866333,1.0361607074737549,1.234375,14.8125,16.046875,1.0
emotional_pressure_delta,17,policy_rec_center_004,19,synthetic_policy,-2.5,0.3996083736419678,1.0723214149475098,2.5,14.21875,16.71875,1.0
emotional_pressure_delta,17,product_specs_025,20,synthetic_product_specs,0.890625,0.9705910682678223,0.9754464030265808,-0.890625,16.328125,15.4375,1.0
emotional_pressure_delta,17,product_specs_026,21,synthetic_product_specs,0.328125,-0.5862695574760437,0.9915178418159485,-0.328125,14.921875,14.59375,1.0
emotional_pressure_delta,17,product_specs_027,22,synthetic_product_specs,0.96875,0.8232555389404297,0.9732142686843872,-0.96875,16.109375,15.140625,1.0
emotional_pressure_delta,17,product_specs_028,23,synthetic_product_specs,0.828125,0.6311566233634949,0.9772321581840515,-0.828125,15.0625,14.234375,1.0
emotional_pressure_delta,17,schedule_clinic_011,24,synthetic_schedule,-0.015625,-0.2175828218460083,1.001339316368103,0.015625,15.9375,15.953125,1.0
emotional_pressure_delta,17,schedule_exam_010,25,synthetic_schedule,1.078125,1.6294629573822021,0.9700892567634583,-1.078125,14.96875,13.890625,1.0
emotional_pressure_delta,17,schedule_train_009,26,synthetic_schedule,0.71875,0.4820507764816284,0.9803571701049805,-0.71875,14.625,13.90625,1.0
emotional_pressure_delta,17,schedule_workshop_012,27,synthetic_schedule,-0.265625,0.6428378224372864,1.0084820985794067,0.265625,15.484375,15.75,1.0
emotional_pressure_delta,17,science_battery_016,28,synthetic_science_text,2.625,2.834653854370117,0.9258928298950195,-2.625,14.703125,12.078125,1.0
emotional_pressure_delta,17,science_mineral_014,29,synthetic_science_text,1.203125,1.855517864227295,0.9665178656578064,-1.203125,13.640625,12.4375,1.0
emotional_pressure_delta,17,science_plant_013,30,synthetic_science_text,2.703125,2.2247366905212402,0.9236606955528259,-2.703125,15.359375,12.65625,1.0
emotional_pressure_delta,17,science_weather_015,31,synthetic_science_text,2.546875,1.9084506034851074,0.9281250238418579,-2.546875,12.671875,10.125,1.0
emotional_pressure_delta,17,technical_api_022,32,synthetic_technical_config,-0.203125,0.594078540802002,1.0066964626312256,0.203125,14.140625,14.34375,1.0
emotional_pressure_delta,17,technical_backup_023,33,synthetic_technical_config,0.5625,1.0712049007415771,0.9848214387893677,-0.5625,15.6875,15.125,1.0
emotional_pressure_delta,17,technical_config_021,34,synthetic_technical_config,-0.578125,1.0086791515350342,1.0174107551574707,0.578125,16.65625,17.234375,1.0
emotional_pressure_delta,17,technical_feature_flag_024,35,synthetic_technical_config,-0.0625,-1.1009329557418823,1.0026785135269165,0.0625,14.71875,14.78125,1.0
emotional_pressure_delta,18,academic_attendance_019,0,synthetic_academic_rules,3.015625,0.7750349044799805,0.9147321581840515,-3.015625,15.625,12.609375,1.0
emotional_pressure_delta,18,academic_grading_018,1,synthetic_academic_rules,1.0625,1.0162324905395508,0.9705356955528259,-1.0625,14.90625,13.84375,1.0
emotional_pressure_delta,18,academic_latework_020,2,synthetic_academic_rules,0.421875,1.3348321914672852,0.9888392686843872,-0.421875,15.4375,15.015625,1.0
emotional_pressure_delta,18,academic_prereq_017,3,synthetic_academic_rules,2.125,1.159142017364502,0.9401785731315613,-2.125,15.28125,13.15625,1.0
emotional_pressure_delta,18,contract_rental_029,4,synthetic_contract,0.15625,0.9190706014633179,0.9964285492897034,-0.15625,16.234375,16.078125,1.0
emotional_pressure_delta,18,contract_service_030,5,synthetic_contract,1.796875,0.12840479612350464,0.9495535492897034,-1.796875,16.09375,14.296875,1.0
emotional_pressure_delta,18,contract_ticket_032,6,synthetic_contract,0.921875,0.1995335817337036,0.9745535850524902,-0.921875,18.765625,17.84375,1.0
emotional_pressure_delta,18,contract_warranty_031,7,synthetic_contract,-1.203125,0.352067232131958,1.0352678298950195,1.203125,17.703125,18.90625,1.0
emotional_pressure_delta,18,finance_budget_007,8,synthetic_finance,3.28125,1.4973440170288086,0.9071428775787354,-3.28125,13.234375,9.953125,1.0
emotional_pressure_delta,18,finance_coupon_006,9,synthetic_finance,1.53125,1.4509137868881226,0.9571428298950195,-1.53125,15.1875,13.65625,1.0
emotional_pressure_delta,18,finance_membership_008,10,synthetic_finance,0.171875,0.1435396671295166,0.9959821701049805,-0.171875,15.390625,15.21875,1.0
emotional_pressure_delta,18,finance_refund_005,11,synthetic_finance,3.25,2.727200746536255,0.9080356955528259,-3.25,14.390625,11.140625,1.0
emotional_pressure_delta,18,logic_access_033,12,synthetic_logic_rules,1.171875,0.8914262056350708,0.9674107432365417,-1.171875,14.234375,13.0625,1.0
emotional_pressure_delta,18,logic_eligibility_034,13,synthetic_logic_rules,1.03125,2.387770414352417,0.9714285731315613,-1.03125,15.625,14.59375,1.0
emotional_pressure_delta,18,logic_shipping_035,14,synthetic_logic_rules,1.515625,2.839478015899658,0.9575892686843872,-1.515625,13.5,11.984375,1.0
emotional_pressure_delta,18,logic_tournament_036,15,synthetic_logic_rules,6.25,2.638519287109375,0.8223214149475098,-6.25,8.3125,2.0625,1.0
emotional_pressure_delta,18,policy_lab_access_002,16,synthetic_policy,-0.765625,0.8679631948471069,1.0227679014205933,0.765625,14.171875,14.9375,1.0
emotional_pressure_delta,18,policy_library_checkout_003,17,synthetic_policy,-0.296875,-0.929578423500061,1.009374976158142,0.296875,16.578125,16.875,1.0
emotional_pressure_delta,18,policy_lunch_pass_001,18,synthetic_policy,-1.234375,-0.667285680770874,1.0361607074737549,1.234375,14.8125,16.046875,1.0
emotional_pressure_delta,18,policy_rec_center_004,19,synthetic_policy,-2.5,0.15513288974761963,1.0723214149475098,2.5,14.21875,16.71875,1.0
emotional_pressure_delta,18,product_specs_025,20,synthetic_product_specs,0.890625,0.3899245858192444,0.9754464030265808,-0.890625,16.328125,15.4375,1.0
emotional_pressure_delta,18,product_specs_026,21,synthetic_product_specs,0.328125,-0.48367828130722046,0.9915178418159485,-0.328125,14.921875,14.59375,1.0
emotional_pressure_delta,18,product_specs_027,22,synthetic_product_specs,0.96875,0.7268874645233154,0.9732142686843872,-0.96875,16.109375,15.140625,1.0
emotional_pressure_delta,18,product_specs_028,23,synthetic_product_specs,0.828125,0.8964455723762512,0.9772321581840515,-0.828125,15.0625,14.234375,1.0
emotional_pressure_delta,18,schedule_clinic_011,24,synthetic_schedule,-0.015625,-1.0764721632003784,1.001339316368103,0.015625,15.9375,15.953125,1.0
emotional_pressure_delta,18,schedule_exam_010,25,synthetic_schedule,1.078125,1.2803318500518799,0.9700892567634583,-1.078125,14.96875,13.890625,1.0
emotional_pressure_delta,18,schedule_train_009,26,synthetic_schedule,0.71875,1.6308488845825195,0.9803571701049805,-0.71875,14.625,13.90625,1.0
emotional_pressure_delta,18,schedule_workshop_012,27,synthetic_schedule,-0.265625,0.91934734582901,1.0084820985794067,0.265625,15.484375,15.75,1.0
emotional_pressure_delta,18,science_battery_016,28,synthetic_science_text,2.625,3.049492835998535,0.9258928298950195,-2.625,14.703125,12.078125,1.0
emotional_pressure_delta,18,science_mineral_014,29,synthetic_science_text,1.203125,1.5063567161560059,0.9665178656578064,-1.203125,13.640625,12.4375,1.0
emotional_pressure_delta,18,science_plant_013,30,synthetic_science_text,2.703125,1.8705856800079346,0.9236606955528259,-2.703125,15.359375,12.65625,1.0
emotional_pressure_delta,18,science_weather_015,31,synthetic_science_text,2.546875,2.417679786682129,0.9281250238418579,-2.546875,12.671875,10.125,1.0
emotional_pressure_delta,18,technical_api_022,32,synthetic_technical_config,-0.203125,1.1287227869033813,1.0066964626312256,0.203125,14.140625,14.34375,1.0
emotional_pressure_delta,18,technical_backup_023,33,synthetic_technical_config,0.5625,1.2309483289718628,0.9848214387893677,-0.5625,15.6875,15.125,1.0
emotional_pressure_delta,18,technical_config_021,34,synthetic_technical_config,-0.578125,0.2136802077293396,1.0174107551574707,0.578125,16.65625,17.234375,1.0
emotional_pressure_delta,18,technical_feature_flag_024,35,synthetic_technical_config,-0.0625,-0.691868782043457,1.0026785135269165,0.0625,14.71875,14.78125,1.0
emotional_pressure_delta,19,academic_attendance_019,0,synthetic_academic_rules,3.015625,1.2993453741073608,0.9147321581840515,-3.015625,15.625,12.609375,1.0
emotional_pressure_delta,19,academic_grading_018,1,synthetic_academic_rules,1.0625,1.2992335557937622,0.9705356955528259,-1.0625,14.90625,13.84375,1.0
emotional_pressure_delta,19,academic_latework_020,2,synthetic_academic_rules,0.421875,1.7909374237060547,0.9888392686843872,-0.421875,15.4375,15.015625,1.0
emotional_pressure_delta,19,academic_prereq_017,3,synthetic_academic_rules,2.125,1.870203971862793,0.9401785731315613,-2.125,15.28125,13.15625,1.0
emotional_pressure_delta,19,contract_rental_029,4,synthetic_contract,0.15625,-0.07207256555557251,0.9964285492897034,-0.15625,16.234375,16.078125,1.0
emotional_pressure_delta,19,contract_service_030,5,synthetic_contract,1.796875,0.3853899836540222,0.9495535492897034,-1.796875,16.09375,14.296875,1.0
emotional_pressure_delta,19,contract_ticket_032,6,synthetic_contract,0.921875,0.005502462387084961,0.9745535850524902,-0.921875,18.765625,17.84375,1.0
emotional_pressure_delta,19,contract_warranty_031,7,synthetic_contract,-1.203125,1.1825177669525146,1.0352678298950195,1.203125,17.703125,18.90625,1.0
emotional_pressure_delta,19,finance_budget_007,8,synthetic_finance,3.28125,1.2654682397842407,0.9071428775787354,-3.28125,13.234375,9.953125,1.0
emotional_pressure_delta,19,finance_coupon_006,9,synthetic_finance,1.53125,1.3398792743682861,0.9571428298950195,-1.53125,15.1875,13.65625,1.0
emotional_pressure_delta,19,finance_membership_008,10,synthetic_finance,0.171875,0.2961989641189575,0.9959821701049805,-0.171875,15.390625,15.21875,1.0
emotional_pressure_delta,19,finance_refund_005,11,synthetic_finance,3.25,2.311030149459839,0.9080356955528259,-3.25,14.390625,11.140625,1.0
emotional_pressure_delta,19,logic_access_033,12,synthetic_logic_rules,1.171875,-0.1587098240852356,0.9674107432365417,-1.171875,14.234375,13.0625,1.0
emotional_pressure_delta,19,logic_eligibility_034,13,synthetic_logic_rules,1.03125,2.158872604370117,0.9714285731315613,-1.03125,15.625,14.59375,1.0
emotional_pressure_delta,19,logic_shipping_035,14,synthetic_logic_rules,1.515625,3.249483585357666,0.9575892686843872,-1.515625,13.5,11.984375,1.0
emotional_pressure_delta,19,logic_tournament_036,15,synthetic_logic_rules,6.25,2.347745895385742,0.8223214149475098,-6.25,8.3125,2.0625,1.0
emotional_pressure_delta,19,policy_lab_access_002,16,synthetic_policy,-0.765625,0.567606508731842,1.0227679014205933,0.765625,14.171875,14.9375,1.0
emotional_pressure_delta,19,policy_library_checkout_003,17,synthetic_policy,-0.296875,-0.2008039951324463,1.009374976158142,0.296875,16.578125,16.875,1.0
emotional_pressure_delta,19,policy_lunch_pass_001,18,synthetic_policy,-1.234375,-1.8393480777740479,1.0361607074737549,1.234375,14.8125,16.046875,1.0
emotional_pressure_delta,19,policy_rec_center_004,19,synthetic_policy,-2.5,-0.6672550439834595,1.0723214149475098,2.5,14.21875,16.71875,1.0
emotional_pressure_delta,19,product_specs_025,20,synthetic_product_specs,0.890625,0.5680210590362549,0.9754464030265808,-0.890625,16.328125,15.4375,1.0
emotional_pressure_delta,19,product_specs_026,21,synthetic_product_specs,0.328125,-0.35792988538742065,0.9915178418159485,-0.328125,14.921875,14.59375,1.0
emotional_pressure_delta,19,product_specs_027,22,synthetic_product_specs,0.96875,0.13858270645141602,0.9732142686843872,-0.96875,16.109375,15.140625,1.0
emotional_pressure_delta,19,product_specs_028,23,synthetic_product_specs,0.828125,0.8172552585601807,0.9772321581840515,-0.828125,15.0625,14.234375,1.0
emotional_pressure_delta,19,schedule_clinic_011,24,synthetic_schedule,-0.015625,-0.704914927482605,1.001339316368103,0.015625,15.9375,15.953125,1.0
emotional_pressure_delta,19,schedule_exam_010,25,synthetic_schedule,1.078125,0.7389513254165649,0.9700892567634583,-1.078125,14.96875,13.890625,1.0
emotional_pressure_delta,19,schedule_train_009,26,synthetic_schedule,0.71875,1.868666648864746,0.9803571701049805,-0.71875,14.625,13.90625,1.0
emotional_pressure_delta,19,schedule_workshop_012,27,synthetic_schedule,-0.265625,0.33310431241989136,1.0084820985794067,0.265625,15.484375,15.75,1.0
emotional_pressure_delta,19,science_battery_016,28,synthetic_science_text,2.625,2.479515314102173,0.9258928298950195,-2.625,14.703125,12.078125,1.0
emotional_pressure_delta,19,science_mineral_014,29,synthetic_science_text,1.203125,1.412703514099121,0.9665178656578064,-1.203125,13.640625,12.4375,1.0
emotional_pressure_delta,19,science_plant_013,30,synthetic_science_text,2.703125,2.0973217487335205,0.9236606955528259,-2.703125,15.359375,12.65625,1.0
emotional_pressure_delta,19,science_weather_015,31,synthetic_science_text,2.546875,2.9429211616516113,0.9281250238418579,-2.546875,12.671875,10.125,1.0
emotional_pressure_delta,19,technical_api_022,32,synthetic_technical_config,-0.203125,1.9682464599609375,1.0066964626312256,0.203125,14.140625,14.34375,1.0
emotional_pressure_delta,19,technical_backup_023,33,synthetic_technical_config,0.5625,0.5685603618621826,0.9848214387893677,-0.5625,15.6875,15.125,1.0
emotional_pressure_delta,19,technical_config_021,34,synthetic_technical_config,-0.578125,-0.10640811920166016,1.0174107551574707,0.578125,16.65625,17.234375,1.0
emotional_pressure_delta,19,technical_feature_flag_024,35,synthetic_technical_config,-0.0625,-0.13190722465515137,1.0026785135269165,0.0625,14.71875,14.78125,1.0
emotional_pressure_delta,20,academic_attendance_019,0,synthetic_academic_rules,3.015625,1.404215693473816,0.9147321581840515,-3.015625,15.625,12.609375,1.0
emotional_pressure_delta,20,academic_grading_018,1,synthetic_academic_rules,1.0625,0.24803203344345093,0.9705356955528259,-1.0625,14.90625,13.84375,1.0
emotional_pressure_delta,20,academic_latework_020,2,synthetic_academic_rules,0.421875,2.1985859870910645,0.9888392686843872,-0.421875,15.4375,15.015625,1.0
emotional_pressure_delta,20,academic_prereq_017,3,synthetic_academic_rules,2.125,1.7719385623931885,0.9401785731315613,-2.125,15.28125,13.15625,1.0
emotional_pressure_delta,20,contract_rental_029,4,synthetic_contract,0.15625,-0.4053308367729187,0.9964285492897034,-0.15625,16.234375,16.078125,1.0
emotional_pressure_delta,20,contract_service_030,5,synthetic_contract,1.796875,0.5778071880340576,0.9495535492897034,-1.796875,16.09375,14.296875,1.0
emotional_pressure_delta,20,contract_ticket_032,6,synthetic_contract,0.921875,-0.3062272071838379,0.9745535850524902,-0.921875,18.765625,17.84375,1.0
emotional_pressure_delta,20,contract_warranty_031,7,synthetic_contract,-1.203125,0.859856128692627,1.0352678298950195,1.203125,17.703125,18.90625,1.0
emotional_pressure_delta,20,finance_budget_007,8,synthetic_finance,3.28125,1.497430443763733,0.9071428775787354,-3.28125,13.234375,9.953125,1.0
emotional_pressure_delta,20,finance_coupon_006,9,synthetic_finance,1.53125,1.175447940826416,0.9571428298950195,-1.53125,15.1875,13.65625,1.0
emotional_pressure_delta,20,finance_membership_008,10,synthetic_finance,0.171875,0.6457794904708862,0.9959821701049805,-0.171875,15.390625,15.21875,1.0
emotional_pressure_delta,20,finance_refund_005,11,synthetic_finance,3.25,2.039123773574829,0.9080356955528259,-3.25,14.390625,11.140625,1.0
emotional_pressure_delta,20,logic_access_033,12,synthetic_logic_rules,1.171875,-0.7383350729942322,0.9674107432365417,-1.171875,14.234375,13.0625,1.0
emotional_pressure_delta,20,logic_eligibility_034,13,synthetic_logic_rules,1.03125,1.9288084506988525,0.9714285731315613,-1.03125,15.625,14.59375,1.0
emotional_pressure_delta,20,logic_shipping_035,14,synthetic_logic_rules,1.515625,2.868532657623291,0.9575892686843872,-1.515625,13.5,11.984375,1.0
emotional_pressure_delta,20,logic_tournament_036,15,synthetic_logic_rules,6.25,2.1951258182525635,0.8223214149475098,-6.25,8.3125,2.0625,1.0
emotional_pressure_delta,20,policy_lab_access_002,16,synthetic_policy,-0.765625,0.8097552061080933,1.0227679014205933,0.765625,14.171875,14.9375,1.0
emotional_pressure_delta,20,policy_library_checkout_003,17,synthetic_policy,-0.296875,-0.27740156650543213,1.009374976158142,0.296875,16.578125,16.875,1.0
emotional_pressure_delta,20,policy_lunch_pass_001,18,synthetic_policy,-1.234375,-0.6618399620056152,1.0361607074737549,1.234375,14.8125,16.046875,1.0
emotional_pressure_delta,20,policy_rec_center_004,19,synthetic_policy,-2.5,-0.3903019428253174,1.0723214149475098,2.5,14.21875,16.71875,1.0
emotional_pressure_delta,20,product_specs_025,20,synthetic_product_specs,0.890625,1.2109663486480713,0.9754464030265808,-0.890625,16.328125,15.4375,1.0
emotional_pressure_delta,20,product_specs_026,21,synthetic_product_specs,0.328125,-0.10569995641708374,0.9915178418159485,-0.328125,14.921875,14.59375,1.0
emotional_pressure_delta,20,product_specs_027,22,synthetic_product_specs,0.96875,0.08990848064422607,0.9732142686843872,-0.96875,16.109375,15.140625,1.0
emotional_pressure_delta,20,product_specs_028,23,synthetic_product_specs,0.828125,0.964718759059906,0.9772321581840515,-0.828125,15.0625,14.234375,1.0
emotional_pressure_delta,20,schedule_clinic_011,24,synthetic_schedule,-0.015625,-0.7829889059066772,1.001339316368103,0.015625,15.9375,15.953125,1.0
emotional_pressure_delta,20,schedule_exam_010,25,synthetic_schedule,1.078125,0.523646354675293,0.9700892567634583,-1.078125,14.96875,13.890625,1.0
emotional_pressure_delta,20,schedule_train_009,26,synthetic_schedule,0.71875,0.8120625019073486,0.9803571701049805,-0.71875,14.625,13.90625,1.0
emotional_pressure_delta,20,schedule_workshop_012,27,synthetic_schedule,-0.265625,0.703921914100647,1.0084820985794067,0.265625,15.484375,15.75,1.0
emotional_pressure_delta,20,science_battery_016,28,synthetic_science_text,2.625,2.3651676177978516,0.9258928298950195,-2.625,14.703125,12.078125,1.0
emotional_pressure_delta,20,science_mineral_014,29,synthetic_science_text,1.203125,1.289844274520874,0.9665178656578064,-1.203125,13.640625,12.4375,1.0
emotional_pressure_delta,20,science_plant_013,30,synthetic_science_text,2.703125,1.7392079830169678,0.9236606955528259,-2.703125,15.359375,12.65625,1.0
emotional_pressure_delta,20,science_weather_015,31,synthetic_science_text,2.546875,3.500755786895752,0.9281250238418579,-2.546875,12.671875,10.125,1.0
emotional_pressure_delta,20,technical_api_022,32,synthetic_technical_config,-0.203125,1.951568841934204,1.0066964626312256,0.203125,14.140625,14.34375,1.0
emotional_pressure_delta,20,technical_backup_023,33,synthetic_technical_config,0.5625,0.37393462657928467,0.9848214387893677,-0.5625,15.6875,15.125,1.0
emotional_pressure_delta,20,technical_config_021,34,synthetic_technical_config,-0.578125,-0.44838666915893555,1.0174107551574707,0.578125,16.65625,17.234375,1.0
emotional_pressure_delta,20,technical_feature_flag_024,35,synthetic_technical_config,-0.0625,-0.1784297227859497,1.0026785135269165,0.0625,14.71875,14.78125,1.0
emotional_pressure_delta,21,academic_attendance_019,0,synthetic_academic_rules,3.015625,1.3575435876846313,0.9147321581840515,-3.015625,15.625,12.609375,1.0
emotional_pressure_delta,21,academic_grading_018,1,synthetic_academic_rules,1.0625,0.022616565227508545,0.9705356955528259,-1.0625,14.90625,13.84375,1.0
emotional_pressure_delta,21,academic_latework_020,2,synthetic_academic_rules,0.421875,1.6097605228424072,0.9888392686843872,-0.421875,15.4375,15.015625,1.0
emotional_pressure_delta,21,academic_prereq_017,3,synthetic_academic_rules,2.125,1.762035608291626,0.9401785731315613,-2.125,15.28125,13.15625,1.0
emotional_pressure_delta,21,contract_rental_029,4,synthetic_contract,0.15625,0.11446636915206909,0.9964285492897034,-0.15625,16.234375,16.078125,1.0
emotional_pressure_delta,21,contract_service_030,5,synthetic_contract,1.796875,0.9522099494934082,0.9495535492897034,-1.796875,16.09375,14.296875,1.0
emotional_pressure_delta,21,contract_ticket_032,6,synthetic_contract,0.921875,0.010258376598358154,0.9745535850524902,-0.921875,18.765625,17.84375,1.0
emotional_pressure_delta,21,contract_warranty_031,7,synthetic_contract,-1.203125,0.31294846534729004,1.0352678298950195,1.203125,17.703125,18.90625,1.0
emotional_pressure_delta,21,finance_budget_007,8,synthetic_finance,3.28125,1.957387924194336,0.9071428775787354,-3.28125,13.234375,9.953125,1.0
emotional_pressure_delta,21,finance_coupon_006,9,synthetic_finance,1.53125,1.3040939569473267,0.9571428298950195,-1.53125,15.1875,13.65625,1.0
emotional_pressure_delta,21,finance_membership_008,10,synthetic_finance,0.171875,0.8960416913032532,0.9959821701049805,-0.171875,15.390625,15.21875,1.0
emotional_pressure_delta,21,finance_refund_005,11,synthetic_finance,3.25,1.7045066356658936,0.9080356955528259,-3.25,14.390625,11.140625,1.0
emotional_pressure_delta,21,logic_access_033,12,synthetic_logic_rules,1.171875,-0.6280115246772766,0.9674107432365417,-1.171875,14.234375,13.0625,1.0
emotional_pressure_delta,21,logic_eligibility_034,13,synthetic_logic_rules,1.03125,1.4901924133300781,0.9714285731315613,-1.03125,15.625,14.59375,1.0
emotional_pressure_delta,21,logic_shipping_035,14,synthetic_logic_rules,1.515625,2.95151424407959,0.9575892686843872,-1.515625,13.5,11.984375,1.0
emotional_pressure_delta,21,logic_tournament_036,15,synthetic_logic_rules,6.25,2.379403591156006,0.8223214149475098,-6.25,8.3125,2.0625,1.0
emotional_pressure_delta,21,policy_lab_access_002,16,synthetic_policy,-0.765625,0.05617845058441162,1.0227679014205933,0.765625,14.171875,14.9375,1.0
emotional_pressure_delta,21,policy_library_checkout_003,17,synthetic_policy,-0.296875,-0.07592594623565674,1.009374976158142,0.296875,16.578125,16.875,1.0
emotional_pressure_delta,21,policy_lunch_pass_001,18,synthetic_policy,-1.234375,-0.8415673971176147,1.0361607074737549,1.234375,14.8125,16.046875,1.0
emotional_pressure_delta,21,policy_rec_center_004,19,synthetic_policy,-2.5,-0.5732117891311646,1.0723214149475098,2.5,14.21875,16.71875,1.0
emotional_pressure_delta,21,product_specs_025,20,synthetic_product_specs,0.890625,1.1793303489685059,0.9754464030265808,-0.890625,16.328125,15.4375,1.0
emotional_pressure_delta,21,product_specs_026,21,synthetic_product_specs,0.328125,0.39289331436157227,0.9915178418159485,-0.328125,14.921875,14.59375,1.0
emotional_pressure_delta,21,product_specs_027,22,synthetic_product_specs,0.96875,0.09882265329360962,0.9732142686843872,-0.96875,16.109375,15.140625,1.0
emotional_pressure_delta,21,product_specs_028,23,synthetic_product_specs,0.828125,1.0370140075683594,0.9772321581840515,-0.828125,15.0625,14.234375,1.0
emotional_pressure_delta,21,schedule_clinic_011,24,synthetic_schedule,-0.015625,-0.6518999338150024,1.001339316368103,0.015625,15.9375,15.953125,1.0
emotional_pressure_delta,21,schedule_exam_010,25,synthetic_schedule,1.078125,0.4880911707878113,0.9700892567634583,-1.078125,14.96875,13.890625,1.0
emotional_pressure_delta,21,schedule_train_009,26,synthetic_schedule,0.71875,1.0596529245376587,0.9803571701049805,-0.71875,14.625,13.90625,1.0
emotional_pressure_delta,21,schedule_workshop_012,27,synthetic_schedule,-0.265625,-0.0749579668045044,1.0084820985794067,0.265625,15.484375,15.75,1.0
emotional_pressure_delta,21,science_battery_016,28,synthetic_science_text,2.625,1.850893497467041,0.9258928298950195,-2.625,14.703125,12.078125,1.0
emotional_pressure_delta,21,science_mineral_014,29,synthetic_science_text,1.203125,1.1209583282470703,0.9665178656578064,-1.203125,13.640625,12.4375,1.0
emotional_pressure_delta,21,science_plant_013,30,synthetic_science_text,2.703125,2.4324655532836914,0.9236606955528259,-2.703125,15.359375,12.65625,1.0
emotional_pressure_delta,21,science_weather_015,31,synthetic_science_text,2.546875,4.315105438232422,0.9281250238418579,-2.546875,12.671875,10.125,1.0
emotional_pressure_delta,21,technical_api_022,32,synthetic_technical_config,-0.203125,1.472034215927124,1.0066964626312256,0.203125,14.140625,14.34375,1.0
emotional_pressure_delta,21,technical_backup_023,33,synthetic_technical_config,0.5625,0.5130898356437683,0.9848214387893677,-0.5625,15.6875,15.125,1.0
emotional_pressure_delta,21,technical_config_021,34,synthetic_technical_config,-0.578125,-0.48514246940612793,1.0174107551574707,0.578125,16.65625,17.234375,1.0
emotional_pressure_delta,21,technical_feature_flag_024,35,synthetic_technical_config,-0.0625,-0.3481100797653198,1.0026785135269165,0.0625,14.71875,14.78125,1.0
emotional_pressure_delta,22,academic_attendance_019,0,synthetic_academic_rules,3.015625,1.4207606315612793,0.9147321581840515,-3.015625,15.625,12.609375,1.0
emotional_pressure_delta,22,academic_grading_018,1,synthetic_academic_rules,1.0625,-0.004816949367523193,0.9705356955528259,-1.0625,14.90625,13.84375,1.0
emotional_pressure_delta,22,academic_latework_020,2,synthetic_academic_rules,0.421875,1.6005914211273193,0.9888392686843872,-0.421875,15.4375,15.015625,1.0
emotional_pressure_delta,22,academic_prereq_017,3,synthetic_academic_rules,2.125,1.2552695274353027,0.9401785731315613,-2.125,15.28125,13.15625,1.0
emotional_pressure_delta,22,contract_rental_029,4,synthetic_contract,0.15625,0.12563413381576538,0.9964285492897034,-0.15625,16.234375,16.078125,1.0
emotional_pressure_delta,22,contract_service_030,5,synthetic_contract,1.796875,0.912491500377655,0.9495535492897034,-1.796875,16.09375,14.296875,1.0
emotional_pressure_delta,22,contract_ticket_032,6,synthetic_contract,0.921875,0.25430798530578613,0.9745535850524902,-0.921875,18.765625,17.84375,1.0
emotional_pressure_delta,22,contract_warranty_031,7,synthetic_contract,-1.203125,0.03990054130554199,1.0352678298950195,1.203125,17.703125,18.90625,1.0
emotional_pressure_delta,22,finance_budget_007,8,synthetic_finance,3.28125,2.1076371669769287,0.9071428775787354,-3.28125,13.234375,9.953125,1.0
emotional_pressure_delta,22,finance_coupon_006,9,synthetic_finance,1.53125,1.9818904399871826,0.9571428298950195,-1.53125,15.1875,13.65625,1.0
emotional_pressure_delta,22,finance_membership_008,10,synthetic_finance,0.171875,0.5429810285568237,0.9959821701049805,-0.171875,15.390625,15.21875,1.0
emotional_pressure_delta,22,finance_refund_005,11,synthetic_finance,3.25,1.5021402835845947,0.9080356955528259,-3.25,14.390625,11.140625,1.0
emotional_pressure_delta,22,logic_access_033,12,synthetic_logic_rules,1.171875,-0.07996755838394165,0.9674107432365417,-1.171875,14.234375,13.0625,1.0
emotional_pressure_delta,22,logic_eligibility_034,13,synthetic_logic_rules,1.03125,1.1840331554412842,0.9714285731315613,-1.03125,15.625,14.59375,1.0
emotional_pressure_delta,22,logic_shipping_035,14,synthetic_logic_rules,1.515625,3.142831325531006,0.9575892686843872,-1.515625,13.5,11.984375,1.0
emotional_pressure_delta,22,logic_tournament_036,15,synthetic_logic_rules,6.25,1.8689773082733154,0.8223214149475098,-6.25,8.3125,2.0625,1.0
emotional_pressure_delta,22,policy_lab_access_002,16,synthetic_policy,-0.765625,-0.027727961540222168,1.0227679014205933,0.765625,14.171875,14.9375,1.0
emotional_pressure_delta,22,policy_library_checkout_003,17,synthetic_policy,-0.296875,-0.14834678173065186,1.009374976158142,0.296875,16.578125,16.875,1.0
emotional_pressure_delta,22,policy_lunch_pass_001,18,synthetic_policy,-1.234375,-0.9094429016113281,1.0361607074737549,1.234375,14.8125,16.046875,1.0
emotional_pressure_delta,22,policy_rec_center_004,19,synthetic_policy,-2.5,-0.8385491371154785,1.0723214149475098,2.5,14.21875,16.71875,1.0
emotional_pressure_delta,22,product_specs_025,20,synthetic_product_specs,0.890625,1.2335433959960938,0.9754464030265808,-0.890625,16.328125,15.4375,1.0
emotional_pressure_delta,22,product_specs_026,21,synthetic_product_specs,0.328125,0.6738411784172058,0.9915178418159485,-0.328125,14.921875,14.59375,1.0
emotional_pressure_delta,22,product_specs_027,22,synthetic_product_specs,0.96875,0.2705531716346741,0.9732142686843872,-0.96875,16.109375,15.140625,1.0
emotional_pressure_delta,22,product_specs_028,23,synthetic_product_specs,0.828125,1.0944334268569946,0.9772321581840515,-0.828125,15.0625,14.234375,1.0
emotional_pressure_delta,22,schedule_clinic_011,24,synthetic_schedule,-0.015625,-0.7226160764694214,1.001339316368103,0.015625,15.9375,15.953125,1.0
emotional_pressure_delta,22,schedule_exam_010,25,synthetic_schedule,1.078125,0.5265184044837952,0.9700892567634583,-1.078125,14.96875,13.890625,1.0
emotional_pressure_delta,22,schedule_train_009,26,synthetic_schedule,0.71875,1.1339795589447021,0.9803571701049805,-0.71875,14.625,13.90625,1.0
emotional_pressure_delta,22,schedule_workshop_012,27,synthetic_schedule,-0.265625,-0.1666620969772339,1.0084820985794067,0.265625,15.484375,15.75,1.0
emotional_pressure_delta,22,science_battery_016,28,synthetic_science_text,2.625,2.4230031967163086,0.9258928298950195,-2.625,14.703125,12.078125,1.0
emotional_pressure_delta,22,science_mineral_014,29,synthetic_science_text,1.203125,0.9434733390808105,0.9665178656578064,-1.203125,13.640625,12.4375,1.0
emotional_pressure_delta,22,science_plant_013,30,synthetic_science_text,2.703125,2.0322375297546387,0.9236606955528259,-2.703125,15.359375,12.65625,1.0
emotional_pressure_delta,22,science_weather_015,31,synthetic_science_text,2.546875,4.6390461921691895,0.9281250238418579,-2.546875,12.671875,10.125,1.0
emotional_pressure_delta,22,technical_api_022,32,synthetic_technical_config,-0.203125,1.5006461143493652,1.0066964626312256,0.203125,14.140625,14.34375,1.0
emotional_pressure_delta,22,technical_backup_023,33,synthetic_technical_config,0.5625,0.597235918045044,0.9848214387893677,-0.5625,15.6875,15.125,1.0
emotional_pressure_delta,22,technical_config_021,34,synthetic_technical_config,-0.578125,-0.6418846845626831,1.0174107551574707,0.578125,16.65625,17.234375,1.0
emotional_pressure_delta,22,technical_feature_flag_024,35,synthetic_technical_config,-0.0625,-0.07040154933929443,1.0026785135269165,0.0625,14.71875,14.78125,1.0
emotional_pressure_delta,23,academic_attendance_019,0,synthetic_academic_rules,3.015625,1.3738062381744385,0.9147321581840515,-3.015625,15.625,12.609375,1.0
emotional_pressure_delta,23,academic_grading_018,1,synthetic_academic_rules,1.0625,0.2517163157463074,0.9705356955528259,-1.0625,14.90625,13.84375,1.0
emotional_pressure_delta,23,academic_latework_020,2,synthetic_academic_rules,0.421875,1.7770206928253174,0.9888392686843872,-0.421875,15.4375,15.015625,1.0
emotional_pressure_delta,23,academic_prereq_017,3,synthetic_academic_rules,2.125,1.1472489833831787,0.9401785731315613,-2.125,15.28125,13.15625,1.0
emotional_pressure_delta,23,contract_rental_029,4,synthetic_contract,0.15625,0.08204144239425659,0.9964285492897034,-0.15625,16.234375,16.078125,1.0
emotional_pressure_delta,23,contract_service_030,5,synthetic_contract,1.796875,0.8347815871238708,0.9495535492897034,-1.796875,16.09375,14.296875,1.0
emotional_pressure_delta,23,contract_ticket_032,6,synthetic_contract,0.921875,0.3387799859046936,0.9745535850524902,-0.921875,18.765625,17.84375,1.0
emotional_pressure_delta,23,contract_warranty_031,7,synthetic_contract,-1.203125,0.30077505111694336,1.0352678298950195,1.203125,17.703125,18.90625,1.0
emotional_pressure_delta,23,finance_budget_007,8,synthetic_finance,3.28125,2.4122519493103027,0.9071428775787354,-3.28125,13.234375,9.953125,1.0
emotional_pressure_delta,23,finance_coupon_006,9,synthetic_finance,1.53125,1.6138651371002197,0.9571428298950195,-1.53125,15.1875,13.65625,1.0
emotional_pressure_delta,23,finance_membership_008,10,synthetic_finance,0.171875,0.5024359226226807,0.9959821701049805,-0.171875,15.390625,15.21875,1.0
emotional_pressure_delta,23,finance_refund_005,11,synthetic_finance,3.25,1.5861568450927734,0.9080356955528259,-3.25,14.390625,11.140625,1.0
emotional_pressure_delta,23,logic_access_033,12,synthetic_logic_rules,1.171875,-0.5264963507652283,0.9674107432365417,-1.171875,14.234375,13.0625,1.0
emotional_pressure_delta,23,logic_eligibility_034,13,synthetic_logic_rules,1.03125,1.123129963874817,0.9714285731315613,-1.03125,15.625,14.59375,1.0
emotional_pressure_delta,23,logic_shipping_035,14,synthetic_logic_rules,1.515625,2.8746540546417236,0.9575892686843872,-1.515625,13.5,11.984375,1.0
emotional_pressure_delta,23,logic_tournament_036,15,synthetic_logic_rules,6.25,1.041565179824829,0.8223214149475098,-6.25,8.3125,2.0625,1.0
emotional_pressure_delta,23,policy_lab_access_002,16,synthetic_policy,-0.765625,0.05305194854736328,1.0227679014205933,0.765625,14.171875,14.9375,1.0
emotional_pressure_delta,23,policy_library_checkout_003,17,synthetic_policy,-0.296875,-0.04092538356781006,1.009374976158142,0.296875,16.578125,16.875,1.0
emotional_pressure_delta,23,policy_lunch_pass_001,18,synthetic_policy,-1.234375,-1.0455965995788574,1.0361607074737549,1.234375,14.8125,16.046875,1.0
emotional_pressure_delta,23,policy_rec_center_004,19,synthetic_policy,-2.5,-0.6676173210144043,1.0723214149475098,2.5,14.21875,16.71875,1.0
emotional_pressure_delta,23,product_specs_025,20,synthetic_product_specs,0.890625,1.1069878339767456,0.9754464030265808,-0.890625,16.328125,15.4375,1.0
emotional_pressure_delta,23,product_specs_026,21,synthetic_product_specs,0.328125,0.7635568380355835,0.9915178418159485,-0.328125,14.921875,14.59375,1.0
emotional_pressure_delta,23,product_specs_027,22,synthetic_product_specs,0.96875,0.03684002161026001,0.9732142686843872,-0.96875,16.109375,15.140625,1.0
emotional_pressure_delta,23,product_specs_028,23,synthetic_product_specs,0.828125,1.0766451358795166,0.9772321581840515,-0.828125,15.0625,14.234375,1.0
emotional_pressure_delta,23,schedule_clinic_011,24,synthetic_schedule,-0.015625,-0.935431957244873,1.001339316368103,0.015625,15.9375,15.953125,1.0
emotional_pressure_delta,23,schedule_exam_010,25,synthetic_schedule,1.078125,0.5013809204101562,0.9700892567634583,-1.078125,14.96875,13.890625,1.0
emotional_pressure_delta,23,schedule_train_009,26,synthetic_schedule,0.71875,1.0330780744552612,0.9803571701049805,-0.71875,14.625,13.90625,1.0
emotional_pressure_delta,23,schedule_workshop_012,27,synthetic_schedule,-0.265625,-0.13111162185668945,1.0084820985794067,0.265625,15.484375,15.75,1.0
emotional_pressure_delta,23,science_battery_016,28,synthetic_science_text,2.625,2.2592897415161133,0.9258928298950195,-2.625,14.703125,12.078125,1.0
emotional_pressure_delta,23,science_mineral_014,29,synthetic_science_text,1.203125,1.5259320735931396,0.9665178656578064,-1.203125,13.640625,12.4375,1.0
emotional_pressure_delta,23,science_plant_013,30,synthetic_science_text,2.703125,2.0769665241241455,0.9236606955528259,-2.703125,15.359375,12.65625,1.0
emotional_pressure_delta,23,science_weather_015,31,synthetic_science_text,2.546875,4.69350004196167,0.9281250238418579,-2.546875,12.671875,10.125,1.0
emotional_pressure_delta,23,technical_api_022,32,synthetic_technical_config,-0.203125,1.536177158355713,1.0066964626312256,0.203125,14.140625,14.34375,1.0
emotional_pressure_delta,23,technical_backup_023,33,synthetic_technical_config,0.5625,0.6570407748222351,0.9848214387893677,-0.5625,15.6875,15.125,1.0
emotional_pressure_delta,23,technical_config_021,34,synthetic_technical_config,-0.578125,-0.7255282402038574,1.0174107551574707,0.578125,16.65625,17.234375,1.0
emotional_pressure_delta,23,technical_feature_flag_024,35,synthetic_technical_config,-0.0625,0.07248401641845703,1.0026785135269165,0.0625,14.71875,14.78125,1.0
emotional_pressure_delta,24,academic_attendance_019,0,synthetic_academic_rules,3.015625,1.623089075088501,0.9147321581840515,-3.015625,15.625,12.609375,1.0
emotional_pressure_delta,24,academic_grading_018,1,synthetic_academic_rules,1.0625,0.02811717987060547,0.9705356955528259,-1.0625,14.90625,13.84375,1.0
emotional_pressure_delta,24,academic_latework_020,2,synthetic_academic_rules,0.421875,2.017392873764038,0.9888392686843872,-0.421875,15.4375,15.015625,1.0
emotional_pressure_delta,24,academic_prereq_017,3,synthetic_academic_rules,2.125,1.6674110889434814,0.9401785731315613,-2.125,15.28125,13.15625,1.0
emotional_pressure_delta,24,contract_rental_029,4,synthetic_contract,0.15625,-0.242803156375885,0.9964285492897034,-0.15625,16.234375,16.078125,1.0
emotional_pressure_delta,24,contract_service_030,5,synthetic_contract,1.796875,0.8064320087432861,0.9495535492897034,-1.796875,16.09375,14.296875,1.0
emotional_pressure_delta,24,contract_ticket_032,6,synthetic_contract,0.921875,0.5783849358558655,0.9745535850524902,-0.921875,18.765625,17.84375,1.0
emotional_pressure_delta,24,contract_warranty_031,7,synthetic_contract,-1.203125,0.40502893924713135,1.0352678298950195,1.203125,17.703125,18.90625,1.0
emotional_pressure_delta,24,finance_budget_007,8,synthetic_finance,3.28125,2.8899989128112793,0.9071428775787354,-3.28125,13.234375,9.953125,1.0
emotional_pressure_delta,24,finance_coupon_006,9,synthetic_finance,1.53125,1.1960792541503906,0.9571428298950195,-1.53125,15.1875,13.65625,1.0
emotional_pressure_delta,24,finance_membership_008,10,synthetic_finance,0.171875,0.14980638027191162,0.9959821701049805,-0.171875,15.390625,15.21875,1.0
emotional_pressure_delta,24,finance_refund_005,11,synthetic_finance,3.25,1.3228356838226318,0.9080356955528259,-3.25,14.390625,11.140625,1.0
emotional_pressure_delta,24,logic_access_033,12,synthetic_logic_rules,1.171875,-0.5014432072639465,0.9674107432365417,-1.171875,14.234375,13.0625,1.0
emotional_pressure_delta,24,logic_eligibility_034,13,synthetic_logic_rules,1.03125,1.3694438934326172,0.9714285731315613,-1.03125,15.625,14.59375,1.0
emotional_pressure_delta,24,logic_shipping_035,14,synthetic_logic_rules,1.515625,2.768996477127075,0.9575892686843872,-1.515625,13.5,11.984375,1.0
emotional_pressure_delta,24,logic_tournament_036,15,synthetic_logic_rules,6.25,1.0926132202148438,0.8223214149475098,-6.25,8.3125,2.0625,1.0
emotional_pressure_delta,24,policy_lab_access_002,16,synthetic_policy,-0.765625,0.2515244483947754,1.0227679014205933,0.765625,14.171875,14.9375,1.0
emotional_pressure_delta,24,policy_library_checkout_003,17,synthetic_policy,-0.296875,-0.22192776203155518,1.009374976158142,0.296875,16.578125,16.875,1.0
emotional_pressure_delta,24,policy_lunch_pass_001,18,synthetic_policy,-1.234375,-0.9744851589202881,1.0361607074737549,1.234375,14.8125,16.046875,1.0
emotional_pressure_delta,24,policy_rec_center_004,19,synthetic_policy,-2.5,-0.5536601543426514,1.0723214149475098,2.5,14.21875,16.71875,1.0
emotional_pressure_delta,24,product_specs_025,20,synthetic_product_specs,0.890625,1.1253552436828613,0.9754464030265808,-0.890625,16.328125,15.4375,1.0
emotional_pressure_delta,24,product_specs_026,21,synthetic_product_specs,0.328125,1.2727774381637573,0.9915178418159485,-0.328125,14.921875,14.59375,1.0
emotional_pressure_delta,24,product_specs_027,22,synthetic_product_specs,0.96875,0.08672976493835449,0.9732142686843872,-0.96875,16.109375,15.140625,1.0
emotional_pressure_delta,24,product_specs_028,23,synthetic_product_specs,0.828125,0.5332083702087402,0.9772321581840515,-0.828125,15.0625,14.234375,1.0
emotional_pressure_delta,24,schedule_clinic_011,24,synthetic_schedule,-0.015625,-0.7443403005599976,1.001339316368103,0.015625,15.9375,15.953125,1.0
emotional_pressure_delta,24,schedule_exam_010,25,synthetic_schedule,1.078125,0.423667311668396,0.9700892567634583,-1.078125,14.96875,13.890625,1.0
emotional_pressure_delta,24,schedule_train_009,26,synthetic_schedule,0.71875,0.9258745312690735,0.9803571701049805,-0.71875,14.625,13.90625,1.0
emotional_pressure_delta,24,schedule_workshop_012,27,synthetic_schedule,-0.265625,-0.04458749294281006,1.0084820985794067,0.265625,15.484375,15.75,1.0
emotional_pressure_delta,24,science_battery_016,28,synthetic_science_text,2.625,2.2887766361236572,0.9258928298950195,-2.625,14.703125,12.078125,1.0
emotional_pressure_delta,24,science_mineral_014,29,synthetic_science_text,1.203125,1.9597089290618896,0.9665178656578064,-1.203125,13.640625,12.4375,1.0
emotional_pressure_delta,24,science_plant_013,30,synthetic_science_text,2.703125,1.6992332935333252,0.9236606955528259,-2.703125,15.359375,12.65625,1.0
emotional_pressure_delta,24,science_weather_015,31,synthetic_science_text,2.546875,4.135519504547119,0.9281250238418579,-2.546875,12.671875,10.125,1.0
emotional_pressure_delta,24,technical_api_022,32,synthetic_technical_config,-0.203125,1.345220923423767,1.0066964626312256,0.203125,14.140625,14.34375,1.0
emotional_pressure_delta,24,technical_backup_023,33,synthetic_technical_config,0.5625,0.5692883133888245,0.9848214387893677,-0.5625,15.6875,15.125,1.0
emotional_pressure_delta,24,technical_config_021,34,synthetic_technical_config,-0.578125,-0.7979201078414917,1.0174107551574707,0.578125,16.65625,17.234375,1.0
emotional_pressure_delta,24,technical_feature_flag_024,35,synthetic_technical_config,-0.0625,-0.33385276794433594,1.0026785135269165,0.0625,14.71875,14.78125,1.0
emotional_pressure_delta,25,academic_attendance_019,0,synthetic_academic_rules,3.015625,1.6623623371124268,0.9147321581840515,-3.015625,15.625,12.609375,1.0
emotional_pressure_delta,25,academic_grading_018,1,synthetic_academic_rules,1.0625,-0.022752463817596436,0.9705356955528259,-1.0625,14.90625,13.84375,1.0
emotional_pressure_delta,25,academic_latework_020,2,synthetic_academic_rules,0.421875,1.9666578769683838,0.9888392686843872,-0.421875,15.4375,15.015625,1.0
emotional_pressure_delta,25,academic_prereq_017,3,synthetic_academic_rules,2.125,1.6757802963256836,0.9401785731315613,-2.125,15.28125,13.15625,1.0
emotional_pressure_delta,25,contract_rental_029,4,synthetic_contract,0.15625,-0.1807348132133484,0.9964285492897034,-0.15625,16.234375,16.078125,1.0
emotional_pressure_delta,25,contract_service_030,5,synthetic_contract,1.796875,0.8061098456382751,0.9495535492897034,-1.796875,16.09375,14.296875,1.0
emotional_pressure_delta,25,contract_ticket_032,6,synthetic_contract,0.921875,0.5922108888626099,0.9745535850524902,-0.921875,18.765625,17.84375,1.0
emotional_pressure_delta,25,contract_warranty_031,7,synthetic_contract,-1.203125,0.3268565535545349,1.0352678298950195,1.203125,17.703125,18.90625,1.0
emotional_pressure_delta,25,finance_budget_007,8,synthetic_finance,3.28125,2.8354148864746094,0.9071428775787354,-3.28125,13.234375,9.953125,1.0
emotional_pressure_delta,25,finance_coupon_006,9,synthetic_finance,1.53125,1.3735214471817017,0.9571428298950195,-1.53125,15.1875,13.65625,1.0
emotional_pressure_delta,25,finance_membership_008,10,synthetic_finance,0.171875,0.18521231412887573,0.9959821701049805,-0.171875,15.390625,15.21875,1.0
emotional_pressure_delta,25,finance_refund_005,11,synthetic_finance,3.25,1.6161141395568848,0.9080356955528259,-3.25,14.390625,11.140625,1.0
emotional_pressure_delta,25,logic_access_033,12,synthetic_logic_rules,1.171875,-0.37542062997817993,0.9674107432365417,-1.171875,14.234375,13.0625,1.0
emotional_pressure_delta,25,logic_eligibility_034,13,synthetic_logic_rules,1.03125,1.31819486618042,0.9714285731315613,-1.03125,15.625,14.59375,1.0
emotional_pressure_delta,25,logic_shipping_035,14,synthetic_logic_rules,1.515625,2.5158238410949707,0.9575892686843872,-1.515625,13.5,11.984375,1.0
emotional_pressure_delta,25,logic_tournament_036,15,synthetic_logic_rules,6.25,1.4509867429733276,0.8223214149475098,-6.25,8.3125,2.0625,1.0
emotional_pressure_delta,25,policy_lab_access_002,16,synthetic_policy,-0.765625,0.21166908740997314,1.0227679014205933,0.765625,14.171875,14.9375,1.0
emotional_pressure_delta,25,policy_library_checkout_003,17,synthetic_policy,-0.296875,-0.2646641731262207,1.009374976158142,0.296875,16.578125,16.875,1.0
emotional_pressure_delta,25,policy_lunch_pass_001,18,synthetic_policy,-1.234375,-0.9736535549163818,1.0361607074737549,1.234375,14.8125,16.046875,1.0
emotional_pressure_delta,25,policy_rec_center_004,19,synthetic_policy,-2.5,-0.7636446952819824,1.0723214149475098,2.5,14.21875,16.71875,1.0
emotional_pressure_delta,25,product_specs_025,20,synthetic_product_specs,0.890625,0.9924029111862183,0.9754464030265808,-0.890625,16.328125,15.4375,1.0
emotional_pressure_delta,25,product_specs_026,21,synthetic_product_specs,0.328125,1.2514686584472656,0.9915178418159485,-0.328125,14.921875,14.59375,1.0
emotional_pressure_delta,25,product_specs_027,22,synthetic_product_specs,0.96875,0.16919374465942383,0.9732142686843872,-0.96875,16.109375,15.140625,1.0
emotional_pressure_delta,25,product_specs_028,23,synthetic_product_specs,0.828125,0.5197421312332153,0.9772321581840515,-0.828125,15.0625,14.234375,1.0
emotional_pressure_delta,25,schedule_clinic_011,24,synthetic_schedule,-0.015625,-0.783779501914978,1.001339316368103,0.015625,15.9375,15.953125,1.0
emotional_pressure_delta,25,schedule_exam_010,25,synthetic_schedule,1.078125,0.5450924038887024,0.9700892567634583,-1.078125,14.96875,13.890625,1.0
emotional_pressure_delta,25,schedule_train_009,26,synthetic_schedule,0.71875,1.109593152999878,0.9803571701049805,-0.71875,14.625,13.90625,1.0
emotional_pressure_delta,25,schedule_workshop_012,27,synthetic_schedule,-0.265625,-0.07005906105041504,1.0084820985794067,0.265625,15.484375,15.75,1.0
emotional_pressure_delta,25,science_battery_016,28,synthetic_science_text,2.625,2.280667304992676,0.9258928298950195,-2.625,14.703125,12.078125,1.0
emotional_pressure_delta,25,science_mineral_014,29,synthetic_science_text,1.203125,2.058899164199829,0.9665178656578064,-1.203125,13.640625,12.4375,1.0
emotional_pressure_delta,25,science_plant_013,30,synthetic_science_text,2.703125,1.8087658882141113,0.9236606955528259,-2.703125,15.359375,12.65625,1.0
emotional_pressure_delta,25,science_weather_015,31,synthetic_science_text,2.546875,4.259305953979492,0.9281250238418579,-2.546875,12.671875,10.125,1.0
emotional_pressure_delta,25,technical_api_022,32,synthetic_technical_config,-0.203125,0.9549227356910706,1.0066964626312256,0.203125,14.140625,14.34375,1.0
emotional_pressure_delta,25,technical_backup_023,33,synthetic_technical_config,0.5625,0.33608579635620117,0.9848214387893677,-0.5625,15.6875,15.125,1.0
emotional_pressure_delta,25,technical_config_021,34,synthetic_technical_config,-0.578125,-0.748443603515625,1.0174107551574707,0.578125,16.65625,17.234375,1.0
emotional_pressure_delta,25,technical_feature_flag_024,35,synthetic_technical_config,-0.0625,-0.22466206550598145,1.0026785135269165,0.0625,14.71875,14.78125,1.0
emotional_pressure_delta,26,academic_attendance_019,0,synthetic_academic_rules,3.015625,1.9152145385742188,0.9147321581840515,-3.015625,15.625,12.609375,1.0
emotional_pressure_delta,26,academic_grading_018,1,synthetic_academic_rules,1.0625,0.044241249561309814,0.9705356955528259,-1.0625,14.90625,13.84375,1.0
emotional_pressure_delta,26,academic_latework_020,2,synthetic_academic_rules,0.421875,2.1765451431274414,0.9888392686843872,-0.421875,15.4375,15.015625,1.0
emotional_pressure_delta,26,academic_prereq_017,3,synthetic_academic_rules,2.125,1.7147397994995117,0.9401785731315613,-2.125,15.28125,13.15625,1.0
emotional_pressure_delta,26,contract_rental_029,4,synthetic_contract,0.15625,-0.16703146696090698,0.9964285492897034,-0.15625,16.234375,16.078125,1.0
emotional_pressure_delta,26,contract_service_030,5,synthetic_contract,1.796875,0.9424551129341125,0.9495535492897034,-1.796875,16.09375,14.296875,1.0
emotional_pressure_delta,26,contract_ticket_032,6,synthetic_contract,0.921875,0.3259018659591675,0.9745535850524902,-0.921875,18.765625,17.84375,1.0
emotional_pressure_delta,26,contract_warranty_031,7,synthetic_contract,-1.203125,0.34066200256347656,1.0352678298950195,1.203125,17.703125,18.90625,1.0
emotional_pressure_delta,26,finance_budget_007,8,synthetic_finance,3.28125,2.970963716506958,0.9071428775787354,-3.28125,13.234375,9.953125,1.0
emotional_pressure_delta,26,finance_coupon_006,9,synthetic_finance,1.53125,1.1647297143936157,0.9571428298950195,-1.53125,15.1875,13.65625,1.0
emotional_pressure_delta,26,finance_membership_008,10,synthetic_finance,0.171875,0.20810478925704956,0.9959821701049805,-0.171875,15.390625,15.21875,1.0
emotional_pressure_delta,26,finance_refund_005,11,synthetic_finance,3.25,1.969576358795166,0.9080356955528259,-3.25,14.390625,11.140625,1.0
emotional_pressure_delta,26,logic_access_033,12,synthetic_logic_rules,1.171875,0.11603540182113647,0.9674107432365417,-1.171875,14.234375,13.0625,1.0
emotional_pressure_delta,26,logic_eligibility_034,13,synthetic_logic_rules,1.03125,1.3303020000457764,0.9714285731315613,-1.03125,15.625,14.59375,1.0
emotional_pressure_delta,26,logic_shipping_035,14,synthetic_logic_rules,1.515625,2.342848777770996,0.9575892686843872,-1.515625,13.5,11.984375,1.0
emotional_pressure_delta,26,logic_tournament_036,15,synthetic_logic_rules,6.25,1.8725755214691162,0.8223214149475098,-6.25,8.3125,2.0625,1.0
emotional_pressure_delta,26,policy_lab_access_002,16,synthetic_policy,-0.765625,-0.09304988384246826,1.0227679014205933,0.765625,14.171875,14.9375,1.0
emotional_pressure_delta,26,policy_library_checkout_003,17,synthetic_policy,-0.296875,-0.2966419458389282,1.009374976158142,0.296875,16.578125,16.875,1.0
emotional_pressure_delta,26,policy_lunch_pass_001,18,synthetic_policy,-1.234375,-1.1094691753387451,1.0361607074737549,1.234375,14.8125,16.046875,1.0
emotional_pressure_delta,26,policy_rec_center_004,19,synthetic_policy,-2.5,-0.5878335237503052,1.0723214149475098,2.5,14.21875,16.71875,1.0
emotional_pressure_delta,26,product_specs_025,20,synthetic_product_specs,0.890625,0.806122899055481,0.9754464030265808,-0.890625,16.328125,15.4375,1.0
emotional_pressure_delta,26,product_specs_026,21,synthetic_product_specs,0.328125,1.0393418073654175,0.9915178418159485,-0.328125,14.921875,14.59375,1.0
emotional_pressure_delta,26,product_specs_027,22,synthetic_product_specs,0.96875,0.21865975856781006,0.9732142686843872,-0.96875,16.109375,15.140625,1.0
emotional_pressure_delta,26,product_specs_028,23,synthetic_product_specs,0.828125,0.27207744121551514,0.9772321581840515,-0.828125,15.0625,14.234375,1.0
emotional_pressure_delta,26,schedule_clinic_011,24,synthetic_schedule,-0.015625,-0.7849805355072021,1.001339316368103,0.015625,15.9375,15.953125,1.0
emotional_pressure_delta,26,schedule_exam_010,25,synthetic_schedule,1.078125,0.5459697246551514,0.9700892567634583,-1.078125,14.96875,13.890625,1.0
emotional_pressure_delta,26,schedule_train_009,26,synthetic_schedule,0.71875,1.25439453125,0.9803571701049805,-0.71875,14.625,13.90625,1.0
emotional_pressure_delta,26,schedule_workshop_012,27,synthetic_schedule,-0.265625,0.15781879425048828,1.0084820985794067,0.265625,15.484375,15.75,1.0
emotional_pressure_delta,26,science_battery_016,28,synthetic_science_text,2.625,2.257596969604492,0.9258928298950195,-2.625,14.703125,12.078125,1.0
emotional_pressure_delta,26,science_mineral_014,29,synthetic_science_text,1.203125,1.6118321418762207,0.9665178656578064,-1.203125,13.640625,12.4375,1.0
emotional_pressure_delta,26,science_plant_013,30,synthetic_science_text,2.703125,2.1000852584838867,0.9236606955528259,-2.703125,15.359375,12.65625,1.0
emotional_pressure_delta,26,science_weather_015,31,synthetic_science_text,2.546875,3.8354392051696777,0.9281250238418579,-2.546875,12.671875,10.125,1.0
emotional_pressure_delta,26,technical_api_022,32,synthetic_technical_config,-0.203125,1.107290506362915,1.0066964626312256,0.203125,14.140625,14.34375,1.0
emotional_pressure_delta,26,technical_backup_023,33,synthetic_technical_config,0.5625,0.21429312229156494,0.9848214387893677,-0.5625,15.6875,15.125,1.0
emotional_pressure_delta,26,technical_config_021,34,synthetic_technical_config,-0.578125,-0.7325011491775513,1.0174107551574707,0.578125,16.65625,17.234375,1.0
emotional_pressure_delta,26,technical_feature_flag_024,35,synthetic_technical_config,-0.0625,0.05956059694290161,1.0026785135269165,0.0625,14.71875,14.78125,1.0
emotional_pressure_delta,27,academic_attendance_019,0,synthetic_academic_rules,3.015625,1.8265726566314697,0.9147321581840515,-3.015625,15.625,12.609375,1.0
emotional_pressure_delta,27,academic_grading_018,1,synthetic_academic_rules,1.0625,-0.035694658756256104,0.9705356955528259,-1.0625,14.90625,13.84375,1.0
emotional_pressure_delta,27,academic_latework_020,2,synthetic_academic_rules,0.421875,2.31026029586792,0.9888392686843872,-0.421875,15.4375,15.015625,1.0
emotional_pressure_delta,27,academic_prereq_017,3,synthetic_academic_rules,2.125,1.166579008102417,0.9401785731315613,-2.125,15.28125,13.15625,1.0
emotional_pressure_delta,27,contract_rental_029,4,synthetic_contract,0.15625,-0.129705011844635,0.9964285492897034,-0.15625,16.234375,16.078125,1.0
emotional_pressure_delta,27,contract_service_030,5,synthetic_contract,1.796875,0.8421055674552917,0.9495535492897034,-1.796875,16.09375,14.296875,1.0
emotional_pressure_delta,27,contract_ticket_032,6,synthetic_contract,0.921875,0.31621670722961426,0.9745535850524902,-0.921875,18.765625,17.84375,1.0
emotional_pressure_delta,27,contract_warranty_031,7,synthetic_contract,-1.203125,0.25018274784088135,1.0352678298950195,1.203125,17.703125,18.90625,1.0
emotional_pressure_delta,27,finance_budget_007,8,synthetic_finance,3.28125,2.823639392852783,0.9071428775787354,-3.28125,13.234375,9.953125,1.0
emotional_pressure_delta,27,finance_coupon_006,9,synthetic_finance,1.53125,1.4021334648132324,0.9571428298950195,-1.53125,15.1875,13.65625,1.0
emotional_pressure_delta,27,finance_membership_008,10,synthetic_finance,0.171875,0.29252707958221436,0.9959821701049805,-0.171875,15.390625,15.21875,1.0
emotional_pressure_delta,27,finance_refund_005,11,synthetic_finance,3.25,1.9663732051849365,0.9080356955528259,-3.25,14.390625,11.140625,1.0
emotional_pressure_delta,27,logic_access_033,12,synthetic_logic_rules,1.171875,0.2173662781715393,0.9674107432365417,-1.171875,14.234375,13.0625,1.0
emotional_pressure_delta,27,logic_eligibility_034,13,synthetic_logic_rules,1.03125,1.2161401510238647,0.9714285731315613,-1.03125,15.625,14.59375,1.0
emotional_pressure_delta,27,logic_shipping_035,14,synthetic_logic_rules,1.515625,2.4572386741638184,0.9575892686843872,-1.515625,13.5,11.984375,1.0
emotional_pressure_delta,27,logic_tournament_036,15,synthetic_logic_rules,6.25,1.9513609409332275,0.8223214149475098,-6.25,8.3125,2.0625,1.0
emotional_pressure_delta,27,policy_lab_access_002,16,synthetic_policy,-0.765625,-0.20160996913909912,1.0227679014205933,0.765625,14.171875,14.9375,1.0
emotional_pressure_delta,27,policy_library_checkout_003,17,synthetic_policy,-0.296875,-0.2564023733139038,1.009374976158142,0.296875,16.578125,16.875,1.0
emotional_pressure_delta,27,policy_lunch_pass_001,18,synthetic_policy,-1.234375,-1.0441901683807373,1.0361607074737549,1.234375,14.8125,16.046875,1.0
emotional_pressure_delta,27,policy_rec_center_004,19,synthetic_policy,-2.5,-0.6024502515792847,1.0723214149475098,2.5,14.21875,16.71875,1.0
emotional_pressure_delta,27,product_specs_025,20,synthetic_product_specs,0.890625,0.9537181854248047,0.9754464030265808,-0.890625,16.328125,15.4375,1.0
emotional_pressure_delta,27,product_specs_026,21,synthetic_product_specs,0.328125,1.0005428791046143,0.9915178418159485,-0.328125,14.921875,14.59375,1.0
emotional_pressure_delta,27,product_specs_027,22,synthetic_product_specs,0.96875,0.0787041187286377,0.9732142686843872,-0.96875,16.109375,15.140625,1.0
emotional_pressure_delta,27,product_specs_028,23,synthetic_product_specs,0.828125,0.17348957061767578,0.9772321581840515,-0.828125,15.0625,14.234375,1.0
emotional_pressure_delta,27,schedule_clinic_011,24,synthetic_schedule,-0.015625,-0.746275782585144,1.001339316368103,0.015625,15.9375,15.953125,1.0
emotional_pressure_delta,27,schedule_exam_010,25,synthetic_schedule,1.078125,0.35937434434890747,0.9700892567634583,-1.078125,14.96875,13.890625,1.0
emotional_pressure_delta,27,schedule_train_009,26,synthetic_schedule,0.71875,1.2874419689178467,0.9803571701049805,-0.71875,14.625,13.90625,1.0
emotional_pressure_delta,27,schedule_workshop_012,27,synthetic_schedule,-0.265625,0.2338109016418457,1.0084820985794067,0.265625,15.484375,15.75,1.0
emotional_pressure_delta,27,science_battery_016,28,synthetic_science_text,2.625,2.086778402328491,0.9258928298950195,-2.625,14.703125,12.078125,1.0
emotional_pressure_delta,27,science_mineral_014,29,synthetic_science_text,1.203125,1.8569080829620361,0.9665178656578064,-1.203125,13.640625,12.4375,1.0
emotional_pressure_delta,27,science_plant_013,30,synthetic_science_text,2.703125,2.2067463397979736,0.9236606955528259,-2.703125,15.359375,12.65625,1.0
emotional_pressure_delta,27,science_weather_015,31,synthetic_science_text,2.546875,3.697938919067383,0.9281250238418579,-2.546875,12.671875,10.125,1.0
emotional_pressure_delta,27,technical_api_022,32,synthetic_technical_config,-0.203125,0.8822853565216064,1.0066964626312256,0.203125,14.140625,14.34375,1.0
emotional_pressure_delta,27,technical_backup_023,33,synthetic_technical_config,0.5625,0.1579691767692566,0.9848214387893677,-0.5625,15.6875,15.125,1.0
emotional_pressure_delta,27,technical_config_021,34,synthetic_technical_config,-0.578125,-0.7549898624420166,1.0174107551574707,0.578125,16.65625,17.234375,1.0
emotional_pressure_delta,27,technical_feature_flag_024,35,synthetic_technical_config,-0.0625,0.11861395835876465,1.0026785135269165,0.0625,14.71875,14.78125,1.0
emotional_pressure_delta,28,academic_attendance_019,0,synthetic_academic_rules,3.015625,1.7374826669692993,0.9147321581840515,-3.015625,15.625,12.609375,1.0
emotional_pressure_delta,28,academic_grading_018,1,synthetic_academic_rules,1.0625,-0.05497819185256958,0.9705356955528259,-1.0625,14.90625,13.84375,1.0
emotional_pressure_delta,28,academic_latework_020,2,synthetic_academic_rules,0.421875,2.4396486282348633,0.9888392686843872,-0.421875,15.4375,15.015625,1.0
emotional_pressure_delta,28,academic_prereq_017,3,synthetic_academic_rules,2.125,1.1271839141845703,0.9401785731315613,-2.125,15.28125,13.15625,1.0
emotional_pressure_delta,28,contract_rental_029,4,synthetic_contract,0.15625,-0.25445419549942017,0.9964285492897034,-0.15625,16.234375,16.078125,1.0
emotional_pressure_delta,28,contract_service_030,5,synthetic_contract,1.796875,0.8889638185501099,0.9495535492897034,-1.796875,16.09375,14.296875,1.0
emotional_pressure_delta,28,contract_ticket_032,6,synthetic_contract,0.921875,0.2735089063644409,0.9745535850524902,-0.921875,18.765625,17.84375,1.0
emotional_pressure_delta,28,contract_warranty_031,7,synthetic_contract,-1.203125,0.2170708179473877,1.0352678298950195,1.203125,17.703125,18.90625,1.0
emotional_pressure_delta,28,finance_budget_007,8,synthetic_finance,3.28125,2.7085494995117188,0.9071428775787354,-3.28125,13.234375,9.953125,1.0
emotional_pressure_delta,28,finance_coupon_006,9,synthetic_finance,1.53125,1.635160207748413,0.9571428298950195,-1.53125,15.1875,13.65625,1.0
emotional_pressure_delta,28,finance_membership_008,10,synthetic_finance,0.171875,0.34447181224823,0.9959821701049805,-0.171875,15.390625,15.21875,1.0
emotional_pressure_delta,28,finance_refund_005,11,synthetic_finance,3.25,1.7584540843963623,0.9080356955528259,-3.25,14.390625,11.140625,1.0
emotional_pressure_delta,28,logic_access_033,12,synthetic_logic_rules,1.171875,0.53071129322052,0.9674107432365417,-1.171875,14.234375,13.0625,1.0
emotional_pressure_delta,28,logic_eligibility_034,13,synthetic_logic_rules,1.03125,1.4491664171218872,0.9714285731315613,-1.03125,15.625,14.59375,1.0
emotional_pressure_delta,28,logic_shipping_035,14,synthetic_logic_rules,1.515625,2.4900784492492676,0.9575892686843872,-1.515625,13.5,11.984375,1.0
emotional_pressure_delta,28,logic_tournament_036,15,synthetic_logic_rules,6.25,2.2068710327148438,0.8223214149475098,-6.25,8.3125,2.0625,1.0
emotional_pressure_delta,28,policy_lab_access_002,16,synthetic_policy,-0.765625,-0.2309492826461792,1.0227679014205933,0.765625,14.171875,14.9375,1.0
emotional_pressure_delta,28,policy_library_checkout_003,17,synthetic_policy,-0.296875,-0.2775692939758301,1.009374976158142,0.296875,16.578125,16.875,1.0
emotional_pressure_delta,28,policy_lunch_pass_001,18,synthetic_policy,-1.234375,-0.9513564109802246,1.0361607074737549,1.234375,14.8125,16.046875,1.0
emotional_pressure_delta,28,policy_rec_center_004,19,synthetic_policy,-2.5,-0.740626335144043,1.0723214149475098,2.5,14.21875,16.71875,1.0
emotional_pressure_delta,28,product_specs_025,20,synthetic_product_specs,0.890625,0.872783362865448,0.9754464030265808,-0.890625,16.328125,15.4375,1.0
emotional_pressure_delta,28,product_specs_026,21,synthetic_product_specs,0.328125,1.0550870895385742,0.9915178418159485,-0.328125,14.921875,14.59375,1.0
emotional_pressure_delta,28,product_specs_027,22,synthetic_product_specs,0.96875,0.1914827823638916,0.9732142686843872,-0.96875,16.109375,15.140625,1.0
emotional_pressure_delta,28,product_specs_028,23,synthetic_product_specs,0.828125,-0.09578448534011841,0.9772321581840515,-0.828125,15.0625,14.234375,1.0
emotional_pressure_delta,28,schedule_clinic_011,24,synthetic_schedule,-0.015625,-0.7617131471633911,1.001339316368103,0.015625,15.9375,15.953125,1.0
emotional_pressure_delta,28,schedule_exam_010,25,synthetic_schedule,1.078125,0.3193381428718567,0.9700892567634583,-1.078125,14.96875,13.890625,1.0
emotional_pressure_delta,28,schedule_train_009,26,synthetic_schedule,0.71875,1.1552307605743408,0.9803571701049805,-0.71875,14.625,13.90625,1.0
emotional_pressure_delta,28,schedule_workshop_012,27,synthetic_schedule,-0.265625,0.2104496955871582,1.0084820985794067,0.265625,15.484375,15.75,1.0
emotional_pressure_delta,28,science_battery_016,28,synthetic_science_text,2.625,2.097029685974121,0.9258928298950195,-2.625,14.703125,12.078125,1.0
emotional_pressure_delta,28,science_mineral_014,29,synthetic_science_text,1.203125,1.7633841037750244,0.9665178656578064,-1.203125,13.640625,12.4375,1.0
emotional_pressure_delta,28,science_plant_013,30,synthetic_science_text,2.703125,2.2005996704101562,0.9236606955528259,-2.703125,15.359375,12.65625,1.0
emotional_pressure_delta,28,science_weather_015,31,synthetic_science_text,2.546875,3.5775599479675293,0.9281250238418579,-2.546875,12.671875,10.125,1.0
emotional_pressure_delta,28,technical_api_022,32,synthetic_technical_config,-0.203125,0.8114756941795349,1.0066964626312256,0.203125,14.140625,14.34375,1.0
emotional_pressure_delta,28,technical_backup_023,33,synthetic_technical_config,0.5625,0.253818154335022,0.9848214387893677,-0.5625,15.6875,15.125,1.0
emotional_pressure_delta,28,technical_config_021,34,synthetic_technical_config,-0.578125,-0.7176544666290283,1.0174107551574707,0.578125,16.65625,17.234375,1.0
emotional_pressure_delta,28,technical_feature_flag_024,35,synthetic_technical_config,-0.0625,0.12011921405792236,1.0026785135269165,0.0625,14.71875,14.78125,1.0
emotional_pressure_delta,29,academic_attendance_019,0,synthetic_academic_rules,3.015625,1.7777142524719238,0.9147321581840515,-3.015625,15.625,12.609375,1.0
emotional_pressure_delta,29,academic_grading_018,1,synthetic_academic_rules,1.0625,-0.11169320344924927,0.9705356955528259,-1.0625,14.90625,13.84375,1.0
emotional_pressure_delta,29,academic_latework_020,2,synthetic_academic_rules,0.421875,2.4220070838928223,0.9888392686843872,-0.421875,15.4375,15.015625,1.0
emotional_pressure_delta,29,academic_prereq_017,3,synthetic_academic_rules,2.125,0.8200329542160034,0.9401785731315613,-2.125,15.28125,13.15625,1.0
emotional_pressure_delta,29,contract_rental_029,4,synthetic_contract,0.15625,-0.06867772340774536,0.9964285492897034,-0.15625,16.234375,16.078125,1.0
emotional_pressure_delta,29,contract_service_030,5,synthetic_contract,1.796875,0.8553019762039185,0.9495535492897034,-1.796875,16.09375,14.296875,1.0
emotional_pressure_delta,29,contract_ticket_032,6,synthetic_contract,0.921875,0.08159995079040527,0.9745535850524902,-0.921875,18.765625,17.84375,1.0
emotional_pressure_delta,29,contract_warranty_031,7,synthetic_contract,-1.203125,0.11874008178710938,1.0352678298950195,1.203125,17.703125,18.90625,1.0
emotional_pressure_delta,29,finance_budget_007,8,synthetic_finance,3.28125,2.7449183464050293,0.9071428775787354,-3.28125,13.234375,9.953125,1.0
emotional_pressure_delta,29,finance_coupon_006,9,synthetic_finance,1.53125,1.8356351852416992,0.9571428298950195,-1.53125,15.1875,13.65625,1.0
emotional_pressure_delta,29,finance_membership_008,10,synthetic_finance,0.171875,0.3733522891998291,0.9959821701049805,-0.171875,15.390625,15.21875,1.0
emotional_pressure_delta,29,finance_refund_005,11,synthetic_finance,3.25,1.889496088027954,0.9080356955528259,-3.25,14.390625,11.140625,1.0
emotional_pressure_delta,29,logic_access_033,12,synthetic_logic_rules,1.171875,0.6214328408241272,0.9674107432365417,-1.171875,14.234375,13.0625,1.0
emotional_pressure_delta,29,logic_eligibility_034,13,synthetic_logic_rules,1.03125,1.368110179901123,0.9714285731315613,-1.03125,15.625,14.59375,1.0
emotional_pressure_delta,29,logic_shipping_035,14,synthetic_logic_rules,1.515625,2.4003634452819824,0.9575892686843872,-1.515625,13.5,11.984375,1.0
emotional_pressure_delta,29,logic_tournament_036,15,synthetic_logic_rules,6.25,2.5972225666046143,0.8223214149475098,-6.25,8.3125,2.0625,1.0
emotional_pressure_delta,29,policy_lab_access_002,16,synthetic_policy,-0.765625,-0.1812809705734253,1.0227679014205933,0.765625,14.171875,14.9375,1.0
emotional_pressure_delta,29,policy_library_checkout_003,17,synthetic_policy,-0.296875,-0.17670166492462158,1.009374976158142,0.296875,16.578125,16.875,1.0
emotional_pressure_delta,29,policy_lunch_pass_001,18,synthetic_policy,-1.234375,-1.0924501419067383,1.0361607074737549,1.234375,14.8125,16.046875,1.0
emotional_pressure_delta,29,policy_rec_center_004,19,synthetic_policy,-2.5,-0.9654631614685059,1.0723214149475098,2.5,14.21875,16.71875,1.0
emotional_pressure_delta,29,product_specs_025,20,synthetic_product_specs,0.890625,0.6920473575592041,0.9754464030265808,-0.890625,16.328125,15.4375,1.0
emotional_pressure_delta,29,product_specs_026,21,synthetic_product_specs,0.328125,0.8149141669273376,0.9915178418159485,-0.328125,14.921875,14.59375,1.0
emotional_pressure_delta,29,product_specs_027,22,synthetic_product_specs,0.96875,0.38045454025268555,0.9732142686843872,-0.96875,16.109375,15.140625,1.0
emotional_pressure_delta,29,product_specs_028,23,synthetic_product_specs,0.828125,-0.03655153512954712,0.9772321581840515,-0.828125,15.0625,14.234375,1.0
emotional_pressure_delta,29,schedule_clinic_011,24,synthetic_schedule,-0.015625,-0.7665458917617798,1.001339316368103,0.015625,15.9375,15.953125,1.0
emotional_pressure_delta,29,schedule_exam_010,25,synthetic_schedule,1.078125,0.39765864610671997,0.9700892567634583,-1.078125,14.96875,13.890625,1.0
emotional_pressure_delta,29,schedule_train_009,26,synthetic_schedule,0.71875,1.233343243598938,0.9803571701049805,-0.71875,14.625,13.90625,1.0
emotional_pressure_delta,29,schedule_workshop_012,27,synthetic_schedule,-0.265625,0.2198728322982788,1.0084820985794067,0.265625,15.484375,15.75,1.0
emotional_pressure_delta,29,science_battery_016,28,synthetic_science_text,2.625,1.9023939371109009,0.9258928298950195,-2.625,14.703125,12.078125,1.0
emotional_pressure_delta,29,science_mineral_014,29,synthetic_science_text,1.203125,1.8249800205230713,0.9665178656578064,-1.203125,13.640625,12.4375,1.0
emotional_pressure_delta,29,science_plant_013,30,synthetic_science_text,2.703125,2.3453285694122314,0.9236606955528259,-2.703125,15.359375,12.65625,1.0
emotional_pressure_delta,29,science_weather_015,31,synthetic_science_text,2.546875,3.605020523071289,0.9281250238418579,-2.546875,12.671875,10.125,1.0
emotional_pressure_delta,29,technical_api_022,32,synthetic_technical_config,-0.203125,0.791294276714325,1.0066964626312256,0.203125,14.140625,14.34375,1.0
emotional_pressure_delta,29,technical_backup_023,33,synthetic_technical_config,0.5625,0.30616962909698486,0.9848214387893677,-0.5625,15.6875,15.125,1.0
emotional_pressure_delta,29,technical_config_021,34,synthetic_technical_config,-0.578125,-0.6819069385528564,1.0174107551574707,0.578125,16.65625,17.234375,1.0
emotional_pressure_delta,29,technical_feature_flag_024,35,synthetic_technical_config,-0.0625,0.005613207817077637,1.0026785135269165,0.0625,14.71875,14.78125,1.0
emotional_pressure_delta,30,academic_attendance_019,0,synthetic_academic_rules,3.015625,1.7383298873901367,0.9147321581840515,-3.015625,15.625,12.609375,1.0
emotional_pressure_delta,30,academic_grading_018,1,synthetic_academic_rules,1.0625,0.08989137411117554,0.9705356955528259,-1.0625,14.90625,13.84375,1.0
emotional_pressure_delta,30,academic_latework_020,2,synthetic_academic_rules,0.421875,2.2338240146636963,0.9888392686843872,-0.421875,15.4375,15.015625,1.0
emotional_pressure_delta,30,academic_prereq_017,3,synthetic_academic_rules,2.125,0.8429172039031982,0.9401785731315613,-2.125,15.28125,13.15625,1.0
emotional_pressure_delta,30,contract_rental_029,4,synthetic_contract,0.15625,-0.2264614701271057,0.9964285492897034,-0.15625,16.234375,16.078125,1.0
emotional_pressure_delta,30,contract_service_030,5,synthetic_contract,1.796875,0.9830805063247681,0.9495535492897034,-1.796875,16.09375,14.296875,1.0
emotional_pressure_delta,30,contract_ticket_032,6,synthetic_contract,0.921875,0.13813316822052002,0.9745535850524902,-0.921875,18.765625,17.84375,1.0
emotional_pressure_delta,30,contract_warranty_031,7,synthetic_contract,-1.203125,0.15066742897033691,1.0352678298950195,1.203125,17.703125,18.90625,1.0
emotional_pressure_delta,30,finance_budget_007,8,synthetic_finance,3.28125,2.8943629264831543,0.9071428775787354,-3.28125,13.234375,9.953125,1.0
emotional_pressure_delta,30,finance_coupon_006,9,synthetic_finance,1.53125,1.8559514284133911,0.9571428298950195,-1.53125,15.1875,13.65625,1.0
emotional_pressure_delta,30,finance_membership_008,10,synthetic_finance,0.171875,0.31836891174316406,0.9959821701049805,-0.171875,15.390625,15.21875,1.0
emotional_pressure_delta,30,finance_refund_005,11,synthetic_finance,3.25,1.8969385623931885,0.9080356955528259,-3.25,14.390625,11.140625,1.0
emotional_pressure_delta,30,logic_access_033,12,synthetic_logic_rules,1.171875,0.793615460395813,0.9674107432365417,-1.171875,14.234375,13.0625,1.0
emotional_pressure_delta,30,logic_eligibility_034,13,synthetic_logic_rules,1.03125,1.348701000213623,0.9714285731315613,-1.03125,15.625,14.59375,1.0
emotional_pressure_delta,30,logic_shipping_035,14,synthetic_logic_rules,1.515625,2.425551414489746,0.9575892686843872,-1.515625,13.5,11.984375,1.0
emotional_pressure_delta,30,logic_tournament_036,15,synthetic_logic_rules,6.25,2.7377967834472656,0.8223214149475098,-6.25,8.3125,2.0625,1.0
emotional_pressure_delta,30,policy_lab_access_002,16,synthetic_policy,-0.765625,-0.20492446422576904,1.0227679014205933,0.765625,14.171875,14.9375,1.0
emotional_pressure_delta,30,policy_library_checkout_003,17,synthetic_policy,-0.296875,-0.17384517192840576,1.009374976158142,0.296875,16.578125,16.875,1.0
emotional_pressure_delta,30,policy_lunch_pass_001,18,synthetic_policy,-1.234375,-1.1223914623260498,1.0361607074737549,1.234375,14.8125,16.046875,1.0
emotional_pressure_delta,30,policy_rec_center_004,19,synthetic_policy,-2.5,-0.9335999488830566,1.0723214149475098,2.5,14.21875,16.71875,1.0
emotional_pressure_delta,30,product_specs_025,20,synthetic_product_specs,0.890625,0.610721230506897,0.9754464030265808,-0.890625,16.328125,15.4375,1.0
emotional_pressure_delta,30,product_specs_026,21,synthetic_product_specs,0.328125,1.0706193447113037,0.9915178418159485,-0.328125,14.921875,14.59375,1.0
emotional_pressure_delta,30,product_specs_027,22,synthetic_product_specs,0.96875,0.5117764472961426,0.9732142686843872,-0.96875,16.109375,15.140625,1.0
emotional_pressure_delta,30,product_specs_028,23,synthetic_product_specs,0.828125,-0.10006719827651978,0.9772321581840515,-0.828125,15.0625,14.234375,1.0
emotional_pressure_delta,30,schedule_clinic_011,24,synthetic_schedule,-0.015625,-0.8486930131912231,1.001339316368103,0.015625,15.9375,15.953125,1.0
emotional_pressure_delta,30,schedule_exam_010,25,synthetic_schedule,1.078125,0.2457677125930786,0.9700892567634583,-1.078125,14.96875,13.890625,1.0
emotional_pressure_delta,30,schedule_train_009,26,synthetic_schedule,0.71875,1.2205322980880737,0.9803571701049805,-0.71875,14.625,13.90625,1.0
emotional_pressure_delta,30,schedule_workshop_012,27,synthetic_schedule,-0.265625,0.2210536003112793,1.0084820985794067,0.265625,15.484375,15.75,1.0
emotional_pressure_delta,30,science_battery_016,28,synthetic_science_text,2.625,1.9269309043884277,0.9258928298950195,-2.625,14.703125,12.078125,1.0
emotional_pressure_delta,30,science_mineral_014,29,synthetic_science_text,1.203125,1.8345880508422852,0.9665178656578064,-1.203125,13.640625,12.4375,1.0
emotional_pressure_delta,30,science_plant_013,30,synthetic_science_text,2.703125,2.310073137283325,0.9236606955528259,-2.703125,15.359375,12.65625,1.0
emotional_pressure_delta,30,science_weather_015,31,synthetic_science_text,2.546875,3.4048361778259277,0.9281250238418579,-2.546875,12.671875,10.125,1.0
emotional_pressure_delta,30,technical_api_022,32,synthetic_technical_config,-0.203125,0.6094293594360352,1.0066964626312256,0.203125,14.140625,14.34375,1.0
emotional_pressure_delta,30,technical_backup_023,33,synthetic_technical_config,0.5625,0.2616565227508545,0.9848214387893677,-0.5625,15.6875,15.125,1.0
emotional_pressure_delta,30,technical_config_021,34,synthetic_technical_config,-0.578125,-0.7038134336471558,1.0174107551574707,0.578125,16.65625,17.234375,1.0
emotional_pressure_delta,30,technical_feature_flag_024,35,synthetic_technical_config,-0.0625,0.0026367902755737305,1.0026785135269165,0.0625,14.71875,14.78125,1.0
emotional_pressure_delta,31,academic_attendance_019,0,synthetic_academic_rules,3.015625,2.005864143371582,0.9147321581840515,-3.015625,15.625,12.609375,1.0
emotional_pressure_delta,31,academic_grading_018,1,synthetic_academic_rules,1.0625,0.33470797538757324,0.9705356955528259,-1.0625,14.90625,13.84375,1.0
emotional_pressure_delta,31,academic_latework_020,2,synthetic_academic_rules,0.421875,2.098628044128418,0.9888392686843872,-0.421875,15.4375,15.015625,1.0
emotional_pressure_delta,31,academic_prereq_017,3,synthetic_academic_rules,2.125,0.42394739389419556,0.9401785731315613,-2.125,15.28125,13.15625,1.0
emotional_pressure_delta,31,contract_rental_029,4,synthetic_contract,0.15625,0.012600123882293701,0.9964285492897034,-0.15625,16.234375,16.078125,1.0
emotional_pressure_delta,31,contract_service_030,5,synthetic_contract,1.796875,1.100296974182129,0.9495535492897034,-1.796875,16.09375,14.296875,1.0
emotional_pressure_delta,31,contract_ticket_032,6,synthetic_contract,0.921875,0.20124304294586182,0.9745535850524902,-0.921875,18.765625,17.84375,1.0
emotional_pressure_delta,31,contract_warranty_031,7,synthetic_contract,-1.203125,0.07700693607330322,1.0352678298950195,1.203125,17.703125,18.90625,1.0
emotional_pressure_delta,31,finance_budget_007,8,synthetic_finance,3.28125,2.633441209793091,0.9071428775787354,-3.28125,13.234375,9.953125,1.0
emotional_pressure_delta,31,finance_coupon_006,9,synthetic_finance,1.53125,1.966252326965332,0.9571428298950195,-1.53125,15.1875,13.65625,1.0
emotional_pressure_delta,31,finance_membership_008,10,synthetic_finance,0.171875,0.24420428276062012,0.9959821701049805,-0.171875,15.390625,15.21875,1.0
emotional_pressure_delta,31,finance_refund_005,11,synthetic_finance,3.25,1.9409291744232178,0.9080356955528259,-3.25,14.390625,11.140625,1.0
emotional_pressure_delta,31,logic_access_033,12,synthetic_logic_rules,1.171875,0.7849363088607788,0.9674107432365417,-1.171875,14.234375,13.0625,1.0
emotional_pressure_delta,31,logic_eligibility_034,13,synthetic_logic_rules,1.03125,1.3029865026474,0.9714285731315613,-1.03125,15.625,14.59375,1.0
emotional_pressure_delta,31,logic_shipping_035,14,synthetic_logic_rules,1.515625,2.4124999046325684,0.9575892686843872,-1.515625,13.5,11.984375,1.0
emotional_pressure_delta,31,logic_tournament_036,15,synthetic_logic_rules,6.25,3.245450019836426,0.8223214149475098,-6.25,8.3125,2.0625,1.0
emotional_pressure_delta,31,policy_lab_access_002,16,synthetic_policy,-0.765625,-0.23025763034820557,1.0227679014205933,0.765625,14.171875,14.9375,1.0
emotional_pressure_delta,31,policy_library_checkout_003,17,synthetic_policy,-0.296875,-0.14303410053253174,1.009374976158142,0.296875,16.578125,16.875,1.0
emotional_pressure_delta,31,policy_lunch_pass_001,18,synthetic_policy,-1.234375,-1.1279971599578857,1.0361607074737549,1.234375,14.8125,16.046875,1.0
emotional_pressure_delta,31,policy_rec_center_004,19,synthetic_policy,-2.5,-1.0923881530761719,1.0723214149475098,2.5,14.21875,16.71875,1.0
emotional_pressure_delta,31,product_specs_025,20,synthetic_product_specs,0.890625,0.6803056597709656,0.9754464030265808,-0.890625,16.328125,15.4375,1.0
emotional_pressure_delta,31,product_specs_026,21,synthetic_product_specs,0.328125,0.9203522801399231,0.9915178418159485,-0.328125,14.921875,14.59375,1.0
emotional_pressure_delta,31,product_specs_027,22,synthetic_product_specs,0.96875,0.6511742472648621,0.9732142686843872,-0.96875,16.109375,15.140625,1.0
emotional_pressure_delta,31,product_specs_028,23,synthetic_product_specs,0.828125,-0.22173768281936646,0.9772321581840515,-0.828125,15.0625,14.234375,1.0
emotional_pressure_delta,31,schedule_clinic_011,24,synthetic_schedule,-0.015625,-0.889137864112854,1.001339316368103,0.015625,15.9375,15.953125,1.0
emotional_pressure_delta,31,schedule_exam_010,25,synthetic_schedule,1.078125,0.3878195881843567,0.9700892567634583,-1.078125,14.96875,13.890625,1.0
emotional_pressure_delta,31,schedule_train_009,26,synthetic_schedule,0.71875,1.0065754652023315,0.9803571701049805,-0.71875,14.625,13.90625,1.0
emotional_pressure_delta,31,schedule_workshop_012,27,synthetic_schedule,-0.265625,0.09224247932434082,1.0084820985794067,0.265625,15.484375,15.75,1.0
emotional_pressure_delta,31,science_battery_016,28,synthetic_science_text,2.625,1.9162921905517578,0.9258928298950195,-2.625,14.703125,12.078125,1.0
emotional_pressure_delta,31,science_mineral_014,29,synthetic_science_text,1.203125,1.909502387046814,0.9665178656578064,-1.203125,13.640625,12.4375,1.0
emotional_pressure_delta,31,science_plant_013,30,synthetic_science_text,2.703125,2.4298691749572754,0.9236606955528259,-2.703125,15.359375,12.65625,1.0
emotional_pressure_delta,31,science_weather_015,31,synthetic_science_text,2.546875,2.997645854949951,0.9281250238418579,-2.546875,12.671875,10.125,1.0
emotional_pressure_delta,31,technical_api_022,32,synthetic_technical_config,-0.203125,0.5244394540786743,1.0066964626312256,0.203125,14.140625,14.34375,1.0
emotional_pressure_delta,31,technical_backup_023,33,synthetic_technical_config,0.5625,0.34034037590026855,0.9848214387893677,-0.5625,15.6875,15.125,1.0
emotional_pressure_delta,31,technical_config_021,34,synthetic_technical_config,-0.578125,-0.6549112796783447,1.0174107551574707,0.578125,16.65625,17.234375,1.0
emotional_pressure_delta,31,technical_feature_flag_024,35,synthetic_technical_config,-0.0625,-0.023361563682556152,1.0026785135269165,0.0625,14.71875,14.78125,1.0
emotional_pressure_delta,32,academic_attendance_019,0,synthetic_academic_rules,3.015625,2.187026023864746,0.9147321581840515,-3.015625,15.625,12.609375,1.0
emotional_pressure_delta,32,academic_grading_018,1,synthetic_academic_rules,1.0625,0.407035768032074,0.9705356955528259,-1.0625,14.90625,13.84375,1.0
emotional_pressure_delta,32,academic_latework_020,2,synthetic_academic_rules,0.421875,1.9704070091247559,0.9888392686843872,-0.421875,15.4375,15.015625,1.0
emotional_pressure_delta,32,academic_prereq_017,3,synthetic_academic_rules,2.125,0.6240019798278809,0.9401785731315613,-2.125,15.28125,13.15625,1.0
emotional_pressure_delta,32,contract_rental_029,4,synthetic_contract,0.15625,0.09626716375350952,0.9964285492897034,-0.15625,16.234375,16.078125,1.0
emotional_pressure_delta,32,contract_service_030,5,synthetic_contract,1.796875,1.2091259956359863,0.9495535492897034,-1.796875,16.09375,14.296875,1.0
emotional_pressure_delta,32,contract_ticket_032,6,synthetic_contract,0.921875,0.20224690437316895,0.9745535850524902,-0.921875,18.765625,17.84375,1.0
emotional_pressure_delta,32,contract_warranty_031,7,synthetic_contract,-1.203125,0.11437332630157471,1.0352678298950195,1.203125,17.703125,18.90625,1.0
emotional_pressure_delta,32,finance_budget_007,8,synthetic_finance,3.28125,2.753525733947754,0.9071428775787354,-3.28125,13.234375,9.953125,1.0
emotional_pressure_delta,32,finance_coupon_006,9,synthetic_finance,1.53125,2.023608446121216,0.9571428298950195,-1.53125,15.1875,13.65625,1.0
emotional_pressure_delta,32,finance_membership_008,10,synthetic_finance,0.171875,0.08222442865371704,0.9959821701049805,-0.171875,15.390625,15.21875,1.0
emotional_pressure_delta,32,finance_refund_005,11,synthetic_finance,3.25,1.9028657674789429,0.9080356955528259,-3.25,14.390625,11.140625,1.0
emotional_pressure_delta,32,logic_access_033,12,synthetic_logic_rules,1.171875,0.8529625535011292,0.9674107432365417,-1.171875,14.234375,13.0625,1.0
emotional_pressure_delta,32,logic_eligibility_034,13,synthetic_logic_rules,1.03125,1.39149808883667,0.9714285731315613,-1.03125,15.625,14.59375,1.0
emotional_pressure_delta,32,logic_shipping_035,14,synthetic_logic_rules,1.515625,2.3278279304504395,0.9575892686843872,-1.515625,13.5,11.984375,1.0
emotional_pressure_delta,32,logic_tournament_036,15,synthetic_logic_rules,6.25,3.198559045791626,0.8223214149475098,-6.25,8.3125,2.0625,1.0
emotional_pressure_delta,32,policy_lab_access_002,16,synthetic_policy,-0.765625,-0.1598743200302124,1.0227679014205933,0.765625,14.171875,14.9375,1.0
emotional_pressure_delta,32,policy_library_checkout_003,17,synthetic_policy,-0.296875,-0.30038607120513916,1.009374976158142,0.296875,16.578125,16.875,1.0
emotional_pressure_delta,32,policy_lunch_pass_001,18,synthetic_policy,-1.234375,-0.9867959022521973,1.0361607074737549,1.234375,14.8125,16.046875,1.0
emotional_pressure_delta,32,policy_rec_center_004,19,synthetic_policy,-2.5,-1.143402099609375,1.0723214149475098,2.5,14.21875,16.71875,1.0
emotional_pressure_delta,32,product_specs_025,20,synthetic_product_specs,0.890625,0.6987981796264648,0.9754464030265808,-0.890625,16.328125,15.4375,1.0
emotional_pressure_delta,32,product_specs_026,21,synthetic_product_specs,0.328125,0.9444602131843567,0.9915178418159485,-0.328125,14.921875,14.59375,1.0
emotional_pressure_delta,32,product_specs_027,22,synthetic_product_specs,0.96875,0.6166446805000305,0.9732142686843872,-0.96875,16.109375,15.140625,1.0
emotional_pressure_delta,32,product_specs_028,23,synthetic_product_specs,0.828125,-0.09206682443618774,0.9772321581840515,-0.828125,15.0625,14.234375,1.0
emotional_pressure_delta,32,schedule_clinic_011,24,synthetic_schedule,-0.015625,-0.9333449602127075,1.001339316368103,0.015625,15.9375,15.953125,1.0
emotional_pressure_delta,32,schedule_exam_010,25,synthetic_schedule,1.078125,0.4677600860595703,0.9700892567634583,-1.078125,14.96875,13.890625,1.0
emotional_pressure_delta,32,schedule_train_009,26,synthetic_schedule,0.71875,0.967666506767273,0.9803571701049805,-0.71875,14.625,13.90625,1.0
emotional_pressure_delta,32,schedule_workshop_012,27,synthetic_schedule,-0.265625,0.06680190563201904,1.0084820985794067,0.265625,15.484375,15.75,1.0
emotional_pressure_delta,32,science_battery_016,28,synthetic_science_text,2.625,2.0600533485412598,0.9258928298950195,-2.625,14.703125,12.078125,1.0
emotional_pressure_delta,32,science_mineral_014,29,synthetic_science_text,1.203125,1.9008827209472656,0.9665178656578064,-1.203125,13.640625,12.4375,1.0
emotional_pressure_delta,32,science_plant_013,30,synthetic_science_text,2.703125,2.2488720417022705,0.9236606955528259,-2.703125,15.359375,12.65625,1.0
emotional_pressure_delta,32,science_weather_015,31,synthetic_science_text,2.546875,2.9857711791992188,0.9281250238418579,-2.546875,12.671875,10.125,1.0
emotional_pressure_delta,32,technical_api_022,32,synthetic_technical_config,-0.203125,0.4874114394187927,1.0066964626312256,0.203125,14.140625,14.34375,1.0
emotional_pressure_delta,32,technical_backup_023,33,synthetic_technical_config,0.5625,0.3225502371788025,0.9848214387893677,-0.5625,15.6875,15.125,1.0
emotional_pressure_delta,32,technical_config_021,34,synthetic_technical_config,-0.578125,-0.6194965839385986,1.0174107551574707,0.578125,16.65625,17.234375,1.0
emotional_pressure_delta,32,technical_feature_flag_024,35,synthetic_technical_config,-0.0625,-0.007307171821594238,1.0026785135269165,0.0625,14.71875,14.78125,1.0
emotional_pressure_delta,33,academic_attendance_019,0,synthetic_academic_rules,3.015625,2.2544026374816895,0.9147321581840515,-3.015625,15.625,12.609375,1.0
emotional_pressure_delta,33,academic_grading_018,1,synthetic_academic_rules,1.0625,0.4704126715660095,0.9705356955528259,-1.0625,14.90625,13.84375,1.0
emotional_pressure_delta,33,academic_latework_020,2,synthetic_academic_rules,0.421875,1.9476451873779297,0.9888392686843872,-0.421875,15.4375,15.015625,1.0
emotional_pressure_delta,33,academic_prereq_017,3,synthetic_academic_rules,2.125,0.5977582931518555,0.9401785731315613,-2.125,15.28125,13.15625,1.0
emotional_pressure_delta,33,contract_rental_029,4,synthetic_contract,0.15625,0.19246655702590942,0.9964285492897034,-0.15625,16.234375,16.078125,1.0
emotional_pressure_delta,33,contract_service_030,5,synthetic_contract,1.796875,1.2482044696807861,0.9495535492897034,-1.796875,16.09375,14.296875,1.0
emotional_pressure_delta,33,contract_ticket_032,6,synthetic_contract,0.921875,0.16900908946990967,0.9745535850524902,-0.921875,18.765625,17.84375,1.0
emotional_pressure_delta,33,contract_warranty_031,7,synthetic_contract,-1.203125,0.18211501836776733,1.0352678298950195,1.203125,17.703125,18.90625,1.0
emotional_pressure_delta,33,finance_budget_007,8,synthetic_finance,3.28125,2.7703745365142822,0.9071428775787354,-3.28125,13.234375,9.953125,1.0
emotional_pressure_delta,33,finance_coupon_006,9,synthetic_finance,1.53125,1.9394254684448242,0.9571428298950195,-1.53125,15.1875,13.65625,1.0
emotional_pressure_delta,33,finance_membership_008,10,synthetic_finance,0.171875,0.08023005723953247,0.9959821701049805,-0.171875,15.390625,15.21875,1.0
emotional_pressure_delta,33,finance_refund_005,11,synthetic_finance,3.25,1.9804754257202148,0.9080356955528259,-3.25,14.390625,11.140625,1.0
emotional_pressure_delta,33,logic_access_033,12,synthetic_logic_rules,1.171875,0.9146378040313721,0.9674107432365417,-1.171875,14.234375,13.0625,1.0
emotional_pressure_delta,33,logic_eligibility_034,13,synthetic_logic_rules,1.03125,1.378853678703308,0.9714285731315613,-1.03125,15.625,14.59375,1.0
emotional_pressure_delta,33,logic_shipping_035,14,synthetic_logic_rules,1.515625,2.277811050415039,0.9575892686843872,-1.515625,13.5,11.984375,1.0
emotional_pressure_delta,33,logic_tournament_036,15,synthetic_logic_rules,6.25,3.119433879852295,0.8223214149475098,-6.25,8.3125,2.0625,1.0
emotional_pressure_delta,33,policy_lab_access_002,16,synthetic_policy,-0.765625,-0.10437309741973877,1.0227679014205933,0.765625,14.171875,14.9375,1.0
emotional_pressure_delta,33,policy_library_checkout_003,17,synthetic_policy,-0.296875,-0.28924453258514404,1.009374976158142,0.296875,16.578125,16.875,1.0
emotional_pressure_delta,33,policy_lunch_pass_001,18,synthetic_policy,-1.234375,-0.999751091003418,1.0361607074737549,1.234375,14.8125,16.046875,1.0
emotional_pressure_delta,33,policy_rec_center_004,19,synthetic_policy,-2.5,-1.1372337341308594,1.0723214149475098,2.5,14.21875,16.71875,1.0
emotional_pressure_delta,33,product_specs_025,20,synthetic_product_specs,0.890625,0.7966291904449463,0.9754464030265808,-0.890625,16.328125,15.4375,1.0
emotional_pressure_delta,33,product_specs_026,21,synthetic_product_specs,0.328125,0.8383272886276245,0.9915178418159485,-0.328125,14.921875,14.59375,1.0
emotional_pressure_delta,33,product_specs_027,22,synthetic_product_specs,0.96875,0.6533594727516174,0.9732142686843872,-0.96875,16.109375,15.140625,1.0
emotional_pressure_delta,33,product_specs_028,23,synthetic_product_specs,0.828125,-0.08299273252487183,0.9772321581840515,-0.828125,15.0625,14.234375,1.0
emotional_pressure_delta,33,schedule_clinic_011,24,synthetic_schedule,-0.015625,-1.2405084371566772,1.001339316368103,0.015625,15.9375,15.953125,1.0
emotional_pressure_delta,33,schedule_exam_010,25,synthetic_schedule,1.078125,0.644037127494812,0.9700892567634583,-1.078125,14.96875,13.890625,1.0
emotional_pressure_delta,33,schedule_train_009,26,synthetic_schedule,0.71875,0.9124710559844971,0.9803571701049805,-0.71875,14.625,13.90625,1.0
emotional_pressure_delta,33,schedule_workshop_012,27,synthetic_schedule,-0.265625,0.08179938793182373,1.0084820985794067,0.265625,15.484375,15.75,1.0
emotional_pressure_delta,33,science_battery_016,28,synthetic_science_text,2.625,1.903646469116211,0.9258928298950195,-2.625,14.703125,12.078125,1.0
emotional_pressure_delta,33,science_mineral_014,29,synthetic_science_text,1.203125,1.863140344619751,0.9665178656578064,-1.203125,13.640625,12.4375,1.0
emotional_pressure_delta,33,science_plant_013,30,synthetic_science_text,2.703125,2.280608892440796,0.9236606955528259,-2.703125,15.359375,12.65625,1.0
emotional_pressure_delta,33,science_weather_015,31,synthetic_science_text,2.546875,2.9744529724121094,0.9281250238418579,-2.546875,12.671875,10.125,1.0
emotional_pressure_delta,33,technical_api_022,32,synthetic_technical_config,-0.203125,0.44737303256988525,1.0066964626312256,0.203125,14.140625,14.34375,1.0
emotional_pressure_delta,33,technical_backup_023,33,synthetic_technical_config,0.5625,0.1457580327987671,0.9848214387893677,-0.5625,15.6875,15.125,1.0
emotional_pressure_delta,33,technical_config_021,34,synthetic_technical_config,-0.578125,-0.5384706258773804,1.0174107551574707,0.578125,16.65625,17.234375,1.0
emotional_pressure_delta,33,technical_feature_flag_024,35,synthetic_technical_config,-0.0625,-0.025047898292541504,1.0026785135269165,0.0625,14.71875,14.78125,1.0
emotional_pressure_delta,34,academic_attendance_019,0,synthetic_academic_rules,3.015625,2.409425735473633,0.9147321581840515,-3.015625,15.625,12.609375,1.0
emotional_pressure_delta,34,academic_grading_018,1,synthetic_academic_rules,1.0625,0.48188406229019165,0.9705356955528259,-1.0625,14.90625,13.84375,1.0
emotional_pressure_delta,34,academic_latework_020,2,synthetic_academic_rules,0.421875,1.7025376558303833,0.9888392686843872,-0.421875,15.4375,15.015625,1.0
emotional_pressure_delta,34,academic_prereq_017,3,synthetic_academic_rules,2.125,0.8674265742301941,0.9401785731315613,-2.125,15.28125,13.15625,1.0
emotional_pressure_delta,34,contract_rental_029,4,synthetic_contract,0.15625,0.07370656728744507,0.9964285492897034,-0.15625,16.234375,16.078125,1.0
emotional_pressure_delta,34,contract_service_030,5,synthetic_contract,1.796875,1.1857962608337402,0.9495535492897034,-1.796875,16.09375,14.296875,1.0
emotional_pressure_delta,34,contract_ticket_032,6,synthetic_contract,0.921875,0.21829068660736084,0.9745535850524902,-0.921875,18.765625,17.84375,1.0
emotional_pressure_delta,34,contract_warranty_031,7,synthetic_contract,-1.203125,0.11260730028152466,1.0352678298950195,1.203125,17.703125,18.90625,1.0
emotional_pressure_delta,34,finance_budget_007,8,synthetic_finance,3.28125,2.869870185852051,0.9071428775787354,-3.28125,13.234375,9.953125,1.0
emotional_pressure_delta,34,finance_coupon_006,9,synthetic_finance,1.53125,1.9494425058364868,0.9571428298950195,-1.53125,15.1875,13.65625,1.0
emotional_pressure_delta,34,finance_membership_008,10,synthetic_finance,0.171875,0.20894098281860352,0.9959821701049805,-0.171875,15.390625,15.21875,1.0
emotional_pressure_delta,34,finance_refund_005,11,synthetic_finance,3.25,2.130882978439331,0.9080356955528259,-3.25,14.390625,11.140625,1.0
emotional_pressure_delta,34,logic_access_033,12,synthetic_logic_rules,1.171875,1.0103259086608887,0.9674107432365417,-1.171875,14.234375,13.0625,1.0
emotional_pressure_delta,34,logic_eligibility_034,13,synthetic_logic_rules,1.03125,1.2327978610992432,0.9714285731315613,-1.03125,15.625,14.59375,1.0
emotional_pressure_delta,34,logic_shipping_035,14,synthetic_logic_rules,1.515625,2.4144978523254395,0.9575892686843872,-1.515625,13.5,11.984375,1.0
emotional_pressure_delta,34,logic_tournament_036,15,synthetic_logic_rules,6.25,2.907320499420166,0.8223214149475098,-6.25,8.3125,2.0625,1.0
emotional_pressure_delta,34,policy_lab_access_002,16,synthetic_policy,-0.765625,-0.0917900800704956,1.0227679014205933,0.765625,14.171875,14.9375,1.0
emotional_pressure_delta,34,policy_library_checkout_003,17,synthetic_policy,-0.296875,-0.36796653270721436,1.009374976158142,0.296875,16.578125,16.875,1.0
emotional_pressure_delta,34,policy_lunch_pass_001,18,synthetic_policy,-1.234375,-0.8650619983673096,1.0361607074737549,1.234375,14.8125,16.046875,1.0
emotional_pressure_delta,34,policy_rec_center_004,19,synthetic_policy,-2.5,-1.112062931060791,1.0723214149475098,2.5,14.21875,16.71875,1.0
emotional_pressure_delta,34,product_specs_025,20,synthetic_product_specs,0.890625,0.8357481360435486,0.9754464030265808,-0.890625,16.328125,15.4375,1.0
emotional_pressure_delta,34,product_specs_026,21,synthetic_product_specs,0.328125,0.5927556753158569,0.9915178418159485,-0.328125,14.921875,14.59375,1.0
emotional_pressure_delta,34,product_specs_027,22,synthetic_product_specs,0.96875,0.6221492290496826,0.9732142686843872,-0.96875,16.109375,15.140625,1.0
emotional_pressure_delta,34,product_specs_028,23,synthetic_product_specs,0.828125,-0.130482017993927,0.9772321581840515,-0.828125,15.0625,14.234375,1.0
emotional_pressure_delta,34,schedule_clinic_011,24,synthetic_schedule,-0.015625,-1.205436110496521,1.001339316368103,0.015625,15.9375,15.953125,1.0
emotional_pressure_delta,34,schedule_exam_010,25,synthetic_schedule,1.078125,0.6823997497558594,0.9700892567634583,-1.078125,14.96875,13.890625,1.0
emotional_pressure_delta,34,schedule_train_009,26,synthetic_schedule,0.71875,0.9033501148223877,0.9803571701049805,-0.71875,14.625,13.90625,1.0
emotional_pressure_delta,34,schedule_workshop_012,27,synthetic_schedule,-0.265625,0.19033163785934448,1.0084820985794067,0.265625,15.484375,15.75,1.0
emotional_pressure_delta,34,science_battery_016,28,synthetic_science_text,2.625,2.048218011856079,0.9258928298950195,-2.625,14.703125,12.078125,1.0
emotional_pressure_delta,34,science_mineral_014,29,synthetic_science_text,1.203125,1.7773547172546387,0.9665178656578064,-1.203125,13.640625,12.4375,1.0
emotional_pressure_delta,34,science_plant_013,30,synthetic_science_text,2.703125,2.2518668174743652,0.9236606955528259,-2.703125,15.359375,12.65625,1.0
emotional_pressure_delta,34,science_weather_015,31,synthetic_science_text,2.546875,2.996285915374756,0.9281250238418579,-2.546875,12.671875,10.125,1.0
emotional_pressure_delta,34,technical_api_022,32,synthetic_technical_config,-0.203125,0.4854757785797119,1.0066964626312256,0.203125,14.140625,14.34375,1.0
emotional_pressure_delta,34,technical_backup_023,33,synthetic_technical_config,0.5625,0.162761390209198,0.9848214387893677,-0.5625,15.6875,15.125,1.0
emotional_pressure_delta,34,technical_config_021,34,synthetic_technical_config,-0.578125,-0.45511817932128906,1.0174107551574707,0.578125,16.65625,17.234375,1.0
emotional_pressure_delta,34,technical_feature_flag_024,35,synthetic_technical_config,-0.0625,-0.09073007106781006,1.0026785135269165,0.0625,14.71875,14.78125,1.0
emotional_pressure_delta,35,academic_attendance_019,0,synthetic_academic_rules,3.015625,2.5740444660186768,0.9147321581840515,-3.015625,15.625,12.609375,1.0
emotional_pressure_delta,35,academic_grading_018,1,synthetic_academic_rules,1.0625,0.7235972881317139,0.9705356955528259,-1.0625,14.90625,13.84375,1.0
emotional_pressure_delta,35,academic_latework_020,2,synthetic_academic_rules,0.421875,1.1133440732955933,0.9888392686843872,-0.421875,15.4375,15.015625,1.0
emotional_pressure_delta,35,academic_prereq_017,3,synthetic_academic_rules,2.125,1.6124944686889648,0.9401785731315613,-2.125,15.28125,13.15625,1.0
emotional_pressure_delta,35,contract_rental_029,4,synthetic_contract,0.15625,-0.27658575773239136,0.9964285492897034,-0.15625,16.234375,16.078125,1.0
emotional_pressure_delta,35,contract_service_030,5,synthetic_contract,1.796875,1.1221535205841064,0.9495535492897034,-1.796875,16.09375,14.296875,1.0
emotional_pressure_delta,35,contract_ticket_032,6,synthetic_contract,0.921875,0.5218744874000549,0.9745535850524902,-0.921875,18.765625,17.84375,1.0
emotional_pressure_delta,35,contract_warranty_031,7,synthetic_contract,-1.203125,-0.1407170295715332,1.0352678298950195,1.203125,17.703125,18.90625,1.0
emotional_pressure_delta,35,finance_budget_007,8,synthetic_finance,3.28125,3.454052686691284,0.9071428775787354,-3.28125,13.234375,9.953125,1.0
emotional_pressure_delta,35,finance_coupon_006,9,synthetic_finance,1.53125,1.7448046207427979,0.9571428298950195,-1.53125,15.1875,13.65625,1.0
emotional_pressure_delta,35,finance_membership_008,10,synthetic_finance,0.171875,0.6583043336868286,0.9959821701049805,-0.171875,15.390625,15.21875,1.0
emotional_pressure_delta,35,finance_refund_005,11,synthetic_finance,3.25,2.8195419311523438,0.9080356955528259,-3.25,14.390625,11.140625,1.0
emotional_pressure_delta,35,logic_access_033,12,synthetic_logic_rules,1.171875,1.2130019664764404,0.9674107432365417,-1.171875,14.234375,13.0625,1.0
emotional_pressure_delta,35,logic_eligibility_034,13,synthetic_logic_rules,1.03125,0.7650654315948486,0.9714285731315613,-1.03125,15.625,14.59375,1.0
emotional_pressure_delta,35,logic_shipping_035,14,synthetic_logic_rules,1.515625,2.2073850631713867,0.9575892686843872,-1.515625,13.5,11.984375,1.0
emotional_pressure_delta,35,logic_tournament_036,15,synthetic_logic_rules,6.25,2.2930197715759277,0.8223214149475098,-6.25,8.3125,2.0625,1.0
emotional_pressure_delta,35,policy_lab_access_002,16,synthetic_policy,-0.765625,-0.5301803350448608,1.0227679014205933,0.765625,14.171875,14.9375,1.0
emotional_pressure_delta,35,policy_library_checkout_003,17,synthetic_policy,-0.296875,-0.24057519435882568,1.009374976158142,0.296875,16.578125,16.875,1.0
emotional_pressure_delta,35,policy_lunch_pass_001,18,synthetic_policy,-1.234375,-1.067744493484497,1.0361607074737549,1.234375,14.8125,16.046875,1.0
emotional_pressure_delta,35,policy_rec_center_004,19,synthetic_policy,-2.5,-1.516047477722168,1.0723214149475098,2.5,14.21875,16.71875,1.0
emotional_pressure_delta,35,product_specs_025,20,synthetic_product_specs,0.890625,0.927453875541687,0.9754464030265808,-0.890625,16.328125,15.4375,1.0
emotional_pressure_delta,35,product_specs_026,21,synthetic_product_specs,0.328125,0.17346608638763428,0.9915178418159485,-0.328125,14.921875,14.59375,1.0
emotional_pressure_delta,35,product_specs_027,22,synthetic_product_specs,0.96875,0.7266513705253601,0.9732142686843872,-0.96875,16.109375,15.140625,1.0
emotional_pressure_delta,35,product_specs_028,23,synthetic_product_specs,0.828125,0.7324901223182678,0.9772321581840515,-0.828125,15.0625,14.234375,1.0
emotional_pressure_delta,35,schedule_clinic_011,24,synthetic_schedule,-0.015625,-0.7438483238220215,1.001339316368103,0.015625,15.9375,15.953125,1.0
emotional_pressure_delta,35,schedule_exam_010,25,synthetic_schedule,1.078125,0.7258126139640808,0.9700892567634583,-1.078125,14.96875,13.890625,1.0
emotional_pressure_delta,35,schedule_train_009,26,synthetic_schedule,0.71875,0.5670760869979858,0.9803571701049805,-0.71875,14.625,13.90625,1.0
emotional_pressure_delta,35,schedule_workshop_012,27,synthetic_schedule,-0.265625,-0.19528460502624512,1.0084820985794067,0.265625,15.484375,15.75,1.0
emotional_pressure_delta,35,science_battery_016,28,synthetic_science_text,2.625,2.1747536659240723,0.9258928298950195,-2.625,14.703125,12.078125,1.0
emotional_pressure_delta,35,science_mineral_014,29,synthetic_science_text,1.203125,1.801974892616272,0.9665178656578064,-1.203125,13.640625,12.4375,1.0
emotional_pressure_delta,35,science_plant_013,30,synthetic_science_text,2.703125,2.2294938564300537,0.9236606955528259,-2.703125,15.359375,12.65625,1.0
emotional_pressure_delta,35,science_weather_015,31,synthetic_science_text,2.546875,3.2873587608337402,0.9281250238418579,-2.546875,12.671875,10.125,1.0
emotional_pressure_delta,35,technical_api_022,32,synthetic_technical_config,-0.203125,0.5204163193702698,1.0066964626312256,0.203125,14.140625,14.34375,1.0
emotional_pressure_delta,35,technical_backup_023,33,synthetic_technical_config,0.5625,0.32241153717041016,0.9848214387893677,-0.5625,15.6875,15.125,1.0
emotional_pressure_delta,35,technical_config_021,34,synthetic_technical_config,-0.578125,-0.20681977272033691,1.0174107551574707,0.578125,16.65625,17.234375,1.0
emotional_pressure_delta,35,technical_feature_flag_024,35,synthetic_technical_config,-0.0625,-0.004235029220581055,1.0026785135269165,0.0625,14.71875,14.78125,1.0
closed_context_delta,0,academic_attendance_019,0,synthetic_academic_rules,2.3125,1.1828408241271973,1.9383928775787354,-2.3125,15.625,13.3125,1.0
closed_context_delta,0,academic_grading_018,1,synthetic_academic_rules,0.765625,0.8778097629547119,1.9825892448425293,-0.765625,14.90625,14.140625,1.0
closed_context_delta,0,academic_latework_020,2,synthetic_academic_rules,5.703125,0.876049280166626,1.8415178060531616,-5.703125,15.4375,9.734375,1.0
closed_context_delta,0,academic_prereq_017,3,synthetic_academic_rules,1.34375,2.3721485137939453,1.9660714864730835,-1.34375,15.28125,13.9375,1.0
closed_context_delta,0,contract_rental_029,4,synthetic_contract,0.84375,4.706881523132324,1.9803571701049805,-0.84375,16.234375,15.390625,1.0
closed_context_delta,0,contract_service_030,5,synthetic_contract,0.828125,-2.7281007766723633,1.9808036088943481,-0.828125,16.09375,15.265625,1.0
closed_context_delta,0,contract_ticket_032,6,synthetic_contract,6.9375,-0.469706654548645,1.806249976158142,-6.9375,18.765625,11.828125,1.0
closed_context_delta,0,contract_warranty_031,7,synthetic_contract,0.1875,2.299786329269409,1.9991071224212646,-0.1875,17.703125,17.515625,1.0
closed_context_delta,0,finance_budget_007,8,synthetic_finance,2.640625,1.5838019847869873,1.9290179014205933,-2.640625,13.234375,10.59375,1.0
closed_context_delta,0,finance_coupon_006,9,synthetic_finance,0.859375,3.89724063873291,1.9799107313156128,-0.859375,15.1875,14.328125,1.0
closed_context_delta,0,finance_membership_008,10,synthetic_finance,1.421875,1.8922202587127686,1.9638392925262451,-1.421875,15.390625,13.96875,1.0
closed_context_delta,0,finance_refund_005,11,synthetic_finance,3.421875,4.120386123657227,1.9066964387893677,-3.421875,14.390625,10.96875,1.0
closed_context_delta,0,logic_access_033,12,synthetic_logic_rules,1.109375,2.757584571838379,1.9727678298950195,-1.109375,14.234375,13.125,1.0
closed_context_delta,0,logic_eligibility_034,13,synthetic_logic_rules,2.828125,4.313549041748047,1.9236607551574707,-2.828125,15.625,12.796875,1.0
closed_context_delta,0,logic_shipping_035,14,synthetic_logic_rules,6.40625,3.9015860557556152,1.8214285373687744,-6.40625,13.5,7.09375,1.0
closed_context_delta,0,logic_tournament_036,15,synthetic_logic_rules,10.25,2.4531350135803223,1.7116070985794067,-10.25,8.3125,-1.9375,1.0
closed_context_delta,0,policy_lab_access_002,16,synthetic_policy,1.578125,1.0678631067276,1.959375023841858,-1.578125,14.171875,12.59375,1.0
closed_context_delta,0,policy_library_checkout_003,17,synthetic_policy,0.296875,0.37229204177856445,1.9959821701049805,-0.296875,16.578125,16.28125,1.0
closed_context_delta,0,policy_lunch_pass_001,18,synthetic_policy,0.40625,2.194650650024414,1.9928570985794067,-0.40625,14.8125,14.40625,1.0
closed_context_delta,0,policy_rec_center_004,19,synthetic_policy,-1.265625,1.4975700378417969,2.0406250953674316,1.265625,14.21875,15.484375,1.0
closed_context_delta,0,product_specs_025,20,synthetic_product_specs,4.15625,2.1784675121307373,1.8857142925262451,-4.15625,16.328125,12.171875,1.0
closed_context_delta,0,product_specs_026,21,synthetic_product_specs,1.53125,0.10805249214172363,1.960714340209961,-1.53125,14.921875,13.390625,1.0
closed_context_delta,0,product_specs_027,22,synthetic_product_specs,3.4375,1.6469700336456299,1.90625,-3.4375,16.109375,12.671875,1.0
closed_context_delta,0,product_specs_028,23,synthetic_product_specs,0.234375,-2.1353912353515625,1.9977678060531616,-0.234375,15.0625,14.828125,1.0
closed_context_delta,0,schedule_clinic_011,24,synthetic_schedule,-0.296875,3.110720634460449,2.012946367263794,0.296875,15.9375,16.234375,1.0
closed_context_delta,0,schedule_exam_010,25,synthetic_schedule,2.53125,2.3597068786621094,1.9321428537368774,-2.53125,14.96875,12.4375,1.0
closed_context_delta,0,schedule_train_009,26,synthetic_schedule,1.65625,-0.5025932788848877,1.9571428298950195,-1.65625,14.625,12.96875,1.0
closed_context_delta,0,schedule_workshop_012,27,synthetic_schedule,0.328125,3.6228928565979004,1.9950892925262451,-0.328125,15.484375,15.15625,1.0
closed_context_delta,0,science_battery_016,28,synthetic_science_text,2.375,3.0131592750549316,1.9366071224212646,-2.375,14.703125,12.328125,1.0
closed_context_delta,0,science_mineral_014,29,synthetic_science_text,3.1875,2.768296003341675,1.9133929014205933,-3.1875,13.640625,10.453125,1.0
closed_context_delta,0,science_plant_013,30,synthetic_science_text,3.78125,4.00217866897583,1.8964285850524902,-3.78125,15.359375,11.578125,1.0
closed_context_delta,0,science_weather_015,31,synthetic_science_text,0.9375,4.2097063064575195,1.9776785373687744,-0.9375,12.671875,11.734375,1.0
closed_context_delta,0,technical_api_022,32,synthetic_technical_config,-2.625,0.7305229902267456,2.0794641971588135,2.625,14.140625,16.765625,1.0
closed_context_delta,0,technical_backup_023,33,synthetic_technical_config,0.875,1.5318166017532349,1.9794642925262451,-0.875,15.6875,14.8125,1.0
closed_context_delta,0,technical_config_021,34,synthetic_technical_config,-0.0625,2.221304178237915,2.0062499046325684,0.0625,16.65625,16.71875,1.0
closed_context_delta,0,technical_feature_flag_024,35,synthetic_technical_config,-0.765625,0.4591794013977051,2.026339292526245,0.765625,14.71875,15.484375,1.0
closed_context_delta,1,academic_attendance_019,0,synthetic_academic_rules,2.3125,1.4823188781738281,1.9383928775787354,-2.3125,15.625,13.3125,1.0
closed_context_delta,1,academic_grading_018,1,synthetic_academic_rules,0.765625,2.9018194675445557,1.9825892448425293,-0.765625,14.90625,14.140625,1.0
closed_context_delta,1,academic_latework_020,2,synthetic_academic_rules,5.703125,0.8785679340362549,1.8415178060531616,-5.703125,15.4375,9.734375,1.0
closed_context_delta,1,academic_prereq_017,3,synthetic_academic_rules,1.34375,1.6777926683425903,1.9660714864730835,-1.34375,15.28125,13.9375,1.0
closed_context_delta,1,contract_rental_029,4,synthetic_contract,0.84375,2.7299699783325195,1.9803571701049805,-0.84375,16.234375,15.390625,1.0
closed_context_delta,1,contract_service_030,5,synthetic_contract,0.828125,-0.8447483777999878,1.9808036088943481,-0.828125,16.09375,15.265625,1.0
closed_context_delta,1,contract_ticket_032,6,synthetic_contract,6.9375,-0.26798856258392334,1.806249976158142,-6.9375,18.765625,11.828125,1.0
closed_context_delta,1,contract_warranty_031,7,synthetic_contract,0.1875,3.452531337738037,1.9991071224212646,-0.1875,17.703125,17.515625,1.0
closed_context_delta,1,finance_budget_007,8,synthetic_finance,2.640625,2.0029232501983643,1.9290179014205933,-2.640625,13.234375,10.59375,1.0
closed_context_delta,1,finance_coupon_006,9,synthetic_finance,0.859375,0.7014364004135132,1.9799107313156128,-0.859375,15.1875,14.328125,1.0
closed_context_delta,1,finance_membership_008,10,synthetic_finance,1.421875,4.8328857421875,1.9638392925262451,-1.421875,15.390625,13.96875,1.0
closed_context_delta,1,finance_refund_005,11,synthetic_finance,3.421875,1.3931962251663208,1.9066964387893677,-3.421875,14.390625,10.96875,1.0
closed_context_delta,1,logic_access_033,12,synthetic_logic_rules,1.109375,2.90260648727417,1.9727678298950195,-1.109375,14.234375,13.125,1.0
closed_context_delta,1,logic_eligibility_034,13,synthetic_logic_rules,2.828125,4.08244514465332,1.9236607551574707,-2.828125,15.625,12.796875,1.0
closed_context_delta,1,logic_shipping_035,14,synthetic_logic_rules,6.40625,3.5620436668395996,1.8214285373687744,-6.40625,13.5,7.09375,1.0
closed_context_delta,1,logic_tournament_036,15,synthetic_logic_rules,10.25,2.5233592987060547,1.7116070985794067,-10.25,8.3125,-1.9375,1.0
closed_context_delta,1,policy_lab_access_002,16,synthetic_policy,1.578125,1.3599581718444824,1.959375023841858,-1.578125,14.171875,12.59375,1.0
closed_context_delta,1,policy_library_checkout_003,17,synthetic_policy,0.296875,1.3658204078674316,1.9959821701049805,-0.296875,16.578125,16.28125,1.0
closed_context_delta,1,policy_lunch_pass_001,18,synthetic_policy,0.40625,2.777118444442749,1.9928570985794067,-0.40625,14.8125,14.40625,1.0
closed_context_delta,1,policy_rec_center_004,19,synthetic_policy,-1.265625,2.520845890045166,2.0406250953674316,1.265625,14.21875,15.484375,1.0
closed_context_delta,1,product_specs_025,20,synthetic_product_specs,4.15625,1.8388017416000366,1.8857142925262451,-4.15625,16.328125,12.171875,1.0
closed_context_delta,1,product_specs_026,21,synthetic_product_specs,1.53125,2.158358097076416,1.960714340209961,-1.53125,14.921875,13.390625,1.0
closed_context_delta,1,product_specs_027,22,synthetic_product_specs,3.4375,3.137863874435425,1.90625,-3.4375,16.109375,12.671875,1.0
closed_context_delta,1,product_specs_028,23,synthetic_product_specs,0.234375,-1.8771880865097046,1.9977678060531616,-0.234375,15.0625,14.828125,1.0
closed_context_delta,1,schedule_clinic_011,24,synthetic_schedule,-0.296875,3.96073579788208,2.012946367263794,0.296875,15.9375,16.234375,1.0
closed_context_delta,1,schedule_exam_010,25,synthetic_schedule,2.53125,0.8063966035842896,1.9321428537368774,-2.53125,14.96875,12.4375,1.0
closed_context_delta,1,schedule_train_009,26,synthetic_schedule,1.65625,-0.48180246353149414,1.9571428298950195,-1.65625,14.625,12.96875,1.0
closed_context_delta,1,schedule_workshop_012,27,synthetic_schedule,0.328125,2.1121039390563965,1.9950892925262451,-0.328125,15.484375,15.15625,1.0
closed_context_delta,1,science_battery_016,28,synthetic_science_text,2.375,3.919729709625244,1.9366071224212646,-2.375,14.703125,12.328125,1.0
closed_context_delta,1,science_mineral_014,29,synthetic_science_text,3.1875,4.333072662353516,1.9133929014205933,-3.1875,13.640625,10.453125,1.0
closed_context_delta,1,science_plant_013,30,synthetic_science_text,3.78125,3.188497304916382,1.8964285850524902,-3.78125,15.359375,11.578125,1.0
closed_context_delta,1,science_weather_015,31,synthetic_science_text,0.9375,3.5388777256011963,1.9776785373687744,-0.9375,12.671875,11.734375,1.0
closed_context_delta,1,technical_api_022,32,synthetic_technical_config,-2.625,0.32615506649017334,2.0794641971588135,2.625,14.140625,16.765625,1.0
closed_context_delta,1,technical_backup_023,33,synthetic_technical_config,0.875,1.702498197555542,1.9794642925262451,-0.875,15.6875,14.8125,1.0
closed_context_delta,1,technical_config_021,34,synthetic_technical_config,-0.0625,1.4044928550720215,2.0062499046325684,0.0625,16.65625,16.71875,1.0
closed_context_delta,1,technical_feature_flag_024,35,synthetic_technical_config,-0.765625,0.347700834274292,2.026339292526245,0.765625,14.71875,15.484375,1.0
closed_context_delta,2,academic_attendance_019,0,synthetic_academic_rules,2.3125,3.309854030609131,1.9383928775787354,-2.3125,15.625,13.3125,1.0
closed_context_delta,2,academic_grading_018,1,synthetic_academic_rules,0.765625,1.602963924407959,1.9825892448425293,-0.765625,14.90625,14.140625,1.0
closed_context_delta,2,academic_latework_020,2,synthetic_academic_rules,5.703125,2.066891670227051,1.8415178060531616,-5.703125,15.4375,9.734375,1.0
closed_context_delta,2,academic_prereq_017,3,synthetic_academic_rules,1.34375,0.5508819818496704,1.9660714864730835,-1.34375,15.28125,13.9375,1.0
closed_context_delta,2,contract_rental_029,4,synthetic_contract,0.84375,0.12654650211334229,1.9803571701049805,-0.84375,16.234375,15.390625,1.0
closed_context_delta,2,contract_service_030,5,synthetic_contract,0.828125,2.1188440322875977,1.9808036088943481,-0.828125,16.09375,15.265625,1.0
closed_context_delta,2,contract_ticket_032,6,synthetic_contract,6.9375,0.2685161828994751,1.806249976158142,-6.9375,18.765625,11.828125,1.0
closed_context_delta,2,contract_warranty_031,7,synthetic_contract,0.1875,2.103769302368164,1.9991071224212646,-0.1875,17.703125,17.515625,1.0
closed_context_delta,2,finance_budget_007,8,synthetic_finance,2.640625,2.1544909477233887,1.9290179014205933,-2.640625,13.234375,10.59375,1.0
closed_context_delta,2,finance_coupon_006,9,synthetic_finance,0.859375,-0.08385860919952393,1.9799107313156128,-0.859375,15.1875,14.328125,1.0
closed_context_delta,2,finance_membership_008,10,synthetic_finance,1.421875,4.548558235168457,1.9638392925262451,-1.421875,15.390625,13.96875,1.0
closed_context_delta,2,finance_refund_005,11,synthetic_finance,3.421875,2.0890326499938965,1.9066964387893677,-3.421875,14.390625,10.96875,1.0
closed_context_delta,2,logic_access_033,12,synthetic_logic_rules,1.109375,1.9434759616851807,1.9727678298950195,-1.109375,14.234375,13.125,1.0
closed_context_delta,2,logic_eligibility_034,13,synthetic_logic_rules,2.828125,2.370340347290039,1.9236607551574707,-2.828125,15.625,12.796875,1.0
closed_context_delta,2,logic_shipping_035,14,synthetic_logic_rules,6.40625,5.7619829177856445,1.8214285373687744,-6.40625,13.5,7.09375,1.0
closed_context_delta,2,logic_tournament_036,15,synthetic_logic_rules,10.25,3.51627254486084,1.7116070985794067,-10.25,8.3125,-1.9375,1.0
closed_context_delta,2,policy_lab_access_002,16,synthetic_policy,1.578125,3.337860584259033,1.959375023841858,-1.578125,14.171875,12.59375,1.0
closed_context_delta,2,policy_library_checkout_003,17,synthetic_policy,0.296875,2.0633349418640137,1.9959821701049805,-0.296875,16.578125,16.28125,1.0
closed_context_delta,2,policy_lunch_pass_001,18,synthetic_policy,0.40625,1.8634458780288696,1.9928570985794067,-0.40625,14.8125,14.40625,1.0
closed_context_delta,2,policy_rec_center_004,19,synthetic_policy,-1.265625,0.03476095199584961,2.0406250953674316,1.265625,14.21875,15.484375,1.0
closed_context_delta,2,product_specs_025,20,synthetic_product_specs,4.15625,0.8760820627212524,1.8857142925262451,-4.15625,16.328125,12.171875,1.0
closed_context_delta,2,product_specs_026,21,synthetic_product_specs,1.53125,2.681584358215332,1.960714340209961,-1.53125,14.921875,13.390625,1.0
closed_context_delta,2,product_specs_027,22,synthetic_product_specs,3.4375,1.2143127918243408,1.90625,-3.4375,16.109375,12.671875,1.0
closed_context_delta,2,product_specs_028,23,synthetic_product_specs,0.234375,1.5826239585876465,1.9977678060531616,-0.234375,15.0625,14.828125,1.0
closed_context_delta,2,schedule_clinic_011,24,synthetic_schedule,-0.296875,3.434385299682617,2.012946367263794,0.296875,15.9375,16.234375,1.0
closed_context_delta,2,schedule_exam_010,25,synthetic_schedule,2.53125,1.234877109527588,1.9321428537368774,-2.53125,14.96875,12.4375,1.0
closed_context_delta,2,schedule_train_009,26,synthetic_schedule,1.65625,1.3425039052963257,1.9571428298950195,-1.65625,14.625,12.96875,1.0
closed_context_delta,2,schedule_workshop_012,27,synthetic_schedule,0.328125,3.130095958709717,1.9950892925262451,-0.328125,15.484375,15.15625,1.0
closed_context_delta,2,science_battery_016,28,synthetic_science_text,2.375,3.051539421081543,1.9366071224212646,-2.375,14.703125,12.328125,1.0
closed_context_delta,2,science_mineral_014,29,synthetic_science_text,3.1875,3.428619384765625,1.9133929014205933,-3.1875,13.640625,10.453125,1.0
closed_context_delta,2,science_plant_013,30,synthetic_science_text,3.78125,3.553741693496704,1.8964285850524902,-3.78125,15.359375,11.578125,1.0
closed_context_delta,2,science_weather_015,31,synthetic_science_text,0.9375,0.6529065370559692,1.9776785373687744,-0.9375,12.671875,11.734375,1.0
closed_context_delta,2,technical_api_022,32,synthetic_technical_config,-2.625,-1.633791208267212,2.0794641971588135,2.625,14.140625,16.765625,1.0
closed_context_delta,2,technical_backup_023,33,synthetic_technical_config,0.875,1.403625249862671,1.9794642925262451,-0.875,15.6875,14.8125,1.0
closed_context_delta,2,technical_config_021,34,synthetic_technical_config,-0.0625,1.6460795402526855,2.0062499046325684,0.0625,16.65625,16.71875,1.0
closed_context_delta,2,technical_feature_flag_024,35,synthetic_technical_config,-0.765625,1.7336455583572388,2.026339292526245,0.765625,14.71875,15.484375,1.0
closed_context_delta,3,academic_attendance_019,0,synthetic_academic_rules,2.3125,3.105177402496338,1.9383928775787354,-2.3125,15.625,13.3125,1.0
closed_context_delta,3,academic_grading_018,1,synthetic_academic_rules,0.765625,2.60921049118042,1.9825892448425293,-0.765625,14.90625,14.140625,1.0
closed_context_delta,3,academic_latework_020,2,synthetic_academic_rules,5.703125,2.2904388904571533,1.8415178060531616,-5.703125,15.4375,9.734375,1.0
closed_context_delta,3,academic_prereq_017,3,synthetic_academic_rules,1.34375,3.446749448776245,1.9660714864730835,-1.34375,15.28125,13.9375,1.0
closed_context_delta,3,contract_rental_029,4,synthetic_contract,0.84375,-0.04053354263305664,1.9803571701049805,-0.84375,16.234375,15.390625,1.0
closed_context_delta,3,contract_service_030,5,synthetic_contract,0.828125,1.1841726303100586,1.9808036088943481,-0.828125,16.09375,15.265625,1.0
closed_context_delta,3,contract_ticket_032,6,synthetic_contract,6.9375,-0.05836284160614014,1.806249976158142,-6.9375,18.765625,11.828125,1.0
closed_context_delta,3,contract_warranty_031,7,synthetic_contract,0.1875,2.3933470249176025,1.9991071224212646,-0.1875,17.703125,17.515625,1.0
closed_context_delta,3,finance_budget_007,8,synthetic_finance,2.640625,2.084277391433716,1.9290179014205933,-2.640625,13.234375,10.59375,1.0
closed_context_delta,3,finance_coupon_006,9,synthetic_finance,0.859375,1.7879246473312378,1.9799107313156128,-0.859375,15.1875,14.328125,1.0
closed_context_delta,3,finance_membership_008,10,synthetic_finance,1.421875,1.8352501392364502,1.9638392925262451,-1.421875,15.390625,13.96875,1.0
closed_context_delta,3,finance_refund_005,11,synthetic_finance,3.421875,1.6862683296203613,1.9066964387893677,-3.421875,14.390625,10.96875,1.0
closed_context_delta,3,logic_access_033,12,synthetic_logic_rules,1.109375,3.2932090759277344,1.9727678298950195,-1.109375,14.234375,13.125,1.0
closed_context_delta,3,logic_eligibility_034,13,synthetic_logic_rules,2.828125,2.979245662689209,1.9236607551574707,-2.828125,15.625,12.796875,1.0
closed_context_delta,3,logic_shipping_035,14,synthetic_logic_rules,6.40625,4.351107597351074,1.8214285373687744,-6.40625,13.5,7.09375,1.0
closed_context_delta,3,logic_tournament_036,15,synthetic_logic_rules,10.25,3.561265468597412,1.7116070985794067,-10.25,8.3125,-1.9375,1.0
closed_context_delta,3,policy_lab_access_002,16,synthetic_policy,1.578125,1.947753667831421,1.959375023841858,-1.578125,14.171875,12.59375,1.0
closed_context_delta,3,policy_library_checkout_003,17,synthetic_policy,0.296875,1.6995160579681396,1.9959821701049805,-0.296875,16.578125,16.28125,1.0
closed_context_delta,3,policy_lunch_pass_001,18,synthetic_policy,0.40625,2.2117390632629395,1.9928570985794067,-0.40625,14.8125,14.40625,1.0
closed_context_delta,3,policy_rec_center_004,19,synthetic_policy,-1.265625,-0.431760311126709,2.0406250953674316,1.265625,14.21875,15.484375,1.0
closed_context_delta,3,product_specs_025,20,synthetic_product_specs,4.15625,0.06666374206542969,1.8857142925262451,-4.15625,16.328125,12.171875,1.0
closed_context_delta,3,product_specs_026,21,synthetic_product_specs,1.53125,3.1188836097717285,1.960714340209961,-1.53125,14.921875,13.390625,1.0
closed_context_delta,3,product_specs_027,22,synthetic_product_specs,3.4375,0.2584536075592041,1.90625,-3.4375,16.109375,12.671875,1.0
closed_context_delta,3,product_specs_028,23,synthetic_product_specs,0.234375,2.3005495071411133,1.9977678060531616,-0.234375,15.0625,14.828125,1.0
closed_context_delta,3,schedule_clinic_011,24,synthetic_schedule,-0.296875,3.6897823810577393,2.012946367263794,0.296875,15.9375,16.234375,1.0
closed_context_delta,3,schedule_exam_010,25,synthetic_schedule,2.53125,1.9299728870391846,1.9321428537368774,-2.53125,14.96875,12.4375,1.0
closed_context_delta,3,schedule_train_009,26,synthetic_schedule,1.65625,1.978308081626892,1.9571428298950195,-1.65625,14.625,12.96875,1.0
closed_context_delta,3,schedule_workshop_012,27,synthetic_schedule,0.328125,2.984185218811035,1.9950892925262451,-0.328125,15.484375,15.15625,1.0
closed_context_delta,3,science_battery_016,28,synthetic_science_text,2.375,3.6643247604370117,1.9366071224212646,-2.375,14.703125,12.328125,1.0
closed_context_delta,3,science_mineral_014,29,synthetic_science_text,3.1875,2.4422852993011475,1.9133929014205933,-3.1875,13.640625,10.453125,1.0
closed_context_delta,3,science_plant_013,30,synthetic_science_text,3.78125,3.825838565826416,1.8964285850524902,-3.78125,15.359375,11.578125,1.0
closed_context_delta,3,science_weather_015,31,synthetic_science_text,0.9375,1.7743993997573853,1.9776785373687744,-0.9375,12.671875,11.734375,1.0
closed_context_delta,3,technical_api_022,32,synthetic_technical_config,-2.625,-0.7051408290863037,2.0794641971588135,2.625,14.140625,16.765625,1.0
closed_context_delta,3,technical_backup_023,33,synthetic_technical_config,0.875,1.5535167455673218,1.9794642925262451,-0.875,15.6875,14.8125,1.0
closed_context_delta,3,technical_config_021,34,synthetic_technical_config,-0.0625,2.744835615158081,2.0062499046325684,0.0625,16.65625,16.71875,1.0
closed_context_delta,3,technical_feature_flag_024,35,synthetic_technical_config,-0.765625,-1.2670683860778809,2.026339292526245,0.765625,14.71875,15.484375,1.0
closed_context_delta,4,academic_attendance_019,0,synthetic_academic_rules,2.3125,2.8392863273620605,1.9383928775787354,-2.3125,15.625,13.3125,1.0
closed_context_delta,4,academic_grading_018,1,synthetic_academic_rules,0.765625,3.4291889667510986,1.9825892448425293,-0.765625,14.90625,14.140625,1.0
closed_context_delta,4,academic_latework_020,2,synthetic_academic_rules,5.703125,2.130262613296509,1.8415178060531616,-5.703125,15.4375,9.734375,1.0
closed_context_delta,4,academic_prereq_017,3,synthetic_academic_rules,1.34375,3.925021171569824,1.9660714864730835,-1.34375,15.28125,13.9375,1.0
closed_context_delta,4,contract_rental_029,4,synthetic_contract,0.84375,-0.3575601577758789,1.9803571701049805,-0.84375,16.234375,15.390625,1.0
closed_context_delta,4,contract_service_030,5,synthetic_contract,0.828125,1.4838402271270752,1.9808036088943481,-0.828125,16.09375,15.265625,1.0
closed_context_delta,4,contract_ticket_032,6,synthetic_contract,6.9375,0.41251492500305176,1.806249976158142,-6.9375,18.765625,11.828125,1.0
closed_context_delta,4,contract_warranty_031,7,synthetic_contract,0.1875,2.5265564918518066,1.9991071224212646,-0.1875,17.703125,17.515625,1.0
closed_context_delta,4,finance_budget_007,8,synthetic_finance,2.640625,2.0175437927246094,1.9290179014205933,-2.640625,13.234375,10.59375,1.0
closed_context_delta,4,finance_coupon_006,9,synthetic_finance,0.859375,1.4302921295166016,1.9799107313156128,-0.859375,15.1875,14.328125,1.0
closed_context_delta,4,finance_membership_008,10,synthetic_finance,1.421875,1.5260968208312988,1.9638392925262451,-1.421875,15.390625,13.96875,1.0
closed_context_delta,4,finance_refund_005,11,synthetic_finance,3.421875,1.6178618669509888,1.9066964387893677,-3.421875,14.390625,10.96875,1.0
closed_context_delta,4,logic_access_033,12,synthetic_logic_rules,1.109375,3.0757479667663574,1.9727678298950195,-1.109375,14.234375,13.125,1.0
closed_context_delta,4,logic_eligibility_034,13,synthetic_logic_rules,2.828125,2.9625167846679688,1.9236607551574707,-2.828125,15.625,12.796875,1.0
closed_context_delta,4,logic_shipping_035,14,synthetic_logic_rules,6.40625,3.5852651596069336,1.8214285373687744,-6.40625,13.5,7.09375,1.0
closed_context_delta,4,logic_tournament_036,15,synthetic_logic_rules,10.25,1.7559536695480347,1.7116070985794067,-10.25,8.3125,-1.9375,1.0
closed_context_delta,4,policy_lab_access_002,16,synthetic_policy,1.578125,1.719797134399414,1.959375023841858,-1.578125,14.171875,12.59375,1.0
closed_context_delta,4,policy_library_checkout_003,17,synthetic_policy,0.296875,1.235825538635254,1.9959821701049805,-0.296875,16.578125,16.28125,1.0
closed_context_delta,4,policy_lunch_pass_001,18,synthetic_policy,0.40625,2.8062973022460938,1.9928570985794067,-0.40625,14.8125,14.40625,1.0
closed_context_delta,4,policy_rec_center_004,19,synthetic_policy,-1.265625,-0.11355352401733398,2.0406250953674316,1.265625,14.21875,15.484375,1.0
closed_context_delta,4,product_specs_025,20,synthetic_product_specs,4.15625,0.9805346131324768,1.8857142925262451,-4.15625,16.328125,12.171875,1.0
closed_context_delta,4,product_specs_026,21,synthetic_product_specs,1.53125,3.316230297088623,1.960714340209961,-1.53125,14.921875,13.390625,1.0
closed_context_delta,4,product_specs_027,22,synthetic_product_specs,3.4375,-0.04970264434814453,1.90625,-3.4375,16.109375,12.671875,1.0
closed_context_delta,4,product_specs_028,23,synthetic_product_specs,0.234375,2.32776141166687,1.9977678060531616,-0.234375,15.0625,14.828125,1.0
closed_context_delta,4,schedule_clinic_011,24,synthetic_schedule,-0.296875,2.974139928817749,2.012946367263794,0.296875,15.9375,16.234375,1.0
closed_context_delta,4,schedule_exam_010,25,synthetic_schedule,2.53125,2.2489802837371826,1.9321428537368774,-2.53125,14.96875,12.4375,1.0
closed_context_delta,4,schedule_train_009,26,synthetic_schedule,1.65625,2.308265209197998,1.9571428298950195,-1.65625,14.625,12.96875,1.0
closed_context_delta,4,schedule_workshop_012,27,synthetic_schedule,0.328125,2.099431276321411,1.9950892925262451,-0.328125,15.484375,15.15625,1.0
closed_context_delta,4,science_battery_016,28,synthetic_science_text,2.375,4.526057243347168,1.9366071224212646,-2.375,14.703125,12.328125,1.0
closed_context_delta,4,science_mineral_014,29,synthetic_science_text,3.1875,2.2000651359558105,1.9133929014205933,-3.1875,13.640625,10.453125,1.0
closed_context_delta,4,science_plant_013,30,synthetic_science_text,3.78125,3.6213295459747314,1.8964285850524902,-3.78125,15.359375,11.578125,1.0
closed_context_delta,4,science_weather_015,31,synthetic_science_text,0.9375,1.8612972497940063,1.9776785373687744,-0.9375,12.671875,11.734375,1.0
closed_context_delta,4,technical_api_022,32,synthetic_technical_config,-2.625,-0.7604570388793945,2.0794641971588135,2.625,14.140625,16.765625,1.0
closed_context_delta,4,technical_backup_023,33,synthetic_technical_config,0.875,2.351182699203491,1.9794642925262451,-0.875,15.6875,14.8125,1.0
closed_context_delta,4,technical_config_021,34,synthetic_technical_config,-0.0625,3.837766647338867,2.0062499046325684,0.0625,16.65625,16.71875,1.0
closed_context_delta,4,technical_feature_flag_024,35,synthetic_technical_config,-0.765625,-0.19097423553466797,2.026339292526245,0.765625,14.71875,15.484375,1.0
closed_context_delta,5,academic_attendance_019,0,synthetic_academic_rules,2.3125,3.534714698791504,1.9383928775787354,-2.3125,15.625,13.3125,1.0
closed_context_delta,5,academic_grading_018,1,synthetic_academic_rules,0.765625,4.232316970825195,1.9825892448425293,-0.765625,14.90625,14.140625,1.0
closed_context_delta,5,academic_latework_020,2,synthetic_academic_rules,5.703125,1.7475838661193848,1.8415178060531616,-5.703125,15.4375,9.734375,1.0
closed_context_delta,5,academic_prereq_017,3,synthetic_academic_rules,1.34375,3.0587000846862793,1.9660714864730835,-1.34375,15.28125,13.9375,1.0
closed_context_delta,5,contract_rental_029,4,synthetic_contract,0.84375,-0.029916763305664062,1.9803571701049805,-0.84375,16.234375,15.390625,1.0
closed_context_delta,5,contract_service_030,5,synthetic_contract,0.828125,1.5238771438598633,1.9808036088943481,-0.828125,16.09375,15.265625,1.0
closed_context_delta,5,contract_ticket_032,6,synthetic_contract,6.9375,0.8970077633857727,1.806249976158142,-6.9375,18.765625,11.828125,1.0
closed_context_delta,5,contract_warranty_031,7,synthetic_contract,0.1875,1.7667019367218018,1.9991071224212646,-0.1875,17.703125,17.515625,1.0
closed_context_delta,5,finance_budget_007,8,synthetic_finance,2.640625,3.4301528930664062,1.9290179014205933,-2.640625,13.234375,10.59375,1.0
closed_context_delta,5,finance_coupon_006,9,synthetic_finance,0.859375,1.6733585596084595,1.9799107313156128,-0.859375,15.1875,14.328125,1.0
closed_context_delta,5,finance_membership_008,10,synthetic_finance,1.421875,0.9196877479553223,1.9638392925262451,-1.421875,15.390625,13.96875,1.0
closed_context_delta,5,finance_refund_005,11,synthetic_finance,3.421875,1.2376435995101929,1.9066964387893677,-3.421875,14.390625,10.96875,1.0
closed_context_delta,5,logic_access_033,12,synthetic_logic_rules,1.109375,4.162803649902344,1.9727678298950195,-1.109375,14.234375,13.125,1.0
closed_context_delta,5,logic_eligibility_034,13,synthetic_logic_rules,2.828125,3.459670066833496,1.9236607551574707,-2.828125,15.625,12.796875,1.0
closed_context_delta,5,logic_shipping_035,14,synthetic_logic_rules,6.40625,4.425778865814209,1.8214285373687744,-6.40625,13.5,7.09375,1.0
closed_context_delta,5,logic_tournament_036,15,synthetic_logic_rules,10.25,1.7038623094558716,1.7116070985794067,-10.25,8.3125,-1.9375,1.0
closed_context_delta,5,policy_lab_access_002,16,synthetic_policy,1.578125,0.8422096967697144,1.959375023841858,-1.578125,14.171875,12.59375,1.0
closed_context_delta,5,policy_library_checkout_003,17,synthetic_policy,0.296875,1.035742163658142,1.9959821701049805,-0.296875,16.578125,16.28125,1.0
closed_context_delta,5,policy_lunch_pass_001,18,synthetic_policy,0.40625,2.3274450302124023,1.9928570985794067,-0.40625,14.8125,14.40625,1.0
closed_context_delta,5,policy_rec_center_004,19,synthetic_policy,-1.265625,0.15556812286376953,2.0406250953674316,1.265625,14.21875,15.484375,1.0
closed_context_delta,5,product_specs_025,20,synthetic_product_specs,4.15625,1.3640449047088623,1.8857142925262451,-4.15625,16.328125,12.171875,1.0
closed_context_delta,5,product_specs_026,21,synthetic_product_specs,1.53125,1.3029232025146484,1.960714340209961,-1.53125,14.921875,13.390625,1.0
closed_context_delta,5,product_specs_027,22,synthetic_product_specs,3.4375,1.2826642990112305,1.90625,-3.4375,16.109375,12.671875,1.0
closed_context_delta,5,product_specs_028,23,synthetic_product_specs,0.234375,2.0728366374969482,1.9977678060531616,-0.234375,15.0625,14.828125,1.0
closed_context_delta,5,schedule_clinic_011,24,synthetic_schedule,-0.296875,2.069110155105591,2.012946367263794,0.296875,15.9375,16.234375,1.0
closed_context_delta,5,schedule_exam_010,25,synthetic_schedule,2.53125,1.4675748348236084,1.9321428537368774,-2.53125,14.96875,12.4375,1.0
closed_context_delta,5,schedule_train_009,26,synthetic_schedule,1.65625,2.8541243076324463,1.9571428298950195,-1.65625,14.625,12.96875,1.0
closed_context_delta,5,schedule_workshop_012,27,synthetic_schedule,0.328125,2.040982246398926,1.9950892925262451,-0.328125,15.484375,15.15625,1.0
closed_context_delta,5,science_battery_016,28,synthetic_science_text,2.375,5.523591995239258,1.9366071224212646,-2.375,14.703125,12.328125,1.0
closed_context_delta,5,science_mineral_014,29,synthetic_science_text,3.1875,2.7469141483306885,1.9133929014205933,-3.1875,13.640625,10.453125,1.0
closed_context_delta,5,science_plant_013,30,synthetic_science_text,3.78125,3.3856494426727295,1.8964285850524902,-3.78125,15.359375,11.578125,1.0
closed_context_delta,5,science_weather_015,31,synthetic_science_text,0.9375,2.1347222328186035,1.9776785373687744,-0.9375,12.671875,11.734375,1.0
closed_context_delta,5,technical_api_022,32,synthetic_technical_config,-2.625,-1.1016600131988525,2.0794641971588135,2.625,14.140625,16.765625,1.0
closed_context_delta,5,technical_backup_023,33,synthetic_technical_config,0.875,1.7633342742919922,1.9794642925262451,-0.875,15.6875,14.8125,1.0
closed_context_delta,5,technical_config_021,34,synthetic_technical_config,-0.0625,4.252691268920898,2.0062499046325684,0.0625,16.65625,16.71875,1.0
closed_context_delta,5,technical_feature_flag_024,35,synthetic_technical_config,-0.765625,-0.9286301136016846,2.026339292526245,0.765625,14.71875,15.484375,1.0
closed_context_delta,6,academic_attendance_019,0,synthetic_academic_rules,2.3125,3.584017753601074,1.9383928775787354,-2.3125,15.625,13.3125,1.0
closed_context_delta,6,academic_grading_018,1,synthetic_academic_rules,0.765625,4.472818374633789,1.9825892448425293,-0.765625,14.90625,14.140625,1.0
closed_context_delta,6,academic_latework_020,2,synthetic_academic_rules,5.703125,0.9895191192626953,1.8415178060531616,-5.703125,15.4375,9.734375,1.0
closed_context_delta,6,academic_prereq_017,3,synthetic_academic_rules,1.34375,3.6373414993286133,1.9660714864730835,-1.34375,15.28125,13.9375,1.0
closed_context_delta,6,contract_rental_029,4,synthetic_contract,0.84375,0.1521366834640503,1.9803571701049805,-0.84375,16.234375,15.390625,1.0
closed_context_delta,6,contract_service_030,5,synthetic_contract,0.828125,1.1696887016296387,1.9808036088943481,-0.828125,16.09375,15.265625,1.0
closed_context_delta,6,contract_ticket_032,6,synthetic_contract,6.9375,1.206650972366333,1.806249976158142,-6.9375,18.765625,11.828125,1.0
closed_context_delta,6,contract_warranty_031,7,synthetic_contract,0.1875,1.4388107061386108,1.9991071224212646,-0.1875,17.703125,17.515625,1.0
closed_context_delta,6,finance_budget_007,8,synthetic_finance,2.640625,3.214115619659424,1.9290179014205933,-2.640625,13.234375,10.59375,1.0
closed_context_delta,6,finance_coupon_006,9,synthetic_finance,0.859375,1.5466315746307373,1.9799107313156128,-0.859375,15.1875,14.328125,1.0
closed_context_delta,6,finance_membership_008,10,synthetic_finance,1.421875,0.7634567022323608,1.9638392925262451,-1.421875,15.390625,13.96875,1.0
closed_context_delta,6,finance_refund_005,11,synthetic_finance,3.421875,0.9004640579223633,1.9066964387893677,-3.421875,14.390625,10.96875,1.0
closed_context_delta,6,logic_access_033,12,synthetic_logic_rules,1.109375,3.598712921142578,1.9727678298950195,-1.109375,14.234375,13.125,1.0
closed_context_delta,6,logic_eligibility_034,13,synthetic_logic_rules,2.828125,3.4014201164245605,1.9236607551574707,-2.828125,15.625,12.796875,1.0
closed_context_delta,6,logic_shipping_035,14,synthetic_logic_rules,6.40625,4.541439533233643,1.8214285373687744,-6.40625,13.5,7.09375,1.0
closed_context_delta,6,logic_tournament_036,15,synthetic_logic_rules,10.25,1.029317021369934,1.7116070985794067,-10.25,8.3125,-1.9375,1.0
closed_context_delta,6,policy_lab_access_002,16,synthetic_policy,1.578125,-0.25325143337249756,1.959375023841858,-1.578125,14.171875,12.59375,1.0
closed_context_delta,6,policy_library_checkout_003,17,synthetic_policy,0.296875,0.22833919525146484,1.9959821701049805,-0.296875,16.578125,16.28125,1.0
closed_context_delta,6,policy_lunch_pass_001,18,synthetic_policy,0.40625,3.2808759212493896,1.9928570985794067,-0.40625,14.8125,14.40625,1.0
closed_context_delta,6,policy_rec_center_004,19,synthetic_policy,-1.265625,0.9043569564819336,2.0406250953674316,1.265625,14.21875,15.484375,1.0
closed_context_delta,6,product_specs_025,20,synthetic_product_specs,4.15625,1.856092095375061,1.8857142925262451,-4.15625,16.328125,12.171875,1.0
closed_context_delta,6,product_specs_026,21,synthetic_product_specs,1.53125,1.7160110473632812,1.960714340209961,-1.53125,14.921875,13.390625,1.0
closed_context_delta,6,product_specs_027,22,synthetic_product_specs,3.4375,1.0000743865966797,1.90625,-3.4375,16.109375,12.671875,1.0
closed_context_delta,6,product_specs_028,23,synthetic_product_specs,0.234375,2.1885263919830322,1.9977678060531616,-0.234375,15.0625,14.828125,1.0
closed_context_delta,6,schedule_clinic_011,24,synthetic_schedule,-0.296875,2.1350271701812744,2.012946367263794,0.296875,15.9375,16.234375,1.0
closed_context_delta,6,schedule_exam_010,25,synthetic_schedule,2.53125,1.7304787635803223,1.9321428537368774,-2.53125,14.96875,12.4375,1.0
closed_context_delta,6,schedule_train_009,26,synthetic_schedule,1.65625,1.708230972290039,1.9571428298950195,-1.65625,14.625,12.96875,1.0
closed_context_delta,6,schedule_workshop_012,27,synthetic_schedule,0.328125,1.7836018800735474,1.9950892925262451,-0.328125,15.484375,15.15625,1.0
closed_context_delta,6,science_battery_016,28,synthetic_science_text,2.375,5.523048400878906,1.9366071224212646,-2.375,14.703125,12.328125,1.0
closed_context_delta,6,science_mineral_014,29,synthetic_science_text,3.1875,3.9300670623779297,1.9133929014205933,-3.1875,13.640625,10.453125,1.0
closed_context_delta,6,science_plant_013,30,synthetic_science_text,3.78125,3.9632351398468018,1.8964285850524902,-3.78125,15.359375,11.578125,1.0
closed_context_delta,6,science_weather_015,31,synthetic_science_text,0.9375,2.5468132495880127,1.9776785373687744,-0.9375,12.671875,11.734375,1.0
closed_context_delta,6,technical_api_022,32,synthetic_technical_config,-2.625,-2.5537235736846924,2.0794641971588135,2.625,14.140625,16.765625,1.0
closed_context_delta,6,technical_backup_023,33,synthetic_technical_config,0.875,1.3391166925430298,1.9794642925262451,-0.875,15.6875,14.8125,1.0
closed_context_delta,6,technical_config_021,34,synthetic_technical_config,-0.0625,5.565269470214844,2.0062499046325684,0.0625,16.65625,16.71875,1.0
closed_context_delta,6,technical_feature_flag_024,35,synthetic_technical_config,-0.765625,-0.28424596786499023,2.026339292526245,0.765625,14.71875,15.484375,1.0
closed_context_delta,7,academic_attendance_019,0,synthetic_academic_rules,2.3125,3.56384539604187,1.9383928775787354,-2.3125,15.625,13.3125,1.0
closed_context_delta,7,academic_grading_018,1,synthetic_academic_rules,0.765625,5.795497894287109,1.9825892448425293,-0.765625,14.90625,14.140625,1.0
closed_context_delta,7,academic_latework_020,2,synthetic_academic_rules,5.703125,1.3293371200561523,1.8415178060531616,-5.703125,15.4375,9.734375,1.0
closed_context_delta,7,academic_prereq_017,3,synthetic_academic_rules,1.34375,3.5567774772644043,1.9660714864730835,-1.34375,15.28125,13.9375,1.0
closed_context_delta,7,contract_rental_029,4,synthetic_contract,0.84375,0.5793418884277344,1.9803571701049805,-0.84375,16.234375,15.390625,1.0
closed_context_delta,7,contract_service_030,5,synthetic_contract,0.828125,0.9676339626312256,1.9808036088943481,-0.828125,16.09375,15.265625,1.0
closed_context_delta,7,contract_ticket_032,6,synthetic_contract,6.9375,1.5967154502868652,1.806249976158142,-6.9375,18.765625,11.828125,1.0
closed_context_delta,7,contract_warranty_031,7,synthetic_contract,0.1875,1.5874392986297607,1.9991071224212646,-0.1875,17.703125,17.515625,1.0
closed_context_delta,7,finance_budget_007,8,synthetic_finance,2.640625,1.624089002609253,1.9290179014205933,-2.640625,13.234375,10.59375,1.0
closed_context_delta,7,finance_coupon_006,9,synthetic_finance,0.859375,1.4074069261550903,1.9799107313156128,-0.859375,15.1875,14.328125,1.0
closed_context_delta,7,finance_membership_008,10,synthetic_finance,1.421875,0.35252344608306885,1.9638392925262451,-1.421875,15.390625,13.96875,1.0
closed_context_delta,7,finance_refund_005,11,synthetic_finance,3.421875,0.9535567760467529,1.9066964387893677,-3.421875,14.390625,10.96875,1.0
closed_context_delta,7,logic_access_033,12,synthetic_logic_rules,1.109375,3.4248201847076416,1.9727678298950195,-1.109375,14.234375,13.125,1.0
closed_context_delta,7,logic_eligibility_034,13,synthetic_logic_rules,2.828125,4.507795333862305,1.9236607551574707,-2.828125,15.625,12.796875,1.0
closed_context_delta,7,logic_shipping_035,14,synthetic_logic_rules,6.40625,4.000241279602051,1.8214285373687744,-6.40625,13.5,7.09375,1.0
closed_context_delta,7,logic_tournament_036,15,synthetic_logic_rules,10.25,1.4078983068466187,1.7116070985794067,-10.25,8.3125,-1.9375,1.0
closed_context_delta,7,policy_lab_access_002,16,synthetic_policy,1.578125,-1.0035494565963745,1.959375023841858,-1.578125,14.171875,12.59375,1.0
closed_context_delta,7,policy_library_checkout_003,17,synthetic_policy,0.296875,0.1932215690612793,1.9959821701049805,-0.296875,16.578125,16.28125,1.0
closed_context_delta,7,policy_lunch_pass_001,18,synthetic_policy,0.40625,2.892240524291992,1.9928570985794067,-0.40625,14.8125,14.40625,1.0
closed_context_delta,7,policy_rec_center_004,19,synthetic_policy,-1.265625,0.4224221706390381,2.0406250953674316,1.265625,14.21875,15.484375,1.0
closed_context_delta,7,product_specs_025,20,synthetic_product_specs,4.15625,0.8620059490203857,1.8857142925262451,-4.15625,16.328125,12.171875,1.0
closed_context_delta,7,product_specs_026,21,synthetic_product_specs,1.53125,1.0251528024673462,1.960714340209961,-1.53125,14.921875,13.390625,1.0
closed_context_delta,7,product_specs_027,22,synthetic_product_specs,3.4375,1.5738338232040405,1.90625,-3.4375,16.109375,12.671875,1.0
closed_context_delta,7,product_specs_028,23,synthetic_product_specs,0.234375,3.035980463027954,1.9977678060531616,-0.234375,15.0625,14.828125,1.0
closed_context_delta,7,schedule_clinic_011,24,synthetic_schedule,-0.296875,2.320047378540039,2.012946367263794,0.296875,15.9375,16.234375,1.0
closed_context_delta,7,schedule_exam_010,25,synthetic_schedule,2.53125,1.1098971366882324,1.9321428537368774,-2.53125,14.96875,12.4375,1.0
closed_context_delta,7,schedule_train_009,26,synthetic_schedule,1.65625,2.4494528770446777,1.9571428298950195,-1.65625,14.625,12.96875,1.0
closed_context_delta,7,schedule_workshop_012,27,synthetic_schedule,0.328125,1.982385277748108,1.9950892925262451,-0.328125,15.484375,15.15625,1.0
closed_context_delta,7,science_battery_016,28,synthetic_science_text,2.375,4.524099349975586,1.9366071224212646,-2.375,14.703125,12.328125,1.0
closed_context_delta,7,science_mineral_014,29,synthetic_science_text,3.1875,4.057180881500244,1.9133929014205933,-3.1875,13.640625,10.453125,1.0
closed_context_delta,7,science_plant_013,30,synthetic_science_text,3.78125,3.3167195320129395,1.8964285850524902,-3.78125,15.359375,11.578125,1.0
closed_context_delta,7,science_weather_015,31,synthetic_science_text,0.9375,2.8567702770233154,1.9776785373687744,-0.9375,12.671875,11.734375,1.0
closed_context_delta,7,technical_api_022,32,synthetic_technical_config,-2.625,-2.4103925228118896,2.0794641971588135,2.625,14.140625,16.765625,1.0
closed_context_delta,7,technical_backup_023,33,synthetic_technical_config,0.875,0.711186408996582,1.9794642925262451,-0.875,15.6875,14.8125,1.0
closed_context_delta,7,technical_config_021,34,synthetic_technical_config,-0.0625,5.24928092956543,2.0062499046325684,0.0625,16.65625,16.71875,1.0
closed_context_delta,7,technical_feature_flag_024,35,synthetic_technical_config,-0.765625,-0.35089588165283203,2.026339292526245,0.765625,14.71875,15.484375,1.0
closed_context_delta,8,academic_attendance_019,0,synthetic_academic_rules,2.3125,2.606076717376709,1.9383928775787354,-2.3125,15.625,13.3125,1.0
closed_context_delta,8,academic_grading_018,1,synthetic_academic_rules,0.765625,4.311859130859375,1.9825892448425293,-0.765625,14.90625,14.140625,1.0
closed_context_delta,8,academic_latework_020,2,synthetic_academic_rules,5.703125,1.1758983135223389,1.8415178060531616,-5.703125,15.4375,9.734375,1.0
closed_context_delta,8,academic_prereq_017,3,synthetic_academic_rules,1.34375,2.8768110275268555,1.9660714864730835,-1.34375,15.28125,13.9375,1.0
closed_context_delta,8,contract_rental_029,4,synthetic_contract,0.84375,-0.17563986778259277,1.9803571701049805,-0.84375,16.234375,15.390625,1.0
closed_context_delta,8,contract_service_030,5,synthetic_contract,0.828125,0.9829491376876831,1.9808036088943481,-0.828125,16.09375,15.265625,1.0
closed_context_delta,8,contract_ticket_032,6,synthetic_contract,6.9375,1.8374825716018677,1.806249976158142,-6.9375,18.765625,11.828125,1.0
closed_context_delta,8,contract_warranty_031,7,synthetic_contract,0.1875,2.0504684448242188,1.9991071224212646,-0.1875,17.703125,17.515625,1.0
closed_context_delta,8,finance_budget_007,8,synthetic_finance,2.640625,2.550083637237549,1.9290179014205933,-2.640625,13.234375,10.59375,1.0
closed_context_delta,8,finance_coupon_006,9,synthetic_finance,0.859375,2.6676437854766846,1.9799107313156128,-0.859375,15.1875,14.328125,1.0
closed_context_delta,8,finance_membership_008,10,synthetic_finance,1.421875,0.7195675373077393,1.9638392925262451,-1.421875,15.390625,13.96875,1.0
closed_context_delta,8,finance_refund_005,11,synthetic_finance,3.421875,1.4286384582519531,1.9066964387893677,-3.421875,14.390625,10.96875,1.0
closed_context_delta,8,logic_access_033,12,synthetic_logic_rules,1.109375,1.9512059688568115,1.9727678298950195,-1.109375,14.234375,13.125,1.0
closed_context_delta,8,logic_eligibility_034,13,synthetic_logic_rules,2.828125,4.666339874267578,1.9236607551574707,-2.828125,15.625,12.796875,1.0
closed_context_delta,8,logic_shipping_035,14,synthetic_logic_rules,6.40625,4.671139717102051,1.8214285373687744,-6.40625,13.5,7.09375,1.0
closed_context_delta,8,logic_tournament_036,15,synthetic_logic_rules,10.25,2.024611234664917,1.7116070985794067,-10.25,8.3125,-1.9375,1.0
closed_context_delta,8,policy_lab_access_002,16,synthetic_policy,1.578125,-1.0507715940475464,1.959375023841858,-1.578125,14.171875,12.59375,1.0
closed_context_delta,8,policy_library_checkout_003,17,synthetic_policy,0.296875,2.0717456340789795,1.9959821701049805,-0.296875,16.578125,16.28125,1.0
closed_context_delta,8,policy_lunch_pass_001,18,synthetic_policy,0.40625,2.003995180130005,1.9928570985794067,-0.40625,14.8125,14.40625,1.0
closed_context_delta,8,policy_rec_center_004,19,synthetic_policy,-1.265625,0.5165815353393555,2.0406250953674316,1.265625,14.21875,15.484375,1.0
closed_context_delta,8,product_specs_025,20,synthetic_product_specs,4.15625,1.901533603668213,1.8857142925262451,-4.15625,16.328125,12.171875,1.0
closed_context_delta,8,product_specs_026,21,synthetic_product_specs,1.53125,1.1670390367507935,1.960714340209961,-1.53125,14.921875,13.390625,1.0
closed_context_delta,8,product_specs_027,22,synthetic_product_specs,3.4375,1.681547999382019,1.90625,-3.4375,16.109375,12.671875,1.0
closed_context_delta,8,product_specs_028,23,synthetic_product_specs,0.234375,2.9842023849487305,1.9977678060531616,-0.234375,15.0625,14.828125,1.0
closed_context_delta,8,schedule_clinic_011,24,synthetic_schedule,-0.296875,1.3599222898483276,2.012946367263794,0.296875,15.9375,16.234375,1.0
closed_context_delta,8,schedule_exam_010,25,synthetic_schedule,2.53125,1.9837535619735718,1.9321428537368774,-2.53125,14.96875,12.4375,1.0
closed_context_delta,8,schedule_train_009,26,synthetic_schedule,1.65625,1.9342015981674194,1.9571428298950195,-1.65625,14.625,12.96875,1.0
closed_context_delta,8,schedule_workshop_012,27,synthetic_schedule,0.328125,1.4064006805419922,1.9950892925262451,-0.328125,15.484375,15.15625,1.0
closed_context_delta,8,science_battery_016,28,synthetic_science_text,2.375,3.337562084197998,1.9366071224212646,-2.375,14.703125,12.328125,1.0
closed_context_delta,8,science_mineral_014,29,synthetic_science_text,3.1875,4.002649784088135,1.9133929014205933,-3.1875,13.640625,10.453125,1.0
closed_context_delta,8,science_plant_013,30,synthetic_science_text,3.78125,3.332044839859009,1.8964285850524902,-3.78125,15.359375,11.578125,1.0
closed_context_delta,8,science_weather_015,31,synthetic_science_text,0.9375,3.0230648517608643,1.9776785373687744,-0.9375,12.671875,11.734375,1.0
closed_context_delta,8,technical_api_022,32,synthetic_technical_config,-2.625,-1.398836612701416,2.0794641971588135,2.625,14.140625,16.765625,1.0
closed_context_delta,8,technical_backup_023,33,synthetic_technical_config,0.875,-0.1329028606414795,1.9794642925262451,-0.875,15.6875,14.8125,1.0
closed_context_delta,8,technical_config_021,34,synthetic_technical_config,-0.0625,3.8248820304870605,2.0062499046325684,0.0625,16.65625,16.71875,1.0
closed_context_delta,8,technical_feature_flag_024,35,synthetic_technical_config,-0.765625,0.2738020420074463,2.026339292526245,0.765625,14.71875,15.484375,1.0
closed_context_delta,9,academic_attendance_019,0,synthetic_academic_rules,2.3125,3.025728225708008,1.9383928775787354,-2.3125,15.625,13.3125,1.0
closed_context_delta,9,academic_grading_018,1,synthetic_academic_rules,0.765625,3.0557103157043457,1.9825892448425293,-0.765625,14.90625,14.140625,1.0
closed_context_delta,9,academic_latework_020,2,synthetic_academic_rules,5.703125,2.044109582901001,1.8415178060531616,-5.703125,15.4375,9.734375,1.0
closed_context_delta,9,academic_prereq_017,3,synthetic_academic_rules,1.34375,3.7846839427948,1.9660714864730835,-1.34375,15.28125,13.9375,1.0
closed_context_delta,9,contract_rental_029,4,synthetic_contract,0.84375,0.020485401153564453,1.9803571701049805,-0.84375,16.234375,15.390625,1.0
closed_context_delta,9,contract_service_030,5,synthetic_contract,0.828125,2.025481939315796,1.9808036088943481,-0.828125,16.09375,15.265625,1.0
closed_context_delta,9,contract_ticket_032,6,synthetic_contract,6.9375,1.2159290313720703,1.806249976158142,-6.9375,18.765625,11.828125,1.0
closed_context_delta,9,contract_warranty_031,7,synthetic_contract,0.1875,2.461641788482666,1.9991071224212646,-0.1875,17.703125,17.515625,1.0
closed_context_delta,9,finance_budget_007,8,synthetic_finance,2.640625,1.5564117431640625,1.9290179014205933,-2.640625,13.234375,10.59375,1.0
closed_context_delta,9,finance_coupon_006,9,synthetic_finance,0.859375,3.5084781646728516,1.9799107313156128,-0.859375,15.1875,14.328125,1.0
closed_context_delta,9,finance_membership_008,10,synthetic_finance,1.421875,0.6343479156494141,1.9638392925262451,-1.421875,15.390625,13.96875,1.0
closed_context_delta,9,finance_refund_005,11,synthetic_finance,3.421875,1.3790591955184937,1.9066964387893677,-3.421875,14.390625,10.96875,1.0
closed_context_delta,9,logic_access_033,12,synthetic_logic_rules,1.109375,3.5513930320739746,1.9727678298950195,-1.109375,14.234375,13.125,1.0
closed_context_delta,9,logic_eligibility_034,13,synthetic_logic_rules,2.828125,3.995786190032959,1.9236607551574707,-2.828125,15.625,12.796875,1.0
closed_context_delta,9,logic_shipping_035,14,synthetic_logic_rules,6.40625,3.856436252593994,1.8214285373687744,-6.40625,13.5,7.09375,1.0
closed_context_delta,9,logic_tournament_036,15,synthetic_logic_rules,10.25,2.230320692062378,1.7116070985794067,-10.25,8.3125,-1.9375,1.0
closed_context_delta,9,policy_lab_access_002,16,synthetic_policy,1.578125,0.121651291847229,1.959375023841858,-1.578125,14.171875,12.59375,1.0
closed_context_delta,9,policy_library_checkout_003,17,synthetic_policy,0.296875,2.198431968688965,1.9959821701049805,-0.296875,16.578125,16.28125,1.0
closed_context_delta,9,policy_lunch_pass_001,18,synthetic_policy,0.40625,0.19807672500610352,1.9928570985794067,-0.40625,14.8125,14.40625,1.0
closed_context_delta,9,policy_rec_center_004,19,synthetic_policy,-1.265625,1.705514907836914,2.0406250953674316,1.265625,14.21875,15.484375,1.0
closed_context_delta,9,product_specs_025,20,synthetic_product_specs,4.15625,2.6779847145080566,1.8857142925262451,-4.15625,16.328125,12.171875,1.0
closed_context_delta,9,product_specs_026,21,synthetic_product_specs,1.53125,1.4635332822799683,1.960714340209961,-1.53125,14.921875,13.390625,1.0
closed_context_delta,9,product_specs_027,22,synthetic_product_specs,3.4375,0.4532991647720337,1.90625,-3.4375,16.109375,12.671875,1.0
closed_context_delta,9,product_specs_028,23,synthetic_product_specs,0.234375,2.6289336681365967,1.9977678060531616,-0.234375,15.0625,14.828125,1.0
closed_context_delta,9,schedule_clinic_011,24,synthetic_schedule,-0.296875,0.28543925285339355,2.012946367263794,0.296875,15.9375,16.234375,1.0
closed_context_delta,9,schedule_exam_010,25,synthetic_schedule,2.53125,2.9952077865600586,1.9321428537368774,-2.53125,14.96875,12.4375,1.0
closed_context_delta,9,schedule_train_009,26,synthetic_schedule,1.65625,2.0649540424346924,1.9571428298950195,-1.65625,14.625,12.96875,1.0
closed_context_delta,9,schedule_workshop_012,27,synthetic_schedule,0.328125,1.278800129890442,1.9950892925262451,-0.328125,15.484375,15.15625,1.0
closed_context_delta,9,science_battery_016,28,synthetic_science_text,2.375,3.5978851318359375,1.9366071224212646,-2.375,14.703125,12.328125,1.0
closed_context_delta,9,science_mineral_014,29,synthetic_science_text,3.1875,4.183603763580322,1.9133929014205933,-3.1875,13.640625,10.453125,1.0
closed_context_delta,9,science_plant_013,30,synthetic_science_text,3.78125,2.4465959072113037,1.8964285850524902,-3.78125,15.359375,11.578125,1.0
closed_context_delta,9,science_weather_015,31,synthetic_science_text,0.9375,1.6620646715164185,1.9776785373687744,-0.9375,12.671875,11.734375,1.0
closed_context_delta,9,technical_api_022,32,synthetic_technical_config,-2.625,-1.475757122039795,2.0794641971588135,2.625,14.140625,16.765625,1.0
closed_context_delta,9,technical_backup_023,33,synthetic_technical_config,0.875,1.297866702079773,1.9794642925262451,-0.875,15.6875,14.8125,1.0
closed_context_delta,9,technical_config_021,34,synthetic_technical_config,-0.0625,3.1715428829193115,2.0062499046325684,0.0625,16.65625,16.71875,1.0
closed_context_delta,9,technical_feature_flag_024,35,synthetic_technical_config,-0.765625,-1.201857328414917,2.026339292526245,0.765625,14.71875,15.484375,1.0
closed_context_delta,10,academic_attendance_019,0,synthetic_academic_rules,2.3125,2.2672629356384277,1.9383928775787354,-2.3125,15.625,13.3125,1.0
closed_context_delta,10,academic_grading_018,1,synthetic_academic_rules,0.765625,1.663108229637146,1.9825892448425293,-0.765625,14.90625,14.140625,1.0
closed_context_delta,10,academic_latework_020,2,synthetic_academic_rules,5.703125,2.7785162925720215,1.8415178060531616,-5.703125,15.4375,9.734375,1.0
closed_context_delta,10,academic_prereq_017,3,synthetic_academic_rules,1.34375,2.8636555671691895,1.9660714864730835,-1.34375,15.28125,13.9375,1.0
closed_context_delta,10,contract_rental_029,4,synthetic_contract,0.84375,0.09502053260803223,1.9803571701049805,-0.84375,16.234375,15.390625,1.0
closed_context_delta,10,contract_service_030,5,synthetic_contract,0.828125,1.3300189971923828,1.9808036088943481,-0.828125,16.09375,15.265625,1.0
closed_context_delta,10,contract_ticket_032,6,synthetic_contract,6.9375,1.0366557836532593,1.806249976158142,-6.9375,18.765625,11.828125,1.0
closed_context_delta,10,contract_warranty_031,7,synthetic_contract,0.1875,2.8960742950439453,1.9991071224212646,-0.1875,17.703125,17.515625,1.0
closed_context_delta,10,finance_budget_007,8,synthetic_finance,2.640625,2.0302658081054688,1.9290179014205933,-2.640625,13.234375,10.59375,1.0
closed_context_delta,10,finance_coupon_006,9,synthetic_finance,0.859375,3.50571608543396,1.9799107313156128,-0.859375,15.1875,14.328125,1.0
closed_context_delta,10,finance_membership_008,10,synthetic_finance,1.421875,1.4894065856933594,1.9638392925262451,-1.421875,15.390625,13.96875,1.0
closed_context_delta,10,finance_refund_005,11,synthetic_finance,3.421875,1.4961014986038208,1.9066964387893677,-3.421875,14.390625,10.96875,1.0
closed_context_delta,10,logic_access_033,12,synthetic_logic_rules,1.109375,2.561091661453247,1.9727678298950195,-1.109375,14.234375,13.125,1.0
closed_context_delta,10,logic_eligibility_034,13,synthetic_logic_rules,2.828125,3.8735733032226562,1.9236607551574707,-2.828125,15.625,12.796875,1.0
closed_context_delta,10,logic_shipping_035,14,synthetic_logic_rules,6.40625,4.226768493652344,1.8214285373687744,-6.40625,13.5,7.09375,1.0
closed_context_delta,10,logic_tournament_036,15,synthetic_logic_rules,10.25,2.5124924182891846,1.7116070985794067,-10.25,8.3125,-1.9375,1.0
closed_context_delta,10,policy_lab_access_002,16,synthetic_policy,1.578125,-0.06333482265472412,1.959375023841858,-1.578125,14.171875,12.59375,1.0
closed_context_delta,10,policy_library_checkout_003,17,synthetic_policy,0.296875,3.083620309829712,1.9959821701049805,-0.296875,16.578125,16.28125,1.0
closed_context_delta,10,policy_lunch_pass_001,18,synthetic_policy,0.40625,0.7722562551498413,1.9928570985794067,-0.40625,14.8125,14.40625,1.0
closed_context_delta,10,policy_rec_center_004,19,synthetic_policy,-1.265625,1.186110496520996,2.0406250953674316,1.265625,14.21875,15.484375,1.0
closed_context_delta,10,product_specs_025,20,synthetic_product_specs,4.15625,2.0793981552124023,1.8857142925262451,-4.15625,16.328125,12.171875,1.0
closed_context_delta,10,product_specs_026,21,synthetic_product_specs,1.53125,0.06262612342834473,1.960714340209961,-1.53125,14.921875,13.390625,1.0
closed_context_delta,10,product_specs_027,22,synthetic_product_specs,3.4375,0.452312707901001,1.90625,-3.4375,16.109375,12.671875,1.0
closed_context_delta,10,product_specs_028,23,synthetic_product_specs,0.234375,1.2220523357391357,1.9977678060531616,-0.234375,15.0625,14.828125,1.0
closed_context_delta,10,schedule_clinic_011,24,synthetic_schedule,-0.296875,1.153132677078247,2.012946367263794,0.296875,15.9375,16.234375,1.0
closed_context_delta,10,schedule_exam_010,25,synthetic_schedule,2.53125,2.2262935638427734,1.9321428537368774,-2.53125,14.96875,12.4375,1.0
closed_context_delta,10,schedule_train_009,26,synthetic_schedule,1.65625,2.1463162899017334,1.9571428298950195,-1.65625,14.625,12.96875,1.0
closed_context_delta,10,schedule_workshop_012,27,synthetic_schedule,0.328125,1.7702029943466187,1.9950892925262451,-0.328125,15.484375,15.15625,1.0
closed_context_delta,10,science_battery_016,28,synthetic_science_text,2.375,4.821842193603516,1.9366071224212646,-2.375,14.703125,12.328125,1.0
closed_context_delta,10,science_mineral_014,29,synthetic_science_text,3.1875,3.8755459785461426,1.9133929014205933,-3.1875,13.640625,10.453125,1.0
closed_context_delta,10,science_plant_013,30,synthetic_science_text,3.78125,1.7336206436157227,1.8964285850524902,-3.78125,15.359375,11.578125,1.0
closed_context_delta,10,science_weather_015,31,synthetic_science_text,0.9375,2.2197518348693848,1.9776785373687744,-0.9375,12.671875,11.734375,1.0
closed_context_delta,10,technical_api_022,32,synthetic_technical_config,-2.625,-0.4756813049316406,2.0794641971588135,2.625,14.140625,16.765625,1.0
closed_context_delta,10,technical_backup_023,33,synthetic_technical_config,0.875,1.711729645729065,1.9794642925262451,-0.875,15.6875,14.8125,1.0
closed_context_delta,10,technical_config_021,34,synthetic_technical_config,-0.0625,3.5705466270446777,2.0062499046325684,0.0625,16.65625,16.71875,1.0
closed_context_delta,10,technical_feature_flag_024,35,synthetic_technical_config,-0.765625,-0.2872951030731201,2.026339292526245,0.765625,14.71875,15.484375,1.0
closed_context_delta,11,academic_attendance_019,0,synthetic_academic_rules,2.3125,2.003434658050537,1.9383928775787354,-2.3125,15.625,13.3125,1.0
closed_context_delta,11,academic_grading_018,1,synthetic_academic_rules,0.765625,3.0804343223571777,1.9825892448425293,-0.765625,14.90625,14.140625,1.0
closed_context_delta,11,academic_latework_020,2,synthetic_academic_rules,5.703125,1.847578525543213,1.8415178060531616,-5.703125,15.4375,9.734375,1.0
closed_context_delta,11,academic_prereq_017,3,synthetic_academic_rules,1.34375,3.096071243286133,1.9660714864730835,-1.34375,15.28125,13.9375,1.0
closed_context_delta,11,contract_rental_029,4,synthetic_contract,0.84375,-0.2291865348815918,1.9803571701049805,-0.84375,16.234375,15.390625,1.0
closed_context_delta,11,contract_service_030,5,synthetic_contract,0.828125,1.7486969232559204,1.9808036088943481,-0.828125,16.09375,15.265625,1.0
closed_context_delta,11,contract_ticket_032,6,synthetic_contract,6.9375,0.31173276901245117,1.806249976158142,-6.9375,18.765625,11.828125,1.0
closed_context_delta,11,contract_warranty_031,7,synthetic_contract,0.1875,3.001061201095581,1.9991071224212646,-0.1875,17.703125,17.515625,1.0
closed_context_delta,11,finance_budget_007,8,synthetic_finance,2.640625,2.002284526824951,1.9290179014205933,-2.640625,13.234375,10.59375,1.0
closed_context_delta,11,finance_coupon_006,9,synthetic_finance,0.859375,4.829316139221191,1.9799107313156128,-0.859375,15.1875,14.328125,1.0
closed_context_delta,11,finance_membership_008,10,synthetic_finance,1.421875,1.493499994277954,1.9638392925262451,-1.421875,15.390625,13.96875,1.0
closed_context_delta,11,finance_refund_005,11,synthetic_finance,3.421875,1.5782791376113892,1.9066964387893677,-3.421875,14.390625,10.96875,1.0
closed_context_delta,11,logic_access_033,12,synthetic_logic_rules,1.109375,2.351039409637451,1.9727678298950195,-1.109375,14.234375,13.125,1.0
closed_context_delta,11,logic_eligibility_034,13,synthetic_logic_rules,2.828125,3.9328272342681885,1.9236607551574707,-2.828125,15.625,12.796875,1.0
closed_context_delta,11,logic_shipping_035,14,synthetic_logic_rules,6.40625,4.088733673095703,1.8214285373687744,-6.40625,13.5,7.09375,1.0
closed_context_delta,11,logic_tournament_036,15,synthetic_logic_rules,10.25,1.88753080368042,1.7116070985794067,-10.25,8.3125,-1.9375,1.0
closed_context_delta,11,policy_lab_access_002,16,synthetic_policy,1.578125,-0.25713050365448,1.959375023841858,-1.578125,14.171875,12.59375,1.0
closed_context_delta,11,policy_library_checkout_003,17,synthetic_policy,0.296875,3.820390462875366,1.9959821701049805,-0.296875,16.578125,16.28125,1.0
closed_context_delta,11,policy_lunch_pass_001,18,synthetic_policy,0.40625,0.45634353160858154,1.9928570985794067,-0.40625,14.8125,14.40625,1.0
closed_context_delta,11,policy_rec_center_004,19,synthetic_policy,-1.265625,1.2203185558319092,2.0406250953674316,1.265625,14.21875,15.484375,1.0
closed_context_delta,11,product_specs_025,20,synthetic_product_specs,4.15625,1.2116718292236328,1.8857142925262451,-4.15625,16.328125,12.171875,1.0
closed_context_delta,11,product_specs_026,21,synthetic_product_specs,1.53125,0.6542060375213623,1.960714340209961,-1.53125,14.921875,13.390625,1.0
closed_context_delta,11,product_specs_027,22,synthetic_product_specs,3.4375,0.16149473190307617,1.90625,-3.4375,16.109375,12.671875,1.0
closed_context_delta,11,product_specs_028,23,synthetic_product_specs,0.234375,1.979896068572998,1.9977678060531616,-0.234375,15.0625,14.828125,1.0
closed_context_delta,11,schedule_clinic_011,24,synthetic_schedule,-0.296875,2.3347837924957275,2.012946367263794,0.296875,15.9375,16.234375,1.0
closed_context_delta,11,schedule_exam_010,25,synthetic_schedule,2.53125,1.5522780418395996,1.9321428537368774,-2.53125,14.96875,12.4375,1.0
closed_context_delta,11,schedule_train_009,26,synthetic_schedule,1.65625,1.3179965019226074,1.9571428298950195,-1.65625,14.625,12.96875,1.0
closed_context_delta,11,schedule_workshop_012,27,synthetic_schedule,0.328125,1.9233440160751343,1.9950892925262451,-0.328125,15.484375,15.15625,1.0
closed_context_delta,11,science_battery_016,28,synthetic_science_text,2.375,4.969640731811523,1.9366071224212646,-2.375,14.703125,12.328125,1.0
closed_context_delta,11,science_mineral_014,29,synthetic_science_text,3.1875,3.6021971702575684,1.9133929014205933,-3.1875,13.640625,10.453125,1.0
closed_context_delta,11,science_plant_013,30,synthetic_science_text,3.78125,2.3366305828094482,1.8964285850524902,-3.78125,15.359375,11.578125,1.0
closed_context_delta,11,science_weather_015,31,synthetic_science_text,0.9375,2.3672006130218506,1.9776785373687744,-0.9375,12.671875,11.734375,1.0
closed_context_delta,11,technical_api_022,32,synthetic_technical_config,-2.625,-0.900076150894165,2.0794641971588135,2.625,14.140625,16.765625,1.0
closed_context_delta,11,technical_backup_023,33,synthetic_technical_config,0.875,1.705137014389038,1.9794642925262451,-0.875,15.6875,14.8125,1.0
closed_context_delta,11,technical_config_021,34,synthetic_technical_config,-0.0625,4.235909938812256,2.0062499046325684,0.0625,16.65625,16.71875,1.0
closed_context_delta,11,technical_feature_flag_024,35,synthetic_technical_config,-0.765625,-1.0055816173553467,2.026339292526245,0.765625,14.71875,15.484375,1.0
closed_context_delta,12,academic_attendance_019,0,synthetic_academic_rules,2.3125,2.0414795875549316,1.9383928775787354,-2.3125,15.625,13.3125,1.0
closed_context_delta,12,academic_grading_018,1,synthetic_academic_rules,0.765625,3.6145377159118652,1.9825892448425293,-0.765625,14.90625,14.140625,1.0
closed_context_delta,12,academic_latework_020,2,synthetic_academic_rules,5.703125,1.574357509613037,1.8415178060531616,-5.703125,15.4375,9.734375,1.0
closed_context_delta,12,academic_prereq_017,3,synthetic_academic_rules,1.34375,2.9566078186035156,1.9660714864730835,-1.34375,15.28125,13.9375,1.0
closed_context_delta,12,contract_rental_029,4,synthetic_contract,0.84375,0.3359677791595459,1.9803571701049805,-0.84375,16.234375,15.390625,1.0
closed_context_delta,12,contract_service_030,5,synthetic_contract,0.828125,0.6846972703933716,1.9808036088943481,-0.828125,16.09375,15.265625,1.0
closed_context_delta,12,contract_ticket_032,6,synthetic_contract,6.9375,0.31280243396759033,1.806249976158142,-6.9375,18.765625,11.828125,1.0
closed_context_delta,12,contract_warranty_031,7,synthetic_contract,0.1875,4.026203155517578,1.9991071224212646,-0.1875,17.703125,17.515625,1.0
closed_context_delta,12,finance_budget_007,8,synthetic_finance,2.640625,2.5778539180755615,1.9290179014205933,-2.640625,13.234375,10.59375,1.0
closed_context_delta,12,finance_coupon_006,9,synthetic_finance,0.859375,5.213996887207031,1.9799107313156128,-0.859375,15.1875,14.328125,1.0
closed_context_delta,12,finance_membership_008,10,synthetic_finance,1.421875,2.0304031372070312,1.9638392925262451,-1.421875,15.390625,13.96875,1.0
closed_context_delta,12,finance_refund_005,11,synthetic_finance,3.421875,1.8360828161239624,1.9066964387893677,-3.421875,14.390625,10.96875,1.0
closed_context_delta,12,logic_access_033,12,synthetic_logic_rules,1.109375,1.0107641220092773,1.9727678298950195,-1.109375,14.234375,13.125,1.0
closed_context_delta,12,logic_eligibility_034,13,synthetic_logic_rules,2.828125,3.5866005420684814,1.9236607551574707,-2.828125,15.625,12.796875,1.0
closed_context_delta,12,logic_shipping_035,14,synthetic_logic_rules,6.40625,2.788236141204834,1.8214285373687744,-6.40625,13.5,7.09375,1.0
closed_context_delta,12,logic_tournament_036,15,synthetic_logic_rules,10.25,2.37398624420166,1.7116070985794067,-10.25,8.3125,-1.9375,1.0
closed_context_delta,12,policy_lab_access_002,16,synthetic_policy,1.578125,-0.3091496229171753,1.959375023841858,-1.578125,14.171875,12.59375,1.0
closed_context_delta,12,policy_library_checkout_003,17,synthetic_policy,0.296875,3.6414623260498047,1.9959821701049805,-0.296875,16.578125,16.28125,1.0
closed_context_delta,12,policy_lunch_pass_001,18,synthetic_policy,0.40625,-1.1053951978683472,1.9928570985794067,-0.40625,14.8125,14.40625,1.0
closed_context_delta,12,policy_rec_center_004,19,synthetic_policy,-1.265625,0.8437179327011108,2.0406250953674316,1.265625,14.21875,15.484375,1.0
closed_context_delta,12,product_specs_025,20,synthetic_product_specs,4.15625,2.0983963012695312,1.8857142925262451,-4.15625,16.328125,12.171875,1.0
closed_context_delta,12,product_specs_026,21,synthetic_product_specs,1.53125,1.3897593021392822,1.960714340209961,-1.53125,14.921875,13.390625,1.0
closed_context_delta,12,product_specs_027,22,synthetic_product_specs,3.4375,0.5455420017242432,1.90625,-3.4375,16.109375,12.671875,1.0
closed_context_delta,12,product_specs_028,23,synthetic_product_specs,0.234375,1.5208975076675415,1.9977678060531616,-0.234375,15.0625,14.828125,1.0
closed_context_delta,12,schedule_clinic_011,24,synthetic_schedule,-0.296875,2.2449758052825928,2.012946367263794,0.296875,15.9375,16.234375,1.0
closed_context_delta,12,schedule_exam_010,25,synthetic_schedule,2.53125,0.962477445602417,1.9321428537368774,-2.53125,14.96875,12.4375,1.0
closed_context_delta,12,schedule_train_009,26,synthetic_schedule,1.65625,0.4703035354614258,1.9571428298950195,-1.65625,14.625,12.96875,1.0
closed_context_delta,12,schedule_workshop_012,27,synthetic_schedule,0.328125,2.532228708267212,1.9950892925262451,-0.328125,15.484375,15.15625,1.0
closed_context_delta,12,science_battery_016,28,synthetic_science_text,2.375,5.113948822021484,1.9366071224212646,-2.375,14.703125,12.328125,1.0
closed_context_delta,12,science_mineral_014,29,synthetic_science_text,3.1875,3.8940491676330566,1.9133929014205933,-3.1875,13.640625,10.453125,1.0
closed_context_delta,12,science_plant_013,30,synthetic_science_text,3.78125,2.3470609188079834,1.8964285850524902,-3.78125,15.359375,11.578125,1.0
closed_context_delta,12,science_weather_015,31,synthetic_science_text,0.9375,3.3764829635620117,1.9776785373687744,-0.9375,12.671875,11.734375,1.0
closed_context_delta,12,technical_api_022,32,synthetic_technical_config,-2.625,0.6689468622207642,2.0794641971588135,2.625,14.140625,16.765625,1.0
closed_context_delta,12,technical_backup_023,33,synthetic_technical_config,0.875,1.746465802192688,1.9794642925262451,-0.875,15.6875,14.8125,1.0
closed_context_delta,12,technical_config_021,34,synthetic_technical_config,-0.0625,4.378759384155273,2.0062499046325684,0.0625,16.65625,16.71875,1.0
closed_context_delta,12,technical_feature_flag_024,35,synthetic_technical_config,-0.765625,-0.8866360187530518,2.026339292526245,0.765625,14.71875,15.484375,1.0
closed_context_delta,13,academic_attendance_019,0,synthetic_academic_rules,2.3125,1.937387466430664,1.9383928775787354,-2.3125,15.625,13.3125,1.0
closed_context_delta,13,academic_grading_018,1,synthetic_academic_rules,0.765625,3.0065548419952393,1.9825892448425293,-0.765625,14.90625,14.140625,1.0
closed_context_delta,13,academic_latework_020,2,synthetic_academic_rules,5.703125,2.1380202770233154,1.8415178060531616,-5.703125,15.4375,9.734375,1.0
closed_context_delta,13,academic_prereq_017,3,synthetic_academic_rules,1.34375,2.866990089416504,1.9660714864730835,-1.34375,15.28125,13.9375,1.0
closed_context_delta,13,contract_rental_029,4,synthetic_contract,0.84375,0.31479859352111816,1.9803571701049805,-0.84375,16.234375,15.390625,1.0
closed_context_delta,13,contract_service_030,5,synthetic_contract,0.828125,1.0039691925048828,1.9808036088943481,-0.828125,16.09375,15.265625,1.0
closed_context_delta,13,contract_ticket_032,6,synthetic_contract,6.9375,-0.06270647048950195,1.806249976158142,-6.9375,18.765625,11.828125,1.0
closed_context_delta,13,contract_warranty_031,7,synthetic_contract,0.1875,2.884206771850586,1.9991071224212646,-0.1875,17.703125,17.515625,1.0
closed_context_delta,13,finance_budget_007,8,synthetic_finance,2.640625,2.9937307834625244,1.9290179014205933,-2.640625,13.234375,10.59375,1.0
closed_context_delta,13,finance_coupon_006,9,synthetic_finance,0.859375,5.27602481842041,1.9799107313156128,-0.859375,15.1875,14.328125,1.0
closed_context_delta,13,finance_membership_008,10,synthetic_finance,1.421875,1.572812795639038,1.9638392925262451,-1.421875,15.390625,13.96875,1.0
closed_context_delta,13,finance_refund_005,11,synthetic_finance,3.421875,1.6689949035644531,1.9066964387893677,-3.421875,14.390625,10.96875,1.0
closed_context_delta,13,logic_access_033,12,synthetic_logic_rules,1.109375,1.3553916215896606,1.9727678298950195,-1.109375,14.234375,13.125,1.0
closed_context_delta,13,logic_eligibility_034,13,synthetic_logic_rules,2.828125,3.6285698413848877,1.9236607551574707,-2.828125,15.625,12.796875,1.0
closed_context_delta,13,logic_shipping_035,14,synthetic_logic_rules,6.40625,2.687669277191162,1.8214285373687744,-6.40625,13.5,7.09375,1.0
closed_context_delta,13,logic_tournament_036,15,synthetic_logic_rules,10.25,3.16854190826416,1.7116070985794067,-10.25,8.3125,-1.9375,1.0
closed_context_delta,13,policy_lab_access_002,16,synthetic_policy,1.578125,0.11769235134124756,1.959375023841858,-1.578125,14.171875,12.59375,1.0
closed_context_delta,13,policy_library_checkout_003,17,synthetic_policy,0.296875,3.3077633380889893,1.9959821701049805,-0.296875,16.578125,16.28125,1.0
closed_context_delta,13,policy_lunch_pass_001,18,synthetic_policy,0.40625,-0.31443536281585693,1.9928570985794067,-0.40625,14.8125,14.40625,1.0
closed_context_delta,13,policy_rec_center_004,19,synthetic_policy,-1.265625,0.49680423736572266,2.0406250953674316,1.265625,14.21875,15.484375,1.0
closed_context_delta,13,product_specs_025,20,synthetic_product_specs,4.15625,1.8219232559204102,1.8857142925262451,-4.15625,16.328125,12.171875,1.0
closed_context_delta,13,product_specs_026,21,synthetic_product_specs,1.53125,1.787719488143921,1.960714340209961,-1.53125,14.921875,13.390625,1.0
closed_context_delta,13,product_specs_027,22,synthetic_product_specs,3.4375,1.0070099830627441,1.90625,-3.4375,16.109375,12.671875,1.0
closed_context_delta,13,product_specs_028,23,synthetic_product_specs,0.234375,1.832940936088562,1.9977678060531616,-0.234375,15.0625,14.828125,1.0
closed_context_delta,13,schedule_clinic_011,24,synthetic_schedule,-0.296875,1.8466989994049072,2.012946367263794,0.296875,15.9375,16.234375,1.0
closed_context_delta,13,schedule_exam_010,25,synthetic_schedule,2.53125,1.460932731628418,1.9321428537368774,-2.53125,14.96875,12.4375,1.0
closed_context_delta,13,schedule_train_009,26,synthetic_schedule,1.65625,0.5101487636566162,1.9571428298950195,-1.65625,14.625,12.96875,1.0
closed_context_delta,13,schedule_workshop_012,27,synthetic_schedule,0.328125,2.0083603858947754,1.9950892925262451,-0.328125,15.484375,15.15625,1.0
closed_context_delta,13,science_battery_016,28,synthetic_science_text,2.375,4.361201286315918,1.9366071224212646,-2.375,14.703125,12.328125,1.0
closed_context_delta,13,science_mineral_014,29,synthetic_science_text,3.1875,3.839505195617676,1.9133929014205933,-3.1875,13.640625,10.453125,1.0
closed_context_delta,13,science_plant_013,30,synthetic_science_text,3.78125,2.88369083404541,1.8964285850524902,-3.78125,15.359375,11.578125,1.0
closed_context_delta,13,science_weather_015,31,synthetic_science_text,0.9375,2.9897713661193848,1.9776785373687744,-0.9375,12.671875,11.734375,1.0
closed_context_delta,13,technical_api_022,32,synthetic_technical_config,-2.625,0.25303566455841064,2.0794641971588135,2.625,14.140625,16.765625,1.0
closed_context_delta,13,technical_backup_023,33,synthetic_technical_config,0.875,1.4552090167999268,1.9794642925262451,-0.875,15.6875,14.8125,1.0
closed_context_delta,13,technical_config_021,34,synthetic_technical_config,-0.0625,3.686793327331543,2.0062499046325684,0.0625,16.65625,16.71875,1.0
closed_context_delta,13,technical_feature_flag_024,35,synthetic_technical_config,-0.765625,-1.0186517238616943,2.026339292526245,0.765625,14.71875,15.484375,1.0
closed_context_delta,14,academic_attendance_019,0,synthetic_academic_rules,2.3125,2.7350122928619385,1.9383928775787354,-2.3125,15.625,13.3125,1.0
closed_context_delta,14,academic_grading_018,1,synthetic_academic_rules,0.765625,3.3461058139801025,1.9825892448425293,-0.765625,14.90625,14.140625,1.0
closed_context_delta,14,academic_latework_020,2,synthetic_academic_rules,5.703125,2.540942668914795,1.8415178060531616,-5.703125,15.4375,9.734375,1.0
closed_context_delta,14,academic_prereq_017,3,synthetic_academic_rules,1.34375,2.940401554107666,1.9660714864730835,-1.34375,15.28125,13.9375,1.0
closed_context_delta,14,contract_rental_029,4,synthetic_contract,0.84375,-0.2034902572631836,1.9803571701049805,-0.84375,16.234375,15.390625,1.0
closed_context_delta,14,contract_service_030,5,synthetic_contract,0.828125,1.2493681907653809,1.9808036088943481,-0.828125,16.09375,15.265625,1.0
closed_context_delta,14,contract_ticket_032,6,synthetic_contract,6.9375,0.15788424015045166,1.806249976158142,-6.9375,18.765625,11.828125,1.0
closed_context_delta,14,contract_warranty_031,7,synthetic_contract,0.1875,3.1316981315612793,1.9991071224212646,-0.1875,17.703125,17.515625,1.0
closed_context_delta,14,finance_budget_007,8,synthetic_finance,2.640625,2.4201090335845947,1.9290179014205933,-2.640625,13.234375,10.59375,1.0
closed_context_delta,14,finance_coupon_006,9,synthetic_finance,0.859375,5.049076557159424,1.9799107313156128,-0.859375,15.1875,14.328125,1.0
closed_context_delta,14,finance_membership_008,10,synthetic_finance,1.421875,1.279477834701538,1.9638392925262451,-1.421875,15.390625,13.96875,1.0
closed_context_delta,14,finance_refund_005,11,synthetic_finance,3.421875,2.139312744140625,1.9066964387893677,-3.421875,14.390625,10.96875,1.0
closed_context_delta,14,logic_access_033,12,synthetic_logic_rules,1.109375,2.6185362339019775,1.9727678298950195,-1.109375,14.234375,13.125,1.0
closed_context_delta,14,logic_eligibility_034,13,synthetic_logic_rules,2.828125,2.386122465133667,1.9236607551574707,-2.828125,15.625,12.796875,1.0
closed_context_delta,14,logic_shipping_035,14,synthetic_logic_rules,6.40625,2.5879733562469482,1.8214285373687744,-6.40625,13.5,7.09375,1.0
closed_context_delta,14,logic_tournament_036,15,synthetic_logic_rules,10.25,4.321221351623535,1.7116070985794067,-10.25,8.3125,-1.9375,1.0
closed_context_delta,14,policy_lab_access_002,16,synthetic_policy,1.578125,-0.00973820686340332,1.959375023841858,-1.578125,14.171875,12.59375,1.0
closed_context_delta,14,policy_library_checkout_003,17,synthetic_policy,0.296875,3.5337533950805664,1.9959821701049805,-0.296875,16.578125,16.28125,1.0
closed_context_delta,14,policy_lunch_pass_001,18,synthetic_policy,0.40625,-0.02354729175567627,1.9928570985794067,-0.40625,14.8125,14.40625,1.0
closed_context_delta,14,policy_rec_center_004,19,synthetic_policy,-1.265625,0.5624209642410278,2.0406250953674316,1.265625,14.21875,15.484375,1.0
closed_context_delta,14,product_specs_025,20,synthetic_product_specs,4.15625,1.191077709197998,1.8857142925262451,-4.15625,16.328125,12.171875,1.0
closed_context_delta,14,product_specs_026,21,synthetic_product_specs,1.53125,1.556604027748108,1.960714340209961,-1.53125,14.921875,13.390625,1.0
closed_context_delta,14,product_specs_027,22,synthetic_product_specs,3.4375,1.3600704669952393,1.90625,-3.4375,16.109375,12.671875,1.0
closed_context_delta,14,product_specs_028,23,synthetic_product_specs,0.234375,2.323122262954712,1.9977678060531616,-0.234375,15.0625,14.828125,1.0
closed_context_delta,14,schedule_clinic_011,24,synthetic_schedule,-0.296875,1.416069746017456,2.012946367263794,0.296875,15.9375,16.234375,1.0
closed_context_delta,14,schedule_exam_010,25,synthetic_schedule,2.53125,1.3085545301437378,1.9321428537368774,-2.53125,14.96875,12.4375,1.0
closed_context_delta,14,schedule_train_009,26,synthetic_schedule,1.65625,0.7379508018493652,1.9571428298950195,-1.65625,14.625,12.96875,1.0
closed_context_delta,14,schedule_workshop_012,27,synthetic_schedule,0.328125,2.515453577041626,1.9950892925262451,-0.328125,15.484375,15.15625,1.0
closed_context_delta,14,science_battery_016,28,synthetic_science_text,2.375,4.509835243225098,1.9366071224212646,-2.375,14.703125,12.328125,1.0
closed_context_delta,14,science_mineral_014,29,synthetic_science_text,3.1875,4.9425859451293945,1.9133929014205933,-3.1875,13.640625,10.453125,1.0
closed_context_delta,14,science_plant_013,30,synthetic_science_text,3.78125,1.5333507061004639,1.8964285850524902,-3.78125,15.359375,11.578125,1.0
closed_context_delta,14,science_weather_015,31,synthetic_science_text,0.9375,2.2094309329986572,1.9776785373687744,-0.9375,12.671875,11.734375,1.0
closed_context_delta,14,technical_api_022,32,synthetic_technical_config,-2.625,-0.43152356147766113,2.0794641971588135,2.625,14.140625,16.765625,1.0
closed_context_delta,14,technical_backup_023,33,synthetic_technical_config,0.875,1.2580310106277466,1.9794642925262451,-0.875,15.6875,14.8125,1.0
closed_context_delta,14,technical_config_021,34,synthetic_technical_config,-0.0625,2.5696702003479004,2.0062499046325684,0.0625,16.65625,16.71875,1.0
closed_context_delta,14,technical_feature_flag_024,35,synthetic_technical_config,-0.765625,-1.030571699142456,2.026339292526245,0.765625,14.71875,15.484375,1.0
closed_context_delta,15,academic_attendance_019,0,synthetic_academic_rules,2.3125,2.9985435009002686,1.9383928775787354,-2.3125,15.625,13.3125,1.0
closed_context_delta,15,academic_grading_018,1,synthetic_academic_rules,0.765625,4.0475616455078125,1.9825892448425293,-0.765625,14.90625,14.140625,1.0
closed_context_delta,15,academic_latework_020,2,synthetic_academic_rules,5.703125,2.5077552795410156,1.8415178060531616,-5.703125,15.4375,9.734375,1.0
closed_context_delta,15,academic_prereq_017,3,synthetic_academic_rules,1.34375,2.7370853424072266,1.9660714864730835,-1.34375,15.28125,13.9375,1.0
closed_context_delta,15,contract_rental_029,4,synthetic_contract,0.84375,0.8162459135055542,1.9803571701049805,-0.84375,16.234375,15.390625,1.0
closed_context_delta,15,contract_service_030,5,synthetic_contract,0.828125,0.643515944480896,1.9808036088943481,-0.828125,16.09375,15.265625,1.0
closed_context_delta,15,contract_ticket_032,6,synthetic_contract,6.9375,0.2936587333679199,1.806249976158142,-6.9375,18.765625,11.828125,1.0
closed_context_delta,15,contract_warranty_031,7,synthetic_contract,0.1875,2.248384952545166,1.9991071224212646,-0.1875,17.703125,17.515625,1.0
closed_context_delta,15,finance_budget_007,8,synthetic_finance,2.640625,1.8697363138198853,1.9290179014205933,-2.640625,13.234375,10.59375,1.0
closed_context_delta,15,finance_coupon_006,9,synthetic_finance,0.859375,5.030234336853027,1.9799107313156128,-0.859375,15.1875,14.328125,1.0
closed_context_delta,15,finance_membership_008,10,synthetic_finance,1.421875,1.8806192874908447,1.9638392925262451,-1.421875,15.390625,13.96875,1.0
closed_context_delta,15,finance_refund_005,11,synthetic_finance,3.421875,2.3520398139953613,1.9066964387893677,-3.421875,14.390625,10.96875,1.0
closed_context_delta,15,logic_access_033,12,synthetic_logic_rules,1.109375,2.5330281257629395,1.9727678298950195,-1.109375,14.234375,13.125,1.0
closed_context_delta,15,logic_eligibility_034,13,synthetic_logic_rules,2.828125,2.6185853481292725,1.9236607551574707,-2.828125,15.625,12.796875,1.0
closed_context_delta,15,logic_shipping_035,14,synthetic_logic_rules,6.40625,2.676873207092285,1.8214285373687744,-6.40625,13.5,7.09375,1.0
closed_context_delta,15,logic_tournament_036,15,synthetic_logic_rules,10.25,3.8333420753479004,1.7116070985794067,-10.25,8.3125,-1.9375,1.0
closed_context_delta,15,policy_lab_access_002,16,synthetic_policy,1.578125,0.16073822975158691,1.959375023841858,-1.578125,14.171875,12.59375,1.0
closed_context_delta,15,policy_library_checkout_003,17,synthetic_policy,0.296875,2.865070343017578,1.9959821701049805,-0.296875,16.578125,16.28125,1.0
closed_context_delta,15,policy_lunch_pass_001,18,synthetic_policy,0.40625,0.49160706996917725,1.9928570985794067,-0.40625,14.8125,14.40625,1.0
closed_context_delta,15,policy_rec_center_004,19,synthetic_policy,-1.265625,-0.05340170860290527,2.0406250953674316,1.265625,14.21875,15.484375,1.0
closed_context_delta,15,product_specs_025,20,synthetic_product_specs,4.15625,1.0733741521835327,1.8857142925262451,-4.15625,16.328125,12.171875,1.0
closed_context_delta,15,product_specs_026,21,synthetic_product_specs,1.53125,1.178600788116455,1.960714340209961,-1.53125,14.921875,13.390625,1.0
closed_context_delta,15,product_specs_027,22,synthetic_product_specs,3.4375,1.5651352405548096,1.90625,-3.4375,16.109375,12.671875,1.0
closed_context_delta,15,product_specs_028,23,synthetic_product_specs,0.234375,2.778156280517578,1.9977678060531616,-0.234375,15.0625,14.828125,1.0
closed_context_delta,15,schedule_clinic_011,24,synthetic_schedule,-0.296875,0.9449144601821899,2.012946367263794,0.296875,15.9375,16.234375,1.0
closed_context_delta,15,schedule_exam_010,25,synthetic_schedule,2.53125,0.985427975654602,1.9321428537368774,-2.53125,14.96875,12.4375,1.0
closed_context_delta,15,schedule_train_009,26,synthetic_schedule,1.65625,1.437180519104004,1.9571428298950195,-1.65625,14.625,12.96875,1.0
closed_context_delta,15,schedule_workshop_012,27,synthetic_schedule,0.328125,2.4353697299957275,1.9950892925262451,-0.328125,15.484375,15.15625,1.0
closed_context_delta,15,science_battery_016,28,synthetic_science_text,2.375,4.9124755859375,1.9366071224212646,-2.375,14.703125,12.328125,1.0
closed_context_delta,15,science_mineral_014,29,synthetic_science_text,3.1875,4.506475925445557,1.9133929014205933,-3.1875,13.640625,10.453125,1.0
closed_context_delta,15,science_plant_013,30,synthetic_science_text,3.78125,1.1303527355194092,1.8964285850524902,-3.78125,15.359375,11.578125,1.0
closed_context_delta,15,science_weather_015,31,synthetic_science_text,0.9375,2.0787599086761475,1.9776785373687744,-0.9375,12.671875,11.734375,1.0
closed_context_delta,15,technical_api_022,32,synthetic_technical_config,-2.625,-0.6395699977874756,2.0794641971588135,2.625,14.140625,16.765625,1.0
closed_context_delta,15,technical_backup_023,33,synthetic_technical_config,0.875,0.9468076229095459,1.9794642925262451,-0.875,15.6875,14.8125,1.0
closed_context_delta,15,technical_config_021,34,synthetic_technical_config,-0.0625,3.4911065101623535,2.0062499046325684,0.0625,16.65625,16.71875,1.0
closed_context_delta,15,technical_feature_flag_024,35,synthetic_technical_config,-0.765625,-1.4326517581939697,2.026339292526245,0.765625,14.71875,15.484375,1.0
closed_context_delta,16,academic_attendance_019,0,synthetic_academic_rules,2.3125,2.004804849624634,1.9383928775787354,-2.3125,15.625,13.3125,1.0
closed_context_delta,16,academic_grading_018,1,synthetic_academic_rules,0.765625,3.728576183319092,1.9825892448425293,-0.765625,14.90625,14.140625,1.0
closed_context_delta,16,academic_latework_020,2,synthetic_academic_rules,5.703125,2.6544394493103027,1.8415178060531616,-5.703125,15.4375,9.734375,1.0
closed_context_delta,16,academic_prereq_017,3,synthetic_academic_rules,1.34375,3.261185884475708,1.9660714864730835,-1.34375,15.28125,13.9375,1.0
closed_context_delta,16,contract_rental_029,4,synthetic_contract,0.84375,1.5406819581985474,1.9803571701049805,-0.84375,16.234375,15.390625,1.0
closed_context_delta,16,contract_service_030,5,synthetic_contract,0.828125,-0.3621734380722046,1.9808036088943481,-0.828125,16.09375,15.265625,1.0
closed_context_delta,16,contract_ticket_032,6,synthetic_contract,6.9375,-0.12202811241149902,1.806249976158142,-6.9375,18.765625,11.828125,1.0
closed_context_delta,16,contract_warranty_031,7,synthetic_contract,0.1875,2.973318099975586,1.9991071224212646,-0.1875,17.703125,17.515625,1.0
closed_context_delta,16,finance_budget_007,8,synthetic_finance,2.640625,1.3463994264602661,1.9290179014205933,-2.640625,13.234375,10.59375,1.0
closed_context_delta,16,finance_coupon_006,9,synthetic_finance,0.859375,4.472275733947754,1.9799107313156128,-0.859375,15.1875,14.328125,1.0
closed_context_delta,16,finance_membership_008,10,synthetic_finance,1.421875,2.0284337997436523,1.9638392925262451,-1.421875,15.390625,13.96875,1.0
closed_context_delta,16,finance_refund_005,11,synthetic_finance,3.421875,1.6703466176986694,1.9066964387893677,-3.421875,14.390625,10.96875,1.0
closed_context_delta,16,logic_access_033,12,synthetic_logic_rules,1.109375,2.165341854095459,1.9727678298950195,-1.109375,14.234375,13.125,1.0
closed_context_delta,16,logic_eligibility_034,13,synthetic_logic_rules,2.828125,4.076546669006348,1.9236607551574707,-2.828125,15.625,12.796875,1.0
closed_context_delta,16,logic_shipping_035,14,synthetic_logic_rules,6.40625,2.8981032371520996,1.8214285373687744,-6.40625,13.5,7.09375,1.0
closed_context_delta,16,logic_tournament_036,15,synthetic_logic_rules,10.25,3.3634414672851562,1.7116070985794067,-10.25,8.3125,-1.9375,1.0
closed_context_delta,16,policy_lab_access_002,16,synthetic_policy,1.578125,0.3479198217391968,1.959375023841858,-1.578125,14.171875,12.59375,1.0
closed_context_delta,16,policy_library_checkout_003,17,synthetic_policy,0.296875,2.776275157928467,1.9959821701049805,-0.296875,16.578125,16.28125,1.0
closed_context_delta,16,policy_lunch_pass_001,18,synthetic_policy,0.40625,-0.11600935459136963,1.9928570985794067,-0.40625,14.8125,14.40625,1.0
closed_context_delta,16,policy_rec_center_004,19,synthetic_policy,-1.265625,0.8355333805084229,2.0406250953674316,1.265625,14.21875,15.484375,1.0
closed_context_delta,16,product_specs_025,20,synthetic_product_specs,4.15625,1.4367337226867676,1.8857142925262451,-4.15625,16.328125,12.171875,1.0
closed_context_delta,16,product_specs_026,21,synthetic_product_specs,1.53125,1.4864630699157715,1.960714340209961,-1.53125,14.921875,13.390625,1.0
closed_context_delta,16,product_specs_027,22,synthetic_product_specs,3.4375,1.5481207370758057,1.90625,-3.4375,16.109375,12.671875,1.0
closed_context_delta,16,product_specs_028,23,synthetic_product_specs,0.234375,2.916891098022461,1.9977678060531616,-0.234375,15.0625,14.828125,1.0
closed_context_delta,16,schedule_clinic_011,24,synthetic_schedule,-0.296875,0.5243663787841797,2.012946367263794,0.296875,15.9375,16.234375,1.0
closed_context_delta,16,schedule_exam_010,25,synthetic_schedule,2.53125,0.7579700946807861,1.9321428537368774,-2.53125,14.96875,12.4375,1.0
closed_context_delta,16,schedule_train_009,26,synthetic_schedule,1.65625,1.4354846477508545,1.9571428298950195,-1.65625,14.625,12.96875,1.0
closed_context_delta,16,schedule_workshop_012,27,synthetic_schedule,0.328125,3.284008026123047,1.9950892925262451,-0.328125,15.484375,15.15625,1.0
closed_context_delta,16,science_battery_016,28,synthetic_science_text,2.375,4.540946960449219,1.9366071224212646,-2.375,14.703125,12.328125,1.0
closed_context_delta,16,science_mineral_014,29,synthetic_science_text,3.1875,4.389595031738281,1.9133929014205933,-3.1875,13.640625,10.453125,1.0
closed_context_delta,16,science_plant_013,30,synthetic_science_text,3.78125,1.2554740905761719,1.8964285850524902,-3.78125,15.359375,11.578125,1.0
closed_context_delta,16,science_weather_015,31,synthetic_science_text,0.9375,1.851191759109497,1.9776785373687744,-0.9375,12.671875,11.734375,1.0
closed_context_delta,16,technical_api_022,32,synthetic_technical_config,-2.625,-0.4964468479156494,2.0794641971588135,2.625,14.140625,16.765625,1.0
closed_context_delta,16,technical_backup_023,33,synthetic_technical_config,0.875,0.987450361251831,1.9794642925262451,-0.875,15.6875,14.8125,1.0
closed_context_delta,16,technical_config_021,34,synthetic_technical_config,-0.0625,3.354292869567871,2.0062499046325684,0.0625,16.65625,16.71875,1.0
closed_context_delta,16,technical_feature_flag_024,35,synthetic_technical_config,-0.765625,-1.7289369106292725,2.026339292526245,0.765625,14.71875,15.484375,1.0
closed_context_delta,17,academic_attendance_019,0,synthetic_academic_rules,2.3125,2.7447457313537598,1.9383928775787354,-2.3125,15.625,13.3125,1.0
closed_context_delta,17,academic_grading_018,1,synthetic_academic_rules,0.765625,3.115243911743164,1.9825892448425293,-0.765625,14.90625,14.140625,1.0
closed_context_delta,17,academic_latework_020,2,synthetic_academic_rules,5.703125,1.7418099641799927,1.8415178060531616,-5.703125,15.4375,9.734375,1.0
closed_context_delta,17,academic_prereq_017,3,synthetic_academic_rules,1.34375,2.4989025592803955,1.9660714864730835,-1.34375,15.28125,13.9375,1.0
closed_context_delta,17,contract_rental_029,4,synthetic_contract,0.84375,1.198867678642273,1.9803571701049805,-0.84375,16.234375,15.390625,1.0
closed_context_delta,17,contract_service_030,5,synthetic_contract,0.828125,-0.0007976293563842773,1.9808036088943481,-0.828125,16.09375,15.265625,1.0
closed_context_delta,17,contract_ticket_032,6,synthetic_contract,6.9375,-0.3886300325393677,1.806249976158142,-6.9375,18.765625,11.828125,1.0
closed_context_delta,17,contract_warranty_031,7,synthetic_contract,0.1875,2.199392557144165,1.9991071224212646,-0.1875,17.703125,17.515625,1.0
closed_context_delta,17,finance_budget_007,8,synthetic_finance,2.640625,1.5053989887237549,1.9290179014205933,-2.640625,13.234375,10.59375,1.0
closed_context_delta,17,finance_coupon_006,9,synthetic_finance,0.859375,3.822032928466797,1.9799107313156128,-0.859375,15.1875,14.328125,1.0
closed_context_delta,17,finance_membership_008,10,synthetic_finance,1.421875,1.7952492237091064,1.9638392925262451,-1.421875,15.390625,13.96875,1.0
closed_context_delta,17,finance_refund_005,11,synthetic_finance,3.421875,3.1043601036071777,1.9066964387893677,-3.421875,14.390625,10.96875,1.0
closed_context_delta,17,logic_access_033,12,synthetic_logic_rules,1.109375,2.7868151664733887,1.9727678298950195,-1.109375,14.234375,13.125,1.0
closed_context_delta,17,logic_eligibility_034,13,synthetic_logic_rules,2.828125,5.033923625946045,1.9236607551574707,-2.828125,15.625,12.796875,1.0
closed_context_delta,17,logic_shipping_035,14,synthetic_logic_rules,6.40625,3.1951277256011963,1.8214285373687744,-6.40625,13.5,7.09375,1.0
closed_context_delta,17,logic_tournament_036,15,synthetic_logic_rules,10.25,3.69242000579834,1.7116070985794067,-10.25,8.3125,-1.9375,1.0
closed_context_delta,17,policy_lab_access_002,16,synthetic_policy,1.578125,0.27462589740753174,1.959375023841858,-1.578125,14.171875,12.59375,1.0
closed_context_delta,17,policy_library_checkout_003,17,synthetic_policy,0.296875,3.4299421310424805,1.9959821701049805,-0.296875,16.578125,16.28125,1.0
closed_context_delta,17,policy_lunch_pass_001,18,synthetic_policy,0.40625,0.3795783519744873,1.9928570985794067,-0.40625,14.8125,14.40625,1.0
closed_context_delta,17,policy_rec_center_004,19,synthetic_policy,-1.265625,1.2000418901443481,2.0406250953674316,1.265625,14.21875,15.484375,1.0
closed_context_delta,17,product_specs_025,20,synthetic_product_specs,4.15625,0.6549732685089111,1.8857142925262451,-4.15625,16.328125,12.171875,1.0
closed_context_delta,17,product_specs_026,21,synthetic_product_specs,1.53125,1.4844870567321777,1.960714340209961,-1.53125,14.921875,13.390625,1.0
closed_context_delta,17,product_specs_027,22,synthetic_product_specs,3.4375,1.2160305976867676,1.90625,-3.4375,16.109375,12.671875,1.0
closed_context_delta,17,product_specs_028,23,synthetic_product_specs,0.234375,3.213794231414795,1.9977678060531616,-0.234375,15.0625,14.828125,1.0
closed_context_delta,17,schedule_clinic_011,24,synthetic_schedule,-0.296875,0.5913169384002686,2.012946367263794,0.296875,15.9375,16.234375,1.0
closed_context_delta,17,schedule_exam_010,25,synthetic_schedule,2.53125,1.3134520053863525,1.9321428537368774,-2.53125,14.96875,12.4375,1.0
closed_context_delta,17,schedule_train_009,26,synthetic_schedule,1.65625,1.757948875427246,1.9571428298950195,-1.65625,14.625,12.96875,1.0
closed_context_delta,17,schedule_workshop_012,27,synthetic_schedule,0.328125,2.674604654312134,1.9950892925262451,-0.328125,15.484375,15.15625,1.0
closed_context_delta,17,science_battery_016,28,synthetic_science_text,2.375,5.319889068603516,1.9366071224212646,-2.375,14.703125,12.328125,1.0
closed_context_delta,17,science_mineral_014,29,synthetic_science_text,3.1875,4.193417072296143,1.9133929014205933,-3.1875,13.640625,10.453125,1.0
closed_context_delta,17,science_plant_013,30,synthetic_science_text,3.78125,0.8006430864334106,1.8964285850524902,-3.78125,15.359375,11.578125,1.0
closed_context_delta,17,science_weather_015,31,synthetic_science_text,0.9375,2.612579107284546,1.9776785373687744,-0.9375,12.671875,11.734375,1.0
closed_context_delta,17,technical_api_022,32,synthetic_technical_config,-2.625,-0.2976570129394531,2.0794641971588135,2.625,14.140625,16.765625,1.0
closed_context_delta,17,technical_backup_023,33,synthetic_technical_config,0.875,0.09847033023834229,1.9794642925262451,-0.875,15.6875,14.8125,1.0
closed_context_delta,17,technical_config_021,34,synthetic_technical_config,-0.0625,3.761573314666748,2.0062499046325684,0.0625,16.65625,16.71875,1.0
closed_context_delta,17,technical_feature_flag_024,35,synthetic_technical_config,-0.765625,-0.9499225616455078,2.026339292526245,0.765625,14.71875,15.484375,1.0
closed_context_delta,18,academic_attendance_019,0,synthetic_academic_rules,2.3125,3.5615439414978027,1.9383928775787354,-2.3125,15.625,13.3125,1.0
closed_context_delta,18,academic_grading_018,1,synthetic_academic_rules,0.765625,3.470888614654541,1.9825892448425293,-0.765625,14.90625,14.140625,1.0
closed_context_delta,18,academic_latework_020,2,synthetic_academic_rules,5.703125,1.2393563985824585,1.8415178060531616,-5.703125,15.4375,9.734375,1.0
closed_context_delta,18,academic_prereq_017,3,synthetic_academic_rules,1.34375,2.742469549179077,1.9660714864730835,-1.34375,15.28125,13.9375,1.0
closed_context_delta,18,contract_rental_029,4,synthetic_contract,0.84375,1.3034608364105225,1.9803571701049805,-0.84375,16.234375,15.390625,1.0
closed_context_delta,18,contract_service_030,5,synthetic_contract,0.828125,-0.63573157787323,1.9808036088943481,-0.828125,16.09375,15.265625,1.0
closed_context_delta,18,contract_ticket_032,6,synthetic_contract,6.9375,-1.2533663511276245,1.806249976158142,-6.9375,18.765625,11.828125,1.0
closed_context_delta,18,contract_warranty_031,7,synthetic_contract,0.1875,2.3261184692382812,1.9991071224212646,-0.1875,17.703125,17.515625,1.0
closed_context_delta,18,finance_budget_007,8,synthetic_finance,2.640625,0.711418628692627,1.9290179014205933,-2.640625,13.234375,10.59375,1.0
closed_context_delta,18,finance_coupon_006,9,synthetic_finance,0.859375,2.526522636413574,1.9799107313156128,-0.859375,15.1875,14.328125,1.0
closed_context_delta,18,finance_membership_008,10,synthetic_finance,1.421875,1.6405991315841675,1.9638392925262451,-1.421875,15.390625,13.96875,1.0
closed_context_delta,18,finance_refund_005,11,synthetic_finance,3.421875,3.726867198944092,1.9066964387893677,-3.421875,14.390625,10.96875,1.0
closed_context_delta,18,logic_access_033,12,synthetic_logic_rules,1.109375,2.7818307876586914,1.9727678298950195,-1.109375,14.234375,13.125,1.0
closed_context_delta,18,logic_eligibility_034,13,synthetic_logic_rules,2.828125,3.3748385906219482,1.9236607551574707,-2.828125,15.625,12.796875,1.0
closed_context_delta,18,logic_shipping_035,14,synthetic_logic_rules,6.40625,3.404318332672119,1.8214285373687744,-6.40625,13.5,7.09375,1.0
closed_context_delta,18,logic_tournament_036,15,synthetic_logic_rules,10.25,2.887369155883789,1.7116070985794067,-10.25,8.3125,-1.9375,1.0
closed_context_delta,18,policy_lab_access_002,16,synthetic_policy,1.578125,1.9043095111846924,1.959375023841858,-1.578125,14.171875,12.59375,1.0
closed_context_delta,18,policy_library_checkout_003,17,synthetic_policy,0.296875,3.371293067932129,1.9959821701049805,-0.296875,16.578125,16.28125,1.0
closed_context_delta,18,policy_lunch_pass_001,18,synthetic_policy,0.40625,0.3116098642349243,1.9928570985794067,-0.40625,14.8125,14.40625,1.0
closed_context_delta,18,policy_rec_center_004,19,synthetic_policy,-1.265625,1.9612454175949097,2.0406250953674316,1.265625,14.21875,15.484375,1.0
closed_context_delta,18,product_specs_025,20,synthetic_product_specs,4.15625,1.5230458974838257,1.8857142925262451,-4.15625,16.328125,12.171875,1.0
closed_context_delta,18,product_specs_026,21,synthetic_product_specs,1.53125,0.20128870010375977,1.960714340209961,-1.53125,14.921875,13.390625,1.0
closed_context_delta,18,product_specs_027,22,synthetic_product_specs,3.4375,1.8733474016189575,1.90625,-3.4375,16.109375,12.671875,1.0
closed_context_delta,18,product_specs_028,23,synthetic_product_specs,0.234375,2.8699564933776855,1.9977678060531616,-0.234375,15.0625,14.828125,1.0
closed_context_delta,18,schedule_clinic_011,24,synthetic_schedule,-0.296875,0.8769514560699463,2.012946367263794,0.296875,15.9375,16.234375,1.0
closed_context_delta,18,schedule_exam_010,25,synthetic_schedule,2.53125,0.9054125547409058,1.9321428537368774,-2.53125,14.96875,12.4375,1.0
closed_context_delta,18,schedule_train_009,26,synthetic_schedule,1.65625,1.1354553699493408,1.9571428298950195,-1.65625,14.625,12.96875,1.0
closed_context_delta,18,schedule_workshop_012,27,synthetic_schedule,0.328125,2.947021961212158,1.9950892925262451,-0.328125,15.484375,15.15625,1.0
closed_context_delta,18,science_battery_016,28,synthetic_science_text,2.375,4.7802019119262695,1.9366071224212646,-2.375,14.703125,12.328125,1.0
closed_context_delta,18,science_mineral_014,29,synthetic_science_text,3.1875,3.7877745628356934,1.9133929014205933,-3.1875,13.640625,10.453125,1.0
closed_context_delta,18,science_plant_013,30,synthetic_science_text,3.78125,2.431368350982666,1.8964285850524902,-3.78125,15.359375,11.578125,1.0
closed_context_delta,18,science_weather_015,31,synthetic_science_text,0.9375,3.4259910583496094,1.9776785373687744,-0.9375,12.671875,11.734375,1.0
closed_context_delta,18,technical_api_022,32,synthetic_technical_config,-2.625,0.15686416625976562,2.0794641971588135,2.625,14.140625,16.765625,1.0
closed_context_delta,18,technical_backup_023,33,synthetic_technical_config,0.875,-0.44362378120422363,1.9794642925262451,-0.875,15.6875,14.8125,1.0
closed_context_delta,18,technical_config_021,34,synthetic_technical_config,-0.0625,3.0560734272003174,2.0062499046325684,0.0625,16.65625,16.71875,1.0
closed_context_delta,18,technical_feature_flag_024,35,synthetic_technical_config,-0.765625,-0.9028406143188477,2.026339292526245,0.765625,14.71875,15.484375,1.0
closed_context_delta,19,academic_attendance_019,0,synthetic_academic_rules,2.3125,1.684415578842163,1.9383928775787354,-2.3125,15.625,13.3125,1.0
closed_context_delta,19,academic_grading_018,1,synthetic_academic_rules,0.765625,2.460367441177368,1.9825892448425293,-0.765625,14.90625,14.140625,1.0
closed_context_delta,19,academic_latework_020,2,synthetic_academic_rules,5.703125,1.7346293926239014,1.8415178060531616,-5.703125,15.4375,9.734375,1.0
closed_context_delta,19,academic_prereq_017,3,synthetic_academic_rules,1.34375,2.8054165840148926,1.9660714864730835,-1.34375,15.28125,13.9375,1.0
closed_context_delta,19,contract_rental_029,4,synthetic_contract,0.84375,0.4894282817840576,1.9803571701049805,-0.84375,16.234375,15.390625,1.0
closed_context_delta,19,contract_service_030,5,synthetic_contract,0.828125,0.05315864086151123,1.9808036088943481,-0.828125,16.09375,15.265625,1.0
closed_context_delta,19,contract_ticket_032,6,synthetic_contract,6.9375,-1.160530686378479,1.806249976158142,-6.9375,18.765625,11.828125,1.0
closed_context_delta,19,contract_warranty_031,7,synthetic_contract,0.1875,0.9473388195037842,1.9991071224212646,-0.1875,17.703125,17.515625,1.0
closed_context_delta,19,finance_budget_007,8,synthetic_finance,2.640625,0.27777397632598877,1.9290179014205933,-2.640625,13.234375,10.59375,1.0
closed_context_delta,19,finance_coupon_006,9,synthetic_finance,0.859375,1.5247864723205566,1.9799107313156128,-0.859375,15.1875,14.328125,1.0
closed_context_delta,19,finance_membership_008,10,synthetic_finance,1.421875,2.3684043884277344,1.9638392925262451,-1.421875,15.390625,13.96875,1.0
closed_context_delta,19,finance_refund_005,11,synthetic_finance,3.421875,2.9793503284454346,1.9066964387893677,-3.421875,14.390625,10.96875,1.0
closed_context_delta,19,logic_access_033,12,synthetic_logic_rules,1.109375,1.9910695552825928,1.9727678298950195,-1.109375,14.234375,13.125,1.0
closed_context_delta,19,logic_eligibility_034,13,synthetic_logic_rules,2.828125,2.9733684062957764,1.9236607551574707,-2.828125,15.625,12.796875,1.0
closed_context_delta,19,logic_shipping_035,14,synthetic_logic_rules,6.40625,3.851494550704956,1.8214285373687744,-6.40625,13.5,7.09375,1.0
closed_context_delta,19,logic_tournament_036,15,synthetic_logic_rules,10.25,2.94014573097229,1.7116070985794067,-10.25,8.3125,-1.9375,1.0
closed_context_delta,19,policy_lab_access_002,16,synthetic_policy,1.578125,2.2229342460632324,1.959375023841858,-1.578125,14.171875,12.59375,1.0
closed_context_delta,19,policy_library_checkout_003,17,synthetic_policy,0.296875,1.3337968587875366,1.9959821701049805,-0.296875,16.578125,16.28125,1.0
closed_context_delta,19,policy_lunch_pass_001,18,synthetic_policy,0.40625,0.13136553764343262,1.9928570985794067,-0.40625,14.8125,14.40625,1.0
closed_context_delta,19,policy_rec_center_004,19,synthetic_policy,-1.265625,1.7882015705108643,2.0406250953674316,1.265625,14.21875,15.484375,1.0
closed_context_delta,19,product_specs_025,20,synthetic_product_specs,4.15625,1.9922738075256348,1.8857142925262451,-4.15625,16.328125,12.171875,1.0
closed_context_delta,19,product_specs_026,21,synthetic_product_specs,1.53125,2.3980600833892822,1.960714340209961,-1.53125,14.921875,13.390625,1.0
closed_context_delta,19,product_specs_027,22,synthetic_product_specs,3.4375,0.3507251739501953,1.90625,-3.4375,16.109375,12.671875,1.0
closed_context_delta,19,product_specs_028,23,synthetic_product_specs,0.234375,2.837216377258301,1.9977678060531616,-0.234375,15.0625,14.828125,1.0
closed_context_delta,19,schedule_clinic_011,24,synthetic_schedule,-0.296875,-0.3130991458892822,2.012946367263794,0.296875,15.9375,16.234375,1.0
closed_context_delta,19,schedule_exam_010,25,synthetic_schedule,2.53125,1.2646350860595703,1.9321428537368774,-2.53125,14.96875,12.4375,1.0
closed_context_delta,19,schedule_train_009,26,synthetic_schedule,1.65625,3.4826114177703857,1.9571428298950195,-1.65625,14.625,12.96875,1.0
closed_context_delta,19,schedule_workshop_012,27,synthetic_schedule,0.328125,1.443209171295166,1.9950892925262451,-0.328125,15.484375,15.15625,1.0
closed_context_delta,19,science_battery_016,28,synthetic_science_text,2.375,5.370774269104004,1.9366071224212646,-2.375,14.703125,12.328125,1.0
closed_context_delta,19,science_mineral_014,29,synthetic_science_text,3.1875,4.639487266540527,1.9133929014205933,-3.1875,13.640625,10.453125,1.0
closed_context_delta,19,science_plant_013,30,synthetic_science_text,3.78125,0.6924772262573242,1.8964285850524902,-3.78125,15.359375,11.578125,1.0
closed_context_delta,19,science_weather_015,31,synthetic_science_text,0.9375,2.864469051361084,1.9776785373687744,-0.9375,12.671875,11.734375,1.0
closed_context_delta,19,technical_api_022,32,synthetic_technical_config,-2.625,2.2337167263031006,2.0794641971588135,2.625,14.140625,16.765625,1.0
closed_context_delta,19,technical_backup_023,33,synthetic_technical_config,0.875,0.5143876075744629,1.9794642925262451,-0.875,15.6875,14.8125,1.0
closed_context_delta,19,technical_config_021,34,synthetic_technical_config,-0.0625,0.2539423704147339,2.0062499046325684,0.0625,16.65625,16.71875,1.0
closed_context_delta,19,technical_feature_flag_024,35,synthetic_technical_config,-0.765625,-1.4522154331207275,2.026339292526245,0.765625,14.71875,15.484375,1.0
closed_context_delta,20,academic_attendance_019,0,synthetic_academic_rules,2.3125,2.409522771835327,1.9383928775787354,-2.3125,15.625,13.3125,1.0
closed_context_delta,20,academic_grading_018,1,synthetic_academic_rules,0.765625,0.9489316940307617,1.9825892448425293,-0.765625,14.90625,14.140625,1.0
closed_context_delta,20,academic_latework_020,2,synthetic_academic_rules,5.703125,2.602639675140381,1.8415178060531616,-5.703125,15.4375,9.734375,1.0
closed_context_delta,20,academic_prereq_017,3,synthetic_academic_rules,1.34375,2.762481451034546,1.9660714864730835,-1.34375,15.28125,13.9375,1.0
closed_context_delta,20,contract_rental_029,4,synthetic_contract,0.84375,1.2196605205535889,1.9803571701049805,-0.84375,16.234375,15.390625,1.0
closed_context_delta,20,contract_service_030,5,synthetic_contract,0.828125,-0.05742323398590088,1.9808036088943481,-0.828125,16.09375,15.265625,1.0
closed_context_delta,20,contract_ticket_032,6,synthetic_contract,6.9375,-0.7020648717880249,1.806249976158142,-6.9375,18.765625,11.828125,1.0
closed_context_delta,20,contract_warranty_031,7,synthetic_contract,0.1875,-0.1422560214996338,1.9991071224212646,-0.1875,17.703125,17.515625,1.0
closed_context_delta,20,finance_budget_007,8,synthetic_finance,2.640625,2.0306875705718994,1.9290179014205933,-2.640625,13.234375,10.59375,1.0
closed_context_delta,20,finance_coupon_006,9,synthetic_finance,0.859375,2.204176425933838,1.9799107313156128,-0.859375,15.1875,14.328125,1.0
closed_context_delta,20,finance_membership_008,10,synthetic_finance,1.421875,2.8486413955688477,1.9638392925262451,-1.421875,15.390625,13.96875,1.0
closed_context_delta,20,finance_refund_005,11,synthetic_finance,3.421875,2.5135107040405273,1.9066964387893677,-3.421875,14.390625,10.96875,1.0
closed_context_delta,20,logic_access_033,12,synthetic_logic_rules,1.109375,1.3894370794296265,1.9727678298950195,-1.109375,14.234375,13.125,1.0
closed_context_delta,20,logic_eligibility_034,13,synthetic_logic_rules,2.828125,2.8589048385620117,1.9236607551574707,-2.828125,15.625,12.796875,1.0
closed_context_delta,20,logic_shipping_035,14,synthetic_logic_rules,6.40625,4.3020853996276855,1.8214285373687744,-6.40625,13.5,7.09375,1.0
closed_context_delta,20,logic_tournament_036,15,synthetic_logic_rules,10.25,0.9720513820648193,1.7116070985794067,-10.25,8.3125,-1.9375,1.0
closed_context_delta,20,policy_lab_access_002,16,synthetic_policy,1.578125,0.9508340358734131,1.959375023841858,-1.578125,14.171875,12.59375,1.0
closed_context_delta,20,policy_library_checkout_003,17,synthetic_policy,0.296875,0.5559052228927612,1.9959821701049805,-0.296875,16.578125,16.28125,1.0
closed_context_delta,20,policy_lunch_pass_001,18,synthetic_policy,0.40625,0.7622820138931274,1.9928570985794067,-0.40625,14.8125,14.40625,1.0
closed_context_delta,20,policy_rec_center_004,19,synthetic_policy,-1.265625,1.293885350227356,2.0406250953674316,1.265625,14.21875,15.484375,1.0
closed_context_delta,20,product_specs_025,20,synthetic_product_specs,4.15625,2.0119032859802246,1.8857142925262451,-4.15625,16.328125,12.171875,1.0
closed_context_delta,20,product_specs_026,21,synthetic_product_specs,1.53125,2.2979207038879395,1.960714340209961,-1.53125,14.921875,13.390625,1.0
closed_context_delta,20,product_specs_027,22,synthetic_product_specs,3.4375,0.6131432056427002,1.90625,-3.4375,16.109375,12.671875,1.0
closed_context_delta,20,product_specs_028,23,synthetic_product_specs,0.234375,2.7451040744781494,1.9977678060531616,-0.234375,15.0625,14.828125,1.0
closed_context_delta,20,schedule_clinic_011,24,synthetic_schedule,-0.296875,-0.4812047481536865,2.012946367263794,0.296875,15.9375,16.234375,1.0
closed_context_delta,20,schedule_exam_010,25,synthetic_schedule,2.53125,0.9309873580932617,1.9321428537368774,-2.53125,14.96875,12.4375,1.0
closed_context_delta,20,schedule_train_009,26,synthetic_schedule,1.65625,3.158538341522217,1.9571428298950195,-1.65625,14.625,12.96875,1.0
closed_context_delta,20,schedule_workshop_012,27,synthetic_schedule,0.328125,1.5227622985839844,1.9950892925262451,-0.328125,15.484375,15.15625,1.0
closed_context_delta,20,science_battery_016,28,synthetic_science_text,2.375,3.5649919509887695,1.9366071224212646,-2.375,14.703125,12.328125,1.0
closed_context_delta,20,science_mineral_014,29,synthetic_science_text,3.1875,4.434950828552246,1.9133929014205933,-3.1875,13.640625,10.453125,1.0
closed_context_delta,20,science_plant_013,30,synthetic_science_text,3.78125,2.0751607418060303,1.8964285850524902,-3.78125,15.359375,11.578125,1.0
closed_context_delta,20,science_weather_015,31,synthetic_science_text,0.9375,4.807500839233398,1.9776785373687744,-0.9375,12.671875,11.734375,1.0
closed_context_delta,20,technical_api_022,32,synthetic_technical_config,-2.625,2.679980993270874,2.0794641971588135,2.625,14.140625,16.765625,1.0
closed_context_delta,20,technical_backup_023,33,synthetic_technical_config,0.875,0.7164623737335205,1.9794642925262451,-0.875,15.6875,14.8125,1.0
closed_context_delta,20,technical_config_021,34,synthetic_technical_config,-0.0625,0.055455923080444336,2.0062499046325684,0.0625,16.65625,16.71875,1.0
closed_context_delta,20,technical_feature_flag_024,35,synthetic_technical_config,-0.765625,-0.855426549911499,2.026339292526245,0.765625,14.71875,15.484375,1.0
closed_context_delta,21,academic_attendance_019,0,synthetic_academic_rules,2.3125,3.770148992538452,1.9383928775787354,-2.3125,15.625,13.3125,1.0
closed_context_delta,21,academic_grading_018,1,synthetic_academic_rules,0.765625,1.2738089561462402,1.9825892448425293,-0.765625,14.90625,14.140625,1.0
closed_context_delta,21,academic_latework_020,2,synthetic_academic_rules,5.703125,3.174032211303711,1.8415178060531616,-5.703125,15.4375,9.734375,1.0
closed_context_delta,21,academic_prereq_017,3,synthetic_academic_rules,1.34375,1.972137212753296,1.9660714864730835,-1.34375,15.28125,13.9375,1.0
closed_context_delta,21,contract_rental_029,4,synthetic_contract,0.84375,1.3669261932373047,1.9803571701049805,-0.84375,16.234375,15.390625,1.0
closed_context_delta,21,contract_service_030,5,synthetic_contract,0.828125,-0.06752216815948486,1.9808036088943481,-0.828125,16.09375,15.265625,1.0
closed_context_delta,21,contract_ticket_032,6,synthetic_contract,6.9375,0.9403080344200134,1.806249976158142,-6.9375,18.765625,11.828125,1.0
closed_context_delta,21,contract_warranty_031,7,synthetic_contract,0.1875,-0.1590282917022705,1.9991071224212646,-0.1875,17.703125,17.515625,1.0
closed_context_delta,21,finance_budget_007,8,synthetic_finance,2.640625,3.446143627166748,1.9290179014205933,-2.640625,13.234375,10.59375,1.0
closed_context_delta,21,finance_coupon_006,9,synthetic_finance,0.859375,2.7622246742248535,1.9799107313156128,-0.859375,15.1875,14.328125,1.0
closed_context_delta,21,finance_membership_008,10,synthetic_finance,1.421875,2.88857364654541,1.9638392925262451,-1.421875,15.390625,13.96875,1.0
closed_context_delta,21,finance_refund_005,11,synthetic_finance,3.421875,1.516763687133789,1.9066964387893677,-3.421875,14.390625,10.96875,1.0
closed_context_delta,21,logic_access_033,12,synthetic_logic_rules,1.109375,1.2647206783294678,1.9727678298950195,-1.109375,14.234375,13.125,1.0
closed_context_delta,21,logic_eligibility_034,13,synthetic_logic_rules,2.828125,0.618236780166626,1.9236607551574707,-2.828125,15.625,12.796875,1.0
closed_context_delta,21,logic_shipping_035,14,synthetic_logic_rules,6.40625,5.830325126647949,1.8214285373687744,-6.40625,13.5,7.09375,1.0
closed_context_delta,21,logic_tournament_036,15,synthetic_logic_rules,10.25,1.0915417671203613,1.7116070985794067,-10.25,8.3125,-1.9375,1.0
closed_context_delta,21,policy_lab_access_002,16,synthetic_policy,1.578125,0.4941544532775879,1.959375023841858,-1.578125,14.171875,12.59375,1.0
closed_context_delta,21,policy_library_checkout_003,17,synthetic_policy,0.296875,0.06464314460754395,1.9959821701049805,-0.296875,16.578125,16.28125,1.0
closed_context_delta,21,policy_lunch_pass_001,18,synthetic_policy,0.40625,0.451055645942688,1.9928570985794067,-0.40625,14.8125,14.40625,1.0
closed_context_delta,21,policy_rec_center_004,19,synthetic_policy,-1.265625,0.2343759536743164,2.0406250953674316,1.265625,14.21875,15.484375,1.0
closed_context_delta,21,product_specs_025,20,synthetic_product_specs,4.15625,2.6923508644104004,1.8857142925262451,-4.15625,16.328125,12.171875,1.0
closed_context_delta,21,product_specs_026,21,synthetic_product_specs,1.53125,1.7058542966842651,1.960714340209961,-1.53125,14.921875,13.390625,1.0
closed_context_delta,21,product_specs_027,22,synthetic_product_specs,3.4375,2.1566619873046875,1.90625,-3.4375,16.109375,12.671875,1.0
closed_context_delta,21,product_specs_028,23,synthetic_product_specs,0.234375,1.5283479690551758,1.9977678060531616,-0.234375,15.0625,14.828125,1.0
closed_context_delta,21,schedule_clinic_011,24,synthetic_schedule,-0.296875,-0.2715723514556885,2.012946367263794,0.296875,15.9375,16.234375,1.0
closed_context_delta,21,schedule_exam_010,25,synthetic_schedule,2.53125,0.6278488636016846,1.9321428537368774,-2.53125,14.96875,12.4375,1.0
closed_context_delta,21,schedule_train_009,26,synthetic_schedule,1.65625,2.8951539993286133,1.9571428298950195,-1.65625,14.625,12.96875,1.0
closed_context_delta,21,schedule_workshop_012,27,synthetic_schedule,0.328125,1.4174015522003174,1.9950892925262451,-0.328125,15.484375,15.15625,1.0
closed_context_delta,21,science_battery_016,28,synthetic_science_text,2.375,2.87483549118042,1.9366071224212646,-2.375,14.703125,12.328125,1.0
closed_context_delta,21,science_mineral_014,29,synthetic_science_text,3.1875,4.203190326690674,1.9133929014205933,-3.1875,13.640625,10.453125,1.0
closed_context_delta,21,science_plant_013,30,synthetic_science_text,3.78125,3.3267409801483154,1.8964285850524902,-3.78125,15.359375,11.578125,1.0
closed_context_delta,21,science_weather_015,31,synthetic_science_text,0.9375,4.425390720367432,1.9776785373687744,-0.9375,12.671875,11.734375,1.0
closed_context_delta,21,technical_api_022,32,synthetic_technical_config,-2.625,2.381580352783203,2.0794641971588135,2.625,14.140625,16.765625,1.0
closed_context_delta,21,technical_backup_023,33,synthetic_technical_config,0.875,0.331256628036499,1.9794642925262451,-0.875,15.6875,14.8125,1.0
closed_context_delta,21,technical_config_021,34,synthetic_technical_config,-0.0625,0.20591330528259277,2.0062499046325684,0.0625,16.65625,16.71875,1.0
closed_context_delta,21,technical_feature_flag_024,35,synthetic_technical_config,-0.765625,-0.1497650146484375,2.026339292526245,0.765625,14.71875,15.484375,1.0
closed_context_delta,22,academic_attendance_019,0,synthetic_academic_rules,2.3125,1.8936456441879272,1.9383928775787354,-2.3125,15.625,13.3125,1.0
closed_context_delta,22,academic_grading_018,1,synthetic_academic_rules,0.765625,0.8303124904632568,1.9825892448425293,-0.765625,14.90625,14.140625,1.0
closed_context_delta,22,academic_latework_020,2,synthetic_academic_rules,5.703125,3.6124320030212402,1.8415178060531616,-5.703125,15.4375,9.734375,1.0
closed_context_delta,22,academic_prereq_017,3,synthetic_academic_rules,1.34375,1.9759281873703003,1.9660714864730835,-1.34375,15.28125,13.9375,1.0
closed_context_delta,22,contract_rental_029,4,synthetic_contract,0.84375,0.9722955226898193,1.9803571701049805,-0.84375,16.234375,15.390625,1.0
closed_context_delta,22,contract_service_030,5,synthetic_contract,0.828125,-0.1204901933670044,1.9808036088943481,-0.828125,16.09375,15.265625,1.0
closed_context_delta,22,contract_ticket_032,6,synthetic_contract,6.9375,1.6523736715316772,1.806249976158142,-6.9375,18.765625,11.828125,1.0
closed_context_delta,22,contract_warranty_031,7,synthetic_contract,0.1875,0.10305321216583252,1.9991071224212646,-0.1875,17.703125,17.515625,1.0
closed_context_delta,22,finance_budget_007,8,synthetic_finance,2.640625,3.220376968383789,1.9290179014205933,-2.640625,13.234375,10.59375,1.0
closed_context_delta,22,finance_coupon_006,9,synthetic_finance,0.859375,2.5673961639404297,1.9799107313156128,-0.859375,15.1875,14.328125,1.0
closed_context_delta,22,finance_membership_008,10,synthetic_finance,1.421875,2.135957717895508,1.9638392925262451,-1.421875,15.390625,13.96875,1.0
closed_context_delta,22,finance_refund_005,11,synthetic_finance,3.421875,1.8294179439544678,1.9066964387893677,-3.421875,14.390625,10.96875,1.0
closed_context_delta,22,logic_access_033,12,synthetic_logic_rules,1.109375,1.0232030153274536,1.9727678298950195,-1.109375,14.234375,13.125,1.0
closed_context_delta,22,logic_eligibility_034,13,synthetic_logic_rules,2.828125,0.9976940155029297,1.9236607551574707,-2.828125,15.625,12.796875,1.0
closed_context_delta,22,logic_shipping_035,14,synthetic_logic_rules,6.40625,6.641267776489258,1.8214285373687744,-6.40625,13.5,7.09375,1.0
closed_context_delta,22,logic_tournament_036,15,synthetic_logic_rules,10.25,0.744534969329834,1.7116070985794067,-10.25,8.3125,-1.9375,1.0
closed_context_delta,22,policy_lab_access_002,16,synthetic_policy,1.578125,0.6202074289321899,1.959375023841858,-1.578125,14.171875,12.59375,1.0
closed_context_delta,22,policy_library_checkout_003,17,synthetic_policy,0.296875,0.37186145782470703,1.9959821701049805,-0.296875,16.578125,16.28125,1.0
closed_context_delta,22,policy_lunch_pass_001,18,synthetic_policy,0.40625,0.34728777408599854,1.9928570985794067,-0.40625,14.8125,14.40625,1.0
closed_context_delta,22,policy_rec_center_004,19,synthetic_policy,-1.265625,-0.3774235248565674,2.0406250953674316,1.265625,14.21875,15.484375,1.0
closed_context_delta,22,product_specs_025,20,synthetic_product_specs,4.15625,3.1597671508789062,1.8857142925262451,-4.15625,16.328125,12.171875,1.0
closed_context_delta,22,product_specs_026,21,synthetic_product_specs,1.53125,2.1699059009552,1.960714340209961,-1.53125,14.921875,13.390625,1.0
closed_context_delta,22,product_specs_027,22,synthetic_product_specs,3.4375,2.532031297683716,1.90625,-3.4375,16.109375,12.671875,1.0
closed_context_delta,22,product_specs_028,23,synthetic_product_specs,0.234375,0.4943603277206421,1.9977678060531616,-0.234375,15.0625,14.828125,1.0
closed_context_delta,22,schedule_clinic_011,24,synthetic_schedule,-0.296875,-0.6048276424407959,2.012946367263794,0.296875,15.9375,16.234375,1.0
closed_context_delta,22,schedule_exam_010,25,synthetic_schedule,2.53125,1.0394893884658813,1.9321428537368774,-2.53125,14.96875,12.4375,1.0
closed_context_delta,22,schedule_train_009,26,synthetic_schedule,1.65625,3.0898284912109375,1.9571428298950195,-1.65625,14.625,12.96875,1.0
closed_context_delta,22,schedule_workshop_012,27,synthetic_schedule,0.328125,1.3622257709503174,1.9950892925262451,-0.328125,15.484375,15.15625,1.0
closed_context_delta,22,science_battery_016,28,synthetic_science_text,2.375,3.3338847160339355,1.9366071224212646,-2.375,14.703125,12.328125,1.0
closed_context_delta,22,science_mineral_014,29,synthetic_science_text,3.1875,2.796830177307129,1.9133929014205933,-3.1875,13.640625,10.453125,1.0
closed_context_delta,22,science_plant_013,30,synthetic_science_text,3.78125,2.534393072128296,1.8964285850524902,-3.78125,15.359375,11.578125,1.0
closed_context_delta,22,science_weather_015,31,synthetic_science_text,0.9375,4.024521827697754,1.9776785373687744,-0.9375,12.671875,11.734375,1.0
closed_context_delta,22,technical_api_022,32,synthetic_technical_config,-2.625,2.281545400619507,2.0794641971588135,2.625,14.140625,16.765625,1.0
closed_context_delta,22,technical_backup_023,33,synthetic_technical_config,0.875,0.7850282192230225,1.9794642925262451,-0.875,15.6875,14.8125,1.0
closed_context_delta,22,technical_config_021,34,synthetic_technical_config,-0.0625,0.3423525094985962,2.0062499046325684,0.0625,16.65625,16.71875,1.0
closed_context_delta,22,technical_feature_flag_024,35,synthetic_technical_config,-0.765625,0.9159486293792725,2.026339292526245,0.765625,14.71875,15.484375,1.0
closed_context_delta,23,academic_attendance_019,0,synthetic_academic_rules,2.3125,2.8149709701538086,1.9383928775787354,-2.3125,15.625,13.3125,1.0
closed_context_delta,23,academic_grading_018,1,synthetic_academic_rules,0.765625,0.695426344871521,1.9825892448425293,-0.765625,14.90625,14.140625,1.0
closed_context_delta,23,academic_latework_020,2,synthetic_academic_rules,5.703125,3.137742042541504,1.8415178060531616,-5.703125,15.4375,9.734375,1.0
closed_context_delta,23,academic_prereq_017,3,synthetic_academic_rules,1.34375,2.3534092903137207,1.9660714864730835,-1.34375,15.28125,13.9375,1.0
closed_context_delta,23,contract_rental_029,4,synthetic_contract,0.84375,0.6770293712615967,1.9803571701049805,-0.84375,16.234375,15.390625,1.0
closed_context_delta,23,contract_service_030,5,synthetic_contract,0.828125,-0.2911742925643921,1.9808036088943481,-0.828125,16.09375,15.265625,1.0
closed_context_delta,23,contract_ticket_032,6,synthetic_contract,6.9375,2.3766136169433594,1.806249976158142,-6.9375,18.765625,11.828125,1.0
closed_context_delta,23,contract_warranty_031,7,synthetic_contract,0.1875,0.2506134510040283,1.9991071224212646,-0.1875,17.703125,17.515625,1.0
closed_context_delta,23,finance_budget_007,8,synthetic_finance,2.640625,2.751188278198242,1.9290179014205933,-2.640625,13.234375,10.59375,1.0
closed_context_delta,23,finance_coupon_006,9,synthetic_finance,0.859375,2.3919785022735596,1.9799107313156128,-0.859375,15.1875,14.328125,1.0
closed_context_delta,23,finance_membership_008,10,synthetic_finance,1.421875,1.4350043535232544,1.9638392925262451,-1.421875,15.390625,13.96875,1.0
closed_context_delta,23,finance_refund_005,11,synthetic_finance,3.421875,2.174311637878418,1.9066964387893677,-3.421875,14.390625,10.96875,1.0
closed_context_delta,23,logic_access_033,12,synthetic_logic_rules,1.109375,0.6614545583724976,1.9727678298950195,-1.109375,14.234375,13.125,1.0
closed_context_delta,23,logic_eligibility_034,13,synthetic_logic_rules,2.828125,1.3641202449798584,1.9236607551574707,-2.828125,15.625,12.796875,1.0
closed_context_delta,23,logic_shipping_035,14,synthetic_logic_rules,6.40625,8.05629825592041,1.8214285373687744,-6.40625,13.5,7.09375,1.0
closed_context_delta,23,logic_tournament_036,15,synthetic_logic_rules,10.25,0.4617215394973755,1.7116070985794067,-10.25,8.3125,-1.9375,1.0
closed_context_delta,23,policy_lab_access_002,16,synthetic_policy,1.578125,0.9558604955673218,1.959375023841858,-1.578125,14.171875,12.59375,1.0
closed_context_delta,23,policy_library_checkout_003,17,synthetic_policy,0.296875,0.4045431613922119,1.9959821701049805,-0.296875,16.578125,16.28125,1.0
closed_context_delta,23,policy_lunch_pass_001,18,synthetic_policy,0.40625,0.5952993631362915,1.9928570985794067,-0.40625,14.8125,14.40625,1.0
closed_context_delta,23,policy_rec_center_004,19,synthetic_policy,-1.265625,-0.14010000228881836,2.0406250953674316,1.265625,14.21875,15.484375,1.0
closed_context_delta,23,product_specs_025,20,synthetic_product_specs,4.15625,3.4953465461730957,1.8857142925262451,-4.15625,16.328125,12.171875,1.0
closed_context_delta,23,product_specs_026,21,synthetic_product_specs,1.53125,2.7608773708343506,1.960714340209961,-1.53125,14.921875,13.390625,1.0
closed_context_delta,23,product_specs_027,22,synthetic_product_specs,3.4375,1.7243162393569946,1.90625,-3.4375,16.109375,12.671875,1.0
closed_context_delta,23,product_specs_028,23,synthetic_product_specs,0.234375,0.44015347957611084,1.9977678060531616,-0.234375,15.0625,14.828125,1.0
closed_context_delta,23,schedule_clinic_011,24,synthetic_schedule,-0.296875,-0.33661675453186035,2.012946367263794,0.296875,15.9375,16.234375,1.0
closed_context_delta,23,schedule_exam_010,25,synthetic_schedule,2.53125,0.9800188541412354,1.9321428537368774,-2.53125,14.96875,12.4375,1.0
closed_context_delta,23,schedule_train_009,26,synthetic_schedule,1.65625,2.618351459503174,1.9571428298950195,-1.65625,14.625,12.96875,1.0
closed_context_delta,23,schedule_workshop_012,27,synthetic_schedule,0.328125,1.3034799098968506,1.9950892925262451,-0.328125,15.484375,15.15625,1.0
closed_context_delta,23,science_battery_016,28,synthetic_science_text,2.375,3.5610101222991943,1.9366071224212646,-2.375,14.703125,12.328125,1.0
closed_context_delta,23,science_mineral_014,29,synthetic_science_text,3.1875,3.090965747833252,1.9133929014205933,-3.1875,13.640625,10.453125,1.0
closed_context_delta,23,science_plant_013,30,synthetic_science_text,3.78125,2.2143595218658447,1.8964285850524902,-3.78125,15.359375,11.578125,1.0
closed_context_delta,23,science_weather_015,31,synthetic_science_text,0.9375,3.435629367828369,1.9776785373687744,-0.9375,12.671875,11.734375,1.0
closed_context_delta,23,technical_api_022,32,synthetic_technical_config,-2.625,1.936642050743103,2.0794641971588135,2.625,14.140625,16.765625,1.0
closed_context_delta,23,technical_backup_023,33,synthetic_technical_config,0.875,1.3035331964492798,1.9794642925262451,-0.875,15.6875,14.8125,1.0
closed_context_delta,23,technical_config_021,34,synthetic_technical_config,-0.0625,0.19275808334350586,2.0062499046325684,0.0625,16.65625,16.71875,1.0
closed_context_delta,23,technical_feature_flag_024,35,synthetic_technical_config,-0.765625,0.4591900110244751,2.026339292526245,0.765625,14.71875,15.484375,1.0
closed_context_delta,24,academic_attendance_019,0,synthetic_academic_rules,2.3125,2.705383062362671,1.9383928775787354,-2.3125,15.625,13.3125,1.0
closed_context_delta,24,academic_grading_018,1,synthetic_academic_rules,0.765625,0.6955491304397583,1.9825892448425293,-0.765625,14.90625,14.140625,1.0
closed_context_delta,24,academic_latework_020,2,synthetic_academic_rules,5.703125,5.776795864105225,1.8415178060531616,-5.703125,15.4375,9.734375,1.0
closed_context_delta,24,academic_prereq_017,3,synthetic_academic_rules,1.34375,3.4499456882476807,1.9660714864730835,-1.34375,15.28125,13.9375,1.0
closed_context_delta,24,contract_rental_029,4,synthetic_contract,0.84375,0.2544139623641968,1.9803571701049805,-0.84375,16.234375,15.390625,1.0
closed_context_delta,24,contract_service_030,5,synthetic_contract,0.828125,0.4988349676132202,1.9808036088943481,-0.828125,16.09375,15.265625,1.0
closed_context_delta,24,contract_ticket_032,6,synthetic_contract,6.9375,1.9240307807922363,1.806249976158142,-6.9375,18.765625,11.828125,1.0
closed_context_delta,24,contract_warranty_031,7,synthetic_contract,0.1875,0.8491597175598145,1.9991071224212646,-0.1875,17.703125,17.515625,1.0
closed_context_delta,24,finance_budget_007,8,synthetic_finance,2.640625,3.2423906326293945,1.9290179014205933,-2.640625,13.234375,10.59375,1.0
closed_context_delta,24,finance_coupon_006,9,synthetic_finance,0.859375,1.6973363161087036,1.9799107313156128,-0.859375,15.1875,14.328125,1.0
closed_context_delta,24,finance_membership_008,10,synthetic_finance,1.421875,0.8772685527801514,1.9638392925262451,-1.421875,15.390625,13.96875,1.0
closed_context_delta,24,finance_refund_005,11,synthetic_finance,3.421875,1.0478086471557617,1.9066964387893677,-3.421875,14.390625,10.96875,1.0
closed_context_delta,24,logic_access_033,12,synthetic_logic_rules,1.109375,0.6051770448684692,1.9727678298950195,-1.109375,14.234375,13.125,1.0
closed_context_delta,24,logic_eligibility_034,13,synthetic_logic_rules,2.828125,1.7410500049591064,1.9236607551574707,-2.828125,15.625,12.796875,1.0
closed_context_delta,24,logic_shipping_035,14,synthetic_logic_rules,6.40625,9.665337562561035,1.8214285373687744,-6.40625,13.5,7.09375,1.0
closed_context_delta,24,logic_tournament_036,15,synthetic_logic_rules,10.25,1.4872841835021973,1.7116070985794067,-10.25,8.3125,-1.9375,1.0
closed_context_delta,24,policy_lab_access_002,16,synthetic_policy,1.578125,1.1531866788864136,1.959375023841858,-1.578125,14.171875,12.59375,1.0
closed_context_delta,24,policy_library_checkout_003,17,synthetic_policy,0.296875,0.4743764400482178,1.9959821701049805,-0.296875,16.578125,16.28125,1.0
closed_context_delta,24,policy_lunch_pass_001,18,synthetic_policy,0.40625,0.4491311311721802,1.9928570985794067,-0.40625,14.8125,14.40625,1.0
closed_context_delta,24,policy_rec_center_004,19,synthetic_policy,-1.265625,0.8243594169616699,2.0406250953674316,1.265625,14.21875,15.484375,1.0
closed_context_delta,24,product_specs_025,20,synthetic_product_specs,4.15625,3.386589527130127,1.8857142925262451,-4.15625,16.328125,12.171875,1.0
closed_context_delta,24,product_specs_026,21,synthetic_product_specs,1.53125,1.96589994430542,1.960714340209961,-1.53125,14.921875,13.390625,1.0
closed_context_delta,24,product_specs_027,22,synthetic_product_specs,3.4375,1.7689340114593506,1.90625,-3.4375,16.109375,12.671875,1.0
closed_context_delta,24,product_specs_028,23,synthetic_product_specs,0.234375,0.37852942943573,1.9977678060531616,-0.234375,15.0625,14.828125,1.0
closed_context_delta,24,schedule_clinic_011,24,synthetic_schedule,-0.296875,-0.07236266136169434,2.012946367263794,0.296875,15.9375,16.234375,1.0
closed_context_delta,24,schedule_exam_010,25,synthetic_schedule,2.53125,0.6125973463058472,1.9321428537368774,-2.53125,14.96875,12.4375,1.0
closed_context_delta,24,schedule_train_009,26,synthetic_schedule,1.65625,2.1794261932373047,1.9571428298950195,-1.65625,14.625,12.96875,1.0
closed_context_delta,24,schedule_workshop_012,27,synthetic_schedule,0.328125,1.559267520904541,1.9950892925262451,-0.328125,15.484375,15.15625,1.0
closed_context_delta,24,science_battery_016,28,synthetic_science_text,2.375,2.9931249618530273,1.9366071224212646,-2.375,14.703125,12.328125,1.0
closed_context_delta,24,science_mineral_014,29,synthetic_science_text,3.1875,3.419633388519287,1.9133929014205933,-3.1875,13.640625,10.453125,1.0
closed_context_delta,24,science_plant_013,30,synthetic_science_text,3.78125,1.9634507894515991,1.8964285850524902,-3.78125,15.359375,11.578125,1.0
closed_context_delta,24,science_weather_015,31,synthetic_science_text,0.9375,1.7453107833862305,1.9776785373687744,-0.9375,12.671875,11.734375,1.0
closed_context_delta,24,technical_api_022,32,synthetic_technical_config,-2.625,0.43151187896728516,2.0794641971588135,2.625,14.140625,16.765625,1.0
closed_context_delta,24,technical_backup_023,33,synthetic_technical_config,0.875,1.0533326864242554,1.9794642925262451,-0.875,15.6875,14.8125,1.0
closed_context_delta,24,technical_config_021,34,synthetic_technical_config,-0.0625,-0.1596989631652832,2.0062499046325684,0.0625,16.65625,16.71875,1.0
closed_context_delta,24,technical_feature_flag_024,35,synthetic_technical_config,-0.765625,0.20086562633514404,2.026339292526245,0.765625,14.71875,15.484375,1.0
closed_context_delta,25,academic_attendance_019,0,synthetic_academic_rules,2.3125,2.735011577606201,1.9383928775787354,-2.3125,15.625,13.3125,1.0
closed_context_delta,25,academic_grading_018,1,synthetic_academic_rules,0.765625,1.0916308164596558,1.9825892448425293,-0.765625,14.90625,14.140625,1.0
closed_context_delta,25,academic_latework_020,2,synthetic_academic_rules,5.703125,5.268857002258301,1.8415178060531616,-5.703125,15.4375,9.734375,1.0
closed_context_delta,25,academic_prereq_017,3,synthetic_academic_rules,1.34375,2.9306225776672363,1.9660714864730835,-1.34375,15.28125,13.9375,1.0
closed_context_delta,25,contract_rental_029,4,synthetic_contract,0.84375,0.2691056728363037,1.9803571701049805,-0.84375,16.234375,15.390625,1.0
closed_context_delta,25,contract_service_030,5,synthetic_contract,0.828125,0.6172143220901489,1.9808036088943481,-0.828125,16.09375,15.265625,1.0
closed_context_delta,25,contract_ticket_032,6,synthetic_contract,6.9375,2.2728431224823,1.806249976158142,-6.9375,18.765625,11.828125,1.0
closed_context_delta,25,contract_warranty_031,7,synthetic_contract,0.1875,0.8123533725738525,1.9991071224212646,-0.1875,17.703125,17.515625,1.0
closed_context_delta,25,finance_budget_007,8,synthetic_finance,2.640625,3.461874008178711,1.9290179014205933,-2.640625,13.234375,10.59375,1.0
closed_context_delta,25,finance_coupon_006,9,synthetic_finance,0.859375,1.6696922779083252,1.9799107313156128,-0.859375,15.1875,14.328125,1.0
closed_context_delta,25,finance_membership_008,10,synthetic_finance,1.421875,0.8874077796936035,1.9638392925262451,-1.421875,15.390625,13.96875,1.0
closed_context_delta,25,finance_refund_005,11,synthetic_finance,3.421875,1.1899082660675049,1.9066964387893677,-3.421875,14.390625,10.96875,1.0
closed_context_delta,25,logic_access_033,12,synthetic_logic_rules,1.109375,0.5332777500152588,1.9727678298950195,-1.109375,14.234375,13.125,1.0
closed_context_delta,25,logic_eligibility_034,13,synthetic_logic_rules,2.828125,1.7144951820373535,1.9236607551574707,-2.828125,15.625,12.796875,1.0
closed_context_delta,25,logic_shipping_035,14,synthetic_logic_rules,6.40625,9.37907600402832,1.8214285373687744,-6.40625,13.5,7.09375,1.0
closed_context_delta,25,logic_tournament_036,15,synthetic_logic_rules,10.25,1.4251606464385986,1.7116070985794067,-10.25,8.3125,-1.9375,1.0
closed_context_delta,25,policy_lab_access_002,16,synthetic_policy,1.578125,1.134334921836853,1.959375023841858,-1.578125,14.171875,12.59375,1.0
closed_context_delta,25,policy_library_checkout_003,17,synthetic_policy,0.296875,0.4492053985595703,1.9959821701049805,-0.296875,16.578125,16.28125,1.0
closed_context_delta,25,policy_lunch_pass_001,18,synthetic_policy,0.40625,0.23926198482513428,1.9928570985794067,-0.40625,14.8125,14.40625,1.0
closed_context_delta,25,policy_rec_center_004,19,synthetic_policy,-1.265625,0.40453314781188965,2.0406250953674316,1.265625,14.21875,15.484375,1.0
closed_context_delta,25,product_specs_025,20,synthetic_product_specs,4.15625,3.163745641708374,1.8857142925262451,-4.15625,16.328125,12.171875,1.0
closed_context_delta,25,product_specs_026,21,synthetic_product_specs,1.53125,2.058809995651245,1.960714340209961,-1.53125,14.921875,13.390625,1.0
closed_context_delta,25,product_specs_027,22,synthetic_product_specs,3.4375,2.3683881759643555,1.90625,-3.4375,16.109375,12.671875,1.0
closed_context_delta,25,product_specs_028,23,synthetic_product_specs,0.234375,0.3102363348007202,1.9977678060531616,-0.234375,15.0625,14.828125,1.0
closed_context_delta,25,schedule_clinic_011,24,synthetic_schedule,-0.296875,-0.19631743431091309,2.012946367263794,0.296875,15.9375,16.234375,1.0
closed_context_delta,25,schedule_exam_010,25,synthetic_schedule,2.53125,0.8079973459243774,1.9321428537368774,-2.53125,14.96875,12.4375,1.0
closed_context_delta,25,schedule_train_009,26,synthetic_schedule,1.65625,2.160411834716797,1.9571428298950195,-1.65625,14.625,12.96875,1.0
closed_context_delta,25,schedule_workshop_012,27,synthetic_schedule,0.328125,1.4435557126998901,1.9950892925262451,-0.328125,15.484375,15.15625,1.0
closed_context_delta,25,science_battery_016,28,synthetic_science_text,2.375,3.4353628158569336,1.9366071224212646,-2.375,14.703125,12.328125,1.0
closed_context_delta,25,science_mineral_014,29,synthetic_science_text,3.1875,3.5209004878997803,1.9133929014205933,-3.1875,13.640625,10.453125,1.0
closed_context_delta,25,science_plant_013,30,synthetic_science_text,3.78125,1.9897079467773438,1.8964285850524902,-3.78125,15.359375,11.578125,1.0
closed_context_delta,25,science_weather_015,31,synthetic_science_text,0.9375,1.7978825569152832,1.9776785373687744,-0.9375,12.671875,11.734375,1.0
closed_context_delta,25,technical_api_022,32,synthetic_technical_config,-2.625,0.3456282615661621,2.0794641971588135,2.625,14.140625,16.765625,1.0
closed_context_delta,25,technical_backup_023,33,synthetic_technical_config,0.875,0.7307772636413574,1.9794642925262451,-0.875,15.6875,14.8125,1.0
closed_context_delta,25,technical_config_021,34,synthetic_technical_config,-0.0625,0.09130334854125977,2.0062499046325684,0.0625,16.65625,16.71875,1.0
closed_context_delta,25,technical_feature_flag_024,35,synthetic_technical_config,-0.765625,0.3028733730316162,2.026339292526245,0.765625,14.71875,15.484375,1.0
closed_context_delta,26,academic_attendance_019,0,synthetic_academic_rules,2.3125,2.584232807159424,1.9383928775787354,-2.3125,15.625,13.3125,1.0
closed_context_delta,26,academic_grading_018,1,synthetic_academic_rules,0.765625,0.9775762557983398,1.9825892448425293,-0.765625,14.90625,14.140625,1.0
closed_context_delta,26,academic_latework_020,2,synthetic_academic_rules,5.703125,6.611817836761475,1.8415178060531616,-5.703125,15.4375,9.734375,1.0
closed_context_delta,26,academic_prereq_017,3,synthetic_academic_rules,1.34375,2.6671853065490723,1.9660714864730835,-1.34375,15.28125,13.9375,1.0
closed_context_delta,26,contract_rental_029,4,synthetic_contract,0.84375,0.07063889503479004,1.9803571701049805,-0.84375,16.234375,15.390625,1.0
closed_context_delta,26,contract_service_030,5,synthetic_contract,0.828125,0.5492960214614868,1.9808036088943481,-0.828125,16.09375,15.265625,1.0
closed_context_delta,26,contract_ticket_032,6,synthetic_contract,6.9375,2.121220588684082,1.806249976158142,-6.9375,18.765625,11.828125,1.0
closed_context_delta,26,contract_warranty_031,7,synthetic_contract,0.1875,1.0729972124099731,1.9991071224212646,-0.1875,17.703125,17.515625,1.0
closed_context_delta,26,finance_budget_007,8,synthetic_finance,2.640625,3.713350296020508,1.9290179014205933,-2.640625,13.234375,10.59375,1.0
closed_context_delta,26,finance_coupon_006,9,synthetic_finance,0.859375,1.665611982345581,1.9799107313156128,-0.859375,15.1875,14.328125,1.0
closed_context_delta,26,finance_membership_008,10,synthetic_finance,1.421875,1.0791082382202148,1.9638392925262451,-1.421875,15.390625,13.96875,1.0
closed_context_delta,26,finance_refund_005,11,synthetic_finance,3.421875,1.5155448913574219,1.9066964387893677,-3.421875,14.390625,10.96875,1.0
closed_context_delta,26,logic_access_033,12,synthetic_logic_rules,1.109375,0.5135271549224854,1.9727678298950195,-1.109375,14.234375,13.125,1.0
closed_context_delta,26,logic_eligibility_034,13,synthetic_logic_rules,2.828125,1.3965147733688354,1.9236607551574707,-2.828125,15.625,12.796875,1.0
closed_context_delta,26,logic_shipping_035,14,synthetic_logic_rules,6.40625,8.861499786376953,1.8214285373687744,-6.40625,13.5,7.09375,1.0
closed_context_delta,26,logic_tournament_036,15,synthetic_logic_rules,10.25,1.5604034662246704,1.7116070985794067,-10.25,8.3125,-1.9375,1.0
closed_context_delta,26,policy_lab_access_002,16,synthetic_policy,1.578125,1.0637881755828857,1.959375023841858,-1.578125,14.171875,12.59375,1.0
closed_context_delta,26,policy_library_checkout_003,17,synthetic_policy,0.296875,0.36305665969848633,1.9959821701049805,-0.296875,16.578125,16.28125,1.0
closed_context_delta,26,policy_lunch_pass_001,18,synthetic_policy,0.40625,0.07816469669342041,1.9928570985794067,-0.40625,14.8125,14.40625,1.0
closed_context_delta,26,policy_rec_center_004,19,synthetic_policy,-1.265625,0.5069303512573242,2.0406250953674316,1.265625,14.21875,15.484375,1.0
closed_context_delta,26,product_specs_025,20,synthetic_product_specs,4.15625,3.187260389328003,1.8857142925262451,-4.15625,16.328125,12.171875,1.0
closed_context_delta,26,product_specs_026,21,synthetic_product_specs,1.53125,2.008507013320923,1.960714340209961,-1.53125,14.921875,13.390625,1.0
closed_context_delta,26,product_specs_027,22,synthetic_product_specs,3.4375,2.694603443145752,1.90625,-3.4375,16.109375,12.671875,1.0
closed_context_delta,26,product_specs_028,23,synthetic_product_specs,0.234375,-0.14324676990509033,1.9977678060531616,-0.234375,15.0625,14.828125,1.0
closed_context_delta,26,schedule_clinic_011,24,synthetic_schedule,-0.296875,-0.34980154037475586,2.012946367263794,0.296875,15.9375,16.234375,1.0
closed_context_delta,26,schedule_exam_010,25,synthetic_schedule,2.53125,0.7677007913589478,1.9321428537368774,-2.53125,14.96875,12.4375,1.0
closed_context_delta,26,schedule_train_009,26,synthetic_schedule,1.65625,2.2620863914489746,1.9571428298950195,-1.65625,14.625,12.96875,1.0
closed_context_delta,26,schedule_workshop_012,27,synthetic_schedule,0.328125,1.6384978294372559,1.9950892925262451,-0.328125,15.484375,15.15625,1.0
closed_context_delta,26,science_battery_016,28,synthetic_science_text,2.375,3.3833625316619873,1.9366071224212646,-2.375,14.703125,12.328125,1.0
closed_context_delta,26,science_mineral_014,29,synthetic_science_text,3.1875,3.5086312294006348,1.9133929014205933,-3.1875,13.640625,10.453125,1.0
closed_context_delta,26,science_plant_013,30,synthetic_science_text,3.78125,2.078300952911377,1.8964285850524902,-3.78125,15.359375,11.578125,1.0
closed_context_delta,26,science_weather_015,31,synthetic_science_text,0.9375,1.6961493492126465,1.9776785373687744,-0.9375,12.671875,11.734375,1.0
closed_context_delta,26,technical_api_022,32,synthetic_technical_config,-2.625,0.5288138389587402,2.0794641971588135,2.625,14.140625,16.765625,1.0
closed_context_delta,26,technical_backup_023,33,synthetic_technical_config,0.875,0.6901066303253174,1.9794642925262451,-0.875,15.6875,14.8125,1.0
closed_context_delta,26,technical_config_021,34,synthetic_technical_config,-0.0625,-0.16266632080078125,2.0062499046325684,0.0625,16.65625,16.71875,1.0
closed_context_delta,26,technical_feature_flag_024,35,synthetic_technical_config,-0.765625,0.6132853031158447,2.026339292526245,0.765625,14.71875,15.484375,1.0
closed_context_delta,27,academic_attendance_019,0,synthetic_academic_rules,2.3125,2.6025333404541016,1.9383928775787354,-2.3125,15.625,13.3125,1.0
closed_context_delta,27,academic_grading_018,1,synthetic_academic_rules,0.765625,1.060167908668518,1.9825892448425293,-0.765625,14.90625,14.140625,1.0
closed_context_delta,27,academic_latework_020,2,synthetic_academic_rules,5.703125,6.51536750793457,1.8415178060531616,-5.703125,15.4375,9.734375,1.0
closed_context_delta,27,academic_prereq_017,3,synthetic_academic_rules,1.34375,2.392746686935425,1.9660714864730835,-1.34375,15.28125,13.9375,1.0
closed_context_delta,27,contract_rental_029,4,synthetic_contract,0.84375,0.005695819854736328,1.9803571701049805,-0.84375,16.234375,15.390625,1.0
closed_context_delta,27,contract_service_030,5,synthetic_contract,0.828125,0.7081352472305298,1.9808036088943481,-0.828125,16.09375,15.265625,1.0
closed_context_delta,27,contract_ticket_032,6,synthetic_contract,6.9375,2.2572240829467773,1.806249976158142,-6.9375,18.765625,11.828125,1.0
closed_context_delta,27,contract_warranty_031,7,synthetic_contract,0.1875,0.7647207975387573,1.9991071224212646,-0.1875,17.703125,17.515625,1.0
closed_context_delta,27,finance_budget_007,8,synthetic_finance,2.640625,3.7340283393859863,1.9290179014205933,-2.640625,13.234375,10.59375,1.0
closed_context_delta,27,finance_coupon_006,9,synthetic_finance,0.859375,1.694663405418396,1.9799107313156128,-0.859375,15.1875,14.328125,1.0
closed_context_delta,27,finance_membership_008,10,synthetic_finance,1.421875,1.2128074169158936,1.9638392925262451,-1.421875,15.390625,13.96875,1.0
closed_context_delta,27,finance_refund_005,11,synthetic_finance,3.421875,1.3101708889007568,1.9066964387893677,-3.421875,14.390625,10.96875,1.0
closed_context_delta,27,logic_access_033,12,synthetic_logic_rules,1.109375,0.7965676784515381,1.9727678298950195,-1.109375,14.234375,13.125,1.0
closed_context_delta,27,logic_eligibility_034,13,synthetic_logic_rules,2.828125,1.1551921367645264,1.9236607551574707,-2.828125,15.625,12.796875,1.0
closed_context_delta,27,logic_shipping_035,14,synthetic_logic_rules,6.40625,8.714051246643066,1.8214285373687744,-6.40625,13.5,7.09375,1.0
closed_context_delta,27,logic_tournament_036,15,synthetic_logic_rules,10.25,1.633068561553955,1.7116070985794067,-10.25,8.3125,-1.9375,1.0
closed_context_delta,27,policy_lab_access_002,16,synthetic_policy,1.578125,1.053561806678772,1.959375023841858,-1.578125,14.171875,12.59375,1.0
closed_context_delta,27,policy_library_checkout_003,17,synthetic_policy,0.296875,0.26619184017181396,1.9959821701049805,-0.296875,16.578125,16.28125,1.0
closed_context_delta,27,policy_lunch_pass_001,18,synthetic_policy,0.40625,0.2578781843185425,1.9928570985794067,-0.40625,14.8125,14.40625,1.0
closed_context_delta,27,policy_rec_center_004,19,synthetic_policy,-1.265625,0.31713902950286865,2.0406250953674316,1.265625,14.21875,15.484375,1.0
closed_context_delta,27,product_specs_025,20,synthetic_product_specs,4.15625,3.0275659561157227,1.8857142925262451,-4.15625,16.328125,12.171875,1.0
closed_context_delta,27,product_specs_026,21,synthetic_product_specs,1.53125,2.127336025238037,1.960714340209961,-1.53125,14.921875,13.390625,1.0
closed_context_delta,27,product_specs_027,22,synthetic_product_specs,3.4375,2.577528715133667,1.90625,-3.4375,16.109375,12.671875,1.0
closed_context_delta,27,product_specs_028,23,synthetic_product_specs,0.234375,-0.12156784534454346,1.9977678060531616,-0.234375,15.0625,14.828125,1.0
closed_context_delta,27,schedule_clinic_011,24,synthetic_schedule,-0.296875,-0.2390270233154297,2.012946367263794,0.296875,15.9375,16.234375,1.0
closed_context_delta,27,schedule_exam_010,25,synthetic_schedule,2.53125,0.8956561088562012,1.9321428537368774,-2.53125,14.96875,12.4375,1.0
closed_context_delta,27,schedule_train_009,26,synthetic_schedule,1.65625,2.202709197998047,1.9571428298950195,-1.65625,14.625,12.96875,1.0
closed_context_delta,27,schedule_workshop_012,27,synthetic_schedule,0.328125,1.6497598886489868,1.9950892925262451,-0.328125,15.484375,15.15625,1.0
closed_context_delta,27,science_battery_016,28,synthetic_science_text,2.375,3.600832939147949,1.9366071224212646,-2.375,14.703125,12.328125,1.0
closed_context_delta,27,science_mineral_014,29,synthetic_science_text,3.1875,3.75131893157959,1.9133929014205933,-3.1875,13.640625,10.453125,1.0
closed_context_delta,27,science_plant_013,30,synthetic_science_text,3.78125,1.9735108613967896,1.8964285850524902,-3.78125,15.359375,11.578125,1.0
closed_context_delta,27,science_weather_015,31,synthetic_science_text,0.9375,1.1873779296875,1.9776785373687744,-0.9375,12.671875,11.734375,1.0
closed_context_delta,27,technical_api_022,32,synthetic_technical_config,-2.625,0.3551427125930786,2.0794641971588135,2.625,14.140625,16.765625,1.0
closed_context_delta,27,technical_backup_023,33,synthetic_technical_config,0.875,0.5148516893386841,1.9794642925262451,-0.875,15.6875,14.8125,1.0
closed_context_delta,27,technical_config_021,34,synthetic_technical_config,-0.0625,-0.20792317390441895,2.0062499046325684,0.0625,16.65625,16.71875,1.0
closed_context_delta,27,technical_feature_flag_024,35,synthetic_technical_config,-0.765625,0.766434907913208,2.026339292526245,0.765625,14.71875,15.484375,1.0
closed_context_delta,28,academic_attendance_019,0,synthetic_academic_rules,2.3125,2.443582773208618,1.9383928775787354,-2.3125,15.625,13.3125,1.0
closed_context_delta,28,academic_grading_018,1,synthetic_academic_rules,0.765625,1.159940481185913,1.9825892448425293,-0.765625,14.90625,14.140625,1.0
closed_context_delta,28,academic_latework_020,2,synthetic_academic_rules,5.703125,7.0235915184021,1.8415178060531616,-5.703125,15.4375,9.734375,1.0
closed_context_delta,28,academic_prereq_017,3,synthetic_academic_rules,1.34375,2.4428677558898926,1.9660714864730835,-1.34375,15.28125,13.9375,1.0
closed_context_delta,28,contract_rental_029,4,synthetic_contract,0.84375,0.03463447093963623,1.9803571701049805,-0.84375,16.234375,15.390625,1.0
closed_context_delta,28,contract_service_030,5,synthetic_contract,0.828125,0.5974836349487305,1.9808036088943481,-0.828125,16.09375,15.265625,1.0
closed_context_delta,28,contract_ticket_032,6,synthetic_contract,6.9375,2.2806413173675537,1.806249976158142,-6.9375,18.765625,11.828125,1.0
closed_context_delta,28,contract_warranty_031,7,synthetic_contract,0.1875,0.9103227853775024,1.9991071224212646,-0.1875,17.703125,17.515625,1.0
closed_context_delta,28,finance_budget_007,8,synthetic_finance,2.640625,3.7265634536743164,1.9290179014205933,-2.640625,13.234375,10.59375,1.0
closed_context_delta,28,finance_coupon_006,9,synthetic_finance,0.859375,1.8051937818527222,1.9799107313156128,-0.859375,15.1875,14.328125,1.0
closed_context_delta,28,finance_membership_008,10,synthetic_finance,1.421875,1.3832229375839233,1.9638392925262451,-1.421875,15.390625,13.96875,1.0
closed_context_delta,28,finance_refund_005,11,synthetic_finance,3.421875,1.2026004791259766,1.9066964387893677,-3.421875,14.390625,10.96875,1.0
closed_context_delta,28,logic_access_033,12,synthetic_logic_rules,1.109375,0.8427543640136719,1.9727678298950195,-1.109375,14.234375,13.125,1.0
closed_context_delta,28,logic_eligibility_034,13,synthetic_logic_rules,2.828125,1.50099515914917,1.9236607551574707,-2.828125,15.625,12.796875,1.0
closed_context_delta,28,logic_shipping_035,14,synthetic_logic_rules,6.40625,7.679305076599121,1.8214285373687744,-6.40625,13.5,7.09375,1.0
closed_context_delta,28,logic_tournament_036,15,synthetic_logic_rules,10.25,1.8513764142990112,1.7116070985794067,-10.25,8.3125,-1.9375,1.0
closed_context_delta,28,policy_lab_access_002,16,synthetic_policy,1.578125,0.9834613800048828,1.959375023841858,-1.578125,14.171875,12.59375,1.0
closed_context_delta,28,policy_library_checkout_003,17,synthetic_policy,0.296875,0.34043192863464355,1.9959821701049805,-0.296875,16.578125,16.28125,1.0
closed_context_delta,28,policy_lunch_pass_001,18,synthetic_policy,0.40625,0.4227609634399414,1.9928570985794067,-0.40625,14.8125,14.40625,1.0
closed_context_delta,28,policy_rec_center_004,19,synthetic_policy,-1.265625,0.06754016876220703,2.0406250953674316,1.265625,14.21875,15.484375,1.0
closed_context_delta,28,product_specs_025,20,synthetic_product_specs,4.15625,3.17209792137146,1.8857142925262451,-4.15625,16.328125,12.171875,1.0
closed_context_delta,28,product_specs_026,21,synthetic_product_specs,1.53125,1.9182969331741333,1.960714340209961,-1.53125,14.921875,13.390625,1.0
closed_context_delta,28,product_specs_027,22,synthetic_product_specs,3.4375,2.8982207775115967,1.90625,-3.4375,16.109375,12.671875,1.0
closed_context_delta,28,product_specs_028,23,synthetic_product_specs,0.234375,-0.4582301378250122,1.9977678060531616,-0.234375,15.0625,14.828125,1.0
closed_context_delta,28,schedule_clinic_011,24,synthetic_schedule,-0.296875,-0.43875813484191895,2.012946367263794,0.296875,15.9375,16.234375,1.0
closed_context_delta,28,schedule_exam_010,25,synthetic_schedule,2.53125,1.0012435913085938,1.9321428537368774,-2.53125,14.96875,12.4375,1.0
closed_context_delta,28,schedule_train_009,26,synthetic_schedule,1.65625,2.0213191509246826,1.9571428298950195,-1.65625,14.625,12.96875,1.0
closed_context_delta,28,schedule_workshop_012,27,synthetic_schedule,0.328125,1.4673914909362793,1.9950892925262451,-0.328125,15.484375,15.15625,1.0
closed_context_delta,28,science_battery_016,28,synthetic_science_text,2.375,4.012301445007324,1.9366071224212646,-2.375,14.703125,12.328125,1.0
closed_context_delta,28,science_mineral_014,29,synthetic_science_text,3.1875,3.715585708618164,1.9133929014205933,-3.1875,13.640625,10.453125,1.0
closed_context_delta,28,science_plant_013,30,synthetic_science_text,3.78125,1.7107690572738647,1.8964285850524902,-3.78125,15.359375,11.578125,1.0
closed_context_delta,28,science_weather_015,31,synthetic_science_text,0.9375,1.274329423904419,1.9776785373687744,-0.9375,12.671875,11.734375,1.0
closed_context_delta,28,technical_api_022,32,synthetic_technical_config,-2.625,0.2901298999786377,2.0794641971588135,2.625,14.140625,16.765625,1.0
closed_context_delta,28,technical_backup_023,33,synthetic_technical_config,0.875,0.5706357955932617,1.9794642925262451,-0.875,15.6875,14.8125,1.0
closed_context_delta,28,technical_config_021,34,synthetic_technical_config,-0.0625,-0.21297168731689453,2.0062499046325684,0.0625,16.65625,16.71875,1.0
closed_context_delta,28,technical_feature_flag_024,35,synthetic_technical_config,-0.765625,0.70169997215271,2.026339292526245,0.765625,14.71875,15.484375,1.0
closed_context_delta,29,academic_attendance_019,0,synthetic_academic_rules,2.3125,2.368767023086548,1.9383928775787354,-2.3125,15.625,13.3125,1.0
closed_context_delta,29,academic_grading_018,1,synthetic_academic_rules,0.765625,0.857818603515625,1.9825892448425293,-0.765625,14.90625,14.140625,1.0
closed_context_delta,29,academic_latework_020,2,synthetic_academic_rules,5.703125,6.9983015060424805,1.8415178060531616,-5.703125,15.4375,9.734375,1.0
closed_context_delta,29,academic_prereq_017,3,synthetic_academic_rules,1.34375,2.2530784606933594,1.9660714864730835,-1.34375,15.28125,13.9375,1.0
closed_context_delta,29,contract_rental_029,4,synthetic_contract,0.84375,0.31719934940338135,1.9803571701049805,-0.84375,16.234375,15.390625,1.0
closed_context_delta,29,contract_service_030,5,synthetic_contract,0.828125,0.5273587703704834,1.9808036088943481,-0.828125,16.09375,15.265625,1.0
closed_context_delta,29,contract_ticket_032,6,synthetic_contract,6.9375,2.4452199935913086,1.806249976158142,-6.9375,18.765625,11.828125,1.0
closed_context_delta,29,contract_warranty_031,7,synthetic_contract,0.1875,0.7695513963699341,1.9991071224212646,-0.1875,17.703125,17.515625,1.0
closed_context_delta,29,finance_budget_007,8,synthetic_finance,2.640625,3.470716953277588,1.9290179014205933,-2.640625,13.234375,10.59375,1.0
closed_context_delta,29,finance_coupon_006,9,synthetic_finance,0.859375,1.7294244766235352,1.9799107313156128,-0.859375,15.1875,14.328125,1.0
closed_context_delta,29,finance_membership_008,10,synthetic_finance,1.421875,1.4894918203353882,1.9638392925262451,-1.421875,15.390625,13.96875,1.0
closed_context_delta,29,finance_refund_005,11,synthetic_finance,3.421875,1.2617030143737793,1.9066964387893677,-3.421875,14.390625,10.96875,1.0
closed_context_delta,29,logic_access_033,12,synthetic_logic_rules,1.109375,0.9135081768035889,1.9727678298950195,-1.109375,14.234375,13.125,1.0
closed_context_delta,29,logic_eligibility_034,13,synthetic_logic_rules,2.828125,1.6520180702209473,1.9236607551574707,-2.828125,15.625,12.796875,1.0
closed_context_delta,29,logic_shipping_035,14,synthetic_logic_rules,6.40625,7.9727630615234375,1.8214285373687744,-6.40625,13.5,7.09375,1.0
closed_context_delta,29,logic_tournament_036,15,synthetic_logic_rules,10.25,2.3433523178100586,1.7116070985794067,-10.25,8.3125,-1.9375,1.0
closed_context_delta,29,policy_lab_access_002,16,synthetic_policy,1.578125,1.2432441711425781,1.959375023841858,-1.578125,14.171875,12.59375,1.0
closed_context_delta,29,policy_library_checkout_003,17,synthetic_policy,0.296875,0.4352278709411621,1.9959821701049805,-0.296875,16.578125,16.28125,1.0
closed_context_delta,29,policy_lunch_pass_001,18,synthetic_policy,0.40625,0.4240161180496216,1.9928570985794067,-0.40625,14.8125,14.40625,1.0
closed_context_delta,29,policy_rec_center_004,19,synthetic_policy,-1.265625,-0.017123937606811523,2.0406250953674316,1.265625,14.21875,15.484375,1.0
closed_context_delta,29,product_specs_025,20,synthetic_product_specs,4.15625,2.8764195442199707,1.8857142925262451,-4.15625,16.328125,12.171875,1.0
closed_context_delta,29,product_specs_026,21,synthetic_product_specs,1.53125,1.8475823402404785,1.960714340209961,-1.53125,14.921875,13.390625,1.0
closed_context_delta,29,product_specs_027,22,synthetic_product_specs,3.4375,3.278815269470215,1.90625,-3.4375,16.109375,12.671875,1.0
closed_context_delta,29,product_specs_028,23,synthetic_product_specs,0.234375,-0.5187321901321411,1.9977678060531616,-0.234375,15.0625,14.828125,1.0
closed_context_delta,29,schedule_clinic_011,24,synthetic_schedule,-0.296875,-0.38168787956237793,2.012946367263794,0.296875,15.9375,16.234375,1.0
closed_context_delta,29,schedule_exam_010,25,synthetic_schedule,2.53125,1.107731819152832,1.9321428537368774,-2.53125,14.96875,12.4375,1.0
closed_context_delta,29,schedule_train_009,26,synthetic_schedule,1.65625,1.9541873931884766,1.9571428298950195,-1.65625,14.625,12.96875,1.0
closed_context_delta,29,schedule_workshop_012,27,synthetic_schedule,0.328125,1.3373574018478394,1.9950892925262451,-0.328125,15.484375,15.15625,1.0
closed_context_delta,29,science_battery_016,28,synthetic_science_text,2.375,3.8682785034179688,1.9366071224212646,-2.375,14.703125,12.328125,1.0
closed_context_delta,29,science_mineral_014,29,synthetic_science_text,3.1875,3.680208206176758,1.9133929014205933,-3.1875,13.640625,10.453125,1.0
closed_context_delta,29,science_plant_013,30,synthetic_science_text,3.78125,1.725845217704773,1.8964285850524902,-3.78125,15.359375,11.578125,1.0
closed_context_delta,29,science_weather_015,31,synthetic_science_text,0.9375,1.2084943056106567,1.9776785373687744,-0.9375,12.671875,11.734375,1.0
closed_context_delta,29,technical_api_022,32,synthetic_technical_config,-2.625,0.35600757598876953,2.0794641971588135,2.625,14.140625,16.765625,1.0
closed_context_delta,29,technical_backup_023,33,synthetic_technical_config,0.875,0.7553685903549194,1.9794642925262451,-0.875,15.6875,14.8125,1.0
closed_context_delta,29,technical_config_021,34,synthetic_technical_config,-0.0625,-0.44559526443481445,2.0062499046325684,0.0625,16.65625,16.71875,1.0
closed_context_delta,29,technical_feature_flag_024,35,synthetic_technical_config,-0.765625,0.45167315006256104,2.026339292526245,0.765625,14.71875,15.484375,1.0
closed_context_delta,30,academic_attendance_019,0,synthetic_academic_rules,2.3125,2.3422842025756836,1.9383928775787354,-2.3125,15.625,13.3125,1.0
closed_context_delta,30,academic_grading_018,1,synthetic_academic_rules,0.765625,0.9622817039489746,1.9825892448425293,-0.765625,14.90625,14.140625,1.0
closed_context_delta,30,academic_latework_020,2,synthetic_academic_rules,5.703125,6.784193992614746,1.8415178060531616,-5.703125,15.4375,9.734375,1.0
closed_context_delta,30,academic_prereq_017,3,synthetic_academic_rules,1.34375,2.133802890777588,1.9660714864730835,-1.34375,15.28125,13.9375,1.0
closed_context_delta,30,contract_rental_029,4,synthetic_contract,0.84375,0.49361658096313477,1.9803571701049805,-0.84375,16.234375,15.390625,1.0
closed_context_delta,30,contract_service_030,5,synthetic_contract,0.828125,0.804773211479187,1.9808036088943481,-0.828125,16.09375,15.265625,1.0
closed_context_delta,30,contract_ticket_032,6,synthetic_contract,6.9375,2.5510997772216797,1.806249976158142,-6.9375,18.765625,11.828125,1.0
closed_context_delta,30,contract_warranty_031,7,synthetic_contract,0.1875,0.6403337717056274,1.9991071224212646,-0.1875,17.703125,17.515625,1.0
closed_context_delta,30,finance_budget_007,8,synthetic_finance,2.640625,3.559576988220215,1.9290179014205933,-2.640625,13.234375,10.59375,1.0
closed_context_delta,30,finance_coupon_006,9,synthetic_finance,0.859375,1.5478999614715576,1.9799107313156128,-0.859375,15.1875,14.328125,1.0
closed_context_delta,30,finance_membership_008,10,synthetic_finance,1.421875,1.4568241834640503,1.9638392925262451,-1.421875,15.390625,13.96875,1.0
closed_context_delta,30,finance_refund_005,11,synthetic_finance,3.421875,1.3253796100616455,1.9066964387893677,-3.421875,14.390625,10.96875,1.0
closed_context_delta,30,logic_access_033,12,synthetic_logic_rules,1.109375,0.8690272569656372,1.9727678298950195,-1.109375,14.234375,13.125,1.0
closed_context_delta,30,logic_eligibility_034,13,synthetic_logic_rules,2.828125,1.9608643054962158,1.9236607551574707,-2.828125,15.625,12.796875,1.0
closed_context_delta,30,logic_shipping_035,14,synthetic_logic_rules,6.40625,7.570059776306152,1.8214285373687744,-6.40625,13.5,7.09375,1.0
closed_context_delta,30,logic_tournament_036,15,synthetic_logic_rules,10.25,2.79953932762146,1.7116070985794067,-10.25,8.3125,-1.9375,1.0
closed_context_delta,30,policy_lab_access_002,16,synthetic_policy,1.578125,1.2453649044036865,1.959375023841858,-1.578125,14.171875,12.59375,1.0
closed_context_delta,30,policy_library_checkout_003,17,synthetic_policy,0.296875,0.522620677947998,1.9959821701049805,-0.296875,16.578125,16.28125,1.0
closed_context_delta,30,policy_lunch_pass_001,18,synthetic_policy,0.40625,0.44499707221984863,1.9928570985794067,-0.40625,14.8125,14.40625,1.0
closed_context_delta,30,policy_rec_center_004,19,synthetic_policy,-1.265625,-0.19097042083740234,2.0406250953674316,1.265625,14.21875,15.484375,1.0
closed_context_delta,30,product_specs_025,20,synthetic_product_specs,4.15625,2.776535987854004,1.8857142925262451,-4.15625,16.328125,12.171875,1.0
closed_context_delta,30,product_specs_026,21,synthetic_product_specs,1.53125,1.6787590980529785,1.960714340209961,-1.53125,14.921875,13.390625,1.0
closed_context_delta,30,product_specs_027,22,synthetic_product_specs,3.4375,3.5237884521484375,1.90625,-3.4375,16.109375,12.671875,1.0
closed_context_delta,30,product_specs_028,23,synthetic_product_specs,0.234375,-0.5139356851577759,1.9977678060531616,-0.234375,15.0625,14.828125,1.0
closed_context_delta,30,schedule_clinic_011,24,synthetic_schedule,-0.296875,-0.3297848701477051,2.012946367263794,0.296875,15.9375,16.234375,1.0
closed_context_delta,30,schedule_exam_010,25,synthetic_schedule,2.53125,1.0073611736297607,1.9321428537368774,-2.53125,14.96875,12.4375,1.0
closed_context_delta,30,schedule_train_009,26,synthetic_schedule,1.65625,1.9209567308425903,1.9571428298950195,-1.65625,14.625,12.96875,1.0
closed_context_delta,30,schedule_workshop_012,27,synthetic_schedule,0.328125,1.1792246103286743,1.9950892925262451,-0.328125,15.484375,15.15625,1.0
closed_context_delta,30,science_battery_016,28,synthetic_science_text,2.375,3.592569589614868,1.9366071224212646,-2.375,14.703125,12.328125,1.0
closed_context_delta,30,science_mineral_014,29,synthetic_science_text,3.1875,3.7897377014160156,1.9133929014205933,-3.1875,13.640625,10.453125,1.0
closed_context_delta,30,science_plant_013,30,synthetic_science_text,3.78125,1.9411360025405884,1.8964285850524902,-3.78125,15.359375,11.578125,1.0
closed_context_delta,30,science_weather_015,31,synthetic_science_text,0.9375,1.327197790145874,1.9776785373687744,-0.9375,12.671875,11.734375,1.0
closed_context_delta,30,technical_api_022,32,synthetic_technical_config,-2.625,0.3470195531845093,2.0794641971588135,2.625,14.140625,16.765625,1.0
closed_context_delta,30,technical_backup_023,33,synthetic_technical_config,0.875,0.7085236310958862,1.9794642925262451,-0.875,15.6875,14.8125,1.0
closed_context_delta,30,technical_config_021,34,synthetic_technical_config,-0.0625,-0.4593038558959961,2.0062499046325684,0.0625,16.65625,16.71875,1.0
closed_context_delta,30,technical_feature_flag_024,35,synthetic_technical_config,-0.765625,0.4330402612686157,2.026339292526245,0.765625,14.71875,15.484375,1.0
closed_context_delta,31,academic_attendance_019,0,synthetic_academic_rules,2.3125,2.629192590713501,1.9383928775787354,-2.3125,15.625,13.3125,1.0
closed_context_delta,31,academic_grading_018,1,synthetic_academic_rules,0.765625,1.118497371673584,1.9825892448425293,-0.765625,14.90625,14.140625,1.0
closed_context_delta,31,academic_latework_020,2,synthetic_academic_rules,5.703125,6.500256061553955,1.8415178060531616,-5.703125,15.4375,9.734375,1.0
closed_context_delta,31,academic_prereq_017,3,synthetic_academic_rules,1.34375,2.1123111248016357,1.9660714864730835,-1.34375,15.28125,13.9375,1.0
closed_context_delta,31,contract_rental_029,4,synthetic_contract,0.84375,0.7385408878326416,1.9803571701049805,-0.84375,16.234375,15.390625,1.0
closed_context_delta,31,contract_service_030,5,synthetic_contract,0.828125,0.74388587474823,1.9808036088943481,-0.828125,16.09375,15.265625,1.0
closed_context_delta,31,contract_ticket_032,6,synthetic_contract,6.9375,2.8200855255126953,1.806249976158142,-6.9375,18.765625,11.828125,1.0
closed_context_delta,31,contract_warranty_031,7,synthetic_contract,0.1875,0.3190596103668213,1.9991071224212646,-0.1875,17.703125,17.515625,1.0
closed_context_delta,31,finance_budget_007,8,synthetic_finance,2.640625,3.460076332092285,1.9290179014205933,-2.640625,13.234375,10.59375,1.0
closed_context_delta,31,finance_coupon_006,9,synthetic_finance,0.859375,1.3348690271377563,1.9799107313156128,-0.859375,15.1875,14.328125,1.0
closed_context_delta,31,finance_membership_008,10,synthetic_finance,1.421875,1.5838813781738281,1.9638392925262451,-1.421875,15.390625,13.96875,1.0
closed_context_delta,31,finance_refund_005,11,synthetic_finance,3.421875,1.4788771867752075,1.9066964387893677,-3.421875,14.390625,10.96875,1.0
closed_context_delta,31,logic_access_033,12,synthetic_logic_rules,1.109375,0.8793389797210693,1.9727678298950195,-1.109375,14.234375,13.125,1.0
closed_context_delta,31,logic_eligibility_034,13,synthetic_logic_rules,2.828125,2.1264419555664062,1.9236607551574707,-2.828125,15.625,12.796875,1.0
closed_context_delta,31,logic_shipping_035,14,synthetic_logic_rules,6.40625,6.818102836608887,1.8214285373687744,-6.40625,13.5,7.09375,1.0
closed_context_delta,31,logic_tournament_036,15,synthetic_logic_rules,10.25,4.495926380157471,1.7116070985794067,-10.25,8.3125,-1.9375,1.0
closed_context_delta,31,policy_lab_access_002,16,synthetic_policy,1.578125,1.1459722518920898,1.959375023841858,-1.578125,14.171875,12.59375,1.0
closed_context_delta,31,policy_library_checkout_003,17,synthetic_policy,0.296875,0.43764328956604004,1.9959821701049805,-0.296875,16.578125,16.28125,1.0
closed_context_delta,31,policy_lunch_pass_001,18,synthetic_policy,0.40625,0.5093107223510742,1.9928570985794067,-0.40625,14.8125,14.40625,1.0
closed_context_delta,31,policy_rec_center_004,19,synthetic_policy,-1.265625,-0.501624584197998,2.0406250953674316,1.265625,14.21875,15.484375,1.0
closed_context_delta,31,product_specs_025,20,synthetic_product_specs,4.15625,2.8229503631591797,1.8857142925262451,-4.15625,16.328125,12.171875,1.0
closed_context_delta,31,product_specs_026,21,synthetic_product_specs,1.53125,1.5847413539886475,1.960714340209961,-1.53125,14.921875,13.390625,1.0
closed_context_delta,31,product_specs_027,22,synthetic_product_specs,3.4375,3.634167432785034,1.90625,-3.4375,16.109375,12.671875,1.0
closed_context_delta,31,product_specs_028,23,synthetic_product_specs,0.234375,-0.48452913761138916,1.9977678060531616,-0.234375,15.0625,14.828125,1.0
closed_context_delta,31,schedule_clinic_011,24,synthetic_schedule,-0.296875,-0.18395185470581055,2.012946367263794,0.296875,15.9375,16.234375,1.0
closed_context_delta,31,schedule_exam_010,25,synthetic_schedule,2.53125,0.9271029233932495,1.9321428537368774,-2.53125,14.96875,12.4375,1.0
closed_context_delta,31,schedule_train_009,26,synthetic_schedule,1.65625,1.9402953386306763,1.9571428298950195,-1.65625,14.625,12.96875,1.0
closed_context_delta,31,schedule_workshop_012,27,synthetic_schedule,0.328125,0.9655494689941406,1.9950892925262451,-0.328125,15.484375,15.15625,1.0
closed_context_delta,31,science_battery_016,28,synthetic_science_text,2.375,3.8549270629882812,1.9366071224212646,-2.375,14.703125,12.328125,1.0
closed_context_delta,31,science_mineral_014,29,synthetic_science_text,3.1875,3.717757225036621,1.9133929014205933,-3.1875,13.640625,10.453125,1.0
closed_context_delta,31,science_plant_013,30,synthetic_science_text,3.78125,1.814342737197876,1.8964285850524902,-3.78125,15.359375,11.578125,1.0
closed_context_delta,31,science_weather_015,31,synthetic_science_text,0.9375,1.3217194080352783,1.9776785373687744,-0.9375,12.671875,11.734375,1.0
closed_context_delta,31,technical_api_022,32,synthetic_technical_config,-2.625,0.07435393333435059,2.0794641971588135,2.625,14.140625,16.765625,1.0
closed_context_delta,31,technical_backup_023,33,synthetic_technical_config,0.875,0.7740713357925415,1.9794642925262451,-0.875,15.6875,14.8125,1.0
closed_context_delta,31,technical_config_021,34,synthetic_technical_config,-0.0625,-0.38124799728393555,2.0062499046325684,0.0625,16.65625,16.71875,1.0
closed_context_delta,31,technical_feature_flag_024,35,synthetic_technical_config,-0.765625,0.4203312397003174,2.026339292526245,0.765625,14.71875,15.484375,1.0
closed_context_delta,32,academic_attendance_019,0,synthetic_academic_rules,2.3125,2.7255759239196777,1.9383928775787354,-2.3125,15.625,13.3125,1.0
closed_context_delta,32,academic_grading_018,1,synthetic_academic_rules,0.765625,1.2030659914016724,1.9825892448425293,-0.765625,14.90625,14.140625,1.0
closed_context_delta,32,academic_latework_020,2,synthetic_academic_rules,5.703125,6.395158290863037,1.8415178060531616,-5.703125,15.4375,9.734375,1.0
closed_context_delta,32,academic_prereq_017,3,synthetic_academic_rules,1.34375,2.0383248329162598,1.9660714864730835,-1.34375,15.28125,13.9375,1.0
closed_context_delta,32,contract_rental_029,4,synthetic_contract,0.84375,0.7898637056350708,1.9803571701049805,-0.84375,16.234375,15.390625,1.0
closed_context_delta,32,contract_service_030,5,synthetic_contract,0.828125,0.7886861562728882,1.9808036088943481,-0.828125,16.09375,15.265625,1.0
closed_context_delta,32,contract_ticket_032,6,synthetic_contract,6.9375,3.178727626800537,1.806249976158142,-6.9375,18.765625,11.828125,1.0
closed_context_delta,32,contract_warranty_031,7,synthetic_contract,0.1875,0.29379892349243164,1.9991071224212646,-0.1875,17.703125,17.515625,1.0
closed_context_delta,32,finance_budget_007,8,synthetic_finance,2.640625,3.6556754112243652,1.9290179014205933,-2.640625,13.234375,10.59375,1.0
closed_context_delta,32,finance_coupon_006,9,synthetic_finance,0.859375,1.2532869577407837,1.9799107313156128,-0.859375,15.1875,14.328125,1.0
closed_context_delta,32,finance_membership_008,10,synthetic_finance,1.421875,1.463197946548462,1.9638392925262451,-1.421875,15.390625,13.96875,1.0
closed_context_delta,32,finance_refund_005,11,synthetic_finance,3.421875,1.4896454811096191,1.9066964387893677,-3.421875,14.390625,10.96875,1.0
closed_context_delta,32,logic_access_033,12,synthetic_logic_rules,1.109375,0.9999188184738159,1.9727678298950195,-1.109375,14.234375,13.125,1.0
closed_context_delta,32,logic_eligibility_034,13,synthetic_logic_rules,2.828125,2.3501458168029785,1.9236607551574707,-2.828125,15.625,12.796875,1.0
closed_context_delta,32,logic_shipping_035,14,synthetic_logic_rules,6.40625,6.781872749328613,1.8214285373687744,-6.40625,13.5,7.09375,1.0
closed_context_delta,32,logic_tournament_036,15,synthetic_logic_rules,10.25,4.72261381149292,1.7116070985794067,-10.25,8.3125,-1.9375,1.0
closed_context_delta,32,policy_lab_access_002,16,synthetic_policy,1.578125,1.272679090499878,1.959375023841858,-1.578125,14.171875,12.59375,1.0
closed_context_delta,32,policy_library_checkout_003,17,synthetic_policy,0.296875,0.5086406469345093,1.9959821701049805,-0.296875,16.578125,16.28125,1.0
closed_context_delta,32,policy_lunch_pass_001,18,synthetic_policy,0.40625,0.5652841329574585,1.9928570985794067,-0.40625,14.8125,14.40625,1.0
closed_context_delta,32,policy_rec_center_004,19,synthetic_policy,-1.265625,-0.49735474586486816,2.0406250953674316,1.265625,14.21875,15.484375,1.0
closed_context_delta,32,product_specs_025,20,synthetic_product_specs,4.15625,2.8988473415374756,1.8857142925262451,-4.15625,16.328125,12.171875,1.0
closed_context_delta,32,product_specs_026,21,synthetic_product_specs,1.53125,1.5952258110046387,1.960714340209961,-1.53125,14.921875,13.390625,1.0
closed_context_delta,32,product_specs_027,22,synthetic_product_specs,3.4375,3.4477787017822266,1.90625,-3.4375,16.109375,12.671875,1.0
closed_context_delta,32,product_specs_028,23,synthetic_product_specs,0.234375,-0.2349644899368286,1.9977678060531616,-0.234375,15.0625,14.828125,1.0
closed_context_delta,32,schedule_clinic_011,24,synthetic_schedule,-0.296875,-0.2891845703125,2.012946367263794,0.296875,15.9375,16.234375,1.0
closed_context_delta,32,schedule_exam_010,25,synthetic_schedule,2.53125,1.05844247341156,1.9321428537368774,-2.53125,14.96875,12.4375,1.0
closed_context_delta,32,schedule_train_009,26,synthetic_schedule,1.65625,1.8976569175720215,1.9571428298950195,-1.65625,14.625,12.96875,1.0
closed_context_delta,32,schedule_workshop_012,27,synthetic_schedule,0.328125,0.9223273992538452,1.9950892925262451,-0.328125,15.484375,15.15625,1.0
closed_context_delta,32,science_battery_016,28,synthetic_science_text,2.375,3.4810285568237305,1.9366071224212646,-2.375,14.703125,12.328125,1.0
closed_context_delta,32,science_mineral_014,29,synthetic_science_text,3.1875,3.5800180435180664,1.9133929014205933,-3.1875,13.640625,10.453125,1.0
closed_context_delta,32,science_plant_013,30,synthetic_science_text,3.78125,2.207822561264038,1.8964285850524902,-3.78125,15.359375,11.578125,1.0
closed_context_delta,32,science_weather_015,31,synthetic_science_text,0.9375,1.0319992303848267,1.9776785373687744,-0.9375,12.671875,11.734375,1.0
closed_context_delta,32,technical_api_022,32,synthetic_technical_config,-2.625,-0.11281919479370117,2.0794641971588135,2.625,14.140625,16.765625,1.0
closed_context_delta,32,technical_backup_023,33,synthetic_technical_config,0.875,0.5957725048065186,1.9794642925262451,-0.875,15.6875,14.8125,1.0
closed_context_delta,32,technical_config_021,34,synthetic_technical_config,-0.0625,-0.45035243034362793,2.0062499046325684,0.0625,16.65625,16.71875,1.0
closed_context_delta,32,technical_feature_flag_024,35,synthetic_technical_config,-0.765625,0.22200703620910645,2.026339292526245,0.765625,14.71875,15.484375,1.0
closed_context_delta,33,academic_attendance_019,0,synthetic_academic_rules,2.3125,2.876676559448242,1.9383928775787354,-2.3125,15.625,13.3125,1.0
closed_context_delta,33,academic_grading_018,1,synthetic_academic_rules,0.765625,1.2099182605743408,1.9825892448425293,-0.765625,14.90625,14.140625,1.0
closed_context_delta,33,academic_latework_020,2,synthetic_academic_rules,5.703125,6.279336452484131,1.8415178060531616,-5.703125,15.4375,9.734375,1.0
closed_context_delta,33,academic_prereq_017,3,synthetic_academic_rules,1.34375,2.147840738296509,1.9660714864730835,-1.34375,15.28125,13.9375,1.0
closed_context_delta,33,contract_rental_029,4,synthetic_contract,0.84375,0.9508591890335083,1.9803571701049805,-0.84375,16.234375,15.390625,1.0
closed_context_delta,33,contract_service_030,5,synthetic_contract,0.828125,0.8890531063079834,1.9808036088943481,-0.828125,16.09375,15.265625,1.0
closed_context_delta,33,contract_ticket_032,6,synthetic_contract,6.9375,3.1627049446105957,1.806249976158142,-6.9375,18.765625,11.828125,1.0
closed_context_delta,33,contract_warranty_031,7,synthetic_contract,0.1875,0.37052369117736816,1.9991071224212646,-0.1875,17.703125,17.515625,1.0
closed_context_delta,33,finance_budget_007,8,synthetic_finance,2.640625,3.7541842460632324,1.9290179014205933,-2.640625,13.234375,10.59375,1.0
closed_context_delta,33,finance_coupon_006,9,synthetic_finance,0.859375,1.050394058227539,1.9799107313156128,-0.859375,15.1875,14.328125,1.0
closed_context_delta,33,finance_membership_008,10,synthetic_finance,1.421875,1.4058074951171875,1.9638392925262451,-1.421875,15.390625,13.96875,1.0
closed_context_delta,33,finance_refund_005,11,synthetic_finance,3.421875,1.684348225593567,1.9066964387893677,-3.421875,14.390625,10.96875,1.0
closed_context_delta,33,logic_access_033,12,synthetic_logic_rules,1.109375,0.8551290035247803,1.9727678298950195,-1.109375,14.234375,13.125,1.0
closed_context_delta,33,logic_eligibility_034,13,synthetic_logic_rules,2.828125,2.1855955123901367,1.9236607551574707,-2.828125,15.625,12.796875,1.0
closed_context_delta,33,logic_shipping_035,14,synthetic_logic_rules,6.40625,6.509267807006836,1.8214285373687744,-6.40625,13.5,7.09375,1.0
closed_context_delta,33,logic_tournament_036,15,synthetic_logic_rules,10.25,4.818562030792236,1.7116070985794067,-10.25,8.3125,-1.9375,1.0
closed_context_delta,33,policy_lab_access_002,16,synthetic_policy,1.578125,1.3359965085983276,1.959375023841858,-1.578125,14.171875,12.59375,1.0
closed_context_delta,33,policy_library_checkout_003,17,synthetic_policy,0.296875,0.3260376453399658,1.9959821701049805,-0.296875,16.578125,16.28125,1.0
closed_context_delta,33,policy_lunch_pass_001,18,synthetic_policy,0.40625,0.7202281951904297,1.9928570985794067,-0.40625,14.8125,14.40625,1.0
closed_context_delta,33,policy_rec_center_004,19,synthetic_policy,-1.265625,-0.5235528945922852,2.0406250953674316,1.265625,14.21875,15.484375,1.0
closed_context_delta,33,product_specs_025,20,synthetic_product_specs,4.15625,2.9485273361206055,1.8857142925262451,-4.15625,16.328125,12.171875,1.0
closed_context_delta,33,product_specs_026,21,synthetic_product_specs,1.53125,1.7492263317108154,1.960714340209961,-1.53125,14.921875,13.390625,1.0
closed_context_delta,33,product_specs_027,22,synthetic_product_specs,3.4375,3.1426503658294678,1.90625,-3.4375,16.109375,12.671875,1.0
closed_context_delta,33,product_specs_028,23,synthetic_product_specs,0.234375,-0.17376816272735596,1.9977678060531616,-0.234375,15.0625,14.828125,1.0
closed_context_delta,33,schedule_clinic_011,24,synthetic_schedule,-0.296875,-0.459575891494751,2.012946367263794,0.296875,15.9375,16.234375,1.0
closed_context_delta,33,schedule_exam_010,25,synthetic_schedule,2.53125,1.1111897230148315,1.9321428537368774,-2.53125,14.96875,12.4375,1.0
closed_context_delta,33,schedule_train_009,26,synthetic_schedule,1.65625,1.917653203010559,1.9571428298950195,-1.65625,14.625,12.96875,1.0
closed_context_delta,33,schedule_workshop_012,27,synthetic_schedule,0.328125,0.9733809232711792,1.9950892925262451,-0.328125,15.484375,15.15625,1.0
closed_context_delta,33,science_battery_016,28,synthetic_science_text,2.375,3.4395060539245605,1.9366071224212646,-2.375,14.703125,12.328125,1.0
closed_context_delta,33,science_mineral_014,29,synthetic_science_text,3.1875,3.569382429122925,1.9133929014205933,-3.1875,13.640625,10.453125,1.0
closed_context_delta,33,science_plant_013,30,synthetic_science_text,3.78125,2.347968816757202,1.8964285850524902,-3.78125,15.359375,11.578125,1.0
closed_context_delta,33,science_weather_015,31,synthetic_science_text,0.9375,1.1738399267196655,1.9776785373687744,-0.9375,12.671875,11.734375,1.0
closed_context_delta,33,technical_api_022,32,synthetic_technical_config,-2.625,-0.144395112991333,2.0794641971588135,2.625,14.140625,16.765625,1.0
closed_context_delta,33,technical_backup_023,33,synthetic_technical_config,0.875,0.4216054677963257,1.9794642925262451,-0.875,15.6875,14.8125,1.0
closed_context_delta,33,technical_config_021,34,synthetic_technical_config,-0.0625,-0.4830324649810791,2.0062499046325684,0.0625,16.65625,16.71875,1.0
closed_context_delta,33,technical_feature_flag_024,35,synthetic_technical_config,-0.765625,0.23430156707763672,2.026339292526245,0.765625,14.71875,15.484375,1.0
closed_context_delta,34,academic_attendance_019,0,synthetic_academic_rules,2.3125,3.2707056999206543,1.9383928775787354,-2.3125,15.625,13.3125,1.0
closed_context_delta,34,academic_grading_018,1,synthetic_academic_rules,0.765625,0.9581353664398193,1.9825892448425293,-0.765625,14.90625,14.140625,1.0
closed_context_delta,34,academic_latework_020,2,synthetic_academic_rules,5.703125,5.6321210861206055,1.8415178060531616,-5.703125,15.4375,9.734375,1.0
closed_context_delta,34,academic_prereq_017,3,synthetic_academic_rules,1.34375,2.0890626907348633,1.9660714864730835,-1.34375,15.28125,13.9375,1.0
closed_context_delta,34,contract_rental_029,4,synthetic_contract,0.84375,0.7229084968566895,1.9803571701049805,-0.84375,16.234375,15.390625,1.0
closed_context_delta,34,contract_service_030,5,synthetic_contract,0.828125,1.2188653945922852,1.9808036088943481,-0.828125,16.09375,15.265625,1.0
closed_context_delta,34,contract_ticket_032,6,synthetic_contract,6.9375,3.885570526123047,1.806249976158142,-6.9375,18.765625,11.828125,1.0
closed_context_delta,34,contract_warranty_031,7,synthetic_contract,0.1875,0.27443718910217285,1.9991071224212646,-0.1875,17.703125,17.515625,1.0
closed_context_delta,34,finance_budget_007,8,synthetic_finance,2.640625,3.758114814758301,1.9290179014205933,-2.640625,13.234375,10.59375,1.0
closed_context_delta,34,finance_coupon_006,9,synthetic_finance,0.859375,0.8873578310012817,1.9799107313156128,-0.859375,15.1875,14.328125,1.0
closed_context_delta,34,finance_membership_008,10,synthetic_finance,1.421875,1.1831536293029785,1.9638392925262451,-1.421875,15.390625,13.96875,1.0
closed_context_delta,34,finance_refund_005,11,synthetic_finance,3.421875,1.8926812410354614,1.9066964387893677,-3.421875,14.390625,10.96875,1.0
closed_context_delta,34,logic_access_033,12,synthetic_logic_rules,1.109375,0.8790005445480347,1.9727678298950195,-1.109375,14.234375,13.125,1.0
closed_context_delta,34,logic_eligibility_034,13,synthetic_logic_rules,2.828125,2.202662229537964,1.9236607551574707,-2.828125,15.625,12.796875,1.0
closed_context_delta,34,logic_shipping_035,14,synthetic_logic_rules,6.40625,6.517610549926758,1.8214285373687744,-6.40625,13.5,7.09375,1.0
closed_context_delta,34,logic_tournament_036,15,synthetic_logic_rules,10.25,5.133434772491455,1.7116070985794067,-10.25,8.3125,-1.9375,1.0
closed_context_delta,34,policy_lab_access_002,16,synthetic_policy,1.578125,1.5104643106460571,1.959375023841858,-1.578125,14.171875,12.59375,1.0
closed_context_delta,34,policy_library_checkout_003,17,synthetic_policy,0.296875,0.49525272846221924,1.9959821701049805,-0.296875,16.578125,16.28125,1.0
closed_context_delta,34,policy_lunch_pass_001,18,synthetic_policy,0.40625,0.7892011404037476,1.9928570985794067,-0.40625,14.8125,14.40625,1.0
closed_context_delta,34,policy_rec_center_004,19,synthetic_policy,-1.265625,-0.4624440670013428,2.0406250953674316,1.265625,14.21875,15.484375,1.0
closed_context_delta,34,product_specs_025,20,synthetic_product_specs,4.15625,2.9607126712799072,1.8857142925262451,-4.15625,16.328125,12.171875,1.0
closed_context_delta,34,product_specs_026,21,synthetic_product_specs,1.53125,1.9547855854034424,1.960714340209961,-1.53125,14.921875,13.390625,1.0
closed_context_delta,34,product_specs_027,22,synthetic_product_specs,3.4375,2.903646469116211,1.90625,-3.4375,16.109375,12.671875,1.0
closed_context_delta,34,product_specs_028,23,synthetic_product_specs,0.234375,-0.18783676624298096,1.9977678060531616,-0.234375,15.0625,14.828125,1.0
closed_context_delta,34,schedule_clinic_011,24,synthetic_schedule,-0.296875,-0.36734843254089355,2.012946367263794,0.296875,15.9375,16.234375,1.0
closed_context_delta,34,schedule_exam_010,25,synthetic_schedule,2.53125,1.2355564832687378,1.9321428537368774,-2.53125,14.96875,12.4375,1.0
closed_context_delta,34,schedule_train_009,26,synthetic_schedule,1.65625,1.9005473852157593,1.9571428298950195,-1.65625,14.625,12.96875,1.0
closed_context_delta,34,schedule_workshop_012,27,synthetic_schedule,0.328125,0.9029322862625122,1.9950892925262451,-0.328125,15.484375,15.15625,1.0
closed_context_delta,34,science_battery_016,28,synthetic_science_text,2.375,3.3330764770507812,1.9366071224212646,-2.375,14.703125,12.328125,1.0
closed_context_delta,34,science_mineral_014,29,synthetic_science_text,3.1875,3.5261669158935547,1.9133929014205933,-3.1875,13.640625,10.453125,1.0
closed_context_delta,34,science_plant_013,30,synthetic_science_text,3.78125,2.724787712097168,1.8964285850524902,-3.78125,15.359375,11.578125,1.0
closed_context_delta,34,science_weather_015,31,synthetic_science_text,0.9375,1.3822168111801147,1.9776785373687744,-0.9375,12.671875,11.734375,1.0
closed_context_delta,34,technical_api_022,32,synthetic_technical_config,-2.625,-0.6314101219177246,2.0794641971588135,2.625,14.140625,16.765625,1.0
closed_context_delta,34,technical_backup_023,33,synthetic_technical_config,0.875,0.35630106925964355,1.9794642925262451,-0.875,15.6875,14.8125,1.0
closed_context_delta,34,technical_config_021,34,synthetic_technical_config,-0.0625,-0.516127347946167,2.0062499046325684,0.0625,16.65625,16.71875,1.0
closed_context_delta,34,technical_feature_flag_024,35,synthetic_technical_config,-0.765625,0.058503150939941406,2.026339292526245,0.765625,14.71875,15.484375,1.0
closed_context_delta,35,academic_attendance_019,0,synthetic_academic_rules,2.3125,2.923056125640869,1.9383928775787354,-2.3125,15.625,13.3125,1.0
closed_context_delta,35,academic_grading_018,1,synthetic_academic_rules,0.765625,0.8818697929382324,1.9825892448425293,-0.765625,14.90625,14.140625,1.0
closed_context_delta,35,academic_latework_020,2,synthetic_academic_rules,5.703125,4.866496562957764,1.8415178060531616,-5.703125,15.4375,9.734375,1.0
closed_context_delta,35,academic_prereq_017,3,synthetic_academic_rules,1.34375,2.3180432319641113,1.9660714864730835,-1.34375,15.28125,13.9375,1.0
closed_context_delta,35,contract_rental_029,4,synthetic_contract,0.84375,0.25051069259643555,1.9803571701049805,-0.84375,16.234375,15.390625,1.0
closed_context_delta,35,contract_service_030,5,synthetic_contract,0.828125,1.0572254657745361,1.9808036088943481,-0.828125,16.09375,15.265625,1.0
closed_context_delta,35,contract_ticket_032,6,synthetic_contract,6.9375,5.1159892082214355,1.806249976158142,-6.9375,18.765625,11.828125,1.0
closed_context_delta,35,contract_warranty_031,7,synthetic_contract,0.1875,0.39149630069732666,1.9991071224212646,-0.1875,17.703125,17.515625,1.0
closed_context_delta,35,finance_budget_007,8,synthetic_finance,2.640625,3.389313220977783,1.9290179014205933,-2.640625,13.234375,10.59375,1.0
closed_context_delta,35,finance_coupon_006,9,synthetic_finance,0.859375,1.3931961059570312,1.9799107313156128,-0.859375,15.1875,14.328125,1.0
closed_context_delta,35,finance_membership_008,10,synthetic_finance,1.421875,1.2635014057159424,1.9638392925262451,-1.421875,15.390625,13.96875,1.0
closed_context_delta,35,finance_refund_005,11,synthetic_finance,3.421875,2.796476364135742,1.9066964387893677,-3.421875,14.390625,10.96875,1.0
closed_context_delta,35,logic_access_033,12,synthetic_logic_rules,1.109375,0.6374859809875488,1.9727678298950195,-1.109375,14.234375,13.125,1.0
closed_context_delta,35,logic_eligibility_034,13,synthetic_logic_rules,2.828125,2.066175937652588,1.9236607551574707,-2.828125,15.625,12.796875,1.0
closed_context_delta,35,logic_shipping_035,14,synthetic_logic_rules,6.40625,6.557070732116699,1.8214285373687744,-6.40625,13.5,7.09375,1.0
closed_context_delta,35,logic_tournament_036,15,synthetic_logic_rules,10.25,4.744205951690674,1.7116070985794067,-10.25,8.3125,-1.9375,1.0
closed_context_delta,35,policy_lab_access_002,16,synthetic_policy,1.578125,1.8496428728103638,1.959375023841858,-1.578125,14.171875,12.59375,1.0
closed_context_delta,35,policy_library_checkout_003,17,synthetic_policy,0.296875,0.4102213382720947,1.9959821701049805,-0.296875,16.578125,16.28125,1.0
closed_context_delta,35,policy_lunch_pass_001,18,synthetic_policy,0.40625,0.49822700023651123,1.9928570985794067,-0.40625,14.8125,14.40625,1.0
closed_context_delta,35,policy_rec_center_004,19,synthetic_policy,-1.265625,-0.7484331130981445,2.0406250953674316,1.265625,14.21875,15.484375,1.0
closed_context_delta,35,product_specs_025,20,synthetic_product_specs,4.15625,3.804859161376953,1.8857142925262451,-4.15625,16.328125,12.171875,1.0
closed_context_delta,35,product_specs_026,21,synthetic_product_specs,1.53125,1.8824824094772339,1.960714340209961,-1.53125,14.921875,13.390625,1.0
closed_context_delta,35,product_specs_027,22,synthetic_product_specs,3.4375,2.651766777038574,1.90625,-3.4375,16.109375,12.671875,1.0
closed_context_delta,35,product_specs_028,23,synthetic_product_specs,0.234375,0.4270683526992798,1.9977678060531616,-0.234375,15.0625,14.828125,1.0
closed_context_delta,35,schedule_clinic_011,24,synthetic_schedule,-0.296875,-0.22813057899475098,2.012946367263794,0.296875,15.9375,16.234375,1.0
closed_context_delta,35,schedule_exam_010,25,synthetic_schedule,2.53125,2.1859302520751953,1.9321428537368774,-2.53125,14.96875,12.4375,1.0
closed_context_delta,35,schedule_train_009,26,synthetic_schedule,1.65625,1.553628921508789,1.9571428298950195,-1.65625,14.625,12.96875,1.0
closed_context_delta,35,schedule_workshop_012,27,synthetic_schedule,0.328125,0.376239538192749,1.9950892925262451,-0.328125,15.484375,15.15625,1.0
closed_context_delta,35,science_battery_016,28,synthetic_science_text,2.375,3.192566394805908,1.9366071224212646,-2.375,14.703125,12.328125,1.0
closed_context_delta,35,science_mineral_014,29,synthetic_science_text,3.1875,3.1768836975097656,1.9133929014205933,-3.1875,13.640625,10.453125,1.0
closed_context_delta,35,science_plant_013,30,synthetic_science_text,3.78125,2.8519296646118164,1.8964285850524902,-3.78125,15.359375,11.578125,1.0
closed_context_delta,35,science_weather_015,31,synthetic_science_text,0.9375,1.5534942150115967,1.9776785373687744,-0.9375,12.671875,11.734375,1.0
closed_context_delta,35,technical_api_022,32,synthetic_technical_config,-2.625,-1.1161022186279297,2.0794641971588135,2.625,14.140625,16.765625,1.0
closed_context_delta,35,technical_backup_023,33,synthetic_technical_config,0.875,0.4618656635284424,1.9794642925262451,-0.875,15.6875,14.8125,1.0
closed_context_delta,35,technical_config_021,34,synthetic_technical_config,-0.0625,-0.14279818534851074,2.0062499046325684,0.0625,16.65625,16.71875,1.0
closed_context_delta,35,technical_feature_flag_024,35,synthetic_technical_config,-0.765625,-0.2539651393890381,2.026339292526245,0.765625,14.71875,15.484375,1.0
distractor_delta,0,academic_attendance_019,0,synthetic_academic_rules,-0.953125,-1.3351629972457886,-0.5022321343421936,0.953125,15.625,16.578125,1.0
distractor_delta,0,academic_grading_018,1,synthetic_academic_rules,0.25,-0.33482182025909424,-0.5366071462631226,-0.25,14.90625,14.65625,1.0
distractor_delta,0,academic_latework_020,2,synthetic_academic_rules,-1.03125,-0.5984066724777222,-0.5,1.03125,15.4375,16.46875,1.0
distractor_delta,0,academic_prereq_017,3,synthetic_academic_rules,-0.34375,-0.016056060791015625,-0.5196428298950195,0.34375,15.28125,15.625,1.0
distractor_delta,0,contract_rental_029,4,synthetic_contract,-2.140625,-1.3119628429412842,-0.4683035612106323,2.140625,16.234375,18.375,1.0
distractor_delta,0,contract_service_030,5,synthetic_contract,-0.28125,-0.6748468279838562,-0.5214285850524902,0.28125,16.09375,16.375,1.0
distractor_delta,0,contract_ticket_032,6,synthetic_contract,0.421875,-0.8876891136169434,-0.5415178537368774,-0.421875,18.765625,18.34375,1.0
distractor_delta,0,contract_warranty_031,7,synthetic_contract,-1.984375,0.59306800365448,-0.4727678596973419,1.984375,17.703125,19.6875,1.0
distractor_delta,0,finance_budget_007,8,synthetic_finance,-1.59375,-0.09481114149093628,-0.4839285612106323,1.59375,13.234375,14.828125,1.0
distractor_delta,0,finance_coupon_006,9,synthetic_finance,0.140625,-1.4715408086776733,-0.5334821343421936,-0.140625,15.1875,15.046875,1.0
distractor_delta,0,finance_membership_008,10,synthetic_finance,0.6875,0.5334808230400085,-0.5491071343421936,-0.6875,15.390625,14.703125,1.0
distractor_delta,0,finance_refund_005,11,synthetic_finance,-0.28125,-1.717579960823059,-0.5214285850524902,0.28125,14.390625,14.671875,1.0
distractor_delta,0,logic_access_033,12,synthetic_logic_rules,-0.734375,-0.4545004963874817,-0.5084821581840515,0.734375,14.234375,14.96875,1.0
distractor_delta,0,logic_eligibility_034,13,synthetic_logic_rules,-0.875,0.23866009712219238,-0.5044642686843872,0.875,15.625,16.5,1.0
distractor_delta,0,logic_shipping_035,14,synthetic_logic_rules,-0.5,-0.20944878458976746,-0.5151785612106323,0.5,13.5,14.0,1.0
distractor_delta,0,logic_tournament_036,15,synthetic_logic_rules,-1.078125,-0.8370152115821838,-0.49866071343421936,1.078125,8.3125,9.390625,1.0
distractor_delta,0,policy_lab_access_002,16,synthetic_policy,-1.265625,-1.1950544118881226,-0.4933035671710968,1.265625,14.171875,15.4375,1.0
distractor_delta,0,policy_library_checkout_003,17,synthetic_policy,-1.15625,0.1600506603717804,-0.49642857909202576,1.15625,16.578125,17.734375,1.0
distractor_delta,0,policy_lunch_pass_001,18,synthetic_policy,-1.140625,-0.7563148736953735,-0.49687498807907104,1.140625,14.8125,15.953125,1.0
distractor_delta,0,policy_rec_center_004,19,synthetic_policy,-1.640625,-1.6361467838287354,-0.4825892746448517,1.640625,14.21875,15.859375,1.0
distractor_delta,0,product_specs_025,20,synthetic_product_specs,-0.046875,-0.6211029291152954,-0.528124988079071,0.046875,16.328125,16.375,1.0
distractor_delta,0,product_specs_026,21,synthetic_product_specs,-0.984375,0.49048274755477905,-0.5013392567634583,0.984375,14.921875,15.90625,1.0
distractor_delta,0,product_specs_027,22,synthetic_product_specs,-0.59375,-0.8966351747512817,-0.512499988079071,0.59375,16.109375,16.703125,1.0
distractor_delta,0,product_specs_028,23,synthetic_product_specs,-0.609375,-0.9445159435272217,-0.5120535492897034,0.609375,15.0625,15.671875,1.0
distractor_delta,0,schedule_clinic_011,24,synthetic_schedule,-1.515625,0.26082316040992737,-0.4861607253551483,1.515625,15.9375,17.453125,1.0
distractor_delta,0,schedule_exam_010,25,synthetic_schedule,0.734375,-0.6082379221916199,-0.5504464507102966,-0.734375,14.96875,14.234375,1.0
distractor_delta,0,schedule_train_009,26,synthetic_schedule,0.5625,-0.6274121403694153,-0.5455357432365417,-0.5625,14.625,14.0625,1.0
distractor_delta,0,schedule_workshop_012,27,synthetic_schedule,-0.5625,-0.9823442697525024,-0.5133928656578064,0.5625,15.484375,16.046875,1.0
distractor_delta,0,science_battery_016,28,synthetic_science_text,0.328125,-0.32616907358169556,-0.5388392806053162,-0.328125,14.703125,14.375,1.0
distractor_delta,0,science_mineral_014,29,synthetic_science_text,-0.296875,-1.2925388813018799,-0.5209821462631226,0.296875,13.640625,13.9375,1.0
distractor_delta,0,science_plant_013,30,synthetic_science_text,0.421875,-0.3656565845012665,-0.5415178537368774,-0.421875,15.359375,14.9375,1.0
distractor_delta,0,science_weather_015,31,synthetic_science_text,1.546875,-1.017502784729004,-0.5736607313156128,-1.546875,12.671875,11.125,1.0
distractor_delta,0,technical_api_022,32,synthetic_technical_config,-0.578125,-0.9371510148048401,-0.5129464268684387,0.578125,14.140625,14.71875,1.0
distractor_delta,0,technical_backup_023,33,synthetic_technical_config,-0.234375,-0.9129728078842163,-0.5227678418159485,0.234375,15.6875,15.921875,1.0
distractor_delta,0,technical_config_021,34,synthetic_technical_config,-0.609375,0.8343397974967957,-0.5120535492897034,0.609375,16.65625,17.265625,1.0
distractor_delta,0,technical_feature_flag_024,35,synthetic_technical_config,-0.59375,-0.9880658388137817,-0.512499988079071,0.59375,14.71875,15.3125,1.0
distractor_delta,1,academic_attendance_019,0,synthetic_academic_rules,-0.953125,-0.9773100018501282,-0.5022321343421936,0.953125,15.625,16.578125,1.0
distractor_delta,1,academic_grading_018,1,synthetic_academic_rules,0.25,0.3820531368255615,-0.5366071462631226,-0.25,14.90625,14.65625,1.0
distractor_delta,1,academic_latework_020,2,synthetic_academic_rules,-1.03125,-0.7857586741447449,-0.5,1.03125,15.4375,16.46875,1.0
distractor_delta,1,academic_prereq_017,3,synthetic_academic_rules,-0.34375,0.09240150451660156,-0.5196428298950195,0.34375,15.28125,15.625,1.0
distractor_delta,1,contract_rental_029,4,synthetic_contract,-2.140625,-1.406006932258606,-0.4683035612106323,2.140625,16.234375,18.375,1.0
distractor_delta,1,contract_service_030,5,synthetic_contract,-0.28125,-0.5739731192588806,-0.5214285850524902,0.28125,16.09375,16.375,1.0
distractor_delta,1,contract_ticket_032,6,synthetic_contract,0.421875,-0.6345019340515137,-0.5415178537368774,-0.421875,18.765625,18.34375,1.0
distractor_delta,1,contract_warranty_031,7,synthetic_contract,-1.984375,0.085858553647995,-0.4727678596973419,1.984375,17.703125,19.6875,1.0
distractor_delta,1,finance_budget_007,8,synthetic_finance,-1.59375,-0.7682119011878967,-0.4839285612106323,1.59375,13.234375,14.828125,1.0
distractor_delta,1,finance_coupon_006,9,synthetic_finance,0.140625,-0.6747074127197266,-0.5334821343421936,-0.140625,15.1875,15.046875,1.0
distractor_delta,1,finance_membership_008,10,synthetic_finance,0.6875,-0.09362438321113586,-0.5491071343421936,-0.6875,15.390625,14.703125,1.0
distractor_delta,1,finance_refund_005,11,synthetic_finance,-0.28125,-0.9745869636535645,-0.5214285850524902,0.28125,14.390625,14.671875,1.0
distractor_delta,1,logic_access_033,12,synthetic_logic_rules,-0.734375,-0.589358389377594,-0.5084821581840515,0.734375,14.234375,14.96875,1.0
distractor_delta,1,logic_eligibility_034,13,synthetic_logic_rules,-0.875,-0.13043448328971863,-0.5044642686843872,0.875,15.625,16.5,1.0
distractor_delta,1,logic_shipping_035,14,synthetic_logic_rules,-0.5,-0.13164201378822327,-0.5151785612106323,0.5,13.5,14.0,1.0
distractor_delta,1,logic_tournament_036,15,synthetic_logic_rules,-1.078125,-0.41910141706466675,-0.49866071343421936,1.078125,8.3125,9.390625,1.0
distractor_delta,1,policy_lab_access_002,16,synthetic_policy,-1.265625,-0.964657187461853,-0.4933035671710968,1.265625,14.171875,15.4375,1.0
distractor_delta,1,policy_library_checkout_003,17,synthetic_policy,-1.15625,-0.9079041481018066,-0.49642857909202576,1.15625,16.578125,17.734375,1.0
distractor_delta,1,policy_lunch_pass_001,18,synthetic_policy,-1.140625,-0.8878752589225769,-0.49687498807907104,1.140625,14.8125,15.953125,1.0
distractor_delta,1,policy_rec_center_004,19,synthetic_policy,-1.640625,-1.4200568199157715,-0.4825892746448517,1.640625,14.21875,15.859375,1.0
distractor_delta,1,product_specs_025,20,synthetic_product_specs,-0.046875,-0.08555835485458374,-0.528124988079071,0.046875,16.328125,16.375,1.0
distractor_delta,1,product_specs_026,21,synthetic_product_specs,-0.984375,0.23466914892196655,-0.5013392567634583,0.984375,14.921875,15.90625,1.0
distractor_delta,1,product_specs_027,22,synthetic_product_specs,-0.59375,-1.0397858619689941,-0.512499988079071,0.59375,16.109375,16.703125,1.0
distractor_delta,1,product_specs_028,23,synthetic_product_specs,-0.609375,-0.9894100427627563,-0.5120535492897034,0.609375,15.0625,15.671875,1.0
distractor_delta,1,schedule_clinic_011,24,synthetic_schedule,-1.515625,-0.06297022104263306,-0.4861607253551483,1.515625,15.9375,17.453125,1.0
distractor_delta,1,schedule_exam_010,25,synthetic_schedule,0.734375,-0.1252153515815735,-0.5504464507102966,-0.734375,14.96875,14.234375,1.0
distractor_delta,1,schedule_train_009,26,synthetic_schedule,0.5625,-0.9366596937179565,-0.5455357432365417,-0.5625,14.625,14.0625,1.0
distractor_delta,1,schedule_workshop_012,27,synthetic_schedule,-0.5625,-0.3820405602455139,-0.5133928656578064,0.5625,15.484375,16.046875,1.0
distractor_delta,1,science_battery_016,28,synthetic_science_text,0.328125,-0.31701207160949707,-0.5388392806053162,-0.328125,14.703125,14.375,1.0
distractor_delta,1,science_mineral_014,29,synthetic_science_text,-0.296875,-0.5951545834541321,-0.5209821462631226,0.296875,13.640625,13.9375,1.0
distractor_delta,1,science_plant_013,30,synthetic_science_text,0.421875,-0.1596508026123047,-0.5415178537368774,-0.421875,15.359375,14.9375,1.0
distractor_delta,1,science_weather_015,31,synthetic_science_text,1.546875,-0.0029680728912353516,-0.5736607313156128,-1.546875,12.671875,11.125,1.0
distractor_delta,1,technical_api_022,32,synthetic_technical_config,-0.578125,-0.9538277983665466,-0.5129464268684387,0.578125,14.140625,14.71875,1.0
distractor_delta,1,technical_backup_023,33,synthetic_technical_config,-0.234375,-0.8848273754119873,-0.5227678418159485,0.234375,15.6875,15.921875,1.0
distractor_delta,1,technical_config_021,34,synthetic_technical_config,-0.609375,0.005399167537689209,-0.5120535492897034,0.609375,16.65625,17.265625,1.0
distractor_delta,1,technical_feature_flag_024,35,synthetic_technical_config,-0.59375,-0.5139585733413696,-0.512499988079071,0.59375,14.71875,15.3125,1.0
distractor_delta,2,academic_attendance_019,0,synthetic_academic_rules,-0.953125,-0.6518938541412354,-0.5022321343421936,0.953125,15.625,16.578125,1.0
distractor_delta,2,academic_grading_018,1,synthetic_academic_rules,0.25,0.2120538353919983,-0.5366071462631226,-0.25,14.90625,14.65625,1.0
distractor_delta,2,academic_latework_020,2,synthetic_academic_rules,-1.03125,-0.8684210777282715,-0.5,1.03125,15.4375,16.46875,1.0
distractor_delta,2,academic_prereq_017,3,synthetic_academic_rules,-0.34375,-0.25572067499160767,-0.5196428298950195,0.34375,15.28125,15.625,1.0
distractor_delta,2,contract_rental_029,4,synthetic_contract,-2.140625,-0.7260586619377136,-0.4683035612106323,2.140625,16.234375,18.375,1.0
distractor_delta,2,contract_service_030,5,synthetic_contract,-0.28125,-1.1900403499603271,-0.5214285850524902,0.28125,16.09375,16.375,1.0
distractor_delta,2,contract_ticket_032,6,synthetic_contract,0.421875,-0.8981550335884094,-0.5415178537368774,-0.421875,18.765625,18.34375,1.0
distractor_delta,2,contract_warranty_031,7,synthetic_contract,-1.984375,-0.11378657817840576,-0.4727678596973419,1.984375,17.703125,19.6875,1.0
distractor_delta,2,finance_budget_007,8,synthetic_finance,-1.59375,-0.6745621562004089,-0.4839285612106323,1.59375,13.234375,14.828125,1.0
distractor_delta,2,finance_coupon_006,9,synthetic_finance,0.140625,-0.5581666231155396,-0.5334821343421936,-0.140625,15.1875,15.046875,1.0
distractor_delta,2,finance_membership_008,10,synthetic_finance,0.6875,0.4211661219596863,-0.5491071343421936,-0.6875,15.390625,14.703125,1.0
distractor_delta,2,finance_refund_005,11,synthetic_finance,-0.28125,-0.867264449596405,-0.5214285850524902,0.28125,14.390625,14.671875,1.0
distractor_delta,2,logic_access_033,12,synthetic_logic_rules,-0.734375,-0.21617186069488525,-0.5084821581840515,0.734375,14.234375,14.96875,1.0
distractor_delta,2,logic_eligibility_034,13,synthetic_logic_rules,-0.875,0.16630518436431885,-0.5044642686843872,0.875,15.625,16.5,1.0
distractor_delta,2,logic_shipping_035,14,synthetic_logic_rules,-0.5,-0.18139144778251648,-0.5151785612106323,0.5,13.5,14.0,1.0
distractor_delta,2,logic_tournament_036,15,synthetic_logic_rules,-1.078125,-0.607627272605896,-0.49866071343421936,1.078125,8.3125,9.390625,1.0
distractor_delta,2,policy_lab_access_002,16,synthetic_policy,-1.265625,-0.9216220378875732,-0.4933035671710968,1.265625,14.171875,15.4375,1.0
distractor_delta,2,policy_library_checkout_003,17,synthetic_policy,-1.15625,-0.43112099170684814,-0.49642857909202576,1.15625,16.578125,17.734375,1.0
distractor_delta,2,policy_lunch_pass_001,18,synthetic_policy,-1.140625,-1.3572272062301636,-0.49687498807907104,1.140625,14.8125,15.953125,1.0
distractor_delta,2,policy_rec_center_004,19,synthetic_policy,-1.640625,-1.0486137866973877,-0.4825892746448517,1.640625,14.21875,15.859375,1.0
distractor_delta,2,product_specs_025,20,synthetic_product_specs,-0.046875,-0.1406644880771637,-0.528124988079071,0.046875,16.328125,16.375,1.0
distractor_delta,2,product_specs_026,21,synthetic_product_specs,-0.984375,-0.19787278771400452,-0.5013392567634583,0.984375,14.921875,15.90625,1.0
distractor_delta,2,product_specs_027,22,synthetic_product_specs,-0.59375,-1.1923229694366455,-0.512499988079071,0.59375,16.109375,16.703125,1.0
distractor_delta,2,product_specs_028,23,synthetic_product_specs,-0.609375,-1.2711926698684692,-0.5120535492897034,0.609375,15.0625,15.671875,1.0
distractor_delta,2,schedule_clinic_011,24,synthetic_schedule,-1.515625,-0.4932821989059448,-0.4861607253551483,1.515625,15.9375,17.453125,1.0
distractor_delta,2,schedule_exam_010,25,synthetic_schedule,0.734375,-0.14503279328346252,-0.5504464507102966,-0.734375,14.96875,14.234375,1.0
distractor_delta,2,schedule_train_009,26,synthetic_schedule,0.5625,-0.6163376569747925,-0.5455357432365417,-0.5625,14.625,14.0625,1.0
distractor_delta,2,schedule_workshop_012,27,synthetic_schedule,-0.5625,-0.31870394945144653,-0.5133928656578064,0.5625,15.484375,16.046875,1.0
distractor_delta,2,science_battery_016,28,synthetic_science_text,0.328125,-0.20312607288360596,-0.5388392806053162,-0.328125,14.703125,14.375,1.0
distractor_delta,2,science_mineral_014,29,synthetic_science_text,-0.296875,-0.4277341365814209,-0.5209821462631226,0.296875,13.640625,13.9375,1.0
distractor_delta,2,science_plant_013,30,synthetic_science_text,0.421875,-0.21935251355171204,-0.5415178537368774,-0.421875,15.359375,14.9375,1.0
distractor_delta,2,science_weather_015,31,synthetic_science_text,1.546875,0.018472373485565186,-0.5736607313156128,-1.546875,12.671875,11.125,1.0
distractor_delta,2,technical_api_022,32,synthetic_technical_config,-0.578125,-0.5208843946456909,-0.5129464268684387,0.578125,14.140625,14.71875,1.0
distractor_delta,2,technical_backup_023,33,synthetic_technical_config,-0.234375,-0.48684194684028625,-0.5227678418159485,0.234375,15.6875,15.921875,1.0
distractor_delta,2,technical_config_021,34,synthetic_technical_config,-0.609375,-0.5612471103668213,-0.5120535492897034,0.609375,16.65625,17.265625,1.0
distractor_delta,2,technical_feature_flag_024,35,synthetic_technical_config,-0.59375,-0.7108368873596191,-0.512499988079071,0.59375,14.71875,15.3125,1.0
distractor_delta,3,academic_attendance_019,0,synthetic_academic_rules,-0.953125,-0.7258379459381104,-0.5022321343421936,0.953125,15.625,16.578125,1.0
distractor_delta,3,academic_grading_018,1,synthetic_academic_rules,0.25,0.1550520658493042,-0.5366071462631226,-0.25,14.90625,14.65625,1.0
distractor_delta,3,academic_latework_020,2,synthetic_academic_rules,-1.03125,-0.5508332848548889,-0.5,1.03125,15.4375,16.46875,1.0
distractor_delta,3,academic_prereq_017,3,synthetic_academic_rules,-0.34375,-0.3291325569152832,-0.5196428298950195,0.34375,15.28125,15.625,1.0
distractor_delta,3,contract_rental_029,4,synthetic_contract,-2.140625,-0.7275450229644775,-0.4683035612106323,2.140625,16.234375,18.375,1.0
distractor_delta,3,contract_service_030,5,synthetic_contract,-0.28125,-1.00381600856781,-0.5214285850524902,0.28125,16.09375,16.375,1.0
distractor_delta,3,contract_ticket_032,6,synthetic_contract,0.421875,-0.741776704788208,-0.5415178537368774,-0.421875,18.765625,18.34375,1.0
distractor_delta,3,contract_warranty_031,7,synthetic_contract,-1.984375,-0.4999067783355713,-0.4727678596973419,1.984375,17.703125,19.6875,1.0
distractor_delta,3,finance_budget_007,8,synthetic_finance,-1.59375,-0.5619915723800659,-0.4839285612106323,1.59375,13.234375,14.828125,1.0
distractor_delta,3,finance_coupon_006,9,synthetic_finance,0.140625,-0.5929616689682007,-0.5334821343421936,-0.140625,15.1875,15.046875,1.0
distractor_delta,3,finance_membership_008,10,synthetic_finance,0.6875,-0.08457458019256592,-0.5491071343421936,-0.6875,15.390625,14.703125,1.0
distractor_delta,3,finance_refund_005,11,synthetic_finance,-0.28125,-0.7754165530204773,-0.5214285850524902,0.28125,14.390625,14.671875,1.0
distractor_delta,3,logic_access_033,12,synthetic_logic_rules,-0.734375,-0.33678680658340454,-0.5084821581840515,0.734375,14.234375,14.96875,1.0
distractor_delta,3,logic_eligibility_034,13,synthetic_logic_rules,-0.875,0.09182298183441162,-0.5044642686843872,0.875,15.625,16.5,1.0
distractor_delta,3,logic_shipping_035,14,synthetic_logic_rules,-0.5,0.07913875579833984,-0.5151785612106323,0.5,13.5,14.0,1.0
distractor_delta,3,logic_tournament_036,15,synthetic_logic_rules,-1.078125,-0.5854436159133911,-0.49866071343421936,1.078125,8.3125,9.390625,1.0
distractor_delta,3,policy_lab_access_002,16,synthetic_policy,-1.265625,-0.9803776741027832,-0.4933035671710968,1.265625,14.171875,15.4375,1.0
distractor_delta,3,policy_library_checkout_003,17,synthetic_policy,-1.15625,-0.5930766463279724,-0.49642857909202576,1.15625,16.578125,17.734375,1.0
distractor_delta,3,policy_lunch_pass_001,18,synthetic_policy,-1.140625,-1.2070109844207764,-0.49687498807907104,1.140625,14.8125,15.953125,1.0
distractor_delta,3,policy_rec_center_004,19,synthetic_policy,-1.640625,-1.0993949174880981,-0.4825892746448517,1.640625,14.21875,15.859375,1.0
distractor_delta,3,product_specs_025,20,synthetic_product_specs,-0.046875,-0.6659978628158569,-0.528124988079071,0.046875,16.328125,16.375,1.0
distractor_delta,3,product_specs_026,21,synthetic_product_specs,-0.984375,0.22031337022781372,-0.5013392567634583,0.984375,14.921875,15.90625,1.0
distractor_delta,3,product_specs_027,22,synthetic_product_specs,-0.59375,-1.1551508903503418,-0.512499988079071,0.59375,16.109375,16.703125,1.0
distractor_delta,3,product_specs_028,23,synthetic_product_specs,-0.609375,-1.136071801185608,-0.5120535492897034,0.609375,15.0625,15.671875,1.0
distractor_delta,3,schedule_clinic_011,24,synthetic_schedule,-1.515625,-0.5172023773193359,-0.4861607253551483,1.515625,15.9375,17.453125,1.0
distractor_delta,3,schedule_exam_010,25,synthetic_schedule,0.734375,0.09144121408462524,-0.5504464507102966,-0.734375,14.96875,14.234375,1.0
distractor_delta,3,schedule_train_009,26,synthetic_schedule,0.5625,-0.9375014305114746,-0.5455357432365417,-0.5625,14.625,14.0625,1.0
distractor_delta,3,schedule_workshop_012,27,synthetic_schedule,-0.5625,-0.2795812487602234,-0.5133928656578064,0.5625,15.484375,16.046875,1.0
distractor_delta,3,science_battery_016,28,synthetic_science_text,0.328125,-0.0646774172782898,-0.5388392806053162,-0.328125,14.703125,14.375,1.0
distractor_delta,3,science_mineral_014,29,synthetic_science_text,-0.296875,-0.39091232419013977,-0.5209821462631226,0.296875,13.640625,13.9375,1.0
distractor_delta,3,science_plant_013,30,synthetic_science_text,0.421875,-0.1310209035873413,-0.5415178537368774,-0.421875,15.359375,14.9375,1.0
distractor_delta,3,science_weather_015,31,synthetic_science_text,1.546875,0.15477442741394043,-0.5736607313156128,-1.546875,12.671875,11.125,1.0
distractor_delta,3,technical_api_022,32,synthetic_technical_config,-0.578125,-0.6711981296539307,-0.5129464268684387,0.578125,14.140625,14.71875,1.0
distractor_delta,3,technical_backup_023,33,synthetic_technical_config,-0.234375,-0.5006633996963501,-0.5227678418159485,0.234375,15.6875,15.921875,1.0
distractor_delta,3,technical_config_021,34,synthetic_technical_config,-0.609375,-0.3095155358314514,-0.5120535492897034,0.609375,16.65625,17.265625,1.0
distractor_delta,3,technical_feature_flag_024,35,synthetic_technical_config,-0.59375,-0.6141971349716187,-0.512499988079071,0.59375,14.71875,15.3125,1.0
distractor_delta,4,academic_attendance_019,0,synthetic_academic_rules,-0.953125,-0.7108161449432373,-0.5022321343421936,0.953125,15.625,16.578125,1.0
distractor_delta,4,academic_grading_018,1,synthetic_academic_rules,0.25,0.15204787254333496,-0.5366071462631226,-0.25,14.90625,14.65625,1.0
distractor_delta,4,academic_latework_020,2,synthetic_academic_rules,-1.03125,-0.41562026739120483,-0.5,1.03125,15.4375,16.46875,1.0
distractor_delta,4,academic_prereq_017,3,synthetic_academic_rules,-0.34375,-0.2301402986049652,-0.5196428298950195,0.34375,15.28125,15.625,1.0
distractor_delta,4,contract_rental_029,4,synthetic_contract,-2.140625,-0.60627281665802,-0.4683035612106323,2.140625,16.234375,18.375,1.0
distractor_delta,4,contract_service_030,5,synthetic_contract,-0.28125,-0.9986215233802795,-0.5214285850524902,0.28125,16.09375,16.375,1.0
distractor_delta,4,contract_ticket_032,6,synthetic_contract,0.421875,-1.1431642770767212,-0.5415178537368774,-0.421875,18.765625,18.34375,1.0
distractor_delta,4,contract_warranty_031,7,synthetic_contract,-1.984375,-0.6262325048446655,-0.4727678596973419,1.984375,17.703125,19.6875,1.0
distractor_delta,4,finance_budget_007,8,synthetic_finance,-1.59375,-0.3977227509021759,-0.4839285612106323,1.59375,13.234375,14.828125,1.0
distractor_delta,4,finance_coupon_006,9,synthetic_finance,0.140625,-0.852729320526123,-0.5334821343421936,-0.140625,15.1875,15.046875,1.0
distractor_delta,4,finance_membership_008,10,synthetic_finance,0.6875,0.13633805513381958,-0.5491071343421936,-0.6875,15.390625,14.703125,1.0
distractor_delta,4,finance_refund_005,11,synthetic_finance,-0.28125,-0.7383954524993896,-0.5214285850524902,0.28125,14.390625,14.671875,1.0
distractor_delta,4,logic_access_033,12,synthetic_logic_rules,-0.734375,-0.07660233974456787,-0.5084821581840515,0.734375,14.234375,14.96875,1.0
distractor_delta,4,logic_eligibility_034,13,synthetic_logic_rules,-0.875,-0.02791541814804077,-0.5044642686843872,0.875,15.625,16.5,1.0
distractor_delta,4,logic_shipping_035,14,synthetic_logic_rules,-0.5,-0.35847726464271545,-0.5151785612106323,0.5,13.5,14.0,1.0
distractor_delta,4,logic_tournament_036,15,synthetic_logic_rules,-1.078125,-0.5174744129180908,-0.49866071343421936,1.078125,8.3125,9.390625,1.0
distractor_delta,4,policy_lab_access_002,16,synthetic_policy,-1.265625,-1.0325250625610352,-0.4933035671710968,1.265625,14.171875,15.4375,1.0
distractor_delta,4,policy_library_checkout_003,17,synthetic_policy,-1.15625,-0.6848655939102173,-0.49642857909202576,1.15625,16.578125,17.734375,1.0
distractor_delta,4,policy_lunch_pass_001,18,synthetic_policy,-1.140625,-1.0736644268035889,-0.49687498807907104,1.140625,14.8125,15.953125,1.0
distractor_delta,4,policy_rec_center_004,19,synthetic_policy,-1.640625,-1.1621352434158325,-0.4825892746448517,1.640625,14.21875,15.859375,1.0
distractor_delta,4,product_specs_025,20,synthetic_product_specs,-0.046875,-0.7289246320724487,-0.528124988079071,0.046875,16.328125,16.375,1.0
distractor_delta,4,product_specs_026,21,synthetic_product_specs,-0.984375,0.359962522983551,-0.5013392567634583,0.984375,14.921875,15.90625,1.0
distractor_delta,4,product_specs_027,22,synthetic_product_specs,-0.59375,-0.8824038505554199,-0.512499988079071,0.59375,16.109375,16.703125,1.0
distractor_delta,4,product_specs_028,23,synthetic_product_specs,-0.609375,-1.3091909885406494,-0.5120535492897034,0.609375,15.0625,15.671875,1.0
distractor_delta,4,schedule_clinic_011,24,synthetic_schedule,-1.515625,-0.4969431459903717,-0.4861607253551483,1.515625,15.9375,17.453125,1.0
distractor_delta,4,schedule_exam_010,25,synthetic_schedule,0.734375,0.3788134455680847,-0.5504464507102966,-0.734375,14.96875,14.234375,1.0
distractor_delta,4,schedule_train_009,26,synthetic_schedule,0.5625,-1.0347814559936523,-0.5455357432365417,-0.5625,14.625,14.0625,1.0
distractor_delta,4,schedule_workshop_012,27,synthetic_schedule,-0.5625,-0.2868950366973877,-0.5133928656578064,0.5625,15.484375,16.046875,1.0
distractor_delta,4,science_battery_016,28,synthetic_science_text,0.328125,0.22269564867019653,-0.5388392806053162,-0.328125,14.703125,14.375,1.0
distractor_delta,4,science_mineral_014,29,synthetic_science_text,-0.296875,-0.6746125817298889,-0.5209821462631226,0.296875,13.640625,13.9375,1.0
distractor_delta,4,science_plant_013,30,synthetic_science_text,0.421875,0.04735147953033447,-0.5415178537368774,-0.421875,15.359375,14.9375,1.0
distractor_delta,4,science_weather_015,31,synthetic_science_text,1.546875,0.1868581771850586,-0.5736607313156128,-1.546875,12.671875,11.125,1.0
distractor_delta,4,technical_api_022,32,synthetic_technical_config,-0.578125,-1.0087538957595825,-0.5129464268684387,0.578125,14.140625,14.71875,1.0
distractor_delta,4,technical_backup_023,33,synthetic_technical_config,-0.234375,-0.49426567554473877,-0.5227678418159485,0.234375,15.6875,15.921875,1.0
distractor_delta,4,technical_config_021,34,synthetic_technical_config,-0.609375,-0.11955660581588745,-0.5120535492897034,0.609375,16.65625,17.265625,1.0
distractor_delta,4,technical_feature_flag_024,35,synthetic_technical_config,-0.59375,-0.6905580759048462,-0.512499988079071,0.59375,14.71875,15.3125,1.0
distractor_delta,5,academic_attendance_019,0,synthetic_academic_rules,-0.953125,-0.840050458908081,-0.5022321343421936,0.953125,15.625,16.578125,1.0
distractor_delta,5,academic_grading_018,1,synthetic_academic_rules,0.25,-0.07210475206375122,-0.5366071462631226,-0.25,14.90625,14.65625,1.0
distractor_delta,5,academic_latework_020,2,synthetic_academic_rules,-1.03125,-0.439222127199173,-0.5,1.03125,15.4375,16.46875,1.0
distractor_delta,5,academic_prereq_017,3,synthetic_academic_rules,-0.34375,-0.26267242431640625,-0.5196428298950195,0.34375,15.28125,15.625,1.0
distractor_delta,5,contract_rental_029,4,synthetic_contract,-2.140625,-0.880206823348999,-0.4683035612106323,2.140625,16.234375,18.375,1.0
distractor_delta,5,contract_service_030,5,synthetic_contract,-0.28125,-1.2109334468841553,-0.5214285850524902,0.28125,16.09375,16.375,1.0
distractor_delta,5,contract_ticket_032,6,synthetic_contract,0.421875,-1.2262065410614014,-0.5415178537368774,-0.421875,18.765625,18.34375,1.0
distractor_delta,5,contract_warranty_031,7,synthetic_contract,-1.984375,-0.6953544020652771,-0.4727678596973419,1.984375,17.703125,19.6875,1.0
distractor_delta,5,finance_budget_007,8,synthetic_finance,-1.59375,-0.6428931951522827,-0.4839285612106323,1.59375,13.234375,14.828125,1.0
distractor_delta,5,finance_coupon_006,9,synthetic_finance,0.140625,-0.8180412650108337,-0.5334821343421936,-0.140625,15.1875,15.046875,1.0
distractor_delta,5,finance_membership_008,10,synthetic_finance,0.6875,0.37713807821273804,-0.5491071343421936,-0.6875,15.390625,14.703125,1.0
distractor_delta,5,finance_refund_005,11,synthetic_finance,-0.28125,-0.7760164737701416,-0.5214285850524902,0.28125,14.390625,14.671875,1.0
distractor_delta,5,logic_access_033,12,synthetic_logic_rules,-0.734375,-0.1776031255722046,-0.5084821581840515,0.734375,14.234375,14.96875,1.0
distractor_delta,5,logic_eligibility_034,13,synthetic_logic_rules,-0.875,-0.26151448488235474,-0.5044642686843872,0.875,15.625,16.5,1.0
distractor_delta,5,logic_shipping_035,14,synthetic_logic_rules,-0.5,-0.5860094428062439,-0.5151785612106323,0.5,13.5,14.0,1.0
distractor_delta,5,logic_tournament_036,15,synthetic_logic_rules,-1.078125,-0.5135231018066406,-0.49866071343421936,1.078125,8.3125,9.390625,1.0
distractor_delta,5,policy_lab_access_002,16,synthetic_policy,-1.265625,-0.9610350131988525,-0.4933035671710968,1.265625,14.171875,15.4375,1.0
distractor_delta,5,policy_library_checkout_003,17,synthetic_policy,-1.15625,-0.6252123713493347,-0.49642857909202576,1.15625,16.578125,17.734375,1.0
distractor_delta,5,policy_lunch_pass_001,18,synthetic_policy,-1.140625,-0.7958947420120239,-0.49687498807907104,1.140625,14.8125,15.953125,1.0
distractor_delta,5,policy_rec_center_004,19,synthetic_policy,-1.640625,-1.3385791778564453,-0.4825892746448517,1.640625,14.21875,15.859375,1.0
distractor_delta,5,product_specs_025,20,synthetic_product_specs,-0.046875,-0.5618859529495239,-0.528124988079071,0.046875,16.328125,16.375,1.0
distractor_delta,5,product_specs_026,21,synthetic_product_specs,-0.984375,0.6361660361289978,-0.5013392567634583,0.984375,14.921875,15.90625,1.0
distractor_delta,5,product_specs_027,22,synthetic_product_specs,-0.59375,-0.8186039328575134,-0.512499988079071,0.59375,16.109375,16.703125,1.0
distractor_delta,5,product_specs_028,23,synthetic_product_specs,-0.609375,-1.8281254768371582,-0.5120535492897034,0.609375,15.0625,15.671875,1.0
distractor_delta,5,schedule_clinic_011,24,synthetic_schedule,-1.515625,-0.5993386507034302,-0.4861607253551483,1.515625,15.9375,17.453125,1.0
distractor_delta,5,schedule_exam_010,25,synthetic_schedule,0.734375,0.36190909147262573,-0.5504464507102966,-0.734375,14.96875,14.234375,1.0
distractor_delta,5,schedule_train_009,26,synthetic_schedule,0.5625,-1.0304889678955078,-0.5455357432365417,-0.5625,14.625,14.0625,1.0
distractor_delta,5,schedule_workshop_012,27,synthetic_schedule,-0.5625,-0.5218772292137146,-0.5133928656578064,0.5625,15.484375,16.046875,1.0
distractor_delta,5,science_battery_016,28,synthetic_science_text,0.328125,0.45702797174453735,-0.5388392806053162,-0.328125,14.703125,14.375,1.0
distractor_delta,5,science_mineral_014,29,synthetic_science_text,-0.296875,-0.4046013653278351,-0.5209821462631226,0.296875,13.640625,13.9375,1.0
distractor_delta,5,science_plant_013,30,synthetic_science_text,0.421875,-0.015218794345855713,-0.5415178537368774,-0.421875,15.359375,14.9375,1.0
distractor_delta,5,science_weather_015,31,synthetic_science_text,1.546875,0.6357009410858154,-0.5736607313156128,-1.546875,12.671875,11.125,1.0
distractor_delta,5,technical_api_022,32,synthetic_technical_config,-0.578125,-0.9384446144104004,-0.5129464268684387,0.578125,14.140625,14.71875,1.0
distractor_delta,5,technical_backup_023,33,synthetic_technical_config,-0.234375,-0.21239924430847168,-0.5227678418159485,0.234375,15.6875,15.921875,1.0
distractor_delta,5,technical_config_021,34,synthetic_technical_config,-0.609375,-0.4012197256088257,-0.5120535492897034,0.609375,16.65625,17.265625,1.0
distractor_delta,5,technical_feature_flag_024,35,synthetic_technical_config,-0.59375,-0.3587992787361145,-0.512499988079071,0.59375,14.71875,15.3125,1.0
distractor_delta,6,academic_attendance_019,0,synthetic_academic_rules,-0.953125,-0.7104207873344421,-0.5022321343421936,0.953125,15.625,16.578125,1.0
distractor_delta,6,academic_grading_018,1,synthetic_academic_rules,0.25,-0.3576947748661041,-0.5366071462631226,-0.25,14.90625,14.65625,1.0
distractor_delta,6,academic_latework_020,2,synthetic_academic_rules,-1.03125,-0.4139274060726166,-0.5,1.03125,15.4375,16.46875,1.0
distractor_delta,6,academic_prereq_017,3,synthetic_academic_rules,-0.34375,-0.16474604606628418,-0.5196428298950195,0.34375,15.28125,15.625,1.0
distractor_delta,6,contract_rental_029,4,synthetic_contract,-2.140625,-1.150453805923462,-0.4683035612106323,2.140625,16.234375,18.375,1.0
distractor_delta,6,contract_service_030,5,synthetic_contract,-0.28125,-1.1454883813858032,-0.5214285850524902,0.28125,16.09375,16.375,1.0
distractor_delta,6,contract_ticket_032,6,synthetic_contract,0.421875,-1.0687775611877441,-0.5415178537368774,-0.421875,18.765625,18.34375,1.0
distractor_delta,6,contract_warranty_031,7,synthetic_contract,-1.984375,-0.6373323202133179,-0.4727678596973419,1.984375,17.703125,19.6875,1.0
distractor_delta,6,finance_budget_007,8,synthetic_finance,-1.59375,-0.8370262384414673,-0.4839285612106323,1.59375,13.234375,14.828125,1.0
distractor_delta,6,finance_coupon_006,9,synthetic_finance,0.140625,-0.5680199265480042,-0.5334821343421936,-0.140625,15.1875,15.046875,1.0
distractor_delta,6,finance_membership_008,10,synthetic_finance,0.6875,-0.060546040534973145,-0.5491071343421936,-0.6875,15.390625,14.703125,1.0
distractor_delta,6,finance_refund_005,11,synthetic_finance,-0.28125,-0.5809930562973022,-0.5214285850524902,0.28125,14.390625,14.671875,1.0
distractor_delta,6,logic_access_033,12,synthetic_logic_rules,-0.734375,-0.5742580890655518,-0.5084821581840515,0.734375,14.234375,14.96875,1.0
distractor_delta,6,logic_eligibility_034,13,synthetic_logic_rules,-0.875,-0.027495861053466797,-0.5044642686843872,0.875,15.625,16.5,1.0
distractor_delta,6,logic_shipping_035,14,synthetic_logic_rules,-0.5,-0.4954325258731842,-0.5151785612106323,0.5,13.5,14.0,1.0
distractor_delta,6,logic_tournament_036,15,synthetic_logic_rules,-1.078125,-0.23047372698783875,-0.49866071343421936,1.078125,8.3125,9.390625,1.0
distractor_delta,6,policy_lab_access_002,16,synthetic_policy,-1.265625,-1.52781343460083,-0.4933035671710968,1.265625,14.171875,15.4375,1.0
distractor_delta,6,policy_library_checkout_003,17,synthetic_policy,-1.15625,-0.4104827642440796,-0.49642857909202576,1.15625,16.578125,17.734375,1.0
distractor_delta,6,policy_lunch_pass_001,18,synthetic_policy,-1.140625,-0.813826322555542,-0.49687498807907104,1.140625,14.8125,15.953125,1.0
distractor_delta,6,policy_rec_center_004,19,synthetic_policy,-1.640625,-1.3148255348205566,-0.4825892746448517,1.640625,14.21875,15.859375,1.0
distractor_delta,6,product_specs_025,20,synthetic_product_specs,-0.046875,-0.7813477516174316,-0.528124988079071,0.046875,16.328125,16.375,1.0
distractor_delta,6,product_specs_026,21,synthetic_product_specs,-0.984375,0.9966768622398376,-0.5013392567634583,0.984375,14.921875,15.90625,1.0
distractor_delta,6,product_specs_027,22,synthetic_product_specs,-0.59375,-0.6243043541908264,-0.512499988079071,0.59375,16.109375,16.703125,1.0
distractor_delta,6,product_specs_028,23,synthetic_product_specs,-0.609375,-2.0959842205047607,-0.5120535492897034,0.609375,15.0625,15.671875,1.0
distractor_delta,6,schedule_clinic_011,24,synthetic_schedule,-1.515625,-0.6224768757820129,-0.4861607253551483,1.515625,15.9375,17.453125,1.0
distractor_delta,6,schedule_exam_010,25,synthetic_schedule,0.734375,0.31956619024276733,-0.5504464507102966,-0.734375,14.96875,14.234375,1.0
distractor_delta,6,schedule_train_009,26,synthetic_schedule,0.5625,-1.0769150257110596,-0.5455357432365417,-0.5625,14.625,14.0625,1.0
distractor_delta,6,schedule_workshop_012,27,synthetic_schedule,-0.5625,-0.8223024606704712,-0.5133928656578064,0.5625,15.484375,16.046875,1.0
distractor_delta,6,science_battery_016,28,synthetic_science_text,0.328125,0.28158944845199585,-0.5388392806053162,-0.328125,14.703125,14.375,1.0
distractor_delta,6,science_mineral_014,29,synthetic_science_text,-0.296875,-0.25388869643211365,-0.5209821462631226,0.296875,13.640625,13.9375,1.0
distractor_delta,6,science_plant_013,30,synthetic_science_text,0.421875,-0.26051247119903564,-0.5415178537368774,-0.421875,15.359375,14.9375,1.0
distractor_delta,6,science_weather_015,31,synthetic_science_text,1.546875,0.7050414085388184,-0.5736607313156128,-1.546875,12.671875,11.125,1.0
distractor_delta,6,technical_api_022,32,synthetic_technical_config,-0.578125,-0.7149986624717712,-0.5129464268684387,0.578125,14.140625,14.71875,1.0
distractor_delta,6,technical_backup_023,33,synthetic_technical_config,-0.234375,-0.34681713581085205,-0.5227678418159485,0.234375,15.6875,15.921875,1.0
distractor_delta,6,technical_config_021,34,synthetic_technical_config,-0.609375,0.03466826677322388,-0.5120535492897034,0.609375,16.65625,17.265625,1.0
distractor_delta,6,technical_feature_flag_024,35,synthetic_technical_config,-0.59375,-0.5592787861824036,-0.512499988079071,0.59375,14.71875,15.3125,1.0
distractor_delta,7,academic_attendance_019,0,synthetic_academic_rules,-0.953125,-1.0320158004760742,-0.5022321343421936,0.953125,15.625,16.578125,1.0
distractor_delta,7,academic_grading_018,1,synthetic_academic_rules,0.25,-0.11907374858856201,-0.5366071462631226,-0.25,14.90625,14.65625,1.0
distractor_delta,7,academic_latework_020,2,synthetic_academic_rules,-1.03125,-0.7135927677154541,-0.5,1.03125,15.4375,16.46875,1.0
distractor_delta,7,academic_prereq_017,3,synthetic_academic_rules,-0.34375,-0.23132109642028809,-0.5196428298950195,0.34375,15.28125,15.625,1.0
distractor_delta,7,contract_rental_029,4,synthetic_contract,-2.140625,-0.842424750328064,-0.4683035612106323,2.140625,16.234375,18.375,1.0
distractor_delta,7,contract_service_030,5,synthetic_contract,-0.28125,-1.083524465560913,-0.5214285850524902,0.28125,16.09375,16.375,1.0
distractor_delta,7,contract_ticket_032,6,synthetic_contract,0.421875,-1.1477844715118408,-0.5415178537368774,-0.421875,18.765625,18.34375,1.0
distractor_delta,7,contract_warranty_031,7,synthetic_contract,-1.984375,-0.6168970465660095,-0.4727678596973419,1.984375,17.703125,19.6875,1.0
distractor_delta,7,finance_budget_007,8,synthetic_finance,-1.59375,-1.0262529850006104,-0.4839285612106323,1.59375,13.234375,14.828125,1.0
distractor_delta,7,finance_coupon_006,9,synthetic_finance,0.140625,-0.5691494941711426,-0.5334821343421936,-0.140625,15.1875,15.046875,1.0
distractor_delta,7,finance_membership_008,10,synthetic_finance,0.6875,-0.007392764091491699,-0.5491071343421936,-0.6875,15.390625,14.703125,1.0
distractor_delta,7,finance_refund_005,11,synthetic_finance,-0.28125,-0.4637705683708191,-0.5214285850524902,0.28125,14.390625,14.671875,1.0
distractor_delta,7,logic_access_033,12,synthetic_logic_rules,-0.734375,-0.9499326348304749,-0.5084821581840515,0.734375,14.234375,14.96875,1.0
distractor_delta,7,logic_eligibility_034,13,synthetic_logic_rules,-0.875,0.1717265248298645,-0.5044642686843872,0.875,15.625,16.5,1.0
distractor_delta,7,logic_shipping_035,14,synthetic_logic_rules,-0.5,-0.24109745025634766,-0.5151785612106323,0.5,13.5,14.0,1.0
distractor_delta,7,logic_tournament_036,15,synthetic_logic_rules,-1.078125,-0.47993433475494385,-0.49866071343421936,1.078125,8.3125,9.390625,1.0
distractor_delta,7,policy_lab_access_002,16,synthetic_policy,-1.265625,-1.3737144470214844,-0.4933035671710968,1.265625,14.171875,15.4375,1.0
distractor_delta,7,policy_library_checkout_003,17,synthetic_policy,-1.15625,-0.5821030735969543,-0.49642857909202576,1.15625,16.578125,17.734375,1.0
distractor_delta,7,policy_lunch_pass_001,18,synthetic_policy,-1.140625,-0.6185914874076843,-0.49687498807907104,1.140625,14.8125,15.953125,1.0
distractor_delta,7,policy_rec_center_004,19,synthetic_policy,-1.640625,-1.345405101776123,-0.4825892746448517,1.640625,14.21875,15.859375,1.0
distractor_delta,7,product_specs_025,20,synthetic_product_specs,-0.046875,-0.5709121227264404,-0.528124988079071,0.046875,16.328125,16.375,1.0
distractor_delta,7,product_specs_026,21,synthetic_product_specs,-0.984375,1.4784119129180908,-0.5013392567634583,0.984375,14.921875,15.90625,1.0
distractor_delta,7,product_specs_027,22,synthetic_product_specs,-0.59375,-0.8899675607681274,-0.512499988079071,0.59375,16.109375,16.703125,1.0
distractor_delta,7,product_specs_028,23,synthetic_product_specs,-0.609375,-2.226901054382324,-0.5120535492897034,0.609375,15.0625,15.671875,1.0
distractor_delta,7,schedule_clinic_011,24,synthetic_schedule,-1.515625,-0.722333550453186,-0.4861607253551483,1.515625,15.9375,17.453125,1.0
distractor_delta,7,schedule_exam_010,25,synthetic_schedule,0.734375,0.3077017664909363,-0.5504464507102966,-0.734375,14.96875,14.234375,1.0
distractor_delta,7,schedule_train_009,26,synthetic_schedule,0.5625,-1.1016955375671387,-0.5455357432365417,-0.5625,14.625,14.0625,1.0
distractor_delta,7,schedule_workshop_012,27,synthetic_schedule,-0.5625,-0.5997980833053589,-0.5133928656578064,0.5625,15.484375,16.046875,1.0
distractor_delta,7,science_battery_016,28,synthetic_science_text,0.328125,0.6568596959114075,-0.5388392806053162,-0.328125,14.703125,14.375,1.0
distractor_delta,7,science_mineral_014,29,synthetic_science_text,-0.296875,-0.4350361227989197,-0.5209821462631226,0.296875,13.640625,13.9375,1.0
distractor_delta,7,science_plant_013,30,synthetic_science_text,0.421875,-0.20911845564842224,-0.5415178537368774,-0.421875,15.359375,14.9375,1.0
distractor_delta,7,science_weather_015,31,synthetic_science_text,1.546875,0.7550262212753296,-0.5736607313156128,-1.546875,12.671875,11.125,1.0
distractor_delta,7,technical_api_022,32,synthetic_technical_config,-0.578125,-0.7347930669784546,-0.5129464268684387,0.578125,14.140625,14.71875,1.0
distractor_delta,7,technical_backup_023,33,synthetic_technical_config,-0.234375,-0.3756527602672577,-0.5227678418159485,0.234375,15.6875,15.921875,1.0
distractor_delta,7,technical_config_021,34,synthetic_technical_config,-0.609375,-0.13216149806976318,-0.5120535492897034,0.609375,16.65625,17.265625,1.0
distractor_delta,7,technical_feature_flag_024,35,synthetic_technical_config,-0.59375,-0.43949759006500244,-0.512499988079071,0.59375,14.71875,15.3125,1.0
distractor_delta,8,academic_attendance_019,0,synthetic_academic_rules,-0.953125,-1.1582938432693481,-0.5022321343421936,0.953125,15.625,16.578125,1.0
distractor_delta,8,academic_grading_018,1,synthetic_academic_rules,0.25,-0.30588477849960327,-0.5366071462631226,-0.25,14.90625,14.65625,1.0
distractor_delta,8,academic_latework_020,2,synthetic_academic_rules,-1.03125,-0.844986617565155,-0.5,1.03125,15.4375,16.46875,1.0
distractor_delta,8,academic_prereq_017,3,synthetic_academic_rules,-0.34375,0.17845070362091064,-0.5196428298950195,0.34375,15.28125,15.625,1.0
distractor_delta,8,contract_rental_029,4,synthetic_contract,-2.140625,-1.1906471252441406,-0.4683035612106323,2.140625,16.234375,18.375,1.0
distractor_delta,8,contract_service_030,5,synthetic_contract,-0.28125,-0.8912665247917175,-0.5214285850524902,0.28125,16.09375,16.375,1.0
distractor_delta,8,contract_ticket_032,6,synthetic_contract,0.421875,-1.2283921241760254,-0.5415178537368774,-0.421875,18.765625,18.34375,1.0
distractor_delta,8,contract_warranty_031,7,synthetic_contract,-1.984375,-0.676000714302063,-0.4727678596973419,1.984375,17.703125,19.6875,1.0
distractor_delta,8,finance_budget_007,8,synthetic_finance,-1.59375,-0.8356159329414368,-0.4839285612106323,1.59375,13.234375,14.828125,1.0
distractor_delta,8,finance_coupon_006,9,synthetic_finance,0.140625,-0.6883305311203003,-0.5334821343421936,-0.140625,15.1875,15.046875,1.0
distractor_delta,8,finance_membership_008,10,synthetic_finance,0.6875,-0.10984104871749878,-0.5491071343421936,-0.6875,15.390625,14.703125,1.0
distractor_delta,8,finance_refund_005,11,synthetic_finance,-0.28125,-0.5485878586769104,-0.5214285850524902,0.28125,14.390625,14.671875,1.0
distractor_delta,8,logic_access_033,12,synthetic_logic_rules,-0.734375,-0.5224754810333252,-0.5084821581840515,0.734375,14.234375,14.96875,1.0
distractor_delta,8,logic_eligibility_034,13,synthetic_logic_rules,-0.875,-0.5013342499732971,-0.5044642686843872,0.875,15.625,16.5,1.0
distractor_delta,8,logic_shipping_035,14,synthetic_logic_rules,-0.5,-0.08258718252182007,-0.5151785612106323,0.5,13.5,14.0,1.0
distractor_delta,8,logic_tournament_036,15,synthetic_logic_rules,-1.078125,-0.36436736583709717,-0.49866071343421936,1.078125,8.3125,9.390625,1.0
distractor_delta,8,policy_lab_access_002,16,synthetic_policy,-1.265625,-1.6632905006408691,-0.4933035671710968,1.265625,14.171875,15.4375,1.0
distractor_delta,8,policy_library_checkout_003,17,synthetic_policy,-1.15625,-0.5463280081748962,-0.49642857909202576,1.15625,16.578125,17.734375,1.0
distractor_delta,8,policy_lunch_pass_001,18,synthetic_policy,-1.140625,-0.6116728782653809,-0.49687498807907104,1.140625,14.8125,15.953125,1.0
distractor_delta,8,policy_rec_center_004,19,synthetic_policy,-1.640625,-1.1428115367889404,-0.4825892746448517,1.640625,14.21875,15.859375,1.0
distractor_delta,8,product_specs_025,20,synthetic_product_specs,-0.046875,-0.8871655464172363,-0.528124988079071,0.046875,16.328125,16.375,1.0
distractor_delta,8,product_specs_026,21,synthetic_product_specs,-0.984375,0.9411848187446594,-0.5013392567634583,0.984375,14.921875,15.90625,1.0
distractor_delta,8,product_specs_027,22,synthetic_product_specs,-0.59375,-0.6526452302932739,-0.512499988079071,0.59375,16.109375,16.703125,1.0
distractor_delta,8,product_specs_028,23,synthetic_product_specs,-0.609375,-1.999713659286499,-0.5120535492897034,0.609375,15.0625,15.671875,1.0
distractor_delta,8,schedule_clinic_011,24,synthetic_schedule,-1.515625,-0.5210688710212708,-0.4861607253551483,1.515625,15.9375,17.453125,1.0
distractor_delta,8,schedule_exam_010,25,synthetic_schedule,0.734375,0.3469189405441284,-0.5504464507102966,-0.734375,14.96875,14.234375,1.0
distractor_delta,8,schedule_train_009,26,synthetic_schedule,0.5625,-0.7517983913421631,-0.5455357432365417,-0.5625,14.625,14.0625,1.0
distractor_delta,8,schedule_workshop_012,27,synthetic_schedule,-0.5625,-0.7149345874786377,-0.5133928656578064,0.5625,15.484375,16.046875,1.0
distractor_delta,8,science_battery_016,28,synthetic_science_text,0.328125,0.4499087929725647,-0.5388392806053162,-0.328125,14.703125,14.375,1.0
distractor_delta,8,science_mineral_014,29,synthetic_science_text,-0.296875,-1.1314997673034668,-0.5209821462631226,0.296875,13.640625,13.9375,1.0
distractor_delta,8,science_plant_013,30,synthetic_science_text,0.421875,0.31074434518814087,-0.5415178537368774,-0.421875,15.359375,14.9375,1.0
distractor_delta,8,science_weather_015,31,synthetic_science_text,1.546875,0.685050368309021,-0.5736607313156128,-1.546875,12.671875,11.125,1.0
distractor_delta,8,technical_api_022,32,synthetic_technical_config,-0.578125,-0.5540181398391724,-0.5129464268684387,0.578125,14.140625,14.71875,1.0
distractor_delta,8,technical_backup_023,33,synthetic_technical_config,-0.234375,-0.01049119234085083,-0.5227678418159485,0.234375,15.6875,15.921875,1.0
distractor_delta,8,technical_config_021,34,synthetic_technical_config,-0.609375,-0.06924307346343994,-0.5120535492897034,0.609375,16.65625,17.265625,1.0
distractor_delta,8,technical_feature_flag_024,35,synthetic_technical_config,-0.59375,-0.38600319623947144,-0.512499988079071,0.59375,14.71875,15.3125,1.0
distractor_delta,9,academic_attendance_019,0,synthetic_academic_rules,-0.953125,-1.2136662006378174,-0.5022321343421936,0.953125,15.625,16.578125,1.0
distractor_delta,9,academic_grading_018,1,synthetic_academic_rules,0.25,-0.19575589895248413,-0.5366071462631226,-0.25,14.90625,14.65625,1.0
distractor_delta,9,academic_latework_020,2,synthetic_academic_rules,-1.03125,-0.8501542806625366,-0.5,1.03125,15.4375,16.46875,1.0
distractor_delta,9,academic_prereq_017,3,synthetic_academic_rules,-0.34375,0.13245880603790283,-0.5196428298950195,0.34375,15.28125,15.625,1.0
distractor_delta,9,contract_rental_029,4,synthetic_contract,-2.140625,-1.1333012580871582,-0.4683035612106323,2.140625,16.234375,18.375,1.0
distractor_delta,9,contract_service_030,5,synthetic_contract,-0.28125,-0.9146804809570312,-0.5214285850524902,0.28125,16.09375,16.375,1.0
distractor_delta,9,contract_ticket_032,6,synthetic_contract,0.421875,-1.5309278964996338,-0.5415178537368774,-0.421875,18.765625,18.34375,1.0
distractor_delta,9,contract_warranty_031,7,synthetic_contract,-1.984375,-0.7825002074241638,-0.4727678596973419,1.984375,17.703125,19.6875,1.0
distractor_delta,9,finance_budget_007,8,synthetic_finance,-1.59375,-1.074682593345642,-0.4839285612106323,1.59375,13.234375,14.828125,1.0
distractor_delta,9,finance_coupon_006,9,synthetic_finance,0.140625,-0.37776219844818115,-0.5334821343421936,-0.140625,15.1875,15.046875,1.0
distractor_delta,9,finance_membership_008,10,synthetic_finance,0.6875,-0.041966140270233154,-0.5491071343421936,-0.6875,15.390625,14.703125,1.0
distractor_delta,9,finance_refund_005,11,synthetic_finance,-0.28125,-0.576504647731781,-0.5214285850524902,0.28125,14.390625,14.671875,1.0
distractor_delta,9,logic_access_033,12,synthetic_logic_rules,-0.734375,-0.7296611070632935,-0.5084821581840515,0.734375,14.234375,14.96875,1.0
distractor_delta,9,logic_eligibility_034,13,synthetic_logic_rules,-0.875,-0.5082815885543823,-0.5044642686843872,0.875,15.625,16.5,1.0
distractor_delta,9,logic_shipping_035,14,synthetic_logic_rules,-0.5,-0.45106077194213867,-0.5151785612106323,0.5,13.5,14.0,1.0
distractor_delta,9,logic_tournament_036,15,synthetic_logic_rules,-1.078125,-0.449844092130661,-0.49866071343421936,1.078125,8.3125,9.390625,1.0
distractor_delta,9,policy_lab_access_002,16,synthetic_policy,-1.265625,-1.642884373664856,-0.4933035671710968,1.265625,14.171875,15.4375,1.0
distractor_delta,9,policy_library_checkout_003,17,synthetic_policy,-1.15625,-0.5623371601104736,-0.49642857909202576,1.15625,16.578125,17.734375,1.0
distractor_delta,9,policy_lunch_pass_001,18,synthetic_policy,-1.140625,-0.43900805711746216,-0.49687498807907104,1.140625,14.8125,15.953125,1.0
distractor_delta,9,policy_rec_center_004,19,synthetic_policy,-1.640625,-1.0070513486862183,-0.4825892746448517,1.640625,14.21875,15.859375,1.0
distractor_delta,9,product_specs_025,20,synthetic_product_specs,-0.046875,-0.6322956085205078,-0.528124988079071,0.046875,16.328125,16.375,1.0
distractor_delta,9,product_specs_026,21,synthetic_product_specs,-0.984375,0.8491329550743103,-0.5013392567634583,0.984375,14.921875,15.90625,1.0
distractor_delta,9,product_specs_027,22,synthetic_product_specs,-0.59375,-0.45572835206985474,-0.512499988079071,0.59375,16.109375,16.703125,1.0
distractor_delta,9,product_specs_028,23,synthetic_product_specs,-0.609375,-1.9182465076446533,-0.5120535492897034,0.609375,15.0625,15.671875,1.0
distractor_delta,9,schedule_clinic_011,24,synthetic_schedule,-1.515625,-0.5917070508003235,-0.4861607253551483,1.515625,15.9375,17.453125,1.0
distractor_delta,9,schedule_exam_010,25,synthetic_schedule,0.734375,0.18143731355667114,-0.5504464507102966,-0.734375,14.96875,14.234375,1.0
distractor_delta,9,schedule_train_009,26,synthetic_schedule,0.5625,-0.8813215494155884,-0.5455357432365417,-0.5625,14.625,14.0625,1.0
distractor_delta,9,schedule_workshop_012,27,synthetic_schedule,-0.5625,-0.5798064470291138,-0.5133928656578064,0.5625,15.484375,16.046875,1.0
distractor_delta,9,science_battery_016,28,synthetic_science_text,0.328125,0.7728760838508606,-0.5388392806053162,-0.328125,14.703125,14.375,1.0
distractor_delta,9,science_mineral_014,29,synthetic_science_text,-0.296875,-0.749180018901825,-0.5209821462631226,0.296875,13.640625,13.9375,1.0
distractor_delta,9,science_plant_013,30,synthetic_science_text,0.421875,0.06902658939361572,-0.5415178537368774,-0.421875,15.359375,14.9375,1.0
distractor_delta,9,science_weather_015,31,synthetic_science_text,1.546875,0.6377698183059692,-0.5736607313156128,-1.546875,12.671875,11.125,1.0
distractor_delta,9,technical_api_022,32,synthetic_technical_config,-0.578125,-0.6010491847991943,-0.5129464268684387,0.578125,14.140625,14.71875,1.0
distractor_delta,9,technical_backup_023,33,synthetic_technical_config,-0.234375,0.004967153072357178,-0.5227678418159485,0.234375,15.6875,15.921875,1.0
distractor_delta,9,technical_config_021,34,synthetic_technical_config,-0.609375,-0.0896962583065033,-0.5120535492897034,0.609375,16.65625,17.265625,1.0
distractor_delta,9,technical_feature_flag_024,35,synthetic_technical_config,-0.59375,-0.24458709359169006,-0.512499988079071,0.59375,14.71875,15.3125,1.0
distractor_delta,10,academic_attendance_019,0,synthetic_academic_rules,-0.953125,-1.3234987258911133,-0.5022321343421936,0.953125,15.625,16.578125,1.0
distractor_delta,10,academic_grading_018,1,synthetic_academic_rules,0.25,-0.1373073160648346,-0.5366071462631226,-0.25,14.90625,14.65625,1.0
distractor_delta,10,academic_latework_020,2,synthetic_academic_rules,-1.03125,-1.000844955444336,-0.5,1.03125,15.4375,16.46875,1.0
distractor_delta,10,academic_prereq_017,3,synthetic_academic_rules,-0.34375,0.4426335096359253,-0.5196428298950195,0.34375,15.28125,15.625,1.0
distractor_delta,10,contract_rental_029,4,synthetic_contract,-2.140625,-1.1932214498519897,-0.4683035612106323,2.140625,16.234375,18.375,1.0
distractor_delta,10,contract_service_030,5,synthetic_contract,-0.28125,-0.9399715662002563,-0.5214285850524902,0.28125,16.09375,16.375,1.0
distractor_delta,10,contract_ticket_032,6,synthetic_contract,0.421875,-1.345746636390686,-0.5415178537368774,-0.421875,18.765625,18.34375,1.0
distractor_delta,10,contract_warranty_031,7,synthetic_contract,-1.984375,-0.7514854669570923,-0.4727678596973419,1.984375,17.703125,19.6875,1.0
distractor_delta,10,finance_budget_007,8,synthetic_finance,-1.59375,-1.092214822769165,-0.4839285612106323,1.59375,13.234375,14.828125,1.0
distractor_delta,10,finance_coupon_006,9,synthetic_finance,0.140625,-0.13769719004631042,-0.5334821343421936,-0.140625,15.1875,15.046875,1.0
distractor_delta,10,finance_membership_008,10,synthetic_finance,0.6875,-0.03741484880447388,-0.5491071343421936,-0.6875,15.390625,14.703125,1.0
distractor_delta,10,finance_refund_005,11,synthetic_finance,-0.28125,-0.66728675365448,-0.5214285850524902,0.28125,14.390625,14.671875,1.0
distractor_delta,10,logic_access_033,12,synthetic_logic_rules,-0.734375,-0.3770759105682373,-0.5084821581840515,0.734375,14.234375,14.96875,1.0
distractor_delta,10,logic_eligibility_034,13,synthetic_logic_rules,-0.875,-0.4365280270576477,-0.5044642686843872,0.875,15.625,16.5,1.0
distractor_delta,10,logic_shipping_035,14,synthetic_logic_rules,-0.5,-0.558245062828064,-0.5151785612106323,0.5,13.5,14.0,1.0
distractor_delta,10,logic_tournament_036,15,synthetic_logic_rules,-1.078125,-0.3263953924179077,-0.49866071343421936,1.078125,8.3125,9.390625,1.0
distractor_delta,10,policy_lab_access_002,16,synthetic_policy,-1.265625,-1.2826757431030273,-0.4933035671710968,1.265625,14.171875,15.4375,1.0
distractor_delta,10,policy_library_checkout_003,17,synthetic_policy,-1.15625,-1.0582332611083984,-0.49642857909202576,1.15625,16.578125,17.734375,1.0
distractor_delta,10,policy_lunch_pass_001,18,synthetic_policy,-1.140625,-0.786867618560791,-0.49687498807907104,1.140625,14.8125,15.953125,1.0
distractor_delta,10,policy_rec_center_004,19,synthetic_policy,-1.640625,-0.8146331310272217,-0.4825892746448517,1.640625,14.21875,15.859375,1.0
distractor_delta,10,product_specs_025,20,synthetic_product_specs,-0.046875,-0.8234699964523315,-0.528124988079071,0.046875,16.328125,16.375,1.0
distractor_delta,10,product_specs_026,21,synthetic_product_specs,-0.984375,1.3960819244384766,-0.5013392567634583,0.984375,14.921875,15.90625,1.0
distractor_delta,10,product_specs_027,22,synthetic_product_specs,-0.59375,-0.5544303059577942,-0.512499988079071,0.59375,16.109375,16.703125,1.0
distractor_delta,10,product_specs_028,23,synthetic_product_specs,-0.609375,-1.6525628566741943,-0.5120535492897034,0.609375,15.0625,15.671875,1.0
distractor_delta,10,schedule_clinic_011,24,synthetic_schedule,-1.515625,-0.33220604062080383,-0.4861607253551483,1.515625,15.9375,17.453125,1.0
distractor_delta,10,schedule_exam_010,25,synthetic_schedule,0.734375,0.013878464698791504,-0.5504464507102966,-0.734375,14.96875,14.234375,1.0
distractor_delta,10,schedule_train_009,26,synthetic_schedule,0.5625,-0.8878582119941711,-0.5455357432365417,-0.5625,14.625,14.0625,1.0
distractor_delta,10,schedule_workshop_012,27,synthetic_schedule,-0.5625,-0.6108636856079102,-0.5133928656578064,0.5625,15.484375,16.046875,1.0
distractor_delta,10,science_battery_016,28,synthetic_science_text,0.328125,0.5349929928779602,-0.5388392806053162,-0.328125,14.703125,14.375,1.0
distractor_delta,10,science_mineral_014,29,synthetic_science_text,-0.296875,-0.6457640528678894,-0.5209821462631226,0.296875,13.640625,13.9375,1.0
distractor_delta,10,science_plant_013,30,synthetic_science_text,0.421875,-0.02282416820526123,-0.5415178537368774,-0.421875,15.359375,14.9375,1.0
distractor_delta,10,science_weather_015,31,synthetic_science_text,1.546875,0.6174399852752686,-0.5736607313156128,-1.546875,12.671875,11.125,1.0
distractor_delta,10,technical_api_022,32,synthetic_technical_config,-0.578125,-0.683577299118042,-0.5129464268684387,0.578125,14.140625,14.71875,1.0
distractor_delta,10,technical_backup_023,33,synthetic_technical_config,-0.234375,0.2911298871040344,-0.5227678418159485,0.234375,15.6875,15.921875,1.0
distractor_delta,10,technical_config_021,34,synthetic_technical_config,-0.609375,-0.1315462589263916,-0.5120535492897034,0.609375,16.65625,17.265625,1.0
distractor_delta,10,technical_feature_flag_024,35,synthetic_technical_config,-0.59375,-0.686037003993988,-0.512499988079071,0.59375,14.71875,15.3125,1.0
distractor_delta,11,academic_attendance_019,0,synthetic_academic_rules,-0.953125,-1.152827262878418,-0.5022321343421936,0.953125,15.625,16.578125,1.0
distractor_delta,11,academic_grading_018,1,synthetic_academic_rules,0.25,-0.04645729064941406,-0.5366071462631226,-0.25,14.90625,14.65625,1.0
distractor_delta,11,academic_latework_020,2,synthetic_academic_rules,-1.03125,-1.047694206237793,-0.5,1.03125,15.4375,16.46875,1.0
distractor_delta,11,academic_prereq_017,3,synthetic_academic_rules,-0.34375,0.29933226108551025,-0.5196428298950195,0.34375,15.28125,15.625,1.0
distractor_delta,11,contract_rental_029,4,synthetic_contract,-2.140625,-1.1629481315612793,-0.4683035612106323,2.140625,16.234375,18.375,1.0
distractor_delta,11,contract_service_030,5,synthetic_contract,-0.28125,-0.8940093517303467,-0.5214285850524902,0.28125,16.09375,16.375,1.0
distractor_delta,11,contract_ticket_032,6,synthetic_contract,0.421875,-1.3646262884140015,-0.5415178537368774,-0.421875,18.765625,18.34375,1.0
distractor_delta,11,contract_warranty_031,7,synthetic_contract,-1.984375,-0.6719309091567993,-0.4727678596973419,1.984375,17.703125,19.6875,1.0
distractor_delta,11,finance_budget_007,8,synthetic_finance,-1.59375,-1.2842726707458496,-0.4839285612106323,1.59375,13.234375,14.828125,1.0
distractor_delta,11,finance_coupon_006,9,synthetic_finance,0.140625,0.15994113683700562,-0.5334821343421936,-0.140625,15.1875,15.046875,1.0
distractor_delta,11,finance_membership_008,10,synthetic_finance,0.6875,-0.0802956223487854,-0.5491071343421936,-0.6875,15.390625,14.703125,1.0
distractor_delta,11,finance_refund_005,11,synthetic_finance,-0.28125,-0.5063616633415222,-0.5214285850524902,0.28125,14.390625,14.671875,1.0
distractor_delta,11,logic_access_033,12,synthetic_logic_rules,-0.734375,-0.40497663617134094,-0.5084821581840515,0.734375,14.234375,14.96875,1.0
distractor_delta,11,logic_eligibility_034,13,synthetic_logic_rules,-0.875,-0.3538304269313812,-0.5044642686843872,0.875,15.625,16.5,1.0
distractor_delta,11,logic_shipping_035,14,synthetic_logic_rules,-0.5,-0.43766140937805176,-0.5151785612106323,0.5,13.5,14.0,1.0
distractor_delta,11,logic_tournament_036,15,synthetic_logic_rules,-1.078125,0.026844888925552368,-0.49866071343421936,1.078125,8.3125,9.390625,1.0
distractor_delta,11,policy_lab_access_002,16,synthetic_policy,-1.265625,-1.2269448041915894,-0.4933035671710968,1.265625,14.171875,15.4375,1.0
distractor_delta,11,policy_library_checkout_003,17,synthetic_policy,-1.15625,-1.149305820465088,-0.49642857909202576,1.15625,16.578125,17.734375,1.0
distractor_delta,11,policy_lunch_pass_001,18,synthetic_policy,-1.140625,-0.8204858303070068,-0.49687498807907104,1.140625,14.8125,15.953125,1.0
distractor_delta,11,policy_rec_center_004,19,synthetic_policy,-1.640625,-0.8953593373298645,-0.4825892746448517,1.640625,14.21875,15.859375,1.0
distractor_delta,11,product_specs_025,20,synthetic_product_specs,-0.046875,-0.6741942167282104,-0.528124988079071,0.046875,16.328125,16.375,1.0
distractor_delta,11,product_specs_026,21,synthetic_product_specs,-0.984375,1.2649428844451904,-0.5013392567634583,0.984375,14.921875,15.90625,1.0
distractor_delta,11,product_specs_027,22,synthetic_product_specs,-0.59375,-0.6814810633659363,-0.512499988079071,0.59375,16.109375,16.703125,1.0
distractor_delta,11,product_specs_028,23,synthetic_product_specs,-0.609375,-1.5098568201065063,-0.5120535492897034,0.609375,15.0625,15.671875,1.0
distractor_delta,11,schedule_clinic_011,24,synthetic_schedule,-1.515625,-0.27715742588043213,-0.4861607253551483,1.515625,15.9375,17.453125,1.0
distractor_delta,11,schedule_exam_010,25,synthetic_schedule,0.734375,-0.08866095542907715,-0.5504464507102966,-0.734375,14.96875,14.234375,1.0
distractor_delta,11,schedule_train_009,26,synthetic_schedule,0.5625,-0.8780140280723572,-0.5455357432365417,-0.5625,14.625,14.0625,1.0
distractor_delta,11,schedule_workshop_012,27,synthetic_schedule,-0.5625,-0.4906961917877197,-0.5133928656578064,0.5625,15.484375,16.046875,1.0
distractor_delta,11,science_battery_016,28,synthetic_science_text,0.328125,0.5724378228187561,-0.5388392806053162,-0.328125,14.703125,14.375,1.0
distractor_delta,11,science_mineral_014,29,synthetic_science_text,-0.296875,-0.4305214285850525,-0.5209821462631226,0.296875,13.640625,13.9375,1.0
distractor_delta,11,science_plant_013,30,synthetic_science_text,0.421875,-0.6607872247695923,-0.5415178537368774,-0.421875,15.359375,14.9375,1.0
distractor_delta,11,science_weather_015,31,synthetic_science_text,1.546875,0.7470378875732422,-0.5736607313156128,-1.546875,12.671875,11.125,1.0
distractor_delta,11,technical_api_022,32,synthetic_technical_config,-0.578125,-0.6333651542663574,-0.5129464268684387,0.578125,14.140625,14.71875,1.0
distractor_delta,11,technical_backup_023,33,synthetic_technical_config,-0.234375,0.033633649349212646,-0.5227678418159485,0.234375,15.6875,15.921875,1.0
distractor_delta,11,technical_config_021,34,synthetic_technical_config,-0.609375,-0.18762904405593872,-0.5120535492897034,0.609375,16.65625,17.265625,1.0
distractor_delta,11,technical_feature_flag_024,35,synthetic_technical_config,-0.59375,-0.8703148365020752,-0.512499988079071,0.59375,14.71875,15.3125,1.0
distractor_delta,12,academic_attendance_019,0,synthetic_academic_rules,-0.953125,-1.3019390106201172,-0.5022321343421936,0.953125,15.625,16.578125,1.0
distractor_delta,12,academic_grading_018,1,synthetic_academic_rules,0.25,-0.2750812768936157,-0.5366071462631226,-0.25,14.90625,14.65625,1.0
distractor_delta,12,academic_latework_020,2,synthetic_academic_rules,-1.03125,-0.8851624727249146,-0.5,1.03125,15.4375,16.46875,1.0
distractor_delta,12,academic_prereq_017,3,synthetic_academic_rules,-0.34375,0.7658846378326416,-0.5196428298950195,0.34375,15.28125,15.625,1.0
distractor_delta,12,contract_rental_029,4,synthetic_contract,-2.140625,-1.2129080295562744,-0.4683035612106323,2.140625,16.234375,18.375,1.0
distractor_delta,12,contract_service_030,5,synthetic_contract,-0.28125,-0.42023077607154846,-0.5214285850524902,0.28125,16.09375,16.375,1.0
distractor_delta,12,contract_ticket_032,6,synthetic_contract,0.421875,-1.2466707229614258,-0.5415178537368774,-0.421875,18.765625,18.34375,1.0
distractor_delta,12,contract_warranty_031,7,synthetic_contract,-1.984375,-0.7335950136184692,-0.4727678596973419,1.984375,17.703125,19.6875,1.0
distractor_delta,12,finance_budget_007,8,synthetic_finance,-1.59375,-0.6564486026763916,-0.4839285612106323,1.59375,13.234375,14.828125,1.0
distractor_delta,12,finance_coupon_006,9,synthetic_finance,0.140625,0.17431169748306274,-0.5334821343421936,-0.140625,15.1875,15.046875,1.0
distractor_delta,12,finance_membership_008,10,synthetic_finance,0.6875,-0.24714678525924683,-0.5491071343421936,-0.6875,15.390625,14.703125,1.0
distractor_delta,12,finance_refund_005,11,synthetic_finance,-0.28125,-0.5419469475746155,-0.5214285850524902,0.28125,14.390625,14.671875,1.0
distractor_delta,12,logic_access_033,12,synthetic_logic_rules,-0.734375,-0.7054715156555176,-0.5084821581840515,0.734375,14.234375,14.96875,1.0
distractor_delta,12,logic_eligibility_034,13,synthetic_logic_rules,-0.875,-0.3197401165962219,-0.5044642686843872,0.875,15.625,16.5,1.0
distractor_delta,12,logic_shipping_035,14,synthetic_logic_rules,-0.5,-0.35013043880462646,-0.5151785612106323,0.5,13.5,14.0,1.0
distractor_delta,12,logic_tournament_036,15,synthetic_logic_rules,-1.078125,-0.1397462785243988,-0.49866071343421936,1.078125,8.3125,9.390625,1.0
distractor_delta,12,policy_lab_access_002,16,synthetic_policy,-1.265625,-1.6313207149505615,-0.4933035671710968,1.265625,14.171875,15.4375,1.0
distractor_delta,12,policy_library_checkout_003,17,synthetic_policy,-1.15625,-1.3800911903381348,-0.49642857909202576,1.15625,16.578125,17.734375,1.0
distractor_delta,12,policy_lunch_pass_001,18,synthetic_policy,-1.140625,-0.735617458820343,-0.49687498807907104,1.140625,14.8125,15.953125,1.0
distractor_delta,12,policy_rec_center_004,19,synthetic_policy,-1.640625,-0.8690265417098999,-0.4825892746448517,1.640625,14.21875,15.859375,1.0
distractor_delta,12,product_specs_025,20,synthetic_product_specs,-0.046875,-0.6978789567947388,-0.528124988079071,0.046875,16.328125,16.375,1.0
distractor_delta,12,product_specs_026,21,synthetic_product_specs,-0.984375,1.1695988178253174,-0.5013392567634583,0.984375,14.921875,15.90625,1.0
distractor_delta,12,product_specs_027,22,synthetic_product_specs,-0.59375,-0.5853270888328552,-0.512499988079071,0.59375,16.109375,16.703125,1.0
distractor_delta,12,product_specs_028,23,synthetic_product_specs,-0.609375,-1.582090139389038,-0.5120535492897034,0.609375,15.0625,15.671875,1.0
distractor_delta,12,schedule_clinic_011,24,synthetic_schedule,-1.515625,-0.4549640417098999,-0.4861607253551483,1.515625,15.9375,17.453125,1.0
distractor_delta,12,schedule_exam_010,25,synthetic_schedule,0.734375,-0.21935993432998657,-0.5504464507102966,-0.734375,14.96875,14.234375,1.0
distractor_delta,12,schedule_train_009,26,synthetic_schedule,0.5625,-0.5753597617149353,-0.5455357432365417,-0.5625,14.625,14.0625,1.0
distractor_delta,12,schedule_workshop_012,27,synthetic_schedule,-0.5625,-0.26387396454811096,-0.5133928656578064,0.5625,15.484375,16.046875,1.0
distractor_delta,12,science_battery_016,28,synthetic_science_text,0.328125,0.17905372381210327,-0.5388392806053162,-0.328125,14.703125,14.375,1.0
distractor_delta,12,science_mineral_014,29,synthetic_science_text,-0.296875,-0.08361291885375977,-0.5209821462631226,0.296875,13.640625,13.9375,1.0
distractor_delta,12,science_plant_013,30,synthetic_science_text,0.421875,-0.7427889108657837,-0.5415178537368774,-0.421875,15.359375,14.9375,1.0
distractor_delta,12,science_weather_015,31,synthetic_science_text,1.546875,0.41284680366516113,-0.5736607313156128,-1.546875,12.671875,11.125,1.0
distractor_delta,12,technical_api_022,32,synthetic_technical_config,-0.578125,-0.7762128114700317,-0.5129464268684387,0.578125,14.140625,14.71875,1.0
distractor_delta,12,technical_backup_023,33,synthetic_technical_config,-0.234375,0.036194562911987305,-0.5227678418159485,0.234375,15.6875,15.921875,1.0
distractor_delta,12,technical_config_021,34,synthetic_technical_config,-0.609375,-0.36622777581214905,-0.5120535492897034,0.609375,16.65625,17.265625,1.0
distractor_delta,12,technical_feature_flag_024,35,synthetic_technical_config,-0.59375,-0.889793872833252,-0.512499988079071,0.59375,14.71875,15.3125,1.0
distractor_delta,13,academic_attendance_019,0,synthetic_academic_rules,-0.953125,-1.6190917491912842,-0.5022321343421936,0.953125,15.625,16.578125,1.0
distractor_delta,13,academic_grading_018,1,synthetic_academic_rules,0.25,-0.49768248200416565,-0.5366071462631226,-0.25,14.90625,14.65625,1.0
distractor_delta,13,academic_latework_020,2,synthetic_academic_rules,-1.03125,-0.6363042593002319,-0.5,1.03125,15.4375,16.46875,1.0
distractor_delta,13,academic_prereq_017,3,synthetic_academic_rules,-0.34375,0.7125163078308105,-0.5196428298950195,0.34375,15.28125,15.625,1.0
distractor_delta,13,contract_rental_029,4,synthetic_contract,-2.140625,-1.1491620540618896,-0.4683035612106323,2.140625,16.234375,18.375,1.0
distractor_delta,13,contract_service_030,5,synthetic_contract,-0.28125,-0.30564871430397034,-0.5214285850524902,0.28125,16.09375,16.375,1.0
distractor_delta,13,contract_ticket_032,6,synthetic_contract,0.421875,-1.0526683330535889,-0.5415178537368774,-0.421875,18.765625,18.34375,1.0
distractor_delta,13,contract_warranty_031,7,synthetic_contract,-1.984375,-0.38114506006240845,-0.4727678596973419,1.984375,17.703125,19.6875,1.0
distractor_delta,13,finance_budget_007,8,synthetic_finance,-1.59375,-0.5680500268936157,-0.4839285612106323,1.59375,13.234375,14.828125,1.0
distractor_delta,13,finance_coupon_006,9,synthetic_finance,0.140625,-0.18512147665023804,-0.5334821343421936,-0.140625,15.1875,15.046875,1.0
distractor_delta,13,finance_membership_008,10,synthetic_finance,0.6875,-0.5807875394821167,-0.5491071343421936,-0.6875,15.390625,14.703125,1.0
distractor_delta,13,finance_refund_005,11,synthetic_finance,-0.28125,-0.2791205644607544,-0.5214285850524902,0.28125,14.390625,14.671875,1.0
distractor_delta,13,logic_access_033,12,synthetic_logic_rules,-0.734375,-0.710613489151001,-0.5084821581840515,0.734375,14.234375,14.96875,1.0
distractor_delta,13,logic_eligibility_034,13,synthetic_logic_rules,-0.875,-0.23586493730545044,-0.5044642686843872,0.875,15.625,16.5,1.0
distractor_delta,13,logic_shipping_035,14,synthetic_logic_rules,-0.5,-0.2557109594345093,-0.5151785612106323,0.5,13.5,14.0,1.0
distractor_delta,13,logic_tournament_036,15,synthetic_logic_rules,-1.078125,-0.4754389822483063,-0.49866071343421936,1.078125,8.3125,9.390625,1.0
distractor_delta,13,policy_lab_access_002,16,synthetic_policy,-1.265625,-1.9691216945648193,-0.4933035671710968,1.265625,14.171875,15.4375,1.0
distractor_delta,13,policy_library_checkout_003,17,synthetic_policy,-1.15625,-1.4446276426315308,-0.49642857909202576,1.15625,16.578125,17.734375,1.0
distractor_delta,13,policy_lunch_pass_001,18,synthetic_policy,-1.140625,-0.6423717141151428,-0.49687498807907104,1.140625,14.8125,15.953125,1.0
distractor_delta,13,policy_rec_center_004,19,synthetic_policy,-1.640625,-0.8672287464141846,-0.4825892746448517,1.640625,14.21875,15.859375,1.0
distractor_delta,13,product_specs_025,20,synthetic_product_specs,-0.046875,-0.5219972729682922,-0.528124988079071,0.046875,16.328125,16.375,1.0
distractor_delta,13,product_specs_026,21,synthetic_product_specs,-0.984375,1.0627684593200684,-0.5013392567634583,0.984375,14.921875,15.90625,1.0
distractor_delta,13,product_specs_027,22,synthetic_product_specs,-0.59375,-0.6821215152740479,-0.512499988079071,0.59375,16.109375,16.703125,1.0
distractor_delta,13,product_specs_028,23,synthetic_product_specs,-0.609375,-1.5401437282562256,-0.5120535492897034,0.609375,15.0625,15.671875,1.0
distractor_delta,13,schedule_clinic_011,24,synthetic_schedule,-1.515625,-0.506087064743042,-0.4861607253551483,1.515625,15.9375,17.453125,1.0
distractor_delta,13,schedule_exam_010,25,synthetic_schedule,0.734375,-0.04634827375411987,-0.5504464507102966,-0.734375,14.96875,14.234375,1.0
distractor_delta,13,schedule_train_009,26,synthetic_schedule,0.5625,-0.7021019458770752,-0.5455357432365417,-0.5625,14.625,14.0625,1.0
distractor_delta,13,schedule_workshop_012,27,synthetic_schedule,-0.5625,-0.25162094831466675,-0.5133928656578064,0.5625,15.484375,16.046875,1.0
distractor_delta,13,science_battery_016,28,synthetic_science_text,0.328125,0.40615707635879517,-0.5388392806053162,-0.328125,14.703125,14.375,1.0
distractor_delta,13,science_mineral_014,29,synthetic_science_text,-0.296875,-0.09621119499206543,-0.5209821462631226,0.296875,13.640625,13.9375,1.0
distractor_delta,13,science_plant_013,30,synthetic_science_text,0.421875,-0.5918742418289185,-0.5415178537368774,-0.421875,15.359375,14.9375,1.0
distractor_delta,13,science_weather_015,31,synthetic_science_text,1.546875,0.3701133728027344,-0.5736607313156128,-1.546875,12.671875,11.125,1.0
distractor_delta,13,technical_api_022,32,synthetic_technical_config,-0.578125,-0.6826878786087036,-0.5129464268684387,0.578125,14.140625,14.71875,1.0
distractor_delta,13,technical_backup_023,33,synthetic_technical_config,-0.234375,-0.11947476863861084,-0.5227678418159485,0.234375,15.6875,15.921875,1.0
distractor_delta,13,technical_config_021,34,synthetic_technical_config,-0.609375,-0.5433188676834106,-0.5120535492897034,0.609375,16.65625,17.265625,1.0
distractor_delta,13,technical_feature_flag_024,35,synthetic_technical_config,-0.59375,-0.8105242252349854,-0.512499988079071,0.59375,14.71875,15.3125,1.0
distractor_delta,14,academic_attendance_019,0,synthetic_academic_rules,-0.953125,-1.3404309749603271,-0.5022321343421936,0.953125,15.625,16.578125,1.0
distractor_delta,14,academic_grading_018,1,synthetic_academic_rules,0.25,-0.4849335551261902,-0.5366071462631226,-0.25,14.90625,14.65625,1.0
distractor_delta,14,academic_latework_020,2,synthetic_academic_rules,-1.03125,-0.6081507205963135,-0.5,1.03125,15.4375,16.46875,1.0
distractor_delta,14,academic_prereq_017,3,synthetic_academic_rules,-0.34375,0.4273967742919922,-0.5196428298950195,0.34375,15.28125,15.625,1.0
distractor_delta,14,contract_rental_029,4,synthetic_contract,-2.140625,-1.2692071199417114,-0.4683035612106323,2.140625,16.234375,18.375,1.0
distractor_delta,14,contract_service_030,5,synthetic_contract,-0.28125,-0.6146771311759949,-0.5214285850524902,0.28125,16.09375,16.375,1.0
distractor_delta,14,contract_ticket_032,6,synthetic_contract,0.421875,-1.0182015895843506,-0.5415178537368774,-0.421875,18.765625,18.34375,1.0
distractor_delta,14,contract_warranty_031,7,synthetic_contract,-1.984375,-0.43839389085769653,-0.4727678596973419,1.984375,17.703125,19.6875,1.0
distractor_delta,14,finance_budget_007,8,synthetic_finance,-1.59375,-0.6383736729621887,-0.4839285612106323,1.59375,13.234375,14.828125,1.0
distractor_delta,14,finance_coupon_006,9,synthetic_finance,0.140625,-0.2252131700515747,-0.5334821343421936,-0.140625,15.1875,15.046875,1.0
distractor_delta,14,finance_membership_008,10,synthetic_finance,0.6875,-0.6542202234268188,-0.5491071343421936,-0.6875,15.390625,14.703125,1.0
distractor_delta,14,finance_refund_005,11,synthetic_finance,-0.28125,-0.36378324031829834,-0.5214285850524902,0.28125,14.390625,14.671875,1.0
distractor_delta,14,logic_access_033,12,synthetic_logic_rules,-0.734375,-0.8918666243553162,-0.5084821581840515,0.734375,14.234375,14.96875,1.0
distractor_delta,14,logic_eligibility_034,13,synthetic_logic_rules,-0.875,-0.36816006898880005,-0.5044642686843872,0.875,15.625,16.5,1.0
distractor_delta,14,logic_shipping_035,14,synthetic_logic_rules,-0.5,-0.313383013010025,-0.5151785612106323,0.5,13.5,14.0,1.0
distractor_delta,14,logic_tournament_036,15,synthetic_logic_rules,-1.078125,-0.2994236350059509,-0.49866071343421936,1.078125,8.3125,9.390625,1.0
distractor_delta,14,policy_lab_access_002,16,synthetic_policy,-1.265625,-1.9049317836761475,-0.4933035671710968,1.265625,14.171875,15.4375,1.0
distractor_delta,14,policy_library_checkout_003,17,synthetic_policy,-1.15625,-1.2071781158447266,-0.49642857909202576,1.15625,16.578125,17.734375,1.0
distractor_delta,14,policy_lunch_pass_001,18,synthetic_policy,-1.140625,-0.8994188904762268,-0.49687498807907104,1.140625,14.8125,15.953125,1.0
distractor_delta,14,policy_rec_center_004,19,synthetic_policy,-1.640625,-1.0138581991195679,-0.4825892746448517,1.640625,14.21875,15.859375,1.0
distractor_delta,14,product_specs_025,20,synthetic_product_specs,-0.046875,-0.5041496157646179,-0.528124988079071,0.046875,16.328125,16.375,1.0
distractor_delta,14,product_specs_026,21,synthetic_product_specs,-0.984375,1.0321946144104004,-0.5013392567634583,0.984375,14.921875,15.90625,1.0
distractor_delta,14,product_specs_027,22,synthetic_product_specs,-0.59375,-0.36254799365997314,-0.512499988079071,0.59375,16.109375,16.703125,1.0
distractor_delta,14,product_specs_028,23,synthetic_product_specs,-0.609375,-1.5367279052734375,-0.5120535492897034,0.609375,15.0625,15.671875,1.0
distractor_delta,14,schedule_clinic_011,24,synthetic_schedule,-1.515625,-0.5046796798706055,-0.4861607253551483,1.515625,15.9375,17.453125,1.0
distractor_delta,14,schedule_exam_010,25,synthetic_schedule,0.734375,0.022467970848083496,-0.5504464507102966,-0.734375,14.96875,14.234375,1.0
distractor_delta,14,schedule_train_009,26,synthetic_schedule,0.5625,-0.8504927158355713,-0.5455357432365417,-0.5625,14.625,14.0625,1.0
distractor_delta,14,schedule_workshop_012,27,synthetic_schedule,-0.5625,-0.395378053188324,-0.5133928656578064,0.5625,15.484375,16.046875,1.0
distractor_delta,14,science_battery_016,28,synthetic_science_text,0.328125,0.06120091676712036,-0.5388392806053162,-0.328125,14.703125,14.375,1.0
distractor_delta,14,science_mineral_014,29,synthetic_science_text,-0.296875,-0.03039616346359253,-0.5209821462631226,0.296875,13.640625,13.9375,1.0
distractor_delta,14,science_plant_013,30,synthetic_science_text,0.421875,-0.6117226481437683,-0.5415178537368774,-0.421875,15.359375,14.9375,1.0
distractor_delta,14,science_weather_015,31,synthetic_science_text,1.546875,0.8371225595474243,-0.5736607313156128,-1.546875,12.671875,11.125,1.0
distractor_delta,14,technical_api_022,32,synthetic_technical_config,-0.578125,-0.5382691621780396,-0.5129464268684387,0.578125,14.140625,14.71875,1.0
distractor_delta,14,technical_backup_023,33,synthetic_technical_config,-0.234375,0.08207130432128906,-0.5227678418159485,0.234375,15.6875,15.921875,1.0
distractor_delta,14,technical_config_021,34,synthetic_technical_config,-0.609375,-0.43051978945732117,-0.5120535492897034,0.609375,16.65625,17.265625,1.0
distractor_delta,14,technical_feature_flag_024,35,synthetic_technical_config,-0.59375,-0.7810735702514648,-0.512499988079071,0.59375,14.71875,15.3125,1.0
distractor_delta,15,academic_attendance_019,0,synthetic_academic_rules,-0.953125,-1.2567157745361328,-0.5022321343421936,0.953125,15.625,16.578125,1.0
distractor_delta,15,academic_grading_018,1,synthetic_academic_rules,0.25,-0.23455888032913208,-0.5366071462631226,-0.25,14.90625,14.65625,1.0
distractor_delta,15,academic_latework_020,2,synthetic_academic_rules,-1.03125,-0.7082905769348145,-0.5,1.03125,15.4375,16.46875,1.0
distractor_delta,15,academic_prereq_017,3,synthetic_academic_rules,-0.34375,0.22023022174835205,-0.5196428298950195,0.34375,15.28125,15.625,1.0
distractor_delta,15,contract_rental_029,4,synthetic_contract,-2.140625,-1.2938083410263062,-0.4683035612106323,2.140625,16.234375,18.375,1.0
distractor_delta,15,contract_service_030,5,synthetic_contract,-0.28125,-0.6765815019607544,-0.5214285850524902,0.28125,16.09375,16.375,1.0
distractor_delta,15,contract_ticket_032,6,synthetic_contract,0.421875,-1.0306371450424194,-0.5415178537368774,-0.421875,18.765625,18.34375,1.0
distractor_delta,15,contract_warranty_031,7,synthetic_contract,-1.984375,-0.6746437549591064,-0.4727678596973419,1.984375,17.703125,19.6875,1.0
distractor_delta,15,finance_budget_007,8,synthetic_finance,-1.59375,-0.6927730441093445,-0.4839285612106323,1.59375,13.234375,14.828125,1.0
distractor_delta,15,finance_coupon_006,9,synthetic_finance,0.140625,-0.2569029927253723,-0.5334821343421936,-0.140625,15.1875,15.046875,1.0
distractor_delta,15,finance_membership_008,10,synthetic_finance,0.6875,-0.5527471303939819,-0.5491071343421936,-0.6875,15.390625,14.703125,1.0
distractor_delta,15,finance_refund_005,11,synthetic_finance,-0.28125,-0.38408830761909485,-0.5214285850524902,0.28125,14.390625,14.671875,1.0
distractor_delta,15,logic_access_033,12,synthetic_logic_rules,-0.734375,-0.9007089734077454,-0.5084821581840515,0.734375,14.234375,14.96875,1.0
distractor_delta,15,logic_eligibility_034,13,synthetic_logic_rules,-0.875,-0.6104657649993896,-0.5044642686843872,0.875,15.625,16.5,1.0
distractor_delta,15,logic_shipping_035,14,synthetic_logic_rules,-0.5,-0.2227785587310791,-0.5151785612106323,0.5,13.5,14.0,1.0
distractor_delta,15,logic_tournament_036,15,synthetic_logic_rules,-1.078125,-0.7114455103874207,-0.49866071343421936,1.078125,8.3125,9.390625,1.0
distractor_delta,15,policy_lab_access_002,16,synthetic_policy,-1.265625,-1.8678044080734253,-0.4933035671710968,1.265625,14.171875,15.4375,1.0
distractor_delta,15,policy_library_checkout_003,17,synthetic_policy,-1.15625,-1.320563554763794,-0.49642857909202576,1.15625,16.578125,17.734375,1.0
distractor_delta,15,policy_lunch_pass_001,18,synthetic_policy,-1.140625,-0.8521890640258789,-0.49687498807907104,1.140625,14.8125,15.953125,1.0
distractor_delta,15,policy_rec_center_004,19,synthetic_policy,-1.640625,-0.9667977094650269,-0.4825892746448517,1.640625,14.21875,15.859375,1.0
distractor_delta,15,product_specs_025,20,synthetic_product_specs,-0.046875,-0.6184967160224915,-0.528124988079071,0.046875,16.328125,16.375,1.0
distractor_delta,15,product_specs_026,21,synthetic_product_specs,-0.984375,0.8080148100852966,-0.5013392567634583,0.984375,14.921875,15.90625,1.0
distractor_delta,15,product_specs_027,22,synthetic_product_specs,-0.59375,-0.25557947158813477,-0.512499988079071,0.59375,16.109375,16.703125,1.0
distractor_delta,15,product_specs_028,23,synthetic_product_specs,-0.609375,-1.2593488693237305,-0.5120535492897034,0.609375,15.0625,15.671875,1.0
distractor_delta,15,schedule_clinic_011,24,synthetic_schedule,-1.515625,-0.5831241011619568,-0.4861607253551483,1.515625,15.9375,17.453125,1.0
distractor_delta,15,schedule_exam_010,25,synthetic_schedule,0.734375,0.27628082036972046,-0.5504464507102966,-0.734375,14.96875,14.234375,1.0
distractor_delta,15,schedule_train_009,26,synthetic_schedule,0.5625,-0.7622047066688538,-0.5455357432365417,-0.5625,14.625,14.0625,1.0
distractor_delta,15,schedule_workshop_012,27,synthetic_schedule,-0.5625,-0.26726382970809937,-0.5133928656578064,0.5625,15.484375,16.046875,1.0
distractor_delta,15,science_battery_016,28,synthetic_science_text,0.328125,0.12223201990127563,-0.5388392806053162,-0.328125,14.703125,14.375,1.0
distractor_delta,15,science_mineral_014,29,synthetic_science_text,-0.296875,-0.2037445604801178,-0.5209821462631226,0.296875,13.640625,13.9375,1.0
distractor_delta,15,science_plant_013,30,synthetic_science_text,0.421875,-0.42176318168640137,-0.5415178537368774,-0.421875,15.359375,14.9375,1.0
distractor_delta,15,science_weather_015,31,synthetic_science_text,1.546875,0.9173539876937866,-0.5736607313156128,-1.546875,12.671875,11.125,1.0
distractor_delta,15,technical_api_022,32,synthetic_technical_config,-0.578125,-0.4701743721961975,-0.5129464268684387,0.578125,14.140625,14.71875,1.0
distractor_delta,15,technical_backup_023,33,synthetic_technical_config,-0.234375,0.18395322561264038,-0.5227678418159485,0.234375,15.6875,15.921875,1.0
distractor_delta,15,technical_config_021,34,synthetic_technical_config,-0.609375,-0.2986348271369934,-0.5120535492897034,0.609375,16.65625,17.265625,1.0
distractor_delta,15,technical_feature_flag_024,35,synthetic_technical_config,-0.59375,-0.7900494933128357,-0.512499988079071,0.59375,14.71875,15.3125,1.0
distractor_delta,16,academic_attendance_019,0,synthetic_academic_rules,-0.953125,-1.0922839641571045,-0.5022321343421936,0.953125,15.625,16.578125,1.0
distractor_delta,16,academic_grading_018,1,synthetic_academic_rules,0.25,0.21755719184875488,-0.5366071462631226,-0.25,14.90625,14.65625,1.0
distractor_delta,16,academic_latework_020,2,synthetic_academic_rules,-1.03125,-0.9793766140937805,-0.5,1.03125,15.4375,16.46875,1.0
distractor_delta,16,academic_prereq_017,3,synthetic_academic_rules,-0.34375,0.18341350555419922,-0.5196428298950195,0.34375,15.28125,15.625,1.0
distractor_delta,16,contract_rental_029,4,synthetic_contract,-2.140625,-1.4473466873168945,-0.4683035612106323,2.140625,16.234375,18.375,1.0
distractor_delta,16,contract_service_030,5,synthetic_contract,-0.28125,-0.9559000134468079,-0.5214285850524902,0.28125,16.09375,16.375,1.0
distractor_delta,16,contract_ticket_032,6,synthetic_contract,0.421875,-0.8293918371200562,-0.5415178537368774,-0.421875,18.765625,18.34375,1.0
distractor_delta,16,contract_warranty_031,7,synthetic_contract,-1.984375,-0.748058557510376,-0.4727678596973419,1.984375,17.703125,19.6875,1.0
distractor_delta,16,finance_budget_007,8,synthetic_finance,-1.59375,-1.0304352045059204,-0.4839285612106323,1.59375,13.234375,14.828125,1.0
distractor_delta,16,finance_coupon_006,9,synthetic_finance,0.140625,-0.2039082944393158,-0.5334821343421936,-0.140625,15.1875,15.046875,1.0
distractor_delta,16,finance_membership_008,10,synthetic_finance,0.6875,-0.43596094846725464,-0.5491071343421936,-0.6875,15.390625,14.703125,1.0
distractor_delta,16,finance_refund_005,11,synthetic_finance,-0.28125,-0.5071204900741577,-0.5214285850524902,0.28125,14.390625,14.671875,1.0
distractor_delta,16,logic_access_033,12,synthetic_logic_rules,-0.734375,-0.7839396595954895,-0.5084821581840515,0.734375,14.234375,14.96875,1.0
distractor_delta,16,logic_eligibility_034,13,synthetic_logic_rules,-0.875,-0.4886978268623352,-0.5044642686843872,0.875,15.625,16.5,1.0
distractor_delta,16,logic_shipping_035,14,synthetic_logic_rules,-0.5,-0.5086337327957153,-0.5151785612106323,0.5,13.5,14.0,1.0
distractor_delta,16,logic_tournament_036,15,synthetic_logic_rules,-1.078125,-0.9720315933227539,-0.49866071343421936,1.078125,8.3125,9.390625,1.0
distractor_delta,16,policy_lab_access_002,16,synthetic_policy,-1.265625,-1.4589496850967407,-0.4933035671710968,1.265625,14.171875,15.4375,1.0
distractor_delta,16,policy_library_checkout_003,17,synthetic_policy,-1.15625,-0.9584064483642578,-0.49642857909202576,1.15625,16.578125,17.734375,1.0
distractor_delta,16,policy_lunch_pass_001,18,synthetic_policy,-1.140625,-1.1866638660430908,-0.49687498807907104,1.140625,14.8125,15.953125,1.0
distractor_delta,16,policy_rec_center_004,19,synthetic_policy,-1.640625,-1.2874751091003418,-0.4825892746448517,1.640625,14.21875,15.859375,1.0
distractor_delta,16,product_specs_025,20,synthetic_product_specs,-0.046875,-0.4291975498199463,-0.528124988079071,0.046875,16.328125,16.375,1.0
distractor_delta,16,product_specs_026,21,synthetic_product_specs,-0.984375,0.18897485733032227,-0.5013392567634583,0.984375,14.921875,15.90625,1.0
distractor_delta,16,product_specs_027,22,synthetic_product_specs,-0.59375,-0.27246999740600586,-0.512499988079071,0.59375,16.109375,16.703125,1.0
distractor_delta,16,product_specs_028,23,synthetic_product_specs,-0.609375,-1.0062470436096191,-0.5120535492897034,0.609375,15.0625,15.671875,1.0
distractor_delta,16,schedule_clinic_011,24,synthetic_schedule,-1.515625,-0.5624247193336487,-0.4861607253551483,1.515625,15.9375,17.453125,1.0
distractor_delta,16,schedule_exam_010,25,synthetic_schedule,0.734375,0.19779175519943237,-0.5504464507102966,-0.734375,14.96875,14.234375,1.0
distractor_delta,16,schedule_train_009,26,synthetic_schedule,0.5625,-0.6606005430221558,-0.5455357432365417,-0.5625,14.625,14.0625,1.0
distractor_delta,16,schedule_workshop_012,27,synthetic_schedule,-0.5625,-0.4229922294616699,-0.5133928656578064,0.5625,15.484375,16.046875,1.0
distractor_delta,16,science_battery_016,28,synthetic_science_text,0.328125,0.13586807250976562,-0.5388392806053162,-0.328125,14.703125,14.375,1.0
distractor_delta,16,science_mineral_014,29,synthetic_science_text,-0.296875,-0.019745469093322754,-0.5209821462631226,0.296875,13.640625,13.9375,1.0
distractor_delta,16,science_plant_013,30,synthetic_science_text,0.421875,-0.3668007254600525,-0.5415178537368774,-0.421875,15.359375,14.9375,1.0
distractor_delta,16,science_weather_015,31,synthetic_science_text,1.546875,1.7167752981185913,-0.5736607313156128,-1.546875,12.671875,11.125,1.0
distractor_delta,16,technical_api_022,32,synthetic_technical_config,-0.578125,-0.4449067711830139,-0.5129464268684387,0.578125,14.140625,14.71875,1.0
distractor_delta,16,technical_backup_023,33,synthetic_technical_config,-0.234375,-0.12516307830810547,-0.5227678418159485,0.234375,15.6875,15.921875,1.0
distractor_delta,16,technical_config_021,34,synthetic_technical_config,-0.609375,-0.47634953260421753,-0.5120535492897034,0.609375,16.65625,17.265625,1.0
distractor_delta,16,technical_feature_flag_024,35,synthetic_technical_config,-0.59375,-0.6454561948776245,-0.512499988079071,0.59375,14.71875,15.3125,1.0
distractor_delta,17,academic_attendance_019,0,synthetic_academic_rules,-0.953125,-1.1582489013671875,-0.5022321343421936,0.953125,15.625,16.578125,1.0
distractor_delta,17,academic_grading_018,1,synthetic_academic_rules,0.25,0.04225677251815796,-0.5366071462631226,-0.25,14.90625,14.65625,1.0
distractor_delta,17,academic_latework_020,2,synthetic_academic_rules,-1.03125,-0.9276113510131836,-0.5,1.03125,15.4375,16.46875,1.0
distractor_delta,17,academic_prereq_017,3,synthetic_academic_rules,-0.34375,0.34341299533843994,-0.5196428298950195,0.34375,15.28125,15.625,1.0
distractor_delta,17,contract_rental_029,4,synthetic_contract,-2.140625,-1.5208393335342407,-0.4683035612106323,2.140625,16.234375,18.375,1.0
distractor_delta,17,contract_service_030,5,synthetic_contract,-0.28125,-0.7118779420852661,-0.5214285850524902,0.28125,16.09375,16.375,1.0
distractor_delta,17,contract_ticket_032,6,synthetic_contract,0.421875,-0.7026634216308594,-0.5415178537368774,-0.421875,18.765625,18.34375,1.0
distractor_delta,17,contract_warranty_031,7,synthetic_contract,-1.984375,-1.077576756477356,-0.4727678596973419,1.984375,17.703125,19.6875,1.0
distractor_delta,17,finance_budget_007,8,synthetic_finance,-1.59375,-0.7228361368179321,-0.4839285612106323,1.59375,13.234375,14.828125,1.0
distractor_delta,17,finance_coupon_006,9,synthetic_finance,0.140625,-0.36771881580352783,-0.5334821343421936,-0.140625,15.1875,15.046875,1.0
distractor_delta,17,finance_membership_008,10,synthetic_finance,0.6875,-0.6361457705497742,-0.5491071343421936,-0.6875,15.390625,14.703125,1.0
distractor_delta,17,finance_refund_005,11,synthetic_finance,-0.28125,-0.5905233025550842,-0.5214285850524902,0.28125,14.390625,14.671875,1.0
distractor_delta,17,logic_access_033,12,synthetic_logic_rules,-0.734375,-0.9376169443130493,-0.5084821581840515,0.734375,14.234375,14.96875,1.0
distractor_delta,17,logic_eligibility_034,13,synthetic_logic_rules,-0.875,-0.425174355506897,-0.5044642686843872,0.875,15.625,16.5,1.0
distractor_delta,17,logic_shipping_035,14,synthetic_logic_rules,-0.5,-0.4653240740299225,-0.5151785612106323,0.5,13.5,14.0,1.0
distractor_delta,17,logic_tournament_036,15,synthetic_logic_rules,-1.078125,-1.256565809249878,-0.49866071343421936,1.078125,8.3125,9.390625,1.0
distractor_delta,17,policy_lab_access_002,16,synthetic_policy,-1.265625,-1.4349594116210938,-0.4933035671710968,1.265625,14.171875,15.4375,1.0
distractor_delta,17,policy_library_checkout_003,17,synthetic_policy,-1.15625,-0.8351309299468994,-0.49642857909202576,1.15625,16.578125,17.734375,1.0
distractor_delta,17,policy_lunch_pass_001,18,synthetic_policy,-1.140625,-1.253464937210083,-0.49687498807907104,1.140625,14.8125,15.953125,1.0
distractor_delta,17,policy_rec_center_004,19,synthetic_policy,-1.640625,-1.1546944379806519,-0.4825892746448517,1.640625,14.21875,15.859375,1.0
distractor_delta,17,product_specs_025,20,synthetic_product_specs,-0.046875,-0.3213992118835449,-0.528124988079071,0.046875,16.328125,16.375,1.0
distractor_delta,17,product_specs_026,21,synthetic_product_specs,-0.984375,0.019541919231414795,-0.5013392567634583,0.984375,14.921875,15.90625,1.0
distractor_delta,17,product_specs_027,22,synthetic_product_specs,-0.59375,-0.31099367141723633,-0.512499988079071,0.59375,16.109375,16.703125,1.0
distractor_delta,17,product_specs_028,23,synthetic_product_specs,-0.609375,-0.8026607632637024,-0.5120535492897034,0.609375,15.0625,15.671875,1.0
distractor_delta,17,schedule_clinic_011,24,synthetic_schedule,-1.515625,-0.8453784584999084,-0.4861607253551483,1.515625,15.9375,17.453125,1.0
distractor_delta,17,schedule_exam_010,25,synthetic_schedule,0.734375,0.24360120296478271,-0.5504464507102966,-0.734375,14.96875,14.234375,1.0
distractor_delta,17,schedule_train_009,26,synthetic_schedule,0.5625,-0.14951518177986145,-0.5455357432365417,-0.5625,14.625,14.0625,1.0
distractor_delta,17,schedule_workshop_012,27,synthetic_schedule,-0.5625,-0.2255491018295288,-0.5133928656578064,0.5625,15.484375,16.046875,1.0
distractor_delta,17,science_battery_016,28,synthetic_science_text,0.328125,-0.11210364103317261,-0.5388392806053162,-0.328125,14.703125,14.375,1.0
distractor_delta,17,science_mineral_014,29,synthetic_science_text,-0.296875,0.22349900007247925,-0.5209821462631226,0.296875,13.640625,13.9375,1.0
distractor_delta,17,science_plant_013,30,synthetic_science_text,0.421875,-0.3571063280105591,-0.5415178537368774,-0.421875,15.359375,14.9375,1.0
distractor_delta,17,science_weather_015,31,synthetic_science_text,1.546875,1.6554032564163208,-0.5736607313156128,-1.546875,12.671875,11.125,1.0
distractor_delta,17,technical_api_022,32,synthetic_technical_config,-0.578125,-0.3462168574333191,-0.5129464268684387,0.578125,14.140625,14.71875,1.0
distractor_delta,17,technical_backup_023,33,synthetic_technical_config,-0.234375,-0.3741415739059448,-0.5227678418159485,0.234375,15.6875,15.921875,1.0
distractor_delta,17,technical_config_021,34,synthetic_technical_config,-0.609375,-0.5006404519081116,-0.5120535492897034,0.609375,16.65625,17.265625,1.0
distractor_delta,17,technical_feature_flag_024,35,synthetic_technical_config,-0.59375,-0.7433847784996033,-0.512499988079071,0.59375,14.71875,15.3125,1.0
distractor_delta,18,academic_attendance_019,0,synthetic_academic_rules,-0.953125,-1.018467664718628,-0.5022321343421936,0.953125,15.625,16.578125,1.0
distractor_delta,18,academic_grading_018,1,synthetic_academic_rules,0.25,0.06944769620895386,-0.5366071462631226,-0.25,14.90625,14.65625,1.0
distractor_delta,18,academic_latework_020,2,synthetic_academic_rules,-1.03125,-0.8581703305244446,-0.5,1.03125,15.4375,16.46875,1.0
distractor_delta,18,academic_prereq_017,3,synthetic_academic_rules,-0.34375,-0.401639461517334,-0.5196428298950195,0.34375,15.28125,15.625,1.0
distractor_delta,18,contract_rental_029,4,synthetic_contract,-2.140625,-1.3369979858398438,-0.4683035612106323,2.140625,16.234375,18.375,1.0
distractor_delta,18,contract_service_030,5,synthetic_contract,-0.28125,-1.0903284549713135,-0.5214285850524902,0.28125,16.09375,16.375,1.0
distractor_delta,18,contract_ticket_032,6,synthetic_contract,0.421875,-0.5966707468032837,-0.5415178537368774,-0.421875,18.765625,18.34375,1.0
distractor_delta,18,contract_warranty_031,7,synthetic_contract,-1.984375,-0.8347240686416626,-0.4727678596973419,1.984375,17.703125,19.6875,1.0
distractor_delta,18,finance_budget_007,8,synthetic_finance,-1.59375,-0.49624720215797424,-0.4839285612106323,1.59375,13.234375,14.828125,1.0
distractor_delta,18,finance_coupon_006,9,synthetic_finance,0.140625,-0.33020949363708496,-0.5334821343421936,-0.140625,15.1875,15.046875,1.0
distractor_delta,18,finance_membership_008,10,synthetic_finance,0.6875,-0.5688511729240417,-0.5491071343421936,-0.6875,15.390625,14.703125,1.0
distractor_delta,18,finance_refund_005,11,synthetic_finance,-0.28125,-0.8711588382720947,-0.5214285850524902,0.28125,14.390625,14.671875,1.0
distractor_delta,18,logic_access_033,12,synthetic_logic_rules,-0.734375,-0.7540024518966675,-0.5084821581840515,0.734375,14.234375,14.96875,1.0
distractor_delta,18,logic_eligibility_034,13,synthetic_logic_rules,-0.875,-0.5654431581497192,-0.5044642686843872,0.875,15.625,16.5,1.0
distractor_delta,18,logic_shipping_035,14,synthetic_logic_rules,-0.5,-0.2000621259212494,-0.5151785612106323,0.5,13.5,14.0,1.0
distractor_delta,18,logic_tournament_036,15,synthetic_logic_rules,-1.078125,-1.333184003829956,-0.49866071343421936,1.078125,8.3125,9.390625,1.0
distractor_delta,18,policy_lab_access_002,16,synthetic_policy,-1.265625,-1.359495997428894,-0.4933035671710968,1.265625,14.171875,15.4375,1.0
distractor_delta,18,policy_library_checkout_003,17,synthetic_policy,-1.15625,-0.5670919418334961,-0.49642857909202576,1.15625,16.578125,17.734375,1.0
distractor_delta,18,policy_lunch_pass_001,18,synthetic_policy,-1.140625,-1.3932971954345703,-0.49687498807907104,1.140625,14.8125,15.953125,1.0
distractor_delta,18,policy_rec_center_004,19,synthetic_policy,-1.640625,-1.3171319961547852,-0.4825892746448517,1.640625,14.21875,15.859375,1.0
distractor_delta,18,product_specs_025,20,synthetic_product_specs,-0.046875,-0.12041598558425903,-0.528124988079071,0.046875,16.328125,16.375,1.0
distractor_delta,18,product_specs_026,21,synthetic_product_specs,-0.984375,-0.22084519267082214,-0.5013392567634583,0.984375,14.921875,15.90625,1.0
distractor_delta,18,product_specs_027,22,synthetic_product_specs,-0.59375,-0.5554272532463074,-0.512499988079071,0.59375,16.109375,16.703125,1.0
distractor_delta,18,product_specs_028,23,synthetic_product_specs,-0.609375,-0.5977099537849426,-0.5120535492897034,0.609375,15.0625,15.671875,1.0
distractor_delta,18,schedule_clinic_011,24,synthetic_schedule,-1.515625,-0.9643344879150391,-0.4861607253551483,1.515625,15.9375,17.453125,1.0
distractor_delta,18,schedule_exam_010,25,synthetic_schedule,0.734375,0.3744576573371887,-0.5504464507102966,-0.734375,14.96875,14.234375,1.0
distractor_delta,18,schedule_train_009,26,synthetic_schedule,0.5625,-0.18330836296081543,-0.5455357432365417,-0.5625,14.625,14.0625,1.0
distractor_delta,18,schedule_workshop_012,27,synthetic_schedule,-0.5625,0.019390463829040527,-0.5133928656578064,0.5625,15.484375,16.046875,1.0
distractor_delta,18,science_battery_016,28,synthetic_science_text,0.328125,-0.004082322120666504,-0.5388392806053162,-0.328125,14.703125,14.375,1.0
distractor_delta,18,science_mineral_014,29,synthetic_science_text,-0.296875,-0.028768956661224365,-0.5209821462631226,0.296875,13.640625,13.9375,1.0
distractor_delta,18,science_plant_013,30,synthetic_science_text,0.421875,-0.15346452593803406,-0.5415178537368774,-0.421875,15.359375,14.9375,1.0
distractor_delta,18,science_weather_015,31,synthetic_science_text,1.546875,1.6861776113510132,-0.5736607313156128,-1.546875,12.671875,11.125,1.0
distractor_delta,18,technical_api_022,32,synthetic_technical_config,-0.578125,-0.2012353539466858,-0.5129464268684387,0.578125,14.140625,14.71875,1.0
distractor_delta,18,technical_backup_023,33,synthetic_technical_config,-0.234375,-0.5168909430503845,-0.5227678418159485,0.234375,15.6875,15.921875,1.0
distractor_delta,18,technical_config_021,34,synthetic_technical_config,-0.609375,-0.9511114954948425,-0.5120535492897034,0.609375,16.65625,17.265625,1.0
distractor_delta,18,technical_feature_flag_024,35,synthetic_technical_config,-0.59375,-0.5090532898902893,-0.512499988079071,0.59375,14.71875,15.3125,1.0
distractor_delta,19,academic_attendance_019,0,synthetic_academic_rules,-0.953125,-0.9736815094947815,-0.5022321343421936,0.953125,15.625,16.578125,1.0
distractor_delta,19,academic_grading_018,1,synthetic_academic_rules,0.25,-0.3000689744949341,-0.5366071462631226,-0.25,14.90625,14.65625,1.0
distractor_delta,19,academic_latework_020,2,synthetic_academic_rules,-1.03125,-0.6742609739303589,-0.5,1.03125,15.4375,16.46875,1.0
distractor_delta,19,academic_prereq_017,3,synthetic_academic_rules,-0.34375,-0.49911001324653625,-0.5196428298950195,0.34375,15.28125,15.625,1.0
distractor_delta,19,contract_rental_029,4,synthetic_contract,-2.140625,-1.6720367670059204,-0.4683035612106323,2.140625,16.234375,18.375,1.0
distractor_delta,19,contract_service_030,5,synthetic_contract,-0.28125,-0.985024631023407,-0.5214285850524902,0.28125,16.09375,16.375,1.0
distractor_delta,19,contract_ticket_032,6,synthetic_contract,0.421875,-0.726395845413208,-0.5415178537368774,-0.421875,18.765625,18.34375,1.0
distractor_delta,19,contract_warranty_031,7,synthetic_contract,-1.984375,-1.0759598016738892,-0.4727678596973419,1.984375,17.703125,19.6875,1.0
distractor_delta,19,finance_budget_007,8,synthetic_finance,-1.59375,-0.9510655403137207,-0.4839285612106323,1.59375,13.234375,14.828125,1.0
distractor_delta,19,finance_coupon_006,9,synthetic_finance,0.140625,-0.5247095227241516,-0.5334821343421936,-0.140625,15.1875,15.046875,1.0
distractor_delta,19,finance_membership_008,10,synthetic_finance,0.6875,-0.6233087182044983,-0.5491071343421936,-0.6875,15.390625,14.703125,1.0
distractor_delta,19,finance_refund_005,11,synthetic_finance,-0.28125,-1.3686636686325073,-0.5214285850524902,0.28125,14.390625,14.671875,1.0
distractor_delta,19,logic_access_033,12,synthetic_logic_rules,-0.734375,-0.2324536144733429,-0.5084821581840515,0.734375,14.234375,14.96875,1.0
distractor_delta,19,logic_eligibility_034,13,synthetic_logic_rules,-0.875,-0.5595380067825317,-0.5044642686843872,0.875,15.625,16.5,1.0
distractor_delta,19,logic_shipping_035,14,synthetic_logic_rules,-0.5,-0.044884324073791504,-0.5151785612106323,0.5,13.5,14.0,1.0
distractor_delta,19,logic_tournament_036,15,synthetic_logic_rules,-1.078125,-1.0773323774337769,-0.49866071343421936,1.078125,8.3125,9.390625,1.0
distractor_delta,19,policy_lab_access_002,16,synthetic_policy,-1.265625,-0.7214823365211487,-0.4933035671710968,1.265625,14.171875,15.4375,1.0
distractor_delta,19,policy_library_checkout_003,17,synthetic_policy,-1.15625,-0.11666816473007202,-0.49642857909202576,1.15625,16.578125,17.734375,1.0
distractor_delta,19,policy_lunch_pass_001,18,synthetic_policy,-1.140625,-1.5540595054626465,-0.49687498807907104,1.140625,14.8125,15.953125,1.0
distractor_delta,19,policy_rec_center_004,19,synthetic_policy,-1.640625,-1.306777000427246,-0.4825892746448517,1.640625,14.21875,15.859375,1.0
distractor_delta,19,product_specs_025,20,synthetic_product_specs,-0.046875,-0.6066689491271973,-0.528124988079071,0.046875,16.328125,16.375,1.0
distractor_delta,19,product_specs_026,21,synthetic_product_specs,-0.984375,-0.23758792877197266,-0.5013392567634583,0.984375,14.921875,15.90625,1.0
distractor_delta,19,product_specs_027,22,synthetic_product_specs,-0.59375,-0.8288312554359436,-0.512499988079071,0.59375,16.109375,16.703125,1.0
distractor_delta,19,product_specs_028,23,synthetic_product_specs,-0.609375,-0.22378146648406982,-0.5120535492897034,0.609375,15.0625,15.671875,1.0
distractor_delta,19,schedule_clinic_011,24,synthetic_schedule,-1.515625,-0.8748259544372559,-0.4861607253551483,1.515625,15.9375,17.453125,1.0
distractor_delta,19,schedule_exam_010,25,synthetic_schedule,0.734375,0.3003968596458435,-0.5504464507102966,-0.734375,14.96875,14.234375,1.0
distractor_delta,19,schedule_train_009,26,synthetic_schedule,0.5625,-0.17294436693191528,-0.5455357432365417,-0.5625,14.625,14.0625,1.0
distractor_delta,19,schedule_workshop_012,27,synthetic_schedule,-0.5625,0.25126999616622925,-0.5133928656578064,0.5625,15.484375,16.046875,1.0
distractor_delta,19,science_battery_016,28,synthetic_science_text,0.328125,-0.029950320720672607,-0.5388392806053162,-0.328125,14.703125,14.375,1.0
distractor_delta,19,science_mineral_014,29,synthetic_science_text,-0.296875,-0.2176065444946289,-0.5209821462631226,0.296875,13.640625,13.9375,1.0
distractor_delta,19,science_plant_013,30,synthetic_science_text,0.421875,-0.1724015176296234,-0.5415178537368774,-0.421875,15.359375,14.9375,1.0
distractor_delta,19,science_weather_015,31,synthetic_science_text,1.546875,1.1979182958602905,-0.5736607313156128,-1.546875,12.671875,11.125,1.0
distractor_delta,19,technical_api_022,32,synthetic_technical_config,-0.578125,-0.10919040441513062,-0.5129464268684387,0.578125,14.140625,14.71875,1.0
distractor_delta,19,technical_backup_023,33,synthetic_technical_config,-0.234375,-0.5445488691329956,-0.5227678418159485,0.234375,15.6875,15.921875,1.0
distractor_delta,19,technical_config_021,34,synthetic_technical_config,-0.609375,-0.7334818840026855,-0.5120535492897034,0.609375,16.65625,17.265625,1.0
distractor_delta,19,technical_feature_flag_024,35,synthetic_technical_config,-0.59375,-0.47478827834129333,-0.512499988079071,0.59375,14.71875,15.3125,1.0
distractor_delta,20,academic_attendance_019,0,synthetic_academic_rules,-0.953125,-1.1825929880142212,-0.5022321343421936,0.953125,15.625,16.578125,1.0
distractor_delta,20,academic_grading_018,1,synthetic_academic_rules,0.25,-0.322676420211792,-0.5366071462631226,-0.25,14.90625,14.65625,1.0
distractor_delta,20,academic_latework_020,2,synthetic_academic_rules,-1.03125,-0.5070516467094421,-0.5,1.03125,15.4375,16.46875,1.0
distractor_delta,20,academic_prereq_017,3,synthetic_academic_rules,-0.34375,-0.7184624671936035,-0.5196428298950195,0.34375,15.28125,15.625,1.0
distractor_delta,20,contract_rental_029,4,synthetic_contract,-2.140625,-1.6360265016555786,-0.4683035612106323,2.140625,16.234375,18.375,1.0
distractor_delta,20,contract_service_030,5,synthetic_contract,-0.28125,-0.6291289329528809,-0.5214285850524902,0.28125,16.09375,16.375,1.0
distractor_delta,20,contract_ticket_032,6,synthetic_contract,0.421875,-1.054386854171753,-0.5415178537368774,-0.421875,18.765625,18.34375,1.0
distractor_delta,20,contract_warranty_031,7,synthetic_contract,-1.984375,-1.2063676118850708,-0.4727678596973419,1.984375,17.703125,19.6875,1.0
distractor_delta,20,finance_budget_007,8,synthetic_finance,-1.59375,-0.5637780427932739,-0.4839285612106323,1.59375,13.234375,14.828125,1.0
distractor_delta,20,finance_coupon_006,9,synthetic_finance,0.140625,-0.6322628259658813,-0.5334821343421936,-0.140625,15.1875,15.046875,1.0
distractor_delta,20,finance_membership_008,10,synthetic_finance,0.6875,-0.394883930683136,-0.5491071343421936,-0.6875,15.390625,14.703125,1.0
distractor_delta,20,finance_refund_005,11,synthetic_finance,-0.28125,-1.4289770126342773,-0.5214285850524902,0.28125,14.390625,14.671875,1.0
distractor_delta,20,logic_access_033,12,synthetic_logic_rules,-0.734375,-0.5105399489402771,-0.5084821581840515,0.734375,14.234375,14.96875,1.0
distractor_delta,20,logic_eligibility_034,13,synthetic_logic_rules,-0.875,-0.5107420086860657,-0.5044642686843872,0.875,15.625,16.5,1.0
distractor_delta,20,logic_shipping_035,14,synthetic_logic_rules,-0.5,-0.15497714281082153,-0.5151785612106323,0.5,13.5,14.0,1.0
distractor_delta,20,logic_tournament_036,15,synthetic_logic_rules,-1.078125,-0.32541424036026,-0.49866071343421936,1.078125,8.3125,9.390625,1.0
distractor_delta,20,policy_lab_access_002,16,synthetic_policy,-1.265625,-0.7090630531311035,-0.4933035671710968,1.265625,14.171875,15.4375,1.0
distractor_delta,20,policy_library_checkout_003,17,synthetic_policy,-1.15625,-0.27651447057724,-0.49642857909202576,1.15625,16.578125,17.734375,1.0
distractor_delta,20,policy_lunch_pass_001,18,synthetic_policy,-1.140625,-1.5412635803222656,-0.49687498807907104,1.140625,14.8125,15.953125,1.0
distractor_delta,20,policy_rec_center_004,19,synthetic_policy,-1.640625,-0.9881070852279663,-0.4825892746448517,1.640625,14.21875,15.859375,1.0
distractor_delta,20,product_specs_025,20,synthetic_product_specs,-0.046875,-0.27717554569244385,-0.528124988079071,0.046875,16.328125,16.375,1.0
distractor_delta,20,product_specs_026,21,synthetic_product_specs,-0.984375,-0.47176945209503174,-0.5013392567634583,0.984375,14.921875,15.90625,1.0
distractor_delta,20,product_specs_027,22,synthetic_product_specs,-0.59375,-0.9829464554786682,-0.512499988079071,0.59375,16.109375,16.703125,1.0
distractor_delta,20,product_specs_028,23,synthetic_product_specs,-0.609375,-0.31157386302948,-0.5120535492897034,0.609375,15.0625,15.671875,1.0
distractor_delta,20,schedule_clinic_011,24,synthetic_schedule,-1.515625,-0.8349252939224243,-0.4861607253551483,1.515625,15.9375,17.453125,1.0
distractor_delta,20,schedule_exam_010,25,synthetic_schedule,0.734375,-0.017875373363494873,-0.5504464507102966,-0.734375,14.96875,14.234375,1.0
distractor_delta,20,schedule_train_009,26,synthetic_schedule,0.5625,-0.27805855870246887,-0.5455357432365417,-0.5625,14.625,14.0625,1.0
distractor_delta,20,schedule_workshop_012,27,synthetic_schedule,-0.5625,0.07887512445449829,-0.5133928656578064,0.5625,15.484375,16.046875,1.0
distractor_delta,20,science_battery_016,28,synthetic_science_text,0.328125,-0.2991959750652313,-0.5388392806053162,-0.328125,14.703125,14.375,1.0
distractor_delta,20,science_mineral_014,29,synthetic_science_text,-0.296875,-0.27976346015930176,-0.5209821462631226,0.296875,13.640625,13.9375,1.0
distractor_delta,20,science_plant_013,30,synthetic_science_text,0.421875,-0.7495089769363403,-0.5415178537368774,-0.421875,15.359375,14.9375,1.0
distractor_delta,20,science_weather_015,31,synthetic_science_text,1.546875,0.7754106521606445,-0.5736607313156128,-1.546875,12.671875,11.125,1.0
distractor_delta,20,technical_api_022,32,synthetic_technical_config,-0.578125,0.3354678750038147,-0.5129464268684387,0.578125,14.140625,14.71875,1.0
distractor_delta,20,technical_backup_023,33,synthetic_technical_config,-0.234375,-0.6144479513168335,-0.5227678418159485,0.234375,15.6875,15.921875,1.0
distractor_delta,20,technical_config_021,34,synthetic_technical_config,-0.609375,-0.5870101451873779,-0.5120535492897034,0.609375,16.65625,17.265625,1.0
distractor_delta,20,technical_feature_flag_024,35,synthetic_technical_config,-0.59375,-1.0002756118774414,-0.512499988079071,0.59375,14.71875,15.3125,1.0
distractor_delta,21,academic_attendance_019,0,synthetic_academic_rules,-0.953125,-1.67311429977417,-0.5022321343421936,0.953125,15.625,16.578125,1.0
distractor_delta,21,academic_grading_018,1,synthetic_academic_rules,0.25,-0.1335972547531128,-0.5366071462631226,-0.25,14.90625,14.65625,1.0
distractor_delta,21,academic_latework_020,2,synthetic_academic_rules,-1.03125,-0.4155517518520355,-0.5,1.03125,15.4375,16.46875,1.0
distractor_delta,21,academic_prereq_017,3,synthetic_academic_rules,-0.34375,-0.6813280582427979,-0.5196428298950195,0.34375,15.28125,15.625,1.0
distractor_delta,21,contract_rental_029,4,synthetic_contract,-2.140625,-1.6013801097869873,-0.4683035612106323,2.140625,16.234375,18.375,1.0
distractor_delta,21,contract_service_030,5,synthetic_contract,-0.28125,-0.4507561922073364,-0.5214285850524902,0.28125,16.09375,16.375,1.0
distractor_delta,21,contract_ticket_032,6,synthetic_contract,0.421875,-0.9518815279006958,-0.5415178537368774,-0.421875,18.765625,18.34375,1.0
distractor_delta,21,contract_warranty_031,7,synthetic_contract,-1.984375,-1.2527287006378174,-0.4727678596973419,1.984375,17.703125,19.6875,1.0
distractor_delta,21,finance_budget_007,8,synthetic_finance,-1.59375,-0.6943012475967407,-0.4839285612106323,1.59375,13.234375,14.828125,1.0
distractor_delta,21,finance_coupon_006,9,synthetic_finance,0.140625,-0.3959624469280243,-0.5334821343421936,-0.140625,15.1875,15.046875,1.0
distractor_delta,21,finance_membership_008,10,synthetic_finance,0.6875,-0.21399283409118652,-0.5491071343421936,-0.6875,15.390625,14.703125,1.0
distractor_delta,21,finance_refund_005,11,synthetic_finance,-0.28125,-1.0339138507843018,-0.5214285850524902,0.28125,14.390625,14.671875,1.0
distractor_delta,21,logic_access_033,12,synthetic_logic_rules,-0.734375,-0.5762148499488831,-0.5084821581840515,0.734375,14.234375,14.96875,1.0
distractor_delta,21,logic_eligibility_034,13,synthetic_logic_rules,-0.875,-0.5797842741012573,-0.5044642686843872,0.875,15.625,16.5,1.0
distractor_delta,21,logic_shipping_035,14,synthetic_logic_rules,-0.5,-0.23134714365005493,-0.5151785612106323,0.5,13.5,14.0,1.0
distractor_delta,21,logic_tournament_036,15,synthetic_logic_rules,-1.078125,-0.4668066203594208,-0.49866071343421936,1.078125,8.3125,9.390625,1.0
distractor_delta,21,policy_lab_access_002,16,synthetic_policy,-1.265625,-0.5041168332099915,-0.4933035671710968,1.265625,14.171875,15.4375,1.0
distractor_delta,21,policy_library_checkout_003,17,synthetic_policy,-1.15625,-0.5089341998100281,-0.49642857909202576,1.15625,16.578125,17.734375,1.0
distractor_delta,21,policy_lunch_pass_001,18,synthetic_policy,-1.140625,-1.4178252220153809,-0.49687498807907104,1.140625,14.8125,15.953125,1.0
distractor_delta,21,policy_rec_center_004,19,synthetic_policy,-1.640625,-1.1515402793884277,-0.4825892746448517,1.640625,14.21875,15.859375,1.0
distractor_delta,21,product_specs_025,20,synthetic_product_specs,-0.046875,-0.401014506816864,-0.528124988079071,0.046875,16.328125,16.375,1.0
distractor_delta,21,product_specs_026,21,synthetic_product_specs,-0.984375,-0.2975817024707794,-0.5013392567634583,0.984375,14.921875,15.90625,1.0
distractor_delta,21,product_specs_027,22,synthetic_product_specs,-0.59375,-0.809391438961029,-0.512499988079071,0.59375,16.109375,16.703125,1.0
distractor_delta,21,product_specs_028,23,synthetic_product_specs,-0.609375,-0.5283081531524658,-0.5120535492897034,0.609375,15.0625,15.671875,1.0
distractor_delta,21,schedule_clinic_011,24,synthetic_schedule,-1.515625,-1.148864984512329,-0.4861607253551483,1.515625,15.9375,17.453125,1.0
distractor_delta,21,schedule_exam_010,25,synthetic_schedule,0.734375,0.19114238023757935,-0.5504464507102966,-0.734375,14.96875,14.234375,1.0
distractor_delta,21,schedule_train_009,26,synthetic_schedule,0.5625,-0.5824466943740845,-0.5455357432365417,-0.5625,14.625,14.0625,1.0
distractor_delta,21,schedule_workshop_012,27,synthetic_schedule,-0.5625,-0.1381247639656067,-0.5133928656578064,0.5625,15.484375,16.046875,1.0
distractor_delta,21,science_battery_016,28,synthetic_science_text,0.328125,-0.35517042875289917,-0.5388392806053162,-0.328125,14.703125,14.375,1.0
distractor_delta,21,science_mineral_014,29,synthetic_science_text,-0.296875,-0.3974165916442871,-0.5209821462631226,0.296875,13.640625,13.9375,1.0
distractor_delta,21,science_plant_013,30,synthetic_science_text,0.421875,-0.3542547821998596,-0.5415178537368774,-0.421875,15.359375,14.9375,1.0
distractor_delta,21,science_weather_015,31,synthetic_science_text,1.546875,0.5386358499526978,-0.5736607313156128,-1.546875,12.671875,11.125,1.0
distractor_delta,21,technical_api_022,32,synthetic_technical_config,-0.578125,0.1439816951751709,-0.5129464268684387,0.578125,14.140625,14.71875,1.0
distractor_delta,21,technical_backup_023,33,synthetic_technical_config,-0.234375,-0.641383945941925,-0.5227678418159485,0.234375,15.6875,15.921875,1.0
distractor_delta,21,technical_config_021,34,synthetic_technical_config,-0.609375,-0.7446308135986328,-0.5120535492897034,0.609375,16.65625,17.265625,1.0
distractor_delta,21,technical_feature_flag_024,35,synthetic_technical_config,-0.59375,-1.0135600566864014,-0.512499988079071,0.59375,14.71875,15.3125,1.0
distractor_delta,22,academic_attendance_019,0,synthetic_academic_rules,-0.953125,-1.1364001035690308,-0.5022321343421936,0.953125,15.625,16.578125,1.0
distractor_delta,22,academic_grading_018,1,synthetic_academic_rules,0.25,-0.14743751287460327,-0.5366071462631226,-0.25,14.90625,14.65625,1.0
distractor_delta,22,academic_latework_020,2,synthetic_academic_rules,-1.03125,-0.3770958185195923,-0.5,1.03125,15.4375,16.46875,1.0
distractor_delta,22,academic_prereq_017,3,synthetic_academic_rules,-0.34375,-0.7772763967514038,-0.5196428298950195,0.34375,15.28125,15.625,1.0
distractor_delta,22,contract_rental_029,4,synthetic_contract,-2.140625,-1.514512538909912,-0.4683035612106323,2.140625,16.234375,18.375,1.0
distractor_delta,22,contract_service_030,5,synthetic_contract,-0.28125,-0.4494131803512573,-0.5214285850524902,0.28125,16.09375,16.375,1.0
distractor_delta,22,contract_ticket_032,6,synthetic_contract,0.421875,-1.0265247821807861,-0.5415178537368774,-0.421875,18.765625,18.34375,1.0
distractor_delta,22,contract_warranty_031,7,synthetic_contract,-1.984375,-1.258332371711731,-0.4727678596973419,1.984375,17.703125,19.6875,1.0
distractor_delta,22,finance_budget_007,8,synthetic_finance,-1.59375,-0.8009555339813232,-0.4839285612106323,1.59375,13.234375,14.828125,1.0
distractor_delta,22,finance_coupon_006,9,synthetic_finance,0.140625,-0.35112249851226807,-0.5334821343421936,-0.140625,15.1875,15.046875,1.0
distractor_delta,22,finance_membership_008,10,synthetic_finance,0.6875,-0.1357375681400299,-0.5491071343421936,-0.6875,15.390625,14.703125,1.0
distractor_delta,22,finance_refund_005,11,synthetic_finance,-0.28125,-0.8977410197257996,-0.5214285850524902,0.28125,14.390625,14.671875,1.0
distractor_delta,22,logic_access_033,12,synthetic_logic_rules,-0.734375,-0.7911766767501831,-0.5084821581840515,0.734375,14.234375,14.96875,1.0
distractor_delta,22,logic_eligibility_034,13,synthetic_logic_rules,-0.875,-0.7011106610298157,-0.5044642686843872,0.875,15.625,16.5,1.0
distractor_delta,22,logic_shipping_035,14,synthetic_logic_rules,-0.5,-0.18009138107299805,-0.5151785612106323,0.5,13.5,14.0,1.0
distractor_delta,22,logic_tournament_036,15,synthetic_logic_rules,-1.078125,-0.5544133186340332,-0.49866071343421936,1.078125,8.3125,9.390625,1.0
distractor_delta,22,policy_lab_access_002,16,synthetic_policy,-1.265625,-0.6356436610221863,-0.4933035671710968,1.265625,14.171875,15.4375,1.0
distractor_delta,22,policy_library_checkout_003,17,synthetic_policy,-1.15625,-0.5597341656684875,-0.49642857909202576,1.15625,16.578125,17.734375,1.0
distractor_delta,22,policy_lunch_pass_001,18,synthetic_policy,-1.140625,-1.3359355926513672,-0.49687498807907104,1.140625,14.8125,15.953125,1.0
distractor_delta,22,policy_rec_center_004,19,synthetic_policy,-1.640625,-1.1545244455337524,-0.4825892746448517,1.640625,14.21875,15.859375,1.0
distractor_delta,22,product_specs_025,20,synthetic_product_specs,-0.046875,-0.26764747500419617,-0.528124988079071,0.046875,16.328125,16.375,1.0
distractor_delta,22,product_specs_026,21,synthetic_product_specs,-0.984375,-0.41801488399505615,-0.5013392567634583,0.984375,14.921875,15.90625,1.0
distractor_delta,22,product_specs_027,22,synthetic_product_specs,-0.59375,-0.7343417406082153,-0.512499988079071,0.59375,16.109375,16.703125,1.0
distractor_delta,22,product_specs_028,23,synthetic_product_specs,-0.609375,-0.5753462314605713,-0.5120535492897034,0.609375,15.0625,15.671875,1.0
distractor_delta,22,schedule_clinic_011,24,synthetic_schedule,-1.515625,-1.221362829208374,-0.4861607253551483,1.515625,15.9375,17.453125,1.0
distractor_delta,22,schedule_exam_010,25,synthetic_schedule,0.734375,0.028014838695526123,-0.5504464507102966,-0.734375,14.96875,14.234375,1.0
distractor_delta,22,schedule_train_009,26,synthetic_schedule,0.5625,-0.2979966402053833,-0.5455357432365417,-0.5625,14.625,14.0625,1.0
distractor_delta,22,schedule_workshop_012,27,synthetic_schedule,-0.5625,-0.2967001795768738,-0.5133928656578064,0.5625,15.484375,16.046875,1.0
distractor_delta,22,science_battery_016,28,synthetic_science_text,0.328125,-0.16488537192344666,-0.5388392806053162,-0.328125,14.703125,14.375,1.0
distractor_delta,22,science_mineral_014,29,synthetic_science_text,-0.296875,-0.4604784846305847,-0.5209821462631226,0.296875,13.640625,13.9375,1.0
distractor_delta,22,science_plant_013,30,synthetic_science_text,0.421875,-0.07870197296142578,-0.5415178537368774,-0.421875,15.359375,14.9375,1.0
distractor_delta,22,science_weather_015,31,synthetic_science_text,1.546875,0.6247693300247192,-0.5736607313156128,-1.546875,12.671875,11.125,1.0
distractor_delta,22,technical_api_022,32,synthetic_technical_config,-0.578125,0.270487904548645,-0.5129464268684387,0.578125,14.140625,14.71875,1.0
distractor_delta,22,technical_backup_023,33,synthetic_technical_config,-0.234375,-0.515177845954895,-0.5227678418159485,0.234375,15.6875,15.921875,1.0
distractor_delta,22,technical_config_021,34,synthetic_technical_config,-0.609375,-0.8553014993667603,-0.5120535492897034,0.609375,16.65625,17.265625,1.0
distractor_delta,22,technical_feature_flag_024,35,synthetic_technical_config,-0.59375,-0.8517211079597473,-0.512499988079071,0.59375,14.71875,15.3125,1.0
distractor_delta,23,academic_attendance_019,0,synthetic_academic_rules,-0.953125,-1.0092906951904297,-0.5022321343421936,0.953125,15.625,16.578125,1.0
distractor_delta,23,academic_grading_018,1,synthetic_academic_rules,0.25,0.04140305519104004,-0.5366071462631226,-0.25,14.90625,14.65625,1.0
distractor_delta,23,academic_latework_020,2,synthetic_academic_rules,-1.03125,-0.3417741060256958,-0.5,1.03125,15.4375,16.46875,1.0
distractor_delta,23,academic_prereq_017,3,synthetic_academic_rules,-0.34375,-1.1280419826507568,-0.5196428298950195,0.34375,15.28125,15.625,1.0
distractor_delta,23,contract_rental_029,4,synthetic_contract,-2.140625,-1.2900985479354858,-0.4683035612106323,2.140625,16.234375,18.375,1.0
distractor_delta,23,contract_service_030,5,synthetic_contract,-0.28125,-0.46190863847732544,-0.5214285850524902,0.28125,16.09375,16.375,1.0
distractor_delta,23,contract_ticket_032,6,synthetic_contract,0.421875,-1.1896111965179443,-0.5415178537368774,-0.421875,18.765625,18.34375,1.0
distractor_delta,23,contract_warranty_031,7,synthetic_contract,-1.984375,-1.4705700874328613,-0.4727678596973419,1.984375,17.703125,19.6875,1.0
distractor_delta,23,finance_budget_007,8,synthetic_finance,-1.59375,-0.5679922103881836,-0.4839285612106323,1.59375,13.234375,14.828125,1.0
distractor_delta,23,finance_coupon_006,9,synthetic_finance,0.140625,-0.27086272835731506,-0.5334821343421936,-0.140625,15.1875,15.046875,1.0
distractor_delta,23,finance_membership_008,10,synthetic_finance,0.6875,0.1032220721244812,-0.5491071343421936,-0.6875,15.390625,14.703125,1.0
distractor_delta,23,finance_refund_005,11,synthetic_finance,-0.28125,-0.9021013975143433,-0.5214285850524902,0.28125,14.390625,14.671875,1.0
distractor_delta,23,logic_access_033,12,synthetic_logic_rules,-0.734375,-0.6646206378936768,-0.5084821581840515,0.734375,14.234375,14.96875,1.0
distractor_delta,23,logic_eligibility_034,13,synthetic_logic_rules,-0.875,-0.753174364566803,-0.5044642686843872,0.875,15.625,16.5,1.0
distractor_delta,23,logic_shipping_035,14,synthetic_logic_rules,-0.5,-0.14520978927612305,-0.5151785612106323,0.5,13.5,14.0,1.0
distractor_delta,23,logic_tournament_036,15,synthetic_logic_rules,-1.078125,-0.6438353657722473,-0.49866071343421936,1.078125,8.3125,9.390625,1.0
distractor_delta,23,policy_lab_access_002,16,synthetic_policy,-1.265625,-0.5560837388038635,-0.4933035671710968,1.265625,14.171875,15.4375,1.0
distractor_delta,23,policy_library_checkout_003,17,synthetic_policy,-1.15625,-0.7260938882827759,-0.49642857909202576,1.15625,16.578125,17.734375,1.0
distractor_delta,23,policy_lunch_pass_001,18,synthetic_policy,-1.140625,-1.410308837890625,-0.49687498807907104,1.140625,14.8125,15.953125,1.0
distractor_delta,23,policy_rec_center_004,19,synthetic_policy,-1.640625,-0.9604485034942627,-0.4825892746448517,1.640625,14.21875,15.859375,1.0
distractor_delta,23,product_specs_025,20,synthetic_product_specs,-0.046875,-0.36180710792541504,-0.528124988079071,0.046875,16.328125,16.375,1.0
distractor_delta,23,product_specs_026,21,synthetic_product_specs,-0.984375,-0.2944403290748596,-0.5013392567634583,0.984375,14.921875,15.90625,1.0
distractor_delta,23,product_specs_027,22,synthetic_product_specs,-0.59375,-0.8796881437301636,-0.512499988079071,0.59375,16.109375,16.703125,1.0
distractor_delta,23,product_specs_028,23,synthetic_product_specs,-0.609375,-0.38000527024269104,-0.5120535492897034,0.609375,15.0625,15.671875,1.0
distractor_delta,23,schedule_clinic_011,24,synthetic_schedule,-1.515625,-0.9849491119384766,-0.4861607253551483,1.515625,15.9375,17.453125,1.0
distractor_delta,23,schedule_exam_010,25,synthetic_schedule,0.734375,-0.12193521857261658,-0.5504464507102966,-0.734375,14.96875,14.234375,1.0
distractor_delta,23,schedule_train_009,26,synthetic_schedule,0.5625,-0.393655925989151,-0.5455357432365417,-0.5625,14.625,14.0625,1.0
distractor_delta,23,schedule_workshop_012,27,synthetic_schedule,-0.5625,-0.1585540771484375,-0.5133928656578064,0.5625,15.484375,16.046875,1.0
distractor_delta,23,science_battery_016,28,synthetic_science_text,0.328125,-0.02228027582168579,-0.5388392806053162,-0.328125,14.703125,14.375,1.0
distractor_delta,23,science_mineral_014,29,synthetic_science_text,-0.296875,-0.3670814037322998,-0.5209821462631226,0.296875,13.640625,13.9375,1.0
distractor_delta,23,science_plant_013,30,synthetic_science_text,0.421875,-0.14047116041183472,-0.5415178537368774,-0.421875,15.359375,14.9375,1.0
distractor_delta,23,science_weather_015,31,synthetic_science_text,1.546875,0.16874361038208008,-0.5736607313156128,-1.546875,12.671875,11.125,1.0
distractor_delta,23,technical_api_022,32,synthetic_technical_config,-0.578125,0.23823577165603638,-0.5129464268684387,0.578125,14.140625,14.71875,1.0
distractor_delta,23,technical_backup_023,33,synthetic_technical_config,-0.234375,-0.6506456136703491,-0.5227678418159485,0.234375,15.6875,15.921875,1.0
distractor_delta,23,technical_config_021,34,synthetic_technical_config,-0.609375,-1.003516435623169,-0.5120535492897034,0.609375,16.65625,17.265625,1.0
distractor_delta,23,technical_feature_flag_024,35,synthetic_technical_config,-0.59375,-0.7883260250091553,-0.512499988079071,0.59375,14.71875,15.3125,1.0
distractor_delta,24,academic_attendance_019,0,synthetic_academic_rules,-0.953125,-1.2061774730682373,-0.5022321343421936,0.953125,15.625,16.578125,1.0
distractor_delta,24,academic_grading_018,1,synthetic_academic_rules,0.25,-0.08544990420341492,-0.5366071462631226,-0.25,14.90625,14.65625,1.0
distractor_delta,24,academic_latework_020,2,synthetic_academic_rules,-1.03125,-0.2519599497318268,-0.5,1.03125,15.4375,16.46875,1.0
distractor_delta,24,academic_prereq_017,3,synthetic_academic_rules,-0.34375,-1.1537127494812012,-0.5196428298950195,0.34375,15.28125,15.625,1.0
distractor_delta,24,contract_rental_029,4,synthetic_contract,-2.140625,-1.4878889322280884,-0.4683035612106323,2.140625,16.234375,18.375,1.0
distractor_delta,24,contract_service_030,5,synthetic_contract,-0.28125,-0.19991570711135864,-0.5214285850524902,0.28125,16.09375,16.375,1.0
distractor_delta,24,contract_ticket_032,6,synthetic_contract,0.421875,-0.9995434880256653,-0.5415178537368774,-0.421875,18.765625,18.34375,1.0
distractor_delta,24,contract_warranty_031,7,synthetic_contract,-1.984375,-1.1597496271133423,-0.4727678596973419,1.984375,17.703125,19.6875,1.0
distractor_delta,24,finance_budget_007,8,synthetic_finance,-1.59375,-0.7743111848831177,-0.4839285612106323,1.59375,13.234375,14.828125,1.0
distractor_delta,24,finance_coupon_006,9,synthetic_finance,0.140625,-0.15178820490837097,-0.5334821343421936,-0.140625,15.1875,15.046875,1.0
distractor_delta,24,finance_membership_008,10,synthetic_finance,0.6875,0.07505804300308228,-0.5491071343421936,-0.6875,15.390625,14.703125,1.0
distractor_delta,24,finance_refund_005,11,synthetic_finance,-0.28125,-0.843967854976654,-0.5214285850524902,0.28125,14.390625,14.671875,1.0
distractor_delta,24,logic_access_033,12,synthetic_logic_rules,-0.734375,-0.6584545373916626,-0.5084821581840515,0.734375,14.234375,14.96875,1.0
distractor_delta,24,logic_eligibility_034,13,synthetic_logic_rules,-0.875,-0.5150821208953857,-0.5044642686843872,0.875,15.625,16.5,1.0
distractor_delta,24,logic_shipping_035,14,synthetic_logic_rules,-0.5,-0.06942585110664368,-0.5151785612106323,0.5,13.5,14.0,1.0
distractor_delta,24,logic_tournament_036,15,synthetic_logic_rules,-1.078125,-1.003318428993225,-0.49866071343421936,1.078125,8.3125,9.390625,1.0
distractor_delta,24,policy_lab_access_002,16,synthetic_policy,-1.265625,-0.6222453117370605,-0.4933035671710968,1.265625,14.171875,15.4375,1.0
distractor_delta,24,policy_library_checkout_003,17,synthetic_policy,-1.15625,-0.9103654026985168,-0.49642857909202576,1.15625,16.578125,17.734375,1.0
distractor_delta,24,policy_lunch_pass_001,18,synthetic_policy,-1.140625,-1.2898011207580566,-0.49687498807907104,1.140625,14.8125,15.953125,1.0
distractor_delta,24,policy_rec_center_004,19,synthetic_policy,-1.640625,-0.8736423254013062,-0.4825892746448517,1.640625,14.21875,15.859375,1.0
distractor_delta,24,product_specs_025,20,synthetic_product_specs,-0.046875,-0.463655948638916,-0.528124988079071,0.046875,16.328125,16.375,1.0
distractor_delta,24,product_specs_026,21,synthetic_product_specs,-0.984375,-0.309076189994812,-0.5013392567634583,0.984375,14.921875,15.90625,1.0
distractor_delta,24,product_specs_027,22,synthetic_product_specs,-0.59375,-0.8898540139198303,-0.512499988079071,0.59375,16.109375,16.703125,1.0
distractor_delta,24,product_specs_028,23,synthetic_product_specs,-0.609375,-0.21416807174682617,-0.5120535492897034,0.609375,15.0625,15.671875,1.0
distractor_delta,24,schedule_clinic_011,24,synthetic_schedule,-1.515625,-1.1130815744400024,-0.4861607253551483,1.515625,15.9375,17.453125,1.0
distractor_delta,24,schedule_exam_010,25,synthetic_schedule,0.734375,-0.24312904477119446,-0.5504464507102966,-0.734375,14.96875,14.234375,1.0
distractor_delta,24,schedule_train_009,26,synthetic_schedule,0.5625,-0.28215721249580383,-0.5455357432365417,-0.5625,14.625,14.0625,1.0
distractor_delta,24,schedule_workshop_012,27,synthetic_schedule,-0.5625,-0.02561122179031372,-0.5133928656578064,0.5625,15.484375,16.046875,1.0
distractor_delta,24,science_battery_016,28,synthetic_science_text,0.328125,0.09584015607833862,-0.5388392806053162,-0.328125,14.703125,14.375,1.0
distractor_delta,24,science_mineral_014,29,synthetic_science_text,-0.296875,0.029699087142944336,-0.5209821462631226,0.296875,13.640625,13.9375,1.0
distractor_delta,24,science_plant_013,30,synthetic_science_text,0.421875,-0.45455485582351685,-0.5415178537368774,-0.421875,15.359375,14.9375,1.0
distractor_delta,24,science_weather_015,31,synthetic_science_text,1.546875,0.18087875843048096,-0.5736607313156128,-1.546875,12.671875,11.125,1.0
distractor_delta,24,technical_api_022,32,synthetic_technical_config,-0.578125,0.17878001928329468,-0.5129464268684387,0.578125,14.140625,14.71875,1.0
distractor_delta,24,technical_backup_023,33,synthetic_technical_config,-0.234375,-0.4824123978614807,-0.5227678418159485,0.234375,15.6875,15.921875,1.0
distractor_delta,24,technical_config_021,34,synthetic_technical_config,-0.609375,-0.9775737524032593,-0.5120535492897034,0.609375,16.65625,17.265625,1.0
distractor_delta,24,technical_feature_flag_024,35,synthetic_technical_config,-0.59375,-1.0074642896652222,-0.512499988079071,0.59375,14.71875,15.3125,1.0
distractor_delta,25,academic_attendance_019,0,synthetic_academic_rules,-0.953125,-1.027228593826294,-0.5022321343421936,0.953125,15.625,16.578125,1.0
distractor_delta,25,academic_grading_018,1,synthetic_academic_rules,0.25,-0.20758187770843506,-0.5366071462631226,-0.25,14.90625,14.65625,1.0
distractor_delta,25,academic_latework_020,2,synthetic_academic_rules,-1.03125,-0.2523702383041382,-0.5,1.03125,15.4375,16.46875,1.0
distractor_delta,25,academic_prereq_017,3,synthetic_academic_rules,-0.34375,-1.0255941152572632,-0.5196428298950195,0.34375,15.28125,15.625,1.0
distractor_delta,25,contract_rental_029,4,synthetic_contract,-2.140625,-1.5491033792495728,-0.4683035612106323,2.140625,16.234375,18.375,1.0
distractor_delta,25,contract_service_030,5,synthetic_contract,-0.28125,-0.1924315094947815,-0.5214285850524902,0.28125,16.09375,16.375,1.0
distractor_delta,25,contract_ticket_032,6,synthetic_contract,0.421875,-0.9457524418830872,-0.5415178537368774,-0.421875,18.765625,18.34375,1.0
distractor_delta,25,contract_warranty_031,7,synthetic_contract,-1.984375,-1.2357877492904663,-0.4727678596973419,1.984375,17.703125,19.6875,1.0
distractor_delta,25,finance_budget_007,8,synthetic_finance,-1.59375,-0.8273102641105652,-0.4839285612106323,1.59375,13.234375,14.828125,1.0
distractor_delta,25,finance_coupon_006,9,synthetic_finance,0.140625,-0.24905821681022644,-0.5334821343421936,-0.140625,15.1875,15.046875,1.0
distractor_delta,25,finance_membership_008,10,synthetic_finance,0.6875,-0.028875291347503662,-0.5491071343421936,-0.6875,15.390625,14.703125,1.0
distractor_delta,25,finance_refund_005,11,synthetic_finance,-0.28125,-0.7965645790100098,-0.5214285850524902,0.28125,14.390625,14.671875,1.0
distractor_delta,25,logic_access_033,12,synthetic_logic_rules,-0.734375,-0.6105520725250244,-0.5084821581840515,0.734375,14.234375,14.96875,1.0
distractor_delta,25,logic_eligibility_034,13,synthetic_logic_rules,-0.875,-0.5637000203132629,-0.5044642686843872,0.875,15.625,16.5,1.0
distractor_delta,25,logic_shipping_035,14,synthetic_logic_rules,-0.5,-0.12789011001586914,-0.5151785612106323,0.5,13.5,14.0,1.0
distractor_delta,25,logic_tournament_036,15,synthetic_logic_rules,-1.078125,-1.0666791200637817,-0.49866071343421936,1.078125,8.3125,9.390625,1.0
distractor_delta,25,policy_lab_access_002,16,synthetic_policy,-1.265625,-0.648054838180542,-0.4933035671710968,1.265625,14.171875,15.4375,1.0
distractor_delta,25,policy_library_checkout_003,17,synthetic_policy,-1.15625,-0.9243515729904175,-0.49642857909202576,1.15625,16.578125,17.734375,1.0
distractor_delta,25,policy_lunch_pass_001,18,synthetic_policy,-1.140625,-1.2445628643035889,-0.49687498807907104,1.140625,14.8125,15.953125,1.0
distractor_delta,25,policy_rec_center_004,19,synthetic_policy,-1.640625,-0.8004382848739624,-0.4825892746448517,1.640625,14.21875,15.859375,1.0
distractor_delta,25,product_specs_025,20,synthetic_product_specs,-0.046875,-0.3824712336063385,-0.528124988079071,0.046875,16.328125,16.375,1.0
distractor_delta,25,product_specs_026,21,synthetic_product_specs,-0.984375,-0.31931382417678833,-0.5013392567634583,0.984375,14.921875,15.90625,1.0
distractor_delta,25,product_specs_027,22,synthetic_product_specs,-0.59375,-0.8965673446655273,-0.512499988079071,0.59375,16.109375,16.703125,1.0
distractor_delta,25,product_specs_028,23,synthetic_product_specs,-0.609375,-0.2930278182029724,-0.5120535492897034,0.609375,15.0625,15.671875,1.0
distractor_delta,25,schedule_clinic_011,24,synthetic_schedule,-1.515625,-1.2309129238128662,-0.4861607253551483,1.515625,15.9375,17.453125,1.0
distractor_delta,25,schedule_exam_010,25,synthetic_schedule,0.734375,-0.02396482229232788,-0.5504464507102966,-0.734375,14.96875,14.234375,1.0
distractor_delta,25,schedule_train_009,26,synthetic_schedule,0.5625,-0.07205131649971008,-0.5455357432365417,-0.5625,14.625,14.0625,1.0
distractor_delta,25,schedule_workshop_012,27,synthetic_schedule,-0.5625,-0.08717402815818787,-0.5133928656578064,0.5625,15.484375,16.046875,1.0
distractor_delta,25,science_battery_016,28,synthetic_science_text,0.328125,0.25916415452957153,-0.5388392806053162,-0.328125,14.703125,14.375,1.0
distractor_delta,25,science_mineral_014,29,synthetic_science_text,-0.296875,-0.20640331506729126,-0.5209821462631226,0.296875,13.640625,13.9375,1.0
distractor_delta,25,science_plant_013,30,synthetic_science_text,0.421875,-0.41387617588043213,-0.5415178537368774,-0.421875,15.359375,14.9375,1.0
distractor_delta,25,science_weather_015,31,synthetic_science_text,1.546875,0.15470093488693237,-0.5736607313156128,-1.546875,12.671875,11.125,1.0
distractor_delta,25,technical_api_022,32,synthetic_technical_config,-0.578125,0.18054479360580444,-0.5129464268684387,0.578125,14.140625,14.71875,1.0
distractor_delta,25,technical_backup_023,33,synthetic_technical_config,-0.234375,-0.5991654992103577,-0.5227678418159485,0.234375,15.6875,15.921875,1.0
distractor_delta,25,technical_config_021,34,synthetic_technical_config,-0.609375,-0.8494486808776855,-0.5120535492897034,0.609375,16.65625,17.265625,1.0
distractor_delta,25,technical_feature_flag_024,35,synthetic_technical_config,-0.59375,-1.0391037464141846,-0.512499988079071,0.59375,14.71875,15.3125,1.0
distractor_delta,26,academic_attendance_019,0,synthetic_academic_rules,-0.953125,-1.0978288650512695,-0.5022321343421936,0.953125,15.625,16.578125,1.0
distractor_delta,26,academic_grading_018,1,synthetic_academic_rules,0.25,-0.20398283004760742,-0.5366071462631226,-0.25,14.90625,14.65625,1.0
distractor_delta,26,academic_latework_020,2,synthetic_academic_rules,-1.03125,-0.28984615206718445,-0.5,1.03125,15.4375,16.46875,1.0
distractor_delta,26,academic_prereq_017,3,synthetic_academic_rules,-0.34375,-0.9516168832778931,-0.5196428298950195,0.34375,15.28125,15.625,1.0
distractor_delta,26,contract_rental_029,4,synthetic_contract,-2.140625,-1.5349547863006592,-0.4683035612106323,2.140625,16.234375,18.375,1.0
distractor_delta,26,contract_service_030,5,synthetic_contract,-0.28125,-0.2692301273345947,-0.5214285850524902,0.28125,16.09375,16.375,1.0
distractor_delta,26,contract_ticket_032,6,synthetic_contract,0.421875,-0.8676062226295471,-0.5415178537368774,-0.421875,18.765625,18.34375,1.0
distractor_delta,26,contract_warranty_031,7,synthetic_contract,-1.984375,-1.3466721773147583,-0.4727678596973419,1.984375,17.703125,19.6875,1.0
distractor_delta,26,finance_budget_007,8,synthetic_finance,-1.59375,-0.8838839530944824,-0.4839285612106323,1.59375,13.234375,14.828125,1.0
distractor_delta,26,finance_coupon_006,9,synthetic_finance,0.140625,-0.06430584192276001,-0.5334821343421936,-0.140625,15.1875,15.046875,1.0
distractor_delta,26,finance_membership_008,10,synthetic_finance,0.6875,-0.0707223117351532,-0.5491071343421936,-0.6875,15.390625,14.703125,1.0
distractor_delta,26,finance_refund_005,11,synthetic_finance,-0.28125,-0.7692435383796692,-0.5214285850524902,0.28125,14.390625,14.671875,1.0
distractor_delta,26,logic_access_033,12,synthetic_logic_rules,-0.734375,-0.5031223893165588,-0.5084821581840515,0.734375,14.234375,14.96875,1.0
distractor_delta,26,logic_eligibility_034,13,synthetic_logic_rules,-0.875,-0.5582676529884338,-0.5044642686843872,0.875,15.625,16.5,1.0
distractor_delta,26,logic_shipping_035,14,synthetic_logic_rules,-0.5,-0.1792372167110443,-0.5151785612106323,0.5,13.5,14.0,1.0
distractor_delta,26,logic_tournament_036,15,synthetic_logic_rules,-1.078125,-1.2860832214355469,-0.49866071343421936,1.078125,8.3125,9.390625,1.0
distractor_delta,26,policy_lab_access_002,16,synthetic_policy,-1.265625,-0.6030741930007935,-0.4933035671710968,1.265625,14.171875,15.4375,1.0
distractor_delta,26,policy_library_checkout_003,17,synthetic_policy,-1.15625,-0.9427264928817749,-0.49642857909202576,1.15625,16.578125,17.734375,1.0
distractor_delta,26,policy_lunch_pass_001,18,synthetic_policy,-1.140625,-1.2210177183151245,-0.49687498807907104,1.140625,14.8125,15.953125,1.0
distractor_delta,26,policy_rec_center_004,19,synthetic_policy,-1.640625,-0.8412774205207825,-0.4825892746448517,1.640625,14.21875,15.859375,1.0
distractor_delta,26,product_specs_025,20,synthetic_product_specs,-0.046875,-0.3324616551399231,-0.528124988079071,0.046875,16.328125,16.375,1.0
distractor_delta,26,product_specs_026,21,synthetic_product_specs,-0.984375,-0.2779805660247803,-0.5013392567634583,0.984375,14.921875,15.90625,1.0
distractor_delta,26,product_specs_027,22,synthetic_product_specs,-0.59375,-0.9137219786643982,-0.512499988079071,0.59375,16.109375,16.703125,1.0
distractor_delta,26,product_specs_028,23,synthetic_product_specs,-0.609375,-0.3455354571342468,-0.5120535492897034,0.609375,15.0625,15.671875,1.0
distractor_delta,26,schedule_clinic_011,24,synthetic_schedule,-1.515625,-1.1665871143341064,-0.4861607253551483,1.515625,15.9375,17.453125,1.0
distractor_delta,26,schedule_exam_010,25,synthetic_schedule,0.734375,-0.09336075186729431,-0.5504464507102966,-0.734375,14.96875,14.234375,1.0
distractor_delta,26,schedule_train_009,26,synthetic_schedule,0.5625,-0.0752972960472107,-0.5455357432365417,-0.5625,14.625,14.0625,1.0
distractor_delta,26,schedule_workshop_012,27,synthetic_schedule,-0.5625,0.03923922777175903,-0.5133928656578064,0.5625,15.484375,16.046875,1.0
distractor_delta,26,science_battery_016,28,synthetic_science_text,0.328125,0.3454660177230835,-0.5388392806053162,-0.328125,14.703125,14.375,1.0
distractor_delta,26,science_mineral_014,29,synthetic_science_text,-0.296875,-0.21852755546569824,-0.5209821462631226,0.296875,13.640625,13.9375,1.0
distractor_delta,26,science_plant_013,30,synthetic_science_text,0.421875,-0.33861345052719116,-0.5415178537368774,-0.421875,15.359375,14.9375,1.0
distractor_delta,26,science_weather_015,31,synthetic_science_text,1.546875,-0.010989069938659668,-0.5736607313156128,-1.546875,12.671875,11.125,1.0
distractor_delta,26,technical_api_022,32,synthetic_technical_config,-0.578125,0.2500724196434021,-0.5129464268684387,0.578125,14.140625,14.71875,1.0
distractor_delta,26,technical_backup_023,33,synthetic_technical_config,-0.234375,-0.5453740954399109,-0.5227678418159485,0.234375,15.6875,15.921875,1.0
distractor_delta,26,technical_config_021,34,synthetic_technical_config,-0.609375,-0.959449827671051,-0.5120535492897034,0.609375,16.65625,17.265625,1.0
distractor_delta,26,technical_feature_flag_024,35,synthetic_technical_config,-0.59375,-1.0891664028167725,-0.512499988079071,0.59375,14.71875,15.3125,1.0
distractor_delta,27,academic_attendance_019,0,synthetic_academic_rules,-0.953125,-1.166104793548584,-0.5022321343421936,0.953125,15.625,16.578125,1.0
distractor_delta,27,academic_grading_018,1,synthetic_academic_rules,0.25,-0.075249582529068,-0.5366071462631226,-0.25,14.90625,14.65625,1.0
distractor_delta,27,academic_latework_020,2,synthetic_academic_rules,-1.03125,-0.355144739151001,-0.5,1.03125,15.4375,16.46875,1.0
distractor_delta,27,academic_prereq_017,3,synthetic_academic_rules,-0.34375,-0.9703154563903809,-0.5196428298950195,0.34375,15.28125,15.625,1.0
distractor_delta,27,contract_rental_029,4,synthetic_contract,-2.140625,-1.4499766826629639,-0.4683035612106323,2.140625,16.234375,18.375,1.0
distractor_delta,27,contract_service_030,5,synthetic_contract,-0.28125,-0.23157328367233276,-0.5214285850524902,0.28125,16.09375,16.375,1.0
distractor_delta,27,contract_ticket_032,6,synthetic_contract,0.421875,-0.7045568227767944,-0.5415178537368774,-0.421875,18.765625,18.34375,1.0
distractor_delta,27,contract_warranty_031,7,synthetic_contract,-1.984375,-1.413373351097107,-0.4727678596973419,1.984375,17.703125,19.6875,1.0
distractor_delta,27,finance_budget_007,8,synthetic_finance,-1.59375,-0.9213239550590515,-0.4839285612106323,1.59375,13.234375,14.828125,1.0
distractor_delta,27,finance_coupon_006,9,synthetic_finance,0.140625,-0.11990827322006226,-0.5334821343421936,-0.140625,15.1875,15.046875,1.0
distractor_delta,27,finance_membership_008,10,synthetic_finance,0.6875,-0.10131385922431946,-0.5491071343421936,-0.6875,15.390625,14.703125,1.0
distractor_delta,27,finance_refund_005,11,synthetic_finance,-0.28125,-0.8441508412361145,-0.5214285850524902,0.28125,14.390625,14.671875,1.0
distractor_delta,27,logic_access_033,12,synthetic_logic_rules,-0.734375,-0.3990611135959625,-0.5084821581840515,0.734375,14.234375,14.96875,1.0
distractor_delta,27,logic_eligibility_034,13,synthetic_logic_rules,-0.875,-0.5649171471595764,-0.5044642686843872,0.875,15.625,16.5,1.0
distractor_delta,27,logic_shipping_035,14,synthetic_logic_rules,-0.5,-0.20037880539894104,-0.5151785612106323,0.5,13.5,14.0,1.0
distractor_delta,27,logic_tournament_036,15,synthetic_logic_rules,-1.078125,-1.2886031866073608,-0.49866071343421936,1.078125,8.3125,9.390625,1.0
distractor_delta,27,policy_lab_access_002,16,synthetic_policy,-1.265625,-0.6138192415237427,-0.4933035671710968,1.265625,14.171875,15.4375,1.0
distractor_delta,27,policy_library_checkout_003,17,synthetic_policy,-1.15625,-0.8923447132110596,-0.49642857909202576,1.15625,16.578125,17.734375,1.0
distractor_delta,27,policy_lunch_pass_001,18,synthetic_policy,-1.140625,-1.2463120222091675,-0.49687498807907104,1.140625,14.8125,15.953125,1.0
distractor_delta,27,policy_rec_center_004,19,synthetic_policy,-1.640625,-0.8956136703491211,-0.4825892746448517,1.640625,14.21875,15.859375,1.0
distractor_delta,27,product_specs_025,20,synthetic_product_specs,-0.046875,-0.2752717137336731,-0.528124988079071,0.046875,16.328125,16.375,1.0
distractor_delta,27,product_specs_026,21,synthetic_product_specs,-0.984375,-0.29148468375205994,-0.5013392567634583,0.984375,14.921875,15.90625,1.0
distractor_delta,27,product_specs_027,22,synthetic_product_specs,-0.59375,-0.9697569608688354,-0.512499988079071,0.59375,16.109375,16.703125,1.0
distractor_delta,27,product_specs_028,23,synthetic_product_specs,-0.609375,-0.3705008029937744,-0.5120535492897034,0.609375,15.0625,15.671875,1.0
distractor_delta,27,schedule_clinic_011,24,synthetic_schedule,-1.515625,-1.2121490240097046,-0.4861607253551483,1.515625,15.9375,17.453125,1.0
distractor_delta,27,schedule_exam_010,25,synthetic_schedule,0.734375,0.015421569347381592,-0.5504464507102966,-0.734375,14.96875,14.234375,1.0
distractor_delta,27,schedule_train_009,26,synthetic_schedule,0.5625,0.029622256755828857,-0.5455357432365417,-0.5625,14.625,14.0625,1.0
distractor_delta,27,schedule_workshop_012,27,synthetic_schedule,-0.5625,-0.05386769771575928,-0.5133928656578064,0.5625,15.484375,16.046875,1.0
distractor_delta,27,science_battery_016,28,synthetic_science_text,0.328125,0.3248944878578186,-0.5388392806053162,-0.328125,14.703125,14.375,1.0
distractor_delta,27,science_mineral_014,29,synthetic_science_text,-0.296875,-0.2008657455444336,-0.5209821462631226,0.296875,13.640625,13.9375,1.0
distractor_delta,27,science_plant_013,30,synthetic_science_text,0.421875,-0.37979626655578613,-0.5415178537368774,-0.421875,15.359375,14.9375,1.0
distractor_delta,27,science_weather_015,31,synthetic_science_text,1.546875,0.1107248067855835,-0.5736607313156128,-1.546875,12.671875,11.125,1.0
distractor_delta,27,technical_api_022,32,synthetic_technical_config,-0.578125,0.06892657279968262,-0.5129464268684387,0.578125,14.140625,14.71875,1.0
distractor_delta,27,technical_backup_023,33,synthetic_technical_config,-0.234375,-0.5565537810325623,-0.5227678418159485,0.234375,15.6875,15.921875,1.0
distractor_delta,27,technical_config_021,34,synthetic_technical_config,-0.609375,-0.914043664932251,-0.5120535492897034,0.609375,16.65625,17.265625,1.0
distractor_delta,27,technical_feature_flag_024,35,synthetic_technical_config,-0.59375,-1.089113473892212,-0.512499988079071,0.59375,14.71875,15.3125,1.0
distractor_delta,28,academic_attendance_019,0,synthetic_academic_rules,-0.953125,-1.2980101108551025,-0.5022321343421936,0.953125,15.625,16.578125,1.0
distractor_delta,28,academic_grading_018,1,synthetic_academic_rules,0.25,-0.16768676042556763,-0.5366071462631226,-0.25,14.90625,14.65625,1.0
distractor_delta,28,academic_latework_020,2,synthetic_academic_rules,-1.03125,-0.3784548342227936,-0.5,1.03125,15.4375,16.46875,1.0
distractor_delta,28,academic_prereq_017,3,synthetic_academic_rules,-0.34375,-1.0584797859191895,-0.5196428298950195,0.34375,15.28125,15.625,1.0
distractor_delta,28,contract_rental_029,4,synthetic_contract,-2.140625,-1.221253752708435,-0.4683035612106323,2.140625,16.234375,18.375,1.0
distractor_delta,28,contract_service_030,5,synthetic_contract,-0.28125,-0.1981622278690338,-0.5214285850524902,0.28125,16.09375,16.375,1.0
distractor_delta,28,contract_ticket_032,6,synthetic_contract,0.421875,-0.6728877425193787,-0.5415178537368774,-0.421875,18.765625,18.34375,1.0
distractor_delta,28,contract_warranty_031,7,synthetic_contract,-1.984375,-1.4831279516220093,-0.4727678596973419,1.984375,17.703125,19.6875,1.0
distractor_delta,28,finance_budget_007,8,synthetic_finance,-1.59375,-0.8612036108970642,-0.4839285612106323,1.59375,13.234375,14.828125,1.0
distractor_delta,28,finance_coupon_006,9,synthetic_finance,0.140625,-0.07395568490028381,-0.5334821343421936,-0.140625,15.1875,15.046875,1.0
distractor_delta,28,finance_membership_008,10,synthetic_finance,0.6875,-0.1806192398071289,-0.5491071343421936,-0.6875,15.390625,14.703125,1.0
distractor_delta,28,finance_refund_005,11,synthetic_finance,-0.28125,-0.7906261086463928,-0.5214285850524902,0.28125,14.390625,14.671875,1.0
distractor_delta,28,logic_access_033,12,synthetic_logic_rules,-0.734375,-0.3004288971424103,-0.5084821581840515,0.734375,14.234375,14.96875,1.0
distractor_delta,28,logic_eligibility_034,13,synthetic_logic_rules,-0.875,-0.6099840402603149,-0.5044642686843872,0.875,15.625,16.5,1.0
distractor_delta,28,logic_shipping_035,14,synthetic_logic_rules,-0.5,-0.24829477071762085,-0.5151785612106323,0.5,13.5,14.0,1.0
distractor_delta,28,logic_tournament_036,15,synthetic_logic_rules,-1.078125,-1.2441312074661255,-0.49866071343421936,1.078125,8.3125,9.390625,1.0
distractor_delta,28,policy_lab_access_002,16,synthetic_policy,-1.265625,-0.5310479402542114,-0.4933035671710968,1.265625,14.171875,15.4375,1.0
distractor_delta,28,policy_library_checkout_003,17,synthetic_policy,-1.15625,-1.0115727186203003,-0.49642857909202576,1.15625,16.578125,17.734375,1.0
distractor_delta,28,policy_lunch_pass_001,18,synthetic_policy,-1.140625,-1.2859318256378174,-0.49687498807907104,1.140625,14.8125,15.953125,1.0
distractor_delta,28,policy_rec_center_004,19,synthetic_policy,-1.640625,-0.8656997680664062,-0.4825892746448517,1.640625,14.21875,15.859375,1.0
distractor_delta,28,product_specs_025,20,synthetic_product_specs,-0.046875,-0.3037914037704468,-0.528124988079071,0.046875,16.328125,16.375,1.0
distractor_delta,28,product_specs_026,21,synthetic_product_specs,-0.984375,-0.20350399613380432,-0.5013392567634583,0.984375,14.921875,15.90625,1.0
distractor_delta,28,product_specs_027,22,synthetic_product_specs,-0.59375,-0.9404959082603455,-0.512499988079071,0.59375,16.109375,16.703125,1.0
distractor_delta,28,product_specs_028,23,synthetic_product_specs,-0.609375,-0.3197428584098816,-0.5120535492897034,0.609375,15.0625,15.671875,1.0
distractor_delta,28,schedule_clinic_011,24,synthetic_schedule,-1.515625,-1.1978461742401123,-0.4861607253551483,1.515625,15.9375,17.453125,1.0
distractor_delta,28,schedule_exam_010,25,synthetic_schedule,0.734375,0.06179624795913696,-0.5504464507102966,-0.734375,14.96875,14.234375,1.0
distractor_delta,28,schedule_train_009,26,synthetic_schedule,0.5625,-0.005663037300109863,-0.5455357432365417,-0.5625,14.625,14.0625,1.0
distractor_delta,28,schedule_workshop_012,27,synthetic_schedule,-0.5625,-0.031183362007141113,-0.5133928656578064,0.5625,15.484375,16.046875,1.0
distractor_delta,28,science_battery_016,28,synthetic_science_text,0.328125,0.340890109539032,-0.5388392806053162,-0.328125,14.703125,14.375,1.0
distractor_delta,28,science_mineral_014,29,synthetic_science_text,-0.296875,-0.20987874269485474,-0.5209821462631226,0.296875,13.640625,13.9375,1.0
distractor_delta,28,science_plant_013,30,synthetic_science_text,0.421875,-0.4347420930862427,-0.5415178537368774,-0.421875,15.359375,14.9375,1.0
distractor_delta,28,science_weather_015,31,synthetic_science_text,1.546875,0.08079230785369873,-0.5736607313156128,-1.546875,12.671875,11.125,1.0
distractor_delta,28,technical_api_022,32,synthetic_technical_config,-0.578125,0.12648707628250122,-0.5129464268684387,0.578125,14.140625,14.71875,1.0
distractor_delta,28,technical_backup_023,33,synthetic_technical_config,-0.234375,-0.6002331972122192,-0.5227678418159485,0.234375,15.6875,15.921875,1.0
distractor_delta,28,technical_config_021,34,synthetic_technical_config,-0.609375,-0.9212310314178467,-0.5120535492897034,0.609375,16.65625,17.265625,1.0
distractor_delta,28,technical_feature_flag_024,35,synthetic_technical_config,-0.59375,-1.1462290287017822,-0.512499988079071,0.59375,14.71875,15.3125,1.0
distractor_delta,29,academic_attendance_019,0,synthetic_academic_rules,-0.953125,-1.4283421039581299,-0.5022321343421936,0.953125,15.625,16.578125,1.0
distractor_delta,29,academic_grading_018,1,synthetic_academic_rules,0.25,-0.23277586698532104,-0.5366071462631226,-0.25,14.90625,14.65625,1.0
distractor_delta,29,academic_latework_020,2,synthetic_academic_rules,-1.03125,-0.38572096824645996,-0.5,1.03125,15.4375,16.46875,1.0
distractor_delta,29,academic_prereq_017,3,synthetic_academic_rules,-0.34375,-1.0819443464279175,-0.5196428298950195,0.34375,15.28125,15.625,1.0
distractor_delta,29,contract_rental_029,4,synthetic_contract,-2.140625,-1.1471498012542725,-0.4683035612106323,2.140625,16.234375,18.375,1.0
distractor_delta,29,contract_service_030,5,synthetic_contract,-0.28125,-0.2231094241142273,-0.5214285850524902,0.28125,16.09375,16.375,1.0
distractor_delta,29,contract_ticket_032,6,synthetic_contract,0.421875,-0.6948345899581909,-0.5415178537368774,-0.421875,18.765625,18.34375,1.0
distractor_delta,29,contract_warranty_031,7,synthetic_contract,-1.984375,-1.450493574142456,-0.4727678596973419,1.984375,17.703125,19.6875,1.0
distractor_delta,29,finance_budget_007,8,synthetic_finance,-1.59375,-0.8392888307571411,-0.4839285612106323,1.59375,13.234375,14.828125,1.0
distractor_delta,29,finance_coupon_006,9,synthetic_finance,0.140625,-0.06573069095611572,-0.5334821343421936,-0.140625,15.1875,15.046875,1.0
distractor_delta,29,finance_membership_008,10,synthetic_finance,0.6875,-0.13853353261947632,-0.5491071343421936,-0.6875,15.390625,14.703125,1.0
distractor_delta,29,finance_refund_005,11,synthetic_finance,-0.28125,-0.7791082859039307,-0.5214285850524902,0.28125,14.390625,14.671875,1.0
distractor_delta,29,logic_access_033,12,synthetic_logic_rules,-0.734375,-0.3083874583244324,-0.5084821581840515,0.734375,14.234375,14.96875,1.0
distractor_delta,29,logic_eligibility_034,13,synthetic_logic_rules,-0.875,-0.6497646570205688,-0.5044642686843872,0.875,15.625,16.5,1.0
distractor_delta,29,logic_shipping_035,14,synthetic_logic_rules,-0.5,-0.18864041566848755,-0.5151785612106323,0.5,13.5,14.0,1.0
distractor_delta,29,logic_tournament_036,15,synthetic_logic_rules,-1.078125,-1.3503953218460083,-0.49866071343421936,1.078125,8.3125,9.390625,1.0
distractor_delta,29,policy_lab_access_002,16,synthetic_policy,-1.265625,-0.4917393624782562,-0.4933035671710968,1.265625,14.171875,15.4375,1.0
distractor_delta,29,policy_library_checkout_003,17,synthetic_policy,-1.15625,-1.0407932996749878,-0.49642857909202576,1.15625,16.578125,17.734375,1.0
distractor_delta,29,policy_lunch_pass_001,18,synthetic_policy,-1.140625,-1.2906367778778076,-0.49687498807907104,1.140625,14.8125,15.953125,1.0
distractor_delta,29,policy_rec_center_004,19,synthetic_policy,-1.640625,-0.8305258750915527,-0.4825892746448517,1.640625,14.21875,15.859375,1.0
distractor_delta,29,product_specs_025,20,synthetic_product_specs,-0.046875,-0.26722031831741333,-0.528124988079071,0.046875,16.328125,16.375,1.0
distractor_delta,29,product_specs_026,21,synthetic_product_specs,-0.984375,-0.2423926591873169,-0.5013392567634583,0.984375,14.921875,15.90625,1.0
distractor_delta,29,product_specs_027,22,synthetic_product_specs,-0.59375,-0.9715893268585205,-0.512499988079071,0.59375,16.109375,16.703125,1.0
distractor_delta,29,product_specs_028,23,synthetic_product_specs,-0.609375,-0.40011540055274963,-0.5120535492897034,0.609375,15.0625,15.671875,1.0
distractor_delta,29,schedule_clinic_011,24,synthetic_schedule,-1.515625,-1.2014210224151611,-0.4861607253551483,1.515625,15.9375,17.453125,1.0
distractor_delta,29,schedule_exam_010,25,synthetic_schedule,0.734375,0.08254295587539673,-0.5504464507102966,-0.734375,14.96875,14.234375,1.0
distractor_delta,29,schedule_train_009,26,synthetic_schedule,0.5625,0.08893674612045288,-0.5455357432365417,-0.5625,14.625,14.0625,1.0
distractor_delta,29,schedule_workshop_012,27,synthetic_schedule,-0.5625,0.002223074436187744,-0.5133928656578064,0.5625,15.484375,16.046875,1.0
distractor_delta,29,science_battery_016,28,synthetic_science_text,0.328125,0.2838326096534729,-0.5388392806053162,-0.328125,14.703125,14.375,1.0
distractor_delta,29,science_mineral_014,29,synthetic_science_text,-0.296875,-0.1581440567970276,-0.5209821462631226,0.296875,13.640625,13.9375,1.0
distractor_delta,29,science_plant_013,30,synthetic_science_text,0.421875,-0.32237380743026733,-0.5415178537368774,-0.421875,15.359375,14.9375,1.0
distractor_delta,29,science_weather_015,31,synthetic_science_text,1.546875,-0.042791128158569336,-0.5736607313156128,-1.546875,12.671875,11.125,1.0
distractor_delta,29,technical_api_022,32,synthetic_technical_config,-0.578125,0.09509557485580444,-0.5129464268684387,0.578125,14.140625,14.71875,1.0
distractor_delta,29,technical_backup_023,33,synthetic_technical_config,-0.234375,-0.5683205127716064,-0.5227678418159485,0.234375,15.6875,15.921875,1.0
distractor_delta,29,technical_config_021,34,synthetic_technical_config,-0.609375,-0.9190040230751038,-0.5120535492897034,0.609375,16.65625,17.265625,1.0
distractor_delta,29,technical_feature_flag_024,35,synthetic_technical_config,-0.59375,-1.1899105310440063,-0.512499988079071,0.59375,14.71875,15.3125,1.0
distractor_delta,30,academic_attendance_019,0,synthetic_academic_rules,-0.953125,-1.3233520984649658,-0.5022321343421936,0.953125,15.625,16.578125,1.0
distractor_delta,30,academic_grading_018,1,synthetic_academic_rules,0.25,-0.3236619234085083,-0.5366071462631226,-0.25,14.90625,14.65625,1.0
distractor_delta,30,academic_latework_020,2,synthetic_academic_rules,-1.03125,-0.5008314847946167,-0.5,1.03125,15.4375,16.46875,1.0
distractor_delta,30,academic_prereq_017,3,synthetic_academic_rules,-0.34375,-0.955248236656189,-0.5196428298950195,0.34375,15.28125,15.625,1.0
distractor_delta,30,contract_rental_029,4,synthetic_contract,-2.140625,-1.1511642932891846,-0.4683035612106323,2.140625,16.234375,18.375,1.0
distractor_delta,30,contract_service_030,5,synthetic_contract,-0.28125,-0.23828786611557007,-0.5214285850524902,0.28125,16.09375,16.375,1.0
distractor_delta,30,contract_ticket_032,6,synthetic_contract,0.421875,-0.511962890625,-0.5415178537368774,-0.421875,18.765625,18.34375,1.0
distractor_delta,30,contract_warranty_031,7,synthetic_contract,-1.984375,-1.5229597091674805,-0.4727678596973419,1.984375,17.703125,19.6875,1.0
distractor_delta,30,finance_budget_007,8,synthetic_finance,-1.59375,-0.8378947973251343,-0.4839285612106323,1.59375,13.234375,14.828125,1.0
distractor_delta,30,finance_coupon_006,9,synthetic_finance,0.140625,-0.15711700916290283,-0.5334821343421936,-0.140625,15.1875,15.046875,1.0
distractor_delta,30,finance_membership_008,10,synthetic_finance,0.6875,-0.21068483591079712,-0.5491071343421936,-0.6875,15.390625,14.703125,1.0
distractor_delta,30,finance_refund_005,11,synthetic_finance,-0.28125,-0.6468492746353149,-0.5214285850524902,0.28125,14.390625,14.671875,1.0
distractor_delta,30,logic_access_033,12,synthetic_logic_rules,-0.734375,-0.22646021842956543,-0.5084821581840515,0.734375,14.234375,14.96875,1.0
distractor_delta,30,logic_eligibility_034,13,synthetic_logic_rules,-0.875,-0.7522766590118408,-0.5044642686843872,0.875,15.625,16.5,1.0
distractor_delta,30,logic_shipping_035,14,synthetic_logic_rules,-0.5,-0.3122481107711792,-0.5151785612106323,0.5,13.5,14.0,1.0
distractor_delta,30,logic_tournament_036,15,synthetic_logic_rules,-1.078125,-1.465377926826477,-0.49866071343421936,1.078125,8.3125,9.390625,1.0
distractor_delta,30,policy_lab_access_002,16,synthetic_policy,-1.265625,-0.5323350429534912,-0.4933035671710968,1.265625,14.171875,15.4375,1.0
distractor_delta,30,policy_library_checkout_003,17,synthetic_policy,-1.15625,-1.0029857158660889,-0.49642857909202576,1.15625,16.578125,17.734375,1.0
distractor_delta,30,policy_lunch_pass_001,18,synthetic_policy,-1.140625,-1.1788818836212158,-0.49687498807907104,1.140625,14.8125,15.953125,1.0
distractor_delta,30,policy_rec_center_004,19,synthetic_policy,-1.640625,-0.9540210366249084,-0.4825892746448517,1.640625,14.21875,15.859375,1.0
distractor_delta,30,product_specs_025,20,synthetic_product_specs,-0.046875,-0.2976979613304138,-0.528124988079071,0.046875,16.328125,16.375,1.0
distractor_delta,30,product_specs_026,21,synthetic_product_specs,-0.984375,-0.2885695695877075,-0.5013392567634583,0.984375,14.921875,15.90625,1.0
distractor_delta,30,product_specs_027,22,synthetic_product_specs,-0.59375,-0.9978635311126709,-0.512499988079071,0.59375,16.109375,16.703125,1.0
distractor_delta,30,product_specs_028,23,synthetic_product_specs,-0.609375,-0.41772305965423584,-0.5120535492897034,0.609375,15.0625,15.671875,1.0
distractor_delta,30,schedule_clinic_011,24,synthetic_schedule,-1.515625,-1.2204639911651611,-0.4861607253551483,1.515625,15.9375,17.453125,1.0
distractor_delta,30,schedule_exam_010,25,synthetic_schedule,0.734375,0.2356591820716858,-0.5504464507102966,-0.734375,14.96875,14.234375,1.0
distractor_delta,30,schedule_train_009,26,synthetic_schedule,0.5625,0.058772921562194824,-0.5455357432365417,-0.5625,14.625,14.0625,1.0
distractor_delta,30,schedule_workshop_012,27,synthetic_schedule,-0.5625,0.04796355962753296,-0.5133928656578064,0.5625,15.484375,16.046875,1.0
distractor_delta,30,science_battery_016,28,synthetic_science_text,0.328125,0.4177131652832031,-0.5388392806053162,-0.328125,14.703125,14.375,1.0
distractor_delta,30,science_mineral_014,29,synthetic_science_text,-0.296875,-0.14883744716644287,-0.5209821462631226,0.296875,13.640625,13.9375,1.0
distractor_delta,30,science_plant_013,30,synthetic_science_text,0.421875,-0.3762430250644684,-0.5415178537368774,-0.421875,15.359375,14.9375,1.0
distractor_delta,30,science_weather_015,31,synthetic_science_text,1.546875,-0.012474894523620605,-0.5736607313156128,-1.546875,12.671875,11.125,1.0
distractor_delta,30,technical_api_022,32,synthetic_technical_config,-0.578125,0.135125994682312,-0.5129464268684387,0.578125,14.140625,14.71875,1.0
distractor_delta,30,technical_backup_023,33,synthetic_technical_config,-0.234375,-0.6185363531112671,-0.5227678418159485,0.234375,15.6875,15.921875,1.0
distractor_delta,30,technical_config_021,34,synthetic_technical_config,-0.609375,-0.9113411903381348,-0.5120535492897034,0.609375,16.65625,17.265625,1.0
distractor_delta,30,technical_feature_flag_024,35,synthetic_technical_config,-0.59375,-1.1714794635772705,-0.512499988079071,0.59375,14.71875,15.3125,1.0
distractor_delta,31,academic_attendance_019,0,synthetic_academic_rules,-0.953125,-1.2060058116912842,-0.5022321343421936,0.953125,15.625,16.578125,1.0
distractor_delta,31,academic_grading_018,1,synthetic_academic_rules,0.25,-0.34741806983947754,-0.5366071462631226,-0.25,14.90625,14.65625,1.0
distractor_delta,31,academic_latework_020,2,synthetic_academic_rules,-1.03125,-0.5575189590454102,-0.5,1.03125,15.4375,16.46875,1.0
distractor_delta,31,academic_prereq_017,3,synthetic_academic_rules,-0.34375,-0.9321398735046387,-0.5196428298950195,0.34375,15.28125,15.625,1.0
distractor_delta,31,contract_rental_029,4,synthetic_contract,-2.140625,-1.217785120010376,-0.4683035612106323,2.140625,16.234375,18.375,1.0
distractor_delta,31,contract_service_030,5,synthetic_contract,-0.28125,-0.29071301221847534,-0.5214285850524902,0.28125,16.09375,16.375,1.0
distractor_delta,31,contract_ticket_032,6,synthetic_contract,0.421875,-0.39868494868278503,-0.5415178537368774,-0.421875,18.765625,18.34375,1.0
distractor_delta,31,contract_warranty_031,7,synthetic_contract,-1.984375,-1.5732067823410034,-0.4727678596973419,1.984375,17.703125,19.6875,1.0
distractor_delta,31,finance_budget_007,8,synthetic_finance,-1.59375,-0.854869544506073,-0.4839285612106323,1.59375,13.234375,14.828125,1.0
distractor_delta,31,finance_coupon_006,9,synthetic_finance,0.140625,-0.25253498554229736,-0.5334821343421936,-0.140625,15.1875,15.046875,1.0
distractor_delta,31,finance_membership_008,10,synthetic_finance,0.6875,-0.12229204177856445,-0.5491071343421936,-0.6875,15.390625,14.703125,1.0
distractor_delta,31,finance_refund_005,11,synthetic_finance,-0.28125,-0.6599905490875244,-0.5214285850524902,0.28125,14.390625,14.671875,1.0
distractor_delta,31,logic_access_033,12,synthetic_logic_rules,-0.734375,-0.3250269293785095,-0.5084821581840515,0.734375,14.234375,14.96875,1.0
distractor_delta,31,logic_eligibility_034,13,synthetic_logic_rules,-0.875,-0.6183511018753052,-0.5044642686843872,0.875,15.625,16.5,1.0
distractor_delta,31,logic_shipping_035,14,synthetic_logic_rules,-0.5,-0.3975986838340759,-0.5151785612106323,0.5,13.5,14.0,1.0
distractor_delta,31,logic_tournament_036,15,synthetic_logic_rules,-1.078125,-1.3076865673065186,-0.49866071343421936,1.078125,8.3125,9.390625,1.0
distractor_delta,31,policy_lab_access_002,16,synthetic_policy,-1.265625,-0.5456149578094482,-0.4933035671710968,1.265625,14.171875,15.4375,1.0
distractor_delta,31,policy_library_checkout_003,17,synthetic_policy,-1.15625,-1.0410760641098022,-0.49642857909202576,1.15625,16.578125,17.734375,1.0
distractor_delta,31,policy_lunch_pass_001,18,synthetic_policy,-1.140625,-1.108846664428711,-0.49687498807907104,1.140625,14.8125,15.953125,1.0
distractor_delta,31,policy_rec_center_004,19,synthetic_policy,-1.640625,-1.007615566253662,-0.4825892746448517,1.640625,14.21875,15.859375,1.0
distractor_delta,31,product_specs_025,20,synthetic_product_specs,-0.046875,-0.22011113166809082,-0.528124988079071,0.046875,16.328125,16.375,1.0
distractor_delta,31,product_specs_026,21,synthetic_product_specs,-0.984375,-0.36471718549728394,-0.5013392567634583,0.984375,14.921875,15.90625,1.0
distractor_delta,31,product_specs_027,22,synthetic_product_specs,-0.59375,-1.0222845077514648,-0.512499988079071,0.59375,16.109375,16.703125,1.0
distractor_delta,31,product_specs_028,23,synthetic_product_specs,-0.609375,-0.4590338170528412,-0.5120535492897034,0.609375,15.0625,15.671875,1.0
distractor_delta,31,schedule_clinic_011,24,synthetic_schedule,-1.515625,-1.2102560997009277,-0.4861607253551483,1.515625,15.9375,17.453125,1.0
distractor_delta,31,schedule_exam_010,25,synthetic_schedule,0.734375,0.25276535749435425,-0.5504464507102966,-0.734375,14.96875,14.234375,1.0
distractor_delta,31,schedule_train_009,26,synthetic_schedule,0.5625,0.07000142335891724,-0.5455357432365417,-0.5625,14.625,14.0625,1.0
distractor_delta,31,schedule_workshop_012,27,synthetic_schedule,-0.5625,-0.053484827280044556,-0.5133928656578064,0.5625,15.484375,16.046875,1.0
distractor_delta,31,science_battery_016,28,synthetic_science_text,0.328125,0.5197167992591858,-0.5388392806053162,-0.328125,14.703125,14.375,1.0
distractor_delta,31,science_mineral_014,29,synthetic_science_text,-0.296875,-0.08919510245323181,-0.5209821462631226,0.296875,13.640625,13.9375,1.0
distractor_delta,31,science_plant_013,30,synthetic_science_text,0.421875,-0.48322734236717224,-0.5415178537368774,-0.421875,15.359375,14.9375,1.0
distractor_delta,31,science_weather_015,31,synthetic_science_text,1.546875,0.18958455324172974,-0.5736607313156128,-1.546875,12.671875,11.125,1.0
distractor_delta,31,technical_api_022,32,synthetic_technical_config,-0.578125,0.007287025451660156,-0.5129464268684387,0.578125,14.140625,14.71875,1.0
distractor_delta,31,technical_backup_023,33,synthetic_technical_config,-0.234375,-0.5319456458091736,-0.5227678418159485,0.234375,15.6875,15.921875,1.0
distractor_delta,31,technical_config_021,34,synthetic_technical_config,-0.609375,-0.8818874359130859,-0.5120535492897034,0.609375,16.65625,17.265625,1.0
distractor_delta,31,technical_feature_flag_024,35,synthetic_technical_config,-0.59375,-1.069608211517334,-0.512499988079071,0.59375,14.71875,15.3125,1.0
distractor_delta,32,academic_attendance_019,0,synthetic_academic_rules,-0.953125,-1.289752721786499,-0.5022321343421936,0.953125,15.625,16.578125,1.0
distractor_delta,32,academic_grading_018,1,synthetic_academic_rules,0.25,-0.28996190428733826,-0.5366071462631226,-0.25,14.90625,14.65625,1.0
distractor_delta,32,academic_latework_020,2,synthetic_academic_rules,-1.03125,-0.6222734451293945,-0.5,1.03125,15.4375,16.46875,1.0
distractor_delta,32,academic_prereq_017,3,synthetic_academic_rules,-0.34375,-1.0050535202026367,-0.5196428298950195,0.34375,15.28125,15.625,1.0
distractor_delta,32,contract_rental_029,4,synthetic_contract,-2.140625,-1.3044984340667725,-0.4683035612106323,2.140625,16.234375,18.375,1.0
distractor_delta,32,contract_service_030,5,synthetic_contract,-0.28125,-0.3171674907207489,-0.5214285850524902,0.28125,16.09375,16.375,1.0
distractor_delta,32,contract_ticket_032,6,synthetic_contract,0.421875,-0.45850831270217896,-0.5415178537368774,-0.421875,18.765625,18.34375,1.0
distractor_delta,32,contract_warranty_031,7,synthetic_contract,-1.984375,-1.3927019834518433,-0.4727678596973419,1.984375,17.703125,19.6875,1.0
distractor_delta,32,finance_budget_007,8,synthetic_finance,-1.59375,-0.8910256028175354,-0.4839285612106323,1.59375,13.234375,14.828125,1.0
distractor_delta,32,finance_coupon_006,9,synthetic_finance,0.140625,-0.2328152060508728,-0.5334821343421936,-0.140625,15.1875,15.046875,1.0
distractor_delta,32,finance_membership_008,10,synthetic_finance,0.6875,-0.16836291551589966,-0.5491071343421936,-0.6875,15.390625,14.703125,1.0
distractor_delta,32,finance_refund_005,11,synthetic_finance,-0.28125,-0.7478195428848267,-0.5214285850524902,0.28125,14.390625,14.671875,1.0
distractor_delta,32,logic_access_033,12,synthetic_logic_rules,-0.734375,-0.2868344783782959,-0.5084821581840515,0.734375,14.234375,14.96875,1.0
distractor_delta,32,logic_eligibility_034,13,synthetic_logic_rules,-0.875,-0.5696059465408325,-0.5044642686843872,0.875,15.625,16.5,1.0
distractor_delta,32,logic_shipping_035,14,synthetic_logic_rules,-0.5,-0.39412549138069153,-0.5151785612106323,0.5,13.5,14.0,1.0
distractor_delta,32,logic_tournament_036,15,synthetic_logic_rules,-1.078125,-1.2259366512298584,-0.49866071343421936,1.078125,8.3125,9.390625,1.0
distractor_delta,32,policy_lab_access_002,16,synthetic_policy,-1.265625,-0.6095292568206787,-0.4933035671710968,1.265625,14.171875,15.4375,1.0
distractor_delta,32,policy_library_checkout_003,17,synthetic_policy,-1.15625,-1.040505051612854,-0.49642857909202576,1.15625,16.578125,17.734375,1.0
distractor_delta,32,policy_lunch_pass_001,18,synthetic_policy,-1.140625,-1.0419247150421143,-0.49687498807907104,1.140625,14.8125,15.953125,1.0
distractor_delta,32,policy_rec_center_004,19,synthetic_policy,-1.640625,-1.0300222635269165,-0.4825892746448517,1.640625,14.21875,15.859375,1.0
distractor_delta,32,product_specs_025,20,synthetic_product_specs,-0.046875,-0.20427197217941284,-0.528124988079071,0.046875,16.328125,16.375,1.0
distractor_delta,32,product_specs_026,21,synthetic_product_specs,-0.984375,-0.5402891039848328,-0.5013392567634583,0.984375,14.921875,15.90625,1.0
distractor_delta,32,product_specs_027,22,synthetic_product_specs,-0.59375,-1.055737018585205,-0.512499988079071,0.59375,16.109375,16.703125,1.0
distractor_delta,32,product_specs_028,23,synthetic_product_specs,-0.609375,-0.3647441864013672,-0.5120535492897034,0.609375,15.0625,15.671875,1.0
distractor_delta,32,schedule_clinic_011,24,synthetic_schedule,-1.515625,-1.2578648328781128,-0.4861607253551483,1.515625,15.9375,17.453125,1.0
distractor_delta,32,schedule_exam_010,25,synthetic_schedule,0.734375,0.36870282888412476,-0.5504464507102966,-0.734375,14.96875,14.234375,1.0
distractor_delta,32,schedule_train_009,26,synthetic_schedule,0.5625,0.14699196815490723,-0.5455357432365417,-0.5625,14.625,14.0625,1.0
distractor_delta,32,schedule_workshop_012,27,synthetic_schedule,-0.5625,-0.11798879504203796,-0.5133928656578064,0.5625,15.484375,16.046875,1.0
distractor_delta,32,science_battery_016,28,synthetic_science_text,0.328125,0.4027474522590637,-0.5388392806053162,-0.328125,14.703125,14.375,1.0
distractor_delta,32,science_mineral_014,29,synthetic_science_text,-0.296875,0.012122809886932373,-0.5209821462631226,0.296875,13.640625,13.9375,1.0
distractor_delta,32,science_plant_013,30,synthetic_science_text,0.421875,-0.2967713177204132,-0.5415178537368774,-0.421875,15.359375,14.9375,1.0
distractor_delta,32,science_weather_015,31,synthetic_science_text,1.546875,0.37486064434051514,-0.5736607313156128,-1.546875,12.671875,11.125,1.0
distractor_delta,32,technical_api_022,32,synthetic_technical_config,-0.578125,-0.0921100378036499,-0.5129464268684387,0.578125,14.140625,14.71875,1.0
distractor_delta,32,technical_backup_023,33,synthetic_technical_config,-0.234375,-0.5351508855819702,-0.5227678418159485,0.234375,15.6875,15.921875,1.0
distractor_delta,32,technical_config_021,34,synthetic_technical_config,-0.609375,-0.8555001020431519,-0.5120535492897034,0.609375,16.65625,17.265625,1.0
distractor_delta,32,technical_feature_flag_024,35,synthetic_technical_config,-0.59375,-1.0153334140777588,-0.512499988079071,0.59375,14.71875,15.3125,1.0
distractor_delta,33,academic_attendance_019,0,synthetic_academic_rules,-0.953125,-1.2630060911178589,-0.5022321343421936,0.953125,15.625,16.578125,1.0
distractor_delta,33,academic_grading_018,1,synthetic_academic_rules,0.25,-0.25349313020706177,-0.5366071462631226,-0.25,14.90625,14.65625,1.0
distractor_delta,33,academic_latework_020,2,synthetic_academic_rules,-1.03125,-0.7183170318603516,-0.5,1.03125,15.4375,16.46875,1.0
distractor_delta,33,academic_prereq_017,3,synthetic_academic_rules,-0.34375,-0.9612997174263,-0.5196428298950195,0.34375,15.28125,15.625,1.0
distractor_delta,33,contract_rental_029,4,synthetic_contract,-2.140625,-1.3194899559020996,-0.4683035612106323,2.140625,16.234375,18.375,1.0
distractor_delta,33,contract_service_030,5,synthetic_contract,-0.28125,-0.3770100176334381,-0.5214285850524902,0.28125,16.09375,16.375,1.0
distractor_delta,33,contract_ticket_032,6,synthetic_contract,0.421875,-0.3795005679130554,-0.5415178537368774,-0.421875,18.765625,18.34375,1.0
distractor_delta,33,contract_warranty_031,7,synthetic_contract,-1.984375,-1.2840397357940674,-0.4727678596973419,1.984375,17.703125,19.6875,1.0
distractor_delta,33,finance_budget_007,8,synthetic_finance,-1.59375,-0.8254320621490479,-0.4839285612106323,1.59375,13.234375,14.828125,1.0
distractor_delta,33,finance_coupon_006,9,synthetic_finance,0.140625,-0.19213539361953735,-0.5334821343421936,-0.140625,15.1875,15.046875,1.0
distractor_delta,33,finance_membership_008,10,synthetic_finance,0.6875,-0.22960695624351501,-0.5491071343421936,-0.6875,15.390625,14.703125,1.0
distractor_delta,33,finance_refund_005,11,synthetic_finance,-0.28125,-0.7039111256599426,-0.5214285850524902,0.28125,14.390625,14.671875,1.0
distractor_delta,33,logic_access_033,12,synthetic_logic_rules,-0.734375,-0.37394386529922485,-0.5084821581840515,0.734375,14.234375,14.96875,1.0
distractor_delta,33,logic_eligibility_034,13,synthetic_logic_rules,-0.875,-0.5529980659484863,-0.5044642686843872,0.875,15.625,16.5,1.0
distractor_delta,33,logic_shipping_035,14,synthetic_logic_rules,-0.5,-0.428886353969574,-0.5151785612106323,0.5,13.5,14.0,1.0
distractor_delta,33,logic_tournament_036,15,synthetic_logic_rules,-1.078125,-1.2019740343093872,-0.49866071343421936,1.078125,8.3125,9.390625,1.0
distractor_delta,33,policy_lab_access_002,16,synthetic_policy,-1.265625,-0.5536769032478333,-0.4933035671710968,1.265625,14.171875,15.4375,1.0
distractor_delta,33,policy_library_checkout_003,17,synthetic_policy,-1.15625,-1.034145712852478,-0.49642857909202576,1.15625,16.578125,17.734375,1.0
distractor_delta,33,policy_lunch_pass_001,18,synthetic_policy,-1.140625,-1.0826663970947266,-0.49687498807907104,1.140625,14.8125,15.953125,1.0
distractor_delta,33,policy_rec_center_004,19,synthetic_policy,-1.640625,-1.0178767442703247,-0.4825892746448517,1.640625,14.21875,15.859375,1.0
distractor_delta,33,product_specs_025,20,synthetic_product_specs,-0.046875,-0.22817647457122803,-0.528124988079071,0.046875,16.328125,16.375,1.0
distractor_delta,33,product_specs_026,21,synthetic_product_specs,-0.984375,-0.40881460905075073,-0.5013392567634583,0.984375,14.921875,15.90625,1.0
distractor_delta,33,product_specs_027,22,synthetic_product_specs,-0.59375,-1.0135204792022705,-0.512499988079071,0.59375,16.109375,16.703125,1.0
distractor_delta,33,product_specs_028,23,synthetic_product_specs,-0.609375,-0.45253467559814453,-0.5120535492897034,0.609375,15.0625,15.671875,1.0
distractor_delta,33,schedule_clinic_011,24,synthetic_schedule,-1.515625,-1.3644914627075195,-0.4861607253551483,1.515625,15.9375,17.453125,1.0
distractor_delta,33,schedule_exam_010,25,synthetic_schedule,0.734375,0.35172712802886963,-0.5504464507102966,-0.734375,14.96875,14.234375,1.0
distractor_delta,33,schedule_train_009,26,synthetic_schedule,0.5625,0.18585896492004395,-0.5455357432365417,-0.5625,14.625,14.0625,1.0
distractor_delta,33,schedule_workshop_012,27,synthetic_schedule,-0.5625,-0.07510551810264587,-0.5133928656578064,0.5625,15.484375,16.046875,1.0
distractor_delta,33,science_battery_016,28,synthetic_science_text,0.328125,0.4141412377357483,-0.5388392806053162,-0.328125,14.703125,14.375,1.0
distractor_delta,33,science_mineral_014,29,synthetic_science_text,-0.296875,0.030184626579284668,-0.5209821462631226,0.296875,13.640625,13.9375,1.0
distractor_delta,33,science_plant_013,30,synthetic_science_text,0.421875,-0.25839394330978394,-0.5415178537368774,-0.421875,15.359375,14.9375,1.0
distractor_delta,33,science_weather_015,31,synthetic_science_text,1.546875,0.3803226947784424,-0.5736607313156128,-1.546875,12.671875,11.125,1.0
distractor_delta,33,technical_api_022,32,synthetic_technical_config,-0.578125,-0.016537129878997803,-0.5129464268684387,0.578125,14.140625,14.71875,1.0
distractor_delta,33,technical_backup_023,33,synthetic_technical_config,-0.234375,-0.5213826298713684,-0.5227678418159485,0.234375,15.6875,15.921875,1.0
distractor_delta,33,technical_config_021,34,synthetic_technical_config,-0.609375,-0.9446606040000916,-0.5120535492897034,0.609375,16.65625,17.265625,1.0
distractor_delta,33,technical_feature_flag_024,35,synthetic_technical_config,-0.59375,-0.9452016949653625,-0.512499988079071,0.59375,14.71875,15.3125,1.0
distractor_delta,34,academic_attendance_019,0,synthetic_academic_rules,-0.953125,-1.2700221538543701,-0.5022321343421936,0.953125,15.625,16.578125,1.0
distractor_delta,34,academic_grading_018,1,synthetic_academic_rules,0.25,-0.24354338645935059,-0.5366071462631226,-0.25,14.90625,14.65625,1.0
distractor_delta,34,academic_latework_020,2,synthetic_academic_rules,-1.03125,-0.5919734239578247,-0.5,1.03125,15.4375,16.46875,1.0
distractor_delta,34,academic_prereq_017,3,synthetic_academic_rules,-0.34375,-0.9884929656982422,-0.5196428298950195,0.34375,15.28125,15.625,1.0
distractor_delta,34,contract_rental_029,4,synthetic_contract,-2.140625,-1.5539993047714233,-0.4683035612106323,2.140625,16.234375,18.375,1.0
distractor_delta,34,contract_service_030,5,synthetic_contract,-0.28125,-0.4422506093978882,-0.5214285850524902,0.28125,16.09375,16.375,1.0
distractor_delta,34,contract_ticket_032,6,synthetic_contract,0.421875,-0.2045169174671173,-0.5415178537368774,-0.421875,18.765625,18.34375,1.0
distractor_delta,34,contract_warranty_031,7,synthetic_contract,-1.984375,-1.2843406200408936,-0.4727678596973419,1.984375,17.703125,19.6875,1.0
distractor_delta,34,finance_budget_007,8,synthetic_finance,-1.59375,-0.8636532425880432,-0.4839285612106323,1.59375,13.234375,14.828125,1.0
distractor_delta,34,finance_coupon_006,9,synthetic_finance,0.140625,-0.199375182390213,-0.5334821343421936,-0.140625,15.1875,15.046875,1.0
distractor_delta,34,finance_membership_008,10,synthetic_finance,0.6875,-0.15550988912582397,-0.5491071343421936,-0.6875,15.390625,14.703125,1.0
distractor_delta,34,finance_refund_005,11,synthetic_finance,-0.28125,-0.7307025194168091,-0.5214285850524902,0.28125,14.390625,14.671875,1.0
distractor_delta,34,logic_access_033,12,synthetic_logic_rules,-0.734375,-0.4088812470436096,-0.5084821581840515,0.734375,14.234375,14.96875,1.0
distractor_delta,34,logic_eligibility_034,13,synthetic_logic_rules,-0.875,-0.41719430685043335,-0.5044642686843872,0.875,15.625,16.5,1.0
distractor_delta,34,logic_shipping_035,14,synthetic_logic_rules,-0.5,-0.4491814076900482,-0.5151785612106323,0.5,13.5,14.0,1.0
distractor_delta,34,logic_tournament_036,15,synthetic_logic_rules,-1.078125,-1.323950171470642,-0.49866071343421936,1.078125,8.3125,9.390625,1.0
distractor_delta,34,policy_lab_access_002,16,synthetic_policy,-1.265625,-0.7160029411315918,-0.4933035671710968,1.265625,14.171875,15.4375,1.0
distractor_delta,34,policy_library_checkout_003,17,synthetic_policy,-1.15625,-1.1465892791748047,-0.49642857909202576,1.15625,16.578125,17.734375,1.0
distractor_delta,34,policy_lunch_pass_001,18,synthetic_policy,-1.140625,-1.0305176973342896,-0.49687498807907104,1.140625,14.8125,15.953125,1.0
distractor_delta,34,policy_rec_center_004,19,synthetic_policy,-1.640625,-1.0489014387130737,-0.4825892746448517,1.640625,14.21875,15.859375,1.0
distractor_delta,34,product_specs_025,20,synthetic_product_specs,-0.046875,-0.17009925842285156,-0.528124988079071,0.046875,16.328125,16.375,1.0
distractor_delta,34,product_specs_026,21,synthetic_product_specs,-0.984375,-0.48019683361053467,-0.5013392567634583,0.984375,14.921875,15.90625,1.0
distractor_delta,34,product_specs_027,22,synthetic_product_specs,-0.59375,-0.97491455078125,-0.512499988079071,0.59375,16.109375,16.703125,1.0
distractor_delta,34,product_specs_028,23,synthetic_product_specs,-0.609375,-0.4080829620361328,-0.5120535492897034,0.609375,15.0625,15.671875,1.0
distractor_delta,34,schedule_clinic_011,24,synthetic_schedule,-1.515625,-1.3164345026016235,-0.4861607253551483,1.515625,15.9375,17.453125,1.0
distractor_delta,34,schedule_exam_010,25,synthetic_schedule,0.734375,0.4544864296913147,-0.5504464507102966,-0.734375,14.96875,14.234375,1.0
distractor_delta,34,schedule_train_009,26,synthetic_schedule,0.5625,0.15193921327590942,-0.5455357432365417,-0.5625,14.625,14.0625,1.0
distractor_delta,34,schedule_workshop_012,27,synthetic_schedule,-0.5625,-0.08959585428237915,-0.5133928656578064,0.5625,15.484375,16.046875,1.0
distractor_delta,34,science_battery_016,28,synthetic_science_text,0.328125,0.38469332456588745,-0.5388392806053162,-0.328125,14.703125,14.375,1.0
distractor_delta,34,science_mineral_014,29,synthetic_science_text,-0.296875,-0.017660856246948242,-0.5209821462631226,0.296875,13.640625,13.9375,1.0
distractor_delta,34,science_plant_013,30,synthetic_science_text,0.421875,-0.18345874547958374,-0.5415178537368774,-0.421875,15.359375,14.9375,1.0
distractor_delta,34,science_weather_015,31,synthetic_science_text,1.546875,0.5235289335250854,-0.5736607313156128,-1.546875,12.671875,11.125,1.0
distractor_delta,34,technical_api_022,32,synthetic_technical_config,-0.578125,-0.12406972050666809,-0.5129464268684387,0.578125,14.140625,14.71875,1.0
distractor_delta,34,technical_backup_023,33,synthetic_technical_config,-0.234375,-0.5713987350463867,-0.5227678418159485,0.234375,15.6875,15.921875,1.0
distractor_delta,34,technical_config_021,34,synthetic_technical_config,-0.609375,-0.921653151512146,-0.5120535492897034,0.609375,16.65625,17.265625,1.0
distractor_delta,34,technical_feature_flag_024,35,synthetic_technical_config,-0.59375,-0.8275974988937378,-0.512499988079071,0.59375,14.71875,15.3125,1.0
distractor_delta,35,academic_attendance_019,0,synthetic_academic_rules,-0.953125,-0.9611047506332397,-0.5022321343421936,0.953125,15.625,16.578125,1.0
distractor_delta,35,academic_grading_018,1,synthetic_academic_rules,0.25,-0.5057047009468079,-0.5366071462631226,-0.25,14.90625,14.65625,1.0
distractor_delta,35,academic_latework_020,2,synthetic_academic_rules,-1.03125,-0.803100049495697,-0.5,1.03125,15.4375,16.46875,1.0
distractor_delta,35,academic_prereq_017,3,synthetic_academic_rules,-0.34375,-0.5042592883110046,-0.5196428298950195,0.34375,15.28125,15.625,1.0
distractor_delta,35,contract_rental_029,4,synthetic_contract,-2.140625,-2.14967679977417,-0.4683035612106323,2.140625,16.234375,18.375,1.0
distractor_delta,35,contract_service_030,5,synthetic_contract,-0.28125,-0.3166603446006775,-0.5214285850524902,0.28125,16.09375,16.375,1.0
distractor_delta,35,contract_ticket_032,6,synthetic_contract,0.421875,0.08030962944030762,-0.5415178537368774,-0.421875,18.765625,18.34375,1.0
distractor_delta,35,contract_warranty_031,7,synthetic_contract,-1.984375,-1.8983865976333618,-0.4727678596973419,1.984375,17.703125,19.6875,1.0
distractor_delta,35,finance_budget_007,8,synthetic_finance,-1.59375,-0.8695235848426819,-0.4839285612106323,1.59375,13.234375,14.828125,1.0
distractor_delta,35,finance_coupon_006,9,synthetic_finance,0.140625,-0.09360629320144653,-0.5334821343421936,-0.140625,15.1875,15.046875,1.0
distractor_delta,35,finance_membership_008,10,synthetic_finance,0.6875,0.2604040503501892,-0.5491071343421936,-0.6875,15.390625,14.703125,1.0
distractor_delta,35,finance_refund_005,11,synthetic_finance,-0.28125,-0.5917258858680725,-0.5214285850524902,0.28125,14.390625,14.671875,1.0
distractor_delta,35,logic_access_033,12,synthetic_logic_rules,-0.734375,-0.4316215515136719,-0.5084821581840515,0.734375,14.234375,14.96875,1.0
distractor_delta,35,logic_eligibility_034,13,synthetic_logic_rules,-0.875,-0.819200873374939,-0.5044642686843872,0.875,15.625,16.5,1.0
distractor_delta,35,logic_shipping_035,14,synthetic_logic_rules,-0.5,-0.5070579051971436,-0.5151785612106323,0.5,13.5,14.0,1.0
distractor_delta,35,logic_tournament_036,15,synthetic_logic_rules,-1.078125,-1.1926597356796265,-0.49866071343421936,1.078125,8.3125,9.390625,1.0
distractor_delta,35,policy_lab_access_002,16,synthetic_policy,-1.265625,-0.7201642990112305,-0.4933035671710968,1.265625,14.171875,15.4375,1.0
distractor_delta,35,policy_library_checkout_003,17,synthetic_policy,-1.15625,-1.1973481178283691,-0.49642857909202576,1.15625,16.578125,17.734375,1.0
distractor_delta,35,policy_lunch_pass_001,18,synthetic_policy,-1.140625,-1.069319486618042,-0.49687498807907104,1.140625,14.8125,15.953125,1.0
distractor_delta,35,policy_rec_center_004,19,synthetic_policy,-1.640625,-1.1258935928344727,-0.4825892746448517,1.640625,14.21875,15.859375,1.0
distractor_delta,35,product_specs_025,20,synthetic_product_specs,-0.046875,-0.1981956958770752,-0.528124988079071,0.046875,16.328125,16.375,1.0
distractor_delta,35,product_specs_026,21,synthetic_product_specs,-0.984375,-0.5996617078781128,-0.5013392567634583,0.984375,14.921875,15.90625,1.0
distractor_delta,35,product_specs_027,22,synthetic_product_specs,-0.59375,-0.6215308308601379,-0.512499988079071,0.59375,16.109375,16.703125,1.0
distractor_delta,35,product_specs_028,23,synthetic_product_specs,-0.609375,-0.5895779132843018,-0.5120535492897034,0.609375,15.0625,15.671875,1.0
distractor_delta,35,schedule_clinic_011,24,synthetic_schedule,-1.515625,-1.1984853744506836,-0.4861607253551483,1.515625,15.9375,17.453125,1.0
distractor_delta,35,schedule_exam_010,25,synthetic_schedule,0.734375,0.9061501622200012,-0.5504464507102966,-0.734375,14.96875,14.234375,1.0
distractor_delta,35,schedule_train_009,26,synthetic_schedule,0.5625,0.0029966235160827637,-0.5455357432365417,-0.5625,14.625,14.0625,1.0
distractor_delta,35,schedule_workshop_012,27,synthetic_schedule,-0.5625,-0.3817903399467468,-0.5133928656578064,0.5625,15.484375,16.046875,1.0
distractor_delta,35,science_battery_016,28,synthetic_science_text,0.328125,0.18206214904785156,-0.5388392806053162,-0.328125,14.703125,14.375,1.0
distractor_delta,35,science_mineral_014,29,synthetic_science_text,-0.296875,-0.27362871170043945,-0.5209821462631226,0.296875,13.640625,13.9375,1.0
distractor_delta,35,science_plant_013,30,synthetic_science_text,0.421875,0.34000301361083984,-0.5415178537368774,-0.421875,15.359375,14.9375,1.0
distractor_delta,35,science_weather_015,31,synthetic_science_text,1.546875,0.8675514459609985,-0.5736607313156128,-1.546875,12.671875,11.125,1.0
distractor_delta,35,technical_api_022,32,synthetic_technical_config,-0.578125,-0.02080392837524414,-0.5129464268684387,0.578125,14.140625,14.71875,1.0
distractor_delta,35,technical_backup_023,33,synthetic_technical_config,-0.234375,-0.41980797052383423,-0.5227678418159485,0.234375,15.6875,15.921875,1.0
distractor_delta,35,technical_config_021,34,synthetic_technical_config,-0.609375,-0.7943480610847473,-0.5120535492897034,0.609375,16.65625,17.265625,1.0
distractor_delta,35,technical_feature_flag_024,35,synthetic_technical_config,-0.59375,-0.9148877859115601,-0.512499988079071,0.59375,14.71875,15.3125,1.0
