analysis,anchor,pair,layer,n_examples,n_families,balanced_accuracy,baseline_balanced_accuracy,auroc,average_precision,f1,precision,recall,confusion_matrix_counts
overall_harmful,end_of_evidence_block,all_conditions_pooled,0,108,36,0.666667,0.500000,0.687991,0.177461,0.222222,0.126984,0.888889,tn=44 fp=55 fn=1 tp=8
overall_harmful,end_of_evidence_block,all_conditions_pooled,1,108,36,0.686869,0.500000,0.729517,0.214630,0.235294,0.135593,0.888889,tn=48 fp=51 fn=1 tp=8
overall_harmful,end_of_evidence_block,all_conditions_pooled,2,108,36,0.651515,0.500000,0.673401,0.152711,0.213333,0.121212,0.888889,tn=41 fp=58 fn=1 tp=8
overall_harmful,end_of_evidence_block,all_conditions_pooled,3,108,36,0.621212,0.500000,0.647587,0.136731,0.210526,0.125000,0.666667,tn=57 fp=42 fn=3 tp=6
overall_harmful,end_of_evidence_block,all_conditions_pooled,4,108,36,0.666667,0.500000,0.625140,0.129335,0.250000,0.153846,0.666667,tn=66 fp=33 fn=3 tp=6
overall_harmful,end_of_evidence_block,all_conditions_pooled,5,108,36,0.681818,0.500000,0.616162,0.127318,0.266667,0.166667,0.666667,tn=69 fp=30 fn=3 tp=6
overall_harmful,end_of_evidence_block,all_conditions_pooled,6,108,36,0.676768,0.500000,0.659933,0.165386,0.260870,0.162162,0.666667,tn=68 fp=31 fn=3 tp=6
overall_harmful,end_of_evidence_block,all_conditions_pooled,7,108,36,0.681818,0.500000,0.636364,0.138648,0.266667,0.166667,0.666667,tn=69 fp=30 fn=3 tp=6
overall_harmful,end_of_evidence_block,all_conditions_pooled,8,108,36,0.671717,0.500000,0.661055,0.158663,0.255319,0.157895,0.666667,tn=67 fp=32 fn=3 tp=6
overall_harmful,end_of_evidence_block,all_conditions_pooled,9,108,36,0.676768,0.500000,0.721661,0.227827,0.260870,0.162162,0.666667,tn=68 fp=31 fn=3 tp=6
overall_harmful,end_of_evidence_block,all_conditions_pooled,10,108,36,0.671717,0.500000,0.731762,0.231319,0.255319,0.157895,0.666667,tn=67 fp=32 fn=3 tp=6
overall_harmful,end_of_evidence_block,all_conditions_pooled,11,108,36,0.732323,0.500000,0.740741,0.287679,0.297872,0.184211,0.777778,tn=68 fp=31 fn=2 tp=7
overall_harmful,end_of_evidence_block,all_conditions_pooled,12,108,36,0.676768,0.500000,0.742985,0.194317,0.260870,0.162162,0.666667,tn=68 fp=31 fn=3 tp=6
overall_harmful,end_of_evidence_block,all_conditions_pooled,13,108,36,0.671717,0.500000,0.741863,0.176996,0.255319,0.157895,0.666667,tn=67 fp=32 fn=3 tp=6
overall_harmful,end_of_evidence_block,all_conditions_pooled,14,108,36,0.666667,0.500000,0.734007,0.176929,0.250000,0.153846,0.666667,tn=66 fp=33 fn=3 tp=6
overall_harmful,end_of_evidence_block,all_conditions_pooled,15,108,36,0.671717,0.500000,0.738496,0.158354,0.255319,0.157895,0.666667,tn=67 fp=32 fn=3 tp=6
overall_harmful,end_of_evidence_block,all_conditions_pooled,16,108,36,0.666667,0.500000,0.737374,0.172627,0.250000,0.153846,0.666667,tn=66 fp=33 fn=3 tp=6
overall_harmful,end_of_evidence_block,all_conditions_pooled,17,108,36,0.671717,0.500000,0.726150,0.158055,0.255319,0.157895,0.666667,tn=67 fp=32 fn=3 tp=6
overall_harmful,end_of_evidence_block,all_conditions_pooled,18,108,36,0.656566,0.500000,0.742985,0.186652,0.240000,0.146341,0.666667,tn=64 fp=35 fn=3 tp=6
overall_harmful,end_of_evidence_block,all_conditions_pooled,19,108,36,0.656566,0.500000,0.772166,0.224109,0.240000,0.146341,0.666667,tn=64 fp=35 fn=3 tp=6
overall_harmful,end_of_evidence_block,all_conditions_pooled,20,108,36,0.661616,0.500000,0.790123,0.240357,0.244898,0.150000,0.666667,tn=65 fp=34 fn=3 tp=6
overall_harmful,end_of_evidence_block,all_conditions_pooled,21,108,36,0.666667,0.500000,0.806958,0.241221,0.250000,0.153846,0.666667,tn=66 fp=33 fn=3 tp=6
overall_harmful,end_of_evidence_block,all_conditions_pooled,22,108,36,0.671717,0.500000,0.772166,0.226320,0.255319,0.157895,0.666667,tn=67 fp=32 fn=3 tp=6
overall_harmful,end_of_evidence_block,all_conditions_pooled,23,108,36,0.676768,0.500000,0.750842,0.216319,0.260870,0.162162,0.666667,tn=68 fp=31 fn=3 tp=6
overall_harmful,end_of_evidence_block,all_conditions_pooled,24,108,36,0.717172,0.500000,0.773288,0.257056,0.280000,0.170732,0.777778,tn=65 fp=34 fn=2 tp=7
overall_harmful,end_of_evidence_block,all_conditions_pooled,25,108,36,0.727273,0.500000,0.762065,0.287422,0.291667,0.179487,0.777778,tn=67 fp=32 fn=2 tp=7
overall_harmful,end_of_evidence_block,all_conditions_pooled,26,108,36,0.727273,0.500000,0.765432,0.299378,0.291667,0.179487,0.777778,tn=67 fp=32 fn=2 tp=7
overall_harmful,end_of_evidence_block,all_conditions_pooled,27,108,36,0.666667,0.500000,0.748597,0.261390,0.250000,0.153846,0.666667,tn=66 fp=33 fn=3 tp=6
overall_harmful,end_of_evidence_block,all_conditions_pooled,28,108,36,0.722222,0.500000,0.735129,0.234701,0.285714,0.175000,0.777778,tn=66 fp=33 fn=2 tp=7
overall_harmful,end_of_evidence_block,all_conditions_pooled,29,108,36,0.666667,0.500000,0.721661,0.187730,0.250000,0.153846,0.666667,tn=66 fp=33 fn=3 tp=6
overall_harmful,end_of_evidence_block,all_conditions_pooled,30,108,36,0.666667,0.500000,0.693603,0.158283,0.250000,0.153846,0.666667,tn=66 fp=33 fn=3 tp=6
overall_harmful,end_of_evidence_block,all_conditions_pooled,31,108,36,0.666667,0.500000,0.650954,0.130185,0.250000,0.153846,0.666667,tn=66 fp=33 fn=3 tp=6
overall_harmful,end_of_evidence_block,all_conditions_pooled,32,108,36,0.661616,0.500000,0.620651,0.118513,0.244898,0.150000,0.666667,tn=65 fp=34 fn=3 tp=6
overall_harmful,end_of_evidence_block,all_conditions_pooled,33,108,36,0.651515,0.500000,0.620651,0.118249,0.235294,0.142857,0.666667,tn=63 fp=36 fn=3 tp=6
overall_harmful,end_of_evidence_block,all_conditions_pooled,34,108,36,0.641414,0.500000,0.603816,0.113036,0.226415,0.136364,0.666667,tn=61 fp=38 fn=3 tp=6
overall_harmful,end_of_evidence_block,all_conditions_pooled,35,108,36,0.646465,0.500000,0.610550,0.118989,0.230769,0.139535,0.666667,tn=62 fp=37 fn=3 tp=6
within_condition,end_of_evidence_block,evidence_emotional_pressure,0,36,36,0.666667,0.500000,0.577778,0.217222,0.400000,0.285714,0.666667,tn=20 fp=10 fn=2 tp=4
within_condition,end_of_evidence_block,evidence_emotional_pressure,1,36,36,0.700000,0.500000,0.694444,0.342937,0.444444,0.333333,0.666667,tn=22 fp=8 fn=2 tp=4
within_condition,end_of_evidence_block,evidence_emotional_pressure,2,36,36,0.500000,0.500000,0.572222,0.210868,0.166667,0.166667,0.166667,tn=25 fp=5 fn=5 tp=1
within_condition,end_of_evidence_block,evidence_emotional_pressure,3,36,36,0.533333,0.500000,0.594444,0.221266,0.250000,0.200000,0.333333,tn=22 fp=8 fn=4 tp=2
within_condition,end_of_evidence_block,evidence_emotional_pressure,4,36,36,0.583333,0.500000,0.566667,0.241267,0.307692,0.285714,0.333333,tn=25 fp=5 fn=4 tp=2
within_condition,end_of_evidence_block,evidence_emotional_pressure,5,36,36,0.533333,0.500000,0.483333,0.223883,0.200000,0.250000,0.166667,tn=27 fp=3 fn=5 tp=1
within_condition,end_of_evidence_block,evidence_emotional_pressure,6,36,36,0.450000,0.500000,0.388889,0.158150,0.000000,0.000000,0.000000,tn=27 fp=3 fn=6 tp=0
within_condition,end_of_evidence_block,evidence_emotional_pressure,7,36,36,0.466667,0.500000,0.322222,0.137507,0.000000,0.000000,0.000000,tn=28 fp=2 fn=6 tp=0
within_condition,end_of_evidence_block,evidence_emotional_pressure,8,36,36,0.416667,0.500000,0.361111,0.149253,0.000000,0.000000,0.000000,tn=25 fp=5 fn=6 tp=0
within_condition,end_of_evidence_block,evidence_emotional_pressure,9,36,36,0.516667,0.500000,0.533333,0.249225,0.181818,0.200000,0.166667,tn=26 fp=4 fn=5 tp=1
within_condition,end_of_evidence_block,evidence_emotional_pressure,10,36,36,0.450000,0.500000,0.477778,0.189379,0.000000,0.000000,0.000000,tn=27 fp=3 fn=6 tp=0
within_condition,end_of_evidence_block,evidence_emotional_pressure,11,36,36,0.433333,0.500000,0.522222,0.204950,0.000000,0.000000,0.000000,tn=26 fp=4 fn=6 tp=0
within_condition,end_of_evidence_block,evidence_emotional_pressure,12,36,36,0.466667,0.500000,0.422222,0.162298,0.000000,0.000000,0.000000,tn=28 fp=2 fn=6 tp=0
within_condition,end_of_evidence_block,evidence_emotional_pressure,13,36,36,0.466667,0.500000,0.372222,0.148002,0.000000,0.000000,0.000000,tn=28 fp=2 fn=6 tp=0
within_condition,end_of_evidence_block,evidence_emotional_pressure,14,36,36,0.466667,0.500000,0.333333,0.144400,0.000000,0.000000,0.000000,tn=28 fp=2 fn=6 tp=0
within_condition,end_of_evidence_block,evidence_emotional_pressure,15,36,36,0.466667,0.500000,0.350000,0.146506,0.000000,0.000000,0.000000,tn=28 fp=2 fn=6 tp=0
within_condition,end_of_evidence_block,evidence_emotional_pressure,16,36,36,0.483333,0.500000,0.438889,0.161267,0.000000,0.000000,0.000000,tn=29 fp=1 fn=6 tp=0
within_condition,end_of_evidence_block,evidence_emotional_pressure,17,36,36,0.483333,0.500000,0.444444,0.162247,0.000000,0.000000,0.000000,tn=29 fp=1 fn=6 tp=0
within_condition,end_of_evidence_block,evidence_emotional_pressure,18,36,36,0.450000,0.500000,0.550000,0.196711,0.000000,0.000000,0.000000,tn=27 fp=3 fn=6 tp=0
within_condition,end_of_evidence_block,evidence_emotional_pressure,19,36,36,0.433333,0.500000,0.700000,0.280026,0.000000,0.000000,0.000000,tn=26 fp=4 fn=6 tp=0
within_condition,end_of_evidence_block,evidence_emotional_pressure,20,36,36,0.516667,0.500000,0.705556,0.307474,0.181818,0.200000,0.166667,tn=26 fp=4 fn=5 tp=1
within_condition,end_of_evidence_block,evidence_emotional_pressure,21,36,36,0.516667,0.500000,0.677778,0.271566,0.181818,0.200000,0.166667,tn=26 fp=4 fn=5 tp=1
within_condition,end_of_evidence_block,evidence_emotional_pressure,22,36,36,0.500000,0.500000,0.650000,0.244839,0.166667,0.166667,0.166667,tn=25 fp=5 fn=5 tp=1
within_condition,end_of_evidence_block,evidence_emotional_pressure,23,36,36,0.566667,0.500000,0.605556,0.241667,0.285714,0.250000,0.333333,tn=24 fp=6 fn=4 tp=2
within_condition,end_of_evidence_block,evidence_emotional_pressure,24,36,36,0.700000,0.500000,0.638889,0.322123,0.444444,0.333333,0.666667,tn=22 fp=8 fn=2 tp=4
within_condition,end_of_evidence_block,evidence_emotional_pressure,25,36,36,0.683333,0.500000,0.600000,0.302298,0.421053,0.307692,0.666667,tn=21 fp=9 fn=2 tp=4
within_condition,end_of_evidence_block,evidence_emotional_pressure,26,36,36,0.700000,0.500000,0.611111,0.312067,0.444444,0.333333,0.666667,tn=22 fp=8 fn=2 tp=4
within_condition,end_of_evidence_block,evidence_emotional_pressure,27,36,36,0.716667,0.500000,0.611111,0.320533,0.470588,0.363636,0.666667,tn=23 fp=7 fn=2 tp=4
within_condition,end_of_evidence_block,evidence_emotional_pressure,28,36,36,0.700000,0.500000,0.588889,0.296681,0.444444,0.333333,0.666667,tn=22 fp=8 fn=2 tp=4
within_condition,end_of_evidence_block,evidence_emotional_pressure,29,36,36,0.716667,0.500000,0.583333,0.287422,0.470588,0.363636,0.666667,tn=23 fp=7 fn=2 tp=4
within_condition,end_of_evidence_block,evidence_emotional_pressure,30,36,36,0.716667,0.500000,0.577778,0.280014,0.470588,0.363636,0.666667,tn=23 fp=7 fn=2 tp=4
within_condition,end_of_evidence_block,evidence_emotional_pressure,31,36,36,0.650000,0.500000,0.572222,0.273954,0.400000,0.333333,0.500000,tn=24 fp=6 fn=3 tp=3
within_condition,end_of_evidence_block,evidence_emotional_pressure,32,36,36,0.650000,0.500000,0.555556,0.253030,0.400000,0.333333,0.500000,tn=24 fp=6 fn=3 tp=3
within_condition,end_of_evidence_block,evidence_emotional_pressure,33,36,36,0.583333,0.500000,0.550000,0.245094,0.307692,0.285714,0.333333,tn=25 fp=5 fn=4 tp=2
within_condition,end_of_evidence_block,evidence_emotional_pressure,34,36,36,0.500000,0.500000,0.538889,0.233586,0.166667,0.166667,0.166667,tn=25 fp=5 fn=5 tp=1
within_condition,end_of_evidence_block,evidence_emotional_pressure,35,36,36,0.433333,0.500000,0.388889,0.176641,0.000000,0.000000,0.000000,tn=26 fp=4 fn=6 tp=0
cross_condition,end_of_evidence_block,evidence_emotional_pressure_to_evidence_false_belief_pressure,0,36,36,0.705882,0.500000,0.926471,0.642857,0.166667,0.090909,1.000000,tn=14 fp=20 fn=0 tp=2
cross_condition,end_of_evidence_block,evidence_emotional_pressure_to_evidence_false_belief_pressure,1,36,36,0.838235,0.500000,0.985294,0.833333,0.266667,0.153846,1.000000,tn=23 fp=11 fn=0 tp=2
cross_condition,end_of_evidence_block,evidence_emotional_pressure_to_evidence_false_belief_pressure,2,36,36,0.573529,0.500000,0.764706,0.308824,0.133333,0.076923,0.500000,tn=22 fp=12 fn=1 tp=1
cross_condition,end_of_evidence_block,evidence_emotional_pressure_to_evidence_false_belief_pressure,3,36,36,0.632353,0.500000,0.602941,0.163462,0.137931,0.074074,1.000000,tn=9 fp=25 fn=0 tp=2
cross_condition,end_of_evidence_block,evidence_emotional_pressure_to_evidence_false_belief_pressure,4,36,36,0.705882,0.500000,0.647059,0.111111,0.166667,0.090909,1.000000,tn=14 fp=20 fn=0 tp=2
cross_condition,end_of_evidence_block,evidence_emotional_pressure_to_evidence_false_belief_pressure,5,36,36,0.558824,0.500000,0.647059,0.130952,0.125000,0.071429,0.500000,tn=21 fp=13 fn=1 tp=1
cross_condition,end_of_evidence_block,evidence_emotional_pressure_to_evidence_false_belief_pressure,6,36,36,0.808824,0.500000,0.808824,0.190909,0.235294,0.133333,1.000000,tn=21 fp=13 fn=0 tp=2
cross_condition,end_of_evidence_block,evidence_emotional_pressure_to_evidence_false_belief_pressure,7,36,36,0.544118,0.500000,0.735294,0.162500,0.117647,0.066667,0.500000,tn=20 fp=14 fn=1 tp=1
cross_condition,end_of_evidence_block,evidence_emotional_pressure_to_evidence_false_belief_pressure,8,36,36,0.750000,0.500000,0.808824,0.190909,0.190476,0.105263,1.000000,tn=17 fp=17 fn=0 tp=2
cross_condition,end_of_evidence_block,evidence_emotional_pressure_to_evidence_false_belief_pressure,9,36,36,0.750000,0.500000,0.897059,0.375000,0.190476,0.105263,1.000000,tn=17 fp=17 fn=0 tp=2
cross_condition,end_of_evidence_block,evidence_emotional_pressure_to_evidence_false_belief_pressure,10,36,36,0.705882,0.500000,0.852941,0.266667,0.333333,0.250000,0.500000,tn=31 fp=3 fn=1 tp=1
cross_condition,end_of_evidence_block,evidence_emotional_pressure_to_evidence_false_belief_pressure,11,36,36,0.735294,0.500000,0.926471,0.642857,0.500000,0.500000,0.500000,tn=33 fp=1 fn=1 tp=1
cross_condition,end_of_evidence_block,evidence_emotional_pressure_to_evidence_false_belief_pressure,12,36,36,0.705882,0.500000,0.691176,0.214286,0.333333,0.250000,0.500000,tn=31 fp=3 fn=1 tp=1
cross_condition,end_of_evidence_block,evidence_emotional_pressure_to_evidence_false_belief_pressure,13,36,36,0.661765,0.500000,0.779412,0.162338,0.222222,0.142857,0.500000,tn=28 fp=6 fn=1 tp=1
cross_condition,end_of_evidence_block,evidence_emotional_pressure_to_evidence_false_belief_pressure,14,36,36,0.602941,0.500000,0.808824,0.243590,0.153846,0.090909,0.500000,tn=24 fp=10 fn=1 tp=1
cross_condition,end_of_evidence_block,evidence_emotional_pressure_to_evidence_false_belief_pressure,15,36,36,0.676471,0.500000,0.647059,0.290000,0.250000,0.166667,0.500000,tn=29 fp=5 fn=1 tp=1
cross_condition,end_of_evidence_block,evidence_emotional_pressure_to_evidence_false_belief_pressure,16,36,36,0.338235,0.500000,0.588235,0.094017,0.000000,0.000000,0.000000,tn=23 fp=11 fn=2 tp=0
cross_condition,end_of_evidence_block,evidence_emotional_pressure_to_evidence_false_belief_pressure,17,36,36,0.397059,0.500000,0.764706,0.155556,0.000000,0.000000,0.000000,tn=27 fp=7 fn=2 tp=0
cross_condition,end_of_evidence_block,evidence_emotional_pressure_to_evidence_false_belief_pressure,18,36,36,0.470588,0.500000,0.867647,0.277778,0.000000,0.000000,0.000000,tn=32 fp=2 fn=2 tp=0
cross_condition,end_of_evidence_block,evidence_emotional_pressure_to_evidence_false_belief_pressure,19,36,36,0.455882,0.500000,0.794118,0.183333,0.000000,0.000000,0.000000,tn=31 fp=3 fn=2 tp=0
cross_condition,end_of_evidence_block,evidence_emotional_pressure_to_evidence_false_belief_pressure,20,36,36,0.867647,0.500000,0.882353,0.291667,0.307692,0.181818,1.000000,tn=25 fp=9 fn=0 tp=2
cross_condition,end_of_evidence_block,evidence_emotional_pressure_to_evidence_false_belief_pressure,21,36,36,0.720588,0.500000,0.926471,0.416667,0.400000,0.333333,0.500000,tn=32 fp=2 fn=1 tp=1
cross_condition,end_of_evidence_block,evidence_emotional_pressure_to_evidence_false_belief_pressure,22,36,36,0.720588,0.500000,0.970588,0.750000,0.400000,0.333333,0.500000,tn=32 fp=2 fn=1 tp=1
cross_condition,end_of_evidence_block,evidence_emotional_pressure_to_evidence_false_belief_pressure,23,36,36,0.720588,0.500000,0.955882,0.500000,0.400000,0.333333,0.500000,tn=32 fp=2 fn=1 tp=1
cross_condition,end_of_evidence_block,evidence_emotional_pressure_to_evidence_false_belief_pressure,24,36,36,0.941176,0.500000,0.985294,0.833333,0.500000,0.333333,1.000000,tn=30 fp=4 fn=0 tp=2
cross_condition,end_of_evidence_block,evidence_emotional_pressure_to_evidence_false_belief_pressure,25,36,36,0.911765,0.500000,0.970588,0.750000,0.400000,0.250000,1.000000,tn=28 fp=6 fn=0 tp=2
cross_condition,end_of_evidence_block,evidence_emotional_pressure_to_evidence_false_belief_pressure,26,36,36,0.911765,0.500000,0.985294,0.833333,0.400000,0.250000,1.000000,tn=28 fp=6 fn=0 tp=2
cross_condition,end_of_evidence_block,evidence_emotional_pressure_to_evidence_false_belief_pressure,27,36,36,0.911765,0.500000,0.985294,0.833333,0.400000,0.250000,1.000000,tn=28 fp=6 fn=0 tp=2
cross_condition,end_of_evidence_block,evidence_emotional_pressure_to_evidence_false_belief_pressure,28,36,36,0.897059,0.500000,0.970588,0.750000,0.363636,0.222222,1.000000,tn=27 fp=7 fn=0 tp=2
cross_condition,end_of_evidence_block,evidence_emotional_pressure_to_evidence_false_belief_pressure,29,36,36,0.926471,0.500000,0.970588,0.750000,0.444444,0.285714,1.000000,tn=29 fp=5 fn=0 tp=2
cross_condition,end_of_evidence_block,evidence_emotional_pressure_to_evidence_false_belief_pressure,30,36,36,0.911765,0.500000,0.970588,0.750000,0.400000,0.250000,1.000000,tn=28 fp=6 fn=0 tp=2
cross_condition,end_of_evidence_block,evidence_emotional_pressure_to_evidence_false_belief_pressure,31,36,36,0.882353,0.500000,0.970588,0.750000,0.333333,0.200000,1.000000,tn=26 fp=8 fn=0 tp=2
cross_condition,end_of_evidence_block,evidence_emotional_pressure_to_evidence_false_belief_pressure,32,36,36,0.882353,0.500000,0.941176,0.450000,0.333333,0.200000,1.000000,tn=26 fp=8 fn=0 tp=2
cross_condition,end_of_evidence_block,evidence_emotional_pressure_to_evidence_false_belief_pressure,33,36,36,0.882353,0.500000,0.926471,0.366667,0.333333,0.200000,1.000000,tn=26 fp=8 fn=0 tp=2
cross_condition,end_of_evidence_block,evidence_emotional_pressure_to_evidence_false_belief_pressure,34,36,36,0.882353,0.500000,0.911765,0.325000,0.333333,0.200000,1.000000,tn=26 fp=8 fn=0 tp=2
cross_condition,end_of_evidence_block,evidence_emotional_pressure_to_evidence_false_belief_pressure,35,36,36,0.941176,0.500000,0.941176,0.416667,0.500000,0.333333,1.000000,tn=30 fp=4 fn=0 tp=2
cross_condition,end_of_evidence_block,evidence_emotional_pressure_to_closed_context_false_belief_pressure,0,36,36,0.528571,0.500000,0.828571,0.142857,0.057143,0.029412,1.000000,tn=2 fp=33 fn=0 tp=1
cross_condition,end_of_evidence_block,evidence_emotional_pressure_to_closed_context_false_belief_pressure,1,36,36,0.528571,0.500000,0.257143,0.037037,0.057143,0.029412,1.000000,tn=2 fp=33 fn=0 tp=1
cross_condition,end_of_evidence_block,evidence_emotional_pressure_to_closed_context_false_belief_pressure,2,36,36,0.371429,0.500000,0.371429,0.043478,0.000000,0.000000,0.000000,tn=26 fp=9 fn=1 tp=0
cross_condition,end_of_evidence_block,evidence_emotional_pressure_to_closed_context_false_belief_pressure,3,36,36,0.285714,0.500000,0.485714,0.052632,0.000000,0.000000,0.000000,tn=20 fp=15 fn=1 tp=0
cross_condition,end_of_evidence_block,evidence_emotional_pressure_to_closed_context_false_belief_pressure,4,36,36,0.357143,0.500000,0.228571,0.035714,0.000000,0.000000,0.000000,tn=25 fp=10 fn=1 tp=0
cross_condition,end_of_evidence_block,evidence_emotional_pressure_to_closed_context_false_belief_pressure,5,36,36,0.414286,0.500000,0.057143,0.029412,0.000000,0.000000,0.000000,tn=29 fp=6 fn=1 tp=0
cross_condition,end_of_evidence_block,evidence_emotional_pressure_to_closed_context_false_belief_pressure,6,36,36,0.300000,0.500000,0.171429,0.033333,0.000000,0.000000,0.000000,tn=21 fp=14 fn=1 tp=0
cross_condition,end_of_evidence_block,evidence_emotional_pressure_to_closed_context_false_belief_pressure,7,36,36,0.385714,0.500000,0.371429,0.043478,0.000000,0.000000,0.000000,tn=27 fp=8 fn=1 tp=0
cross_condition,end_of_evidence_block,evidence_emotional_pressure_to_closed_context_false_belief_pressure,8,36,36,0.414286,0.500000,0.457143,0.050000,0.000000,0.000000,0.000000,tn=29 fp=6 fn=1 tp=0
cross_condition,end_of_evidence_block,evidence_emotional_pressure_to_closed_context_false_belief_pressure,9,36,36,0.485714,0.500000,0.685714,0.083333,0.000000,0.000000,0.000000,tn=34 fp=1 fn=1 tp=0
cross_condition,end_of_evidence_block,evidence_emotional_pressure_to_closed_context_false_belief_pressure,10,36,36,0.485714,0.500000,0.685714,0.083333,0.000000,0.000000,0.000000,tn=34 fp=1 fn=1 tp=0
cross_condition,end_of_evidence_block,evidence_emotional_pressure_to_closed_context_false_belief_pressure,11,36,36,0.500000,0.500000,0.857143,0.166667,0.000000,0.000000,0.000000,tn=35 fp=0 fn=1 tp=0
cross_condition,end_of_evidence_block,evidence_emotional_pressure_to_closed_context_false_belief_pressure,12,36,36,0.500000,0.500000,0.914286,0.250000,0.000000,0.000000,0.000000,tn=35 fp=0 fn=1 tp=0
cross_condition,end_of_evidence_block,evidence_emotional_pressure_to_closed_context_false_belief_pressure,13,36,36,0.485714,0.500000,0.685714,0.083333,0.000000,0.000000,0.000000,tn=34 fp=1 fn=1 tp=0
cross_condition,end_of_evidence_block,evidence_emotional_pressure_to_closed_context_false_belief_pressure,14,36,36,0.814286,0.500000,0.657143,0.076923,0.133333,0.071429,1.000000,tn=22 fp=13 fn=0 tp=1
cross_condition,end_of_evidence_block,evidence_emotional_pressure_to_closed_context_false_belief_pressure,15,36,36,0.400000,0.500000,0.571429,0.062500,0.000000,0.000000,0.000000,tn=28 fp=7 fn=1 tp=0
cross_condition,end_of_evidence_block,evidence_emotional_pressure_to_closed_context_false_belief_pressure,16,36,36,0.757143,0.500000,0.800000,0.125000,0.105263,0.055556,1.000000,tn=18 fp=17 fn=0 tp=1
cross_condition,end_of_evidence_block,evidence_emotional_pressure_to_closed_context_false_belief_pressure,17,36,36,0.742857,0.500000,0.714286,0.090909,0.100000,0.052632,1.000000,tn=17 fp=18 fn=0 tp=1
cross_condition,end_of_evidence_block,evidence_emotional_pressure_to_closed_context_false_belief_pressure,18,36,36,0.885714,0.500000,0.771429,0.111111,0.200000,0.111111,1.000000,tn=27 fp=8 fn=0 tp=1
cross_condition,end_of_evidence_block,evidence_emotional_pressure_to_closed_context_false_belief_pressure,19,36,36,0.914286,0.500000,0.828571,0.142857,0.250000,0.142857,1.000000,tn=29 fp=6 fn=0 tp=1
cross_condition,end_of_evidence_block,evidence_emotional_pressure_to_closed_context_false_belief_pressure,20,36,36,0.371429,0.500000,0.742857,0.100000,0.000000,0.000000,0.000000,tn=26 fp=9 fn=1 tp=0
cross_condition,end_of_evidence_block,evidence_emotional_pressure_to_closed_context_false_belief_pressure,21,36,36,0.457143,0.500000,0.914286,0.250000,0.000000,0.000000,0.000000,tn=32 fp=3 fn=1 tp=0
cross_condition,end_of_evidence_block,evidence_emotional_pressure_to_closed_context_false_belief_pressure,22,36,36,0.928571,0.500000,0.857143,0.166667,0.285714,0.166667,1.000000,tn=30 fp=5 fn=0 tp=1
cross_condition,end_of_evidence_block,evidence_emotional_pressure_to_closed_context_false_belief_pressure,23,36,36,0.842857,0.500000,0.800000,0.125000,0.153846,0.083333,1.000000,tn=24 fp=11 fn=0 tp=1
cross_condition,end_of_evidence_block,evidence_emotional_pressure_to_closed_context_false_belief_pressure,24,36,36,0.585714,0.500000,0.657143,0.076923,0.064516,0.033333,1.000000,tn=6 fp=29 fn=0 tp=1
cross_condition,end_of_evidence_block,evidence_emotional_pressure_to_closed_context_false_belief_pressure,25,36,36,0.528571,0.500000,0.685714,0.083333,0.057143,0.029412,1.000000,tn=2 fp=33 fn=0 tp=1
cross_condition,end_of_evidence_block,evidence_emotional_pressure_to_closed_context_false_belief_pressure,26,36,36,0.500000,0.500000,0.685714,0.083333,0.054054,0.027778,1.000000,tn=0 fp=35 fn=0 tp=1
cross_condition,end_of_evidence_block,evidence_emotional_pressure_to_closed_context_false_belief_pressure,27,36,36,0.500000,0.500000,0.685714,0.083333,0.054054,0.027778,1.000000,tn=0 fp=35 fn=0 tp=1
cross_condition,end_of_evidence_block,evidence_emotional_pressure_to_closed_context_false_belief_pressure,28,36,36,0.500000,0.500000,0.628571,0.071429,0.054054,0.027778,1.000000,tn=0 fp=35 fn=0 tp=1
cross_condition,end_of_evidence_block,evidence_emotional_pressure_to_closed_context_false_belief_pressure,29,36,36,0.500000,0.500000,0.628571,0.071429,0.054054,0.027778,1.000000,tn=0 fp=35 fn=0 tp=1
cross_condition,end_of_evidence_block,evidence_emotional_pressure_to_closed_context_false_belief_pressure,30,36,36,0.500000,0.500000,0.542857,0.058824,0.054054,0.027778,1.000000,tn=0 fp=35 fn=0 tp=1
cross_condition,end_of_evidence_block,evidence_emotional_pressure_to_closed_context_false_belief_pressure,31,36,36,0.500000,0.500000,0.542857,0.058824,0.054054,0.027778,1.000000,tn=0 fp=35 fn=0 tp=1
cross_condition,end_of_evidence_block,evidence_emotional_pressure_to_closed_context_false_belief_pressure,32,36,36,0.500000,0.500000,0.542857,0.058824,0.054054,0.027778,1.000000,tn=0 fp=35 fn=0 tp=1
cross_condition,end_of_evidence_block,evidence_emotional_pressure_to_closed_context_false_belief_pressure,33,36,36,0.500000,0.500000,0.542857,0.058824,0.054054,0.027778,1.000000,tn=0 fp=35 fn=0 tp=1
cross_condition,end_of_evidence_block,evidence_emotional_pressure_to_closed_context_false_belief_pressure,34,36,36,0.500000,0.500000,0.485714,0.052632,0.054054,0.027778,1.000000,tn=0 fp=35 fn=0 tp=1
cross_condition,end_of_evidence_block,evidence_emotional_pressure_to_closed_context_false_belief_pressure,35,36,36,0.500000,0.500000,0.514286,0.055556,0.054054,0.027778,1.000000,tn=0 fp=35 fn=0 tp=1
overall_harmful,end_of_user_pressure_sentence,all_conditions_pooled,0,108,36,0.681818,0.500000,0.610550,0.139972,0.266667,0.166667,0.666667,tn=69 fp=30 fn=3 tp=6
overall_harmful,end_of_user_pressure_sentence,all_conditions_pooled,1,108,36,0.676768,0.500000,0.588103,0.127248,0.260870,0.162162,0.666667,tn=68 fp=31 fn=3 tp=6
overall_harmful,end_of_user_pressure_sentence,all_conditions_pooled,2,108,36,0.681818,0.500000,0.588103,0.136223,0.266667,0.166667,0.666667,tn=69 fp=30 fn=3 tp=6
overall_harmful,end_of_user_pressure_sentence,all_conditions_pooled,3,108,36,0.681818,0.500000,0.589226,0.136422,0.266667,0.166667,0.666667,tn=69 fp=30 fn=3 tp=6
overall_harmful,end_of_user_pressure_sentence,all_conditions_pooled,4,108,36,0.681818,0.500000,0.591470,0.136818,0.266667,0.166667,0.666667,tn=69 fp=30 fn=3 tp=6
overall_harmful,end_of_user_pressure_sentence,all_conditions_pooled,5,108,36,0.681818,0.500000,0.586981,0.135943,0.266667,0.166667,0.666667,tn=69 fp=30 fn=3 tp=6
overall_harmful,end_of_user_pressure_sentence,all_conditions_pooled,6,108,36,0.681818,0.500000,0.588103,0.135930,0.266667,0.166667,0.666667,tn=69 fp=30 fn=3 tp=6
overall_harmful,end_of_user_pressure_sentence,all_conditions_pooled,7,108,36,0.681818,0.500000,0.591470,0.136661,0.266667,0.166667,0.666667,tn=69 fp=30 fn=3 tp=6
overall_harmful,end_of_user_pressure_sentence,all_conditions_pooled,8,108,36,0.681818,0.500000,0.572391,0.133519,0.266667,0.166667,0.666667,tn=69 fp=30 fn=3 tp=6
overall_harmful,end_of_user_pressure_sentence,all_conditions_pooled,9,108,36,0.681818,0.500000,0.570146,0.133553,0.266667,0.166667,0.666667,tn=69 fp=30 fn=3 tp=6
overall_harmful,end_of_user_pressure_sentence,all_conditions_pooled,10,108,36,0.681818,0.500000,0.547699,0.130562,0.266667,0.166667,0.666667,tn=69 fp=30 fn=3 tp=6
overall_harmful,end_of_user_pressure_sentence,all_conditions_pooled,11,108,36,0.681818,0.500000,0.571268,0.133168,0.266667,0.166667,0.666667,tn=69 fp=30 fn=3 tp=6
overall_harmful,end_of_user_pressure_sentence,all_conditions_pooled,12,108,36,0.681818,0.500000,0.581369,0.134439,0.266667,0.166667,0.666667,tn=69 fp=30 fn=3 tp=6
overall_harmful,end_of_user_pressure_sentence,all_conditions_pooled,13,108,36,0.681818,0.500000,0.528620,0.128988,0.266667,0.166667,0.666667,tn=69 fp=30 fn=3 tp=6
overall_harmful,end_of_user_pressure_sentence,all_conditions_pooled,14,108,36,0.681818,0.500000,0.511785,0.127538,0.266667,0.166667,0.666667,tn=69 fp=30 fn=3 tp=6
overall_harmful,end_of_user_pressure_sentence,all_conditions_pooled,15,108,36,0.681818,0.500000,0.498316,0.126598,0.266667,0.166667,0.666667,tn=69 fp=30 fn=3 tp=6
overall_harmful,end_of_user_pressure_sentence,all_conditions_pooled,16,108,36,0.681818,0.500000,0.516274,0.127930,0.266667,0.166667,0.666667,tn=69 fp=30 fn=3 tp=6
overall_harmful,end_of_user_pressure_sentence,all_conditions_pooled,17,108,36,0.681818,0.500000,0.510662,0.127465,0.266667,0.166667,0.666667,tn=69 fp=30 fn=3 tp=6
overall_harmful,end_of_user_pressure_sentence,all_conditions_pooled,18,108,36,0.681818,0.500000,0.520763,0.128341,0.266667,0.166667,0.666667,tn=69 fp=30 fn=3 tp=6
overall_harmful,end_of_user_pressure_sentence,all_conditions_pooled,19,108,36,0.681818,0.500000,0.527497,0.129036,0.266667,0.166667,0.666667,tn=69 fp=30 fn=3 tp=6
overall_harmful,end_of_user_pressure_sentence,all_conditions_pooled,20,108,36,0.681818,0.500000,0.543210,0.130435,0.266667,0.166667,0.666667,tn=69 fp=30 fn=3 tp=6
overall_harmful,end_of_user_pressure_sentence,all_conditions_pooled,21,108,36,0.681818,0.500000,0.544332,0.130495,0.266667,0.166667,0.666667,tn=69 fp=30 fn=3 tp=6
overall_harmful,end_of_user_pressure_sentence,all_conditions_pooled,22,108,36,0.681818,0.500000,0.552189,0.131277,0.266667,0.166667,0.666667,tn=69 fp=30 fn=3 tp=6
overall_harmful,end_of_user_pressure_sentence,all_conditions_pooled,23,108,36,0.681818,0.500000,0.562290,0.132448,0.266667,0.166667,0.666667,tn=69 fp=30 fn=3 tp=6
overall_harmful,end_of_user_pressure_sentence,all_conditions_pooled,24,108,36,0.681818,0.500000,0.575758,0.134262,0.266667,0.166667,0.666667,tn=69 fp=30 fn=3 tp=6
overall_harmful,end_of_user_pressure_sentence,all_conditions_pooled,25,108,36,0.681818,0.500000,0.569024,0.133312,0.266667,0.166667,0.666667,tn=69 fp=30 fn=3 tp=6
overall_harmful,end_of_user_pressure_sentence,all_conditions_pooled,26,108,36,0.681818,0.500000,0.569024,0.133354,0.266667,0.166667,0.666667,tn=69 fp=30 fn=3 tp=6
overall_harmful,end_of_user_pressure_sentence,all_conditions_pooled,27,108,36,0.681818,0.500000,0.561167,0.132460,0.266667,0.166667,0.666667,tn=69 fp=30 fn=3 tp=6
overall_harmful,end_of_user_pressure_sentence,all_conditions_pooled,28,108,36,0.681818,0.500000,0.565657,0.132996,0.266667,0.166667,0.666667,tn=69 fp=30 fn=3 tp=6
overall_harmful,end_of_user_pressure_sentence,all_conditions_pooled,29,108,36,0.681818,0.500000,0.563412,0.132945,0.266667,0.166667,0.666667,tn=69 fp=30 fn=3 tp=6
overall_harmful,end_of_user_pressure_sentence,all_conditions_pooled,30,108,36,0.681818,0.500000,0.563412,0.133444,0.266667,0.166667,0.666667,tn=69 fp=30 fn=3 tp=6
overall_harmful,end_of_user_pressure_sentence,all_conditions_pooled,31,108,36,0.681818,0.500000,0.566779,0.133756,0.266667,0.166667,0.666667,tn=69 fp=30 fn=3 tp=6
overall_harmful,end_of_user_pressure_sentence,all_conditions_pooled,32,108,36,0.681818,0.500000,0.570146,0.134203,0.266667,0.166667,0.666667,tn=69 fp=30 fn=3 tp=6
overall_harmful,end_of_user_pressure_sentence,all_conditions_pooled,33,108,36,0.681818,0.500000,0.583614,0.136320,0.266667,0.166667,0.666667,tn=69 fp=30 fn=3 tp=6
overall_harmful,end_of_user_pressure_sentence,all_conditions_pooled,34,108,36,0.681818,0.500000,0.585859,0.136067,0.266667,0.166667,0.666667,tn=69 fp=30 fn=3 tp=6
overall_harmful,end_of_user_pressure_sentence,all_conditions_pooled,35,108,36,0.681818,0.500000,0.580247,0.135240,0.266667,0.166667,0.666667,tn=69 fp=30 fn=3 tp=6
within_condition,end_of_user_pressure_sentence,evidence_emotional_pressure,0,36,36,0.500000,0.500000,0.500000,0.166667,0.285714,0.166667,1.000000,tn=0 fp=30 fn=0 tp=6
within_condition,end_of_user_pressure_sentence,evidence_emotional_pressure,1,36,36,0.500000,0.500000,0.500000,0.166667,0.285714,0.166667,1.000000,tn=0 fp=30 fn=0 tp=6
within_condition,end_of_user_pressure_sentence,evidence_emotional_pressure,2,36,36,0.500000,0.500000,0.500000,0.166667,0.285714,0.166667,1.000000,tn=0 fp=30 fn=0 tp=6
within_condition,end_of_user_pressure_sentence,evidence_emotional_pressure,3,36,36,0.500000,0.500000,0.500000,0.166667,0.285714,0.166667,1.000000,tn=0 fp=30 fn=0 tp=6
within_condition,end_of_user_pressure_sentence,evidence_emotional_pressure,4,36,36,0.500000,0.500000,0.500000,0.166667,0.285714,0.166667,1.000000,tn=0 fp=30 fn=0 tp=6
within_condition,end_of_user_pressure_sentence,evidence_emotional_pressure,5,36,36,0.500000,0.500000,0.500000,0.166667,0.285714,0.166667,1.000000,tn=0 fp=30 fn=0 tp=6
within_condition,end_of_user_pressure_sentence,evidence_emotional_pressure,6,36,36,0.500000,0.500000,0.500000,0.166667,0.285714,0.166667,1.000000,tn=0 fp=30 fn=0 tp=6
within_condition,end_of_user_pressure_sentence,evidence_emotional_pressure,7,36,36,0.500000,0.500000,0.500000,0.166667,0.285714,0.166667,1.000000,tn=0 fp=30 fn=0 tp=6
within_condition,end_of_user_pressure_sentence,evidence_emotional_pressure,8,36,36,0.500000,0.500000,0.500000,0.166667,0.285714,0.166667,1.000000,tn=0 fp=30 fn=0 tp=6
within_condition,end_of_user_pressure_sentence,evidence_emotional_pressure,9,36,36,0.500000,0.500000,0.500000,0.166667,0.285714,0.166667,1.000000,tn=0 fp=30 fn=0 tp=6
within_condition,end_of_user_pressure_sentence,evidence_emotional_pressure,10,36,36,0.500000,0.500000,0.500000,0.166667,0.285714,0.166667,1.000000,tn=0 fp=30 fn=0 tp=6
within_condition,end_of_user_pressure_sentence,evidence_emotional_pressure,11,36,36,0.500000,0.500000,0.500000,0.166667,0.285714,0.166667,1.000000,tn=0 fp=30 fn=0 tp=6
within_condition,end_of_user_pressure_sentence,evidence_emotional_pressure,12,36,36,0.500000,0.500000,0.500000,0.166667,0.285714,0.166667,1.000000,tn=0 fp=30 fn=0 tp=6
within_condition,end_of_user_pressure_sentence,evidence_emotional_pressure,13,36,36,0.500000,0.500000,0.500000,0.166667,0.285714,0.166667,1.000000,tn=0 fp=30 fn=0 tp=6
within_condition,end_of_user_pressure_sentence,evidence_emotional_pressure,14,36,36,0.500000,0.500000,0.500000,0.166667,0.285714,0.166667,1.000000,tn=0 fp=30 fn=0 tp=6
within_condition,end_of_user_pressure_sentence,evidence_emotional_pressure,15,36,36,0.500000,0.500000,0.500000,0.166667,0.285714,0.166667,1.000000,tn=0 fp=30 fn=0 tp=6
within_condition,end_of_user_pressure_sentence,evidence_emotional_pressure,16,36,36,0.500000,0.500000,0.500000,0.166667,0.285714,0.166667,1.000000,tn=0 fp=30 fn=0 tp=6
within_condition,end_of_user_pressure_sentence,evidence_emotional_pressure,17,36,36,0.500000,0.500000,0.500000,0.166667,0.285714,0.166667,1.000000,tn=0 fp=30 fn=0 tp=6
within_condition,end_of_user_pressure_sentence,evidence_emotional_pressure,18,36,36,0.500000,0.500000,0.500000,0.166667,0.285714,0.166667,1.000000,tn=0 fp=30 fn=0 tp=6
within_condition,end_of_user_pressure_sentence,evidence_emotional_pressure,19,36,36,0.500000,0.500000,0.500000,0.166667,0.285714,0.166667,1.000000,tn=0 fp=30 fn=0 tp=6
within_condition,end_of_user_pressure_sentence,evidence_emotional_pressure,20,36,36,0.500000,0.500000,0.500000,0.166667,0.285714,0.166667,1.000000,tn=0 fp=30 fn=0 tp=6
within_condition,end_of_user_pressure_sentence,evidence_emotional_pressure,21,36,36,0.500000,0.500000,0.500000,0.166667,0.285714,0.166667,1.000000,tn=0 fp=30 fn=0 tp=6
within_condition,end_of_user_pressure_sentence,evidence_emotional_pressure,22,36,36,0.500000,0.500000,0.500000,0.166667,0.285714,0.166667,1.000000,tn=0 fp=30 fn=0 tp=6
within_condition,end_of_user_pressure_sentence,evidence_emotional_pressure,23,36,36,0.500000,0.500000,0.500000,0.166667,0.285714,0.166667,1.000000,tn=0 fp=30 fn=0 tp=6
within_condition,end_of_user_pressure_sentence,evidence_emotional_pressure,24,36,36,0.500000,0.500000,0.500000,0.166667,0.285714,0.166667,1.000000,tn=0 fp=30 fn=0 tp=6
within_condition,end_of_user_pressure_sentence,evidence_emotional_pressure,25,36,36,0.500000,0.500000,0.500000,0.166667,0.285714,0.166667,1.000000,tn=0 fp=30 fn=0 tp=6
within_condition,end_of_user_pressure_sentence,evidence_emotional_pressure,26,36,36,0.500000,0.500000,0.500000,0.166667,0.285714,0.166667,1.000000,tn=0 fp=30 fn=0 tp=6
within_condition,end_of_user_pressure_sentence,evidence_emotional_pressure,27,36,36,0.500000,0.500000,0.500000,0.166667,0.285714,0.166667,1.000000,tn=0 fp=30 fn=0 tp=6
within_condition,end_of_user_pressure_sentence,evidence_emotional_pressure,28,36,36,0.500000,0.500000,0.500000,0.166667,0.285714,0.166667,1.000000,tn=0 fp=30 fn=0 tp=6
within_condition,end_of_user_pressure_sentence,evidence_emotional_pressure,29,36,36,0.500000,0.500000,0.500000,0.166667,0.285714,0.166667,1.000000,tn=0 fp=30 fn=0 tp=6
within_condition,end_of_user_pressure_sentence,evidence_emotional_pressure,30,36,36,0.500000,0.500000,0.500000,0.166667,0.285714,0.166667,1.000000,tn=0 fp=30 fn=0 tp=6
within_condition,end_of_user_pressure_sentence,evidence_emotional_pressure,31,36,36,0.500000,0.500000,0.500000,0.166667,0.285714,0.166667,1.000000,tn=0 fp=30 fn=0 tp=6
within_condition,end_of_user_pressure_sentence,evidence_emotional_pressure,32,36,36,0.500000,0.500000,0.500000,0.166667,0.285714,0.166667,1.000000,tn=0 fp=30 fn=0 tp=6
within_condition,end_of_user_pressure_sentence,evidence_emotional_pressure,33,36,36,0.500000,0.500000,0.500000,0.166667,0.285714,0.166667,1.000000,tn=0 fp=30 fn=0 tp=6
within_condition,end_of_user_pressure_sentence,evidence_emotional_pressure,34,36,36,0.500000,0.500000,0.500000,0.166667,0.285714,0.166667,1.000000,tn=0 fp=30 fn=0 tp=6
within_condition,end_of_user_pressure_sentence,evidence_emotional_pressure,35,36,36,0.500000,0.500000,0.500000,0.166667,0.285714,0.166667,1.000000,tn=0 fp=30 fn=0 tp=6
cross_condition,end_of_user_pressure_sentence,evidence_emotional_pressure_to_evidence_false_belief_pressure,0,36,36,0.500000,0.500000,0.500000,0.055556,0.105263,0.055556,1.000000,tn=0 fp=34 fn=0 tp=2
cross_condition,end_of_user_pressure_sentence,evidence_emotional_pressure_to_evidence_false_belief_pressure,1,36,36,0.500000,0.500000,0.500000,0.055556,0.105263,0.055556,1.000000,tn=0 fp=34 fn=0 tp=2
cross_condition,end_of_user_pressure_sentence,evidence_emotional_pressure_to_evidence_false_belief_pressure,2,36,36,0.500000,0.500000,0.500000,0.055556,0.105263,0.055556,1.000000,tn=0 fp=34 fn=0 tp=2
cross_condition,end_of_user_pressure_sentence,evidence_emotional_pressure_to_evidence_false_belief_pressure,3,36,36,0.500000,0.500000,0.500000,0.055556,0.105263,0.055556,1.000000,tn=0 fp=34 fn=0 tp=2
cross_condition,end_of_user_pressure_sentence,evidence_emotional_pressure_to_evidence_false_belief_pressure,4,36,36,0.500000,0.500000,0.500000,0.055556,0.105263,0.055556,1.000000,tn=0 fp=34 fn=0 tp=2
cross_condition,end_of_user_pressure_sentence,evidence_emotional_pressure_to_evidence_false_belief_pressure,5,36,36,0.500000,0.500000,0.500000,0.055556,0.105263,0.055556,1.000000,tn=0 fp=34 fn=0 tp=2
cross_condition,end_of_user_pressure_sentence,evidence_emotional_pressure_to_evidence_false_belief_pressure,6,36,36,0.500000,0.500000,0.500000,0.055556,0.105263,0.055556,1.000000,tn=0 fp=34 fn=0 tp=2
cross_condition,end_of_user_pressure_sentence,evidence_emotional_pressure_to_evidence_false_belief_pressure,7,36,36,0.500000,0.500000,0.500000,0.055556,0.105263,0.055556,1.000000,tn=0 fp=34 fn=0 tp=2
cross_condition,end_of_user_pressure_sentence,evidence_emotional_pressure_to_evidence_false_belief_pressure,8,36,36,0.500000,0.500000,0.500000,0.055556,0.105263,0.055556,1.000000,tn=0 fp=34 fn=0 tp=2
cross_condition,end_of_user_pressure_sentence,evidence_emotional_pressure_to_evidence_false_belief_pressure,9,36,36,0.500000,0.500000,0.500000,0.055556,0.105263,0.055556,1.000000,tn=0 fp=34 fn=0 tp=2
cross_condition,end_of_user_pressure_sentence,evidence_emotional_pressure_to_evidence_false_belief_pressure,10,36,36,0.500000,0.500000,0.500000,0.055556,0.105263,0.055556,1.000000,tn=0 fp=34 fn=0 tp=2
cross_condition,end_of_user_pressure_sentence,evidence_emotional_pressure_to_evidence_false_belief_pressure,11,36,36,0.500000,0.500000,0.500000,0.055556,0.105263,0.055556,1.000000,tn=0 fp=34 fn=0 tp=2
cross_condition,end_of_user_pressure_sentence,evidence_emotional_pressure_to_evidence_false_belief_pressure,12,36,36,0.500000,0.500000,0.500000,0.055556,0.105263,0.055556,1.000000,tn=0 fp=34 fn=0 tp=2
cross_condition,end_of_user_pressure_sentence,evidence_emotional_pressure_to_evidence_false_belief_pressure,13,36,36,0.500000,0.500000,0.500000,0.055556,0.105263,0.055556,1.000000,tn=0 fp=34 fn=0 tp=2
cross_condition,end_of_user_pressure_sentence,evidence_emotional_pressure_to_evidence_false_belief_pressure,14,36,36,0.500000,0.500000,0.500000,0.055556,0.105263,0.055556,1.000000,tn=0 fp=34 fn=0 tp=2
cross_condition,end_of_user_pressure_sentence,evidence_emotional_pressure_to_evidence_false_belief_pressure,15,36,36,0.500000,0.500000,0.500000,0.055556,0.105263,0.055556,1.000000,tn=0 fp=34 fn=0 tp=2
cross_condition,end_of_user_pressure_sentence,evidence_emotional_pressure_to_evidence_false_belief_pressure,16,36,36,0.500000,0.500000,0.500000,0.055556,0.105263,0.055556,1.000000,tn=0 fp=34 fn=0 tp=2
cross_condition,end_of_user_pressure_sentence,evidence_emotional_pressure_to_evidence_false_belief_pressure,17,36,36,0.500000,0.500000,0.500000,0.055556,0.105263,0.055556,1.000000,tn=0 fp=34 fn=0 tp=2
cross_condition,end_of_user_pressure_sentence,evidence_emotional_pressure_to_evidence_false_belief_pressure,18,36,36,0.500000,0.500000,0.500000,0.055556,0.105263,0.055556,1.000000,tn=0 fp=34 fn=0 tp=2
cross_condition,end_of_user_pressure_sentence,evidence_emotional_pressure_to_evidence_false_belief_pressure,19,36,36,0.500000,0.500000,0.500000,0.055556,0.105263,0.055556,1.000000,tn=0 fp=34 fn=0 tp=2
cross_condition,end_of_user_pressure_sentence,evidence_emotional_pressure_to_evidence_false_belief_pressure,20,36,36,0.500000,0.500000,0.500000,0.055556,0.105263,0.055556,1.000000,tn=0 fp=34 fn=0 tp=2
cross_condition,end_of_user_pressure_sentence,evidence_emotional_pressure_to_evidence_false_belief_pressure,21,36,36,0.500000,0.500000,0.500000,0.055556,0.105263,0.055556,1.000000,tn=0 fp=34 fn=0 tp=2
cross_condition,end_of_user_pressure_sentence,evidence_emotional_pressure_to_evidence_false_belief_pressure,22,36,36,0.500000,0.500000,0.500000,0.055556,0.105263,0.055556,1.000000,tn=0 fp=34 fn=0 tp=2
cross_condition,end_of_user_pressure_sentence,evidence_emotional_pressure_to_evidence_false_belief_pressure,23,36,36,0.500000,0.500000,0.500000,0.055556,0.105263,0.055556,1.000000,tn=0 fp=34 fn=0 tp=2
cross_condition,end_of_user_pressure_sentence,evidence_emotional_pressure_to_evidence_false_belief_pressure,24,36,36,0.500000,0.500000,0.500000,0.055556,0.105263,0.055556,1.000000,tn=0 fp=34 fn=0 tp=2
cross_condition,end_of_user_pressure_sentence,evidence_emotional_pressure_to_evidence_false_belief_pressure,25,36,36,0.500000,0.500000,0.500000,0.055556,0.105263,0.055556,1.000000,tn=0 fp=34 fn=0 tp=2
cross_condition,end_of_user_pressure_sentence,evidence_emotional_pressure_to_evidence_false_belief_pressure,26,36,36,0.500000,0.500000,0.500000,0.055556,0.105263,0.055556,1.000000,tn=0 fp=34 fn=0 tp=2
cross_condition,end_of_user_pressure_sentence,evidence_emotional_pressure_to_evidence_false_belief_pressure,27,36,36,0.500000,0.500000,0.500000,0.055556,0.105263,0.055556,1.000000,tn=0 fp=34 fn=0 tp=2
cross_condition,end_of_user_pressure_sentence,evidence_emotional_pressure_to_evidence_false_belief_pressure,28,36,36,0.500000,0.500000,0.500000,0.055556,0.105263,0.055556,1.000000,tn=0 fp=34 fn=0 tp=2
cross_condition,end_of_user_pressure_sentence,evidence_emotional_pressure_to_evidence_false_belief_pressure,29,36,36,0.500000,0.500000,0.500000,0.055556,0.105263,0.055556,1.000000,tn=0 fp=34 fn=0 tp=2
cross_condition,end_of_user_pressure_sentence,evidence_emotional_pressure_to_evidence_false_belief_pressure,30,36,36,0.500000,0.500000,0.500000,0.055556,0.105263,0.055556,1.000000,tn=0 fp=34 fn=0 tp=2
cross_condition,end_of_user_pressure_sentence,evidence_emotional_pressure_to_evidence_false_belief_pressure,31,36,36,0.500000,0.500000,0.500000,0.055556,0.105263,0.055556,1.000000,tn=0 fp=34 fn=0 tp=2
cross_condition,end_of_user_pressure_sentence,evidence_emotional_pressure_to_evidence_false_belief_pressure,32,36,36,0.500000,0.500000,0.500000,0.055556,0.105263,0.055556,1.000000,tn=0 fp=34 fn=0 tp=2
cross_condition,end_of_user_pressure_sentence,evidence_emotional_pressure_to_evidence_false_belief_pressure,33,36,36,0.500000,0.500000,0.500000,0.055556,0.105263,0.055556,1.000000,tn=0 fp=34 fn=0 tp=2
cross_condition,end_of_user_pressure_sentence,evidence_emotional_pressure_to_evidence_false_belief_pressure,34,36,36,0.500000,0.500000,0.500000,0.055556,0.105263,0.055556,1.000000,tn=0 fp=34 fn=0 tp=2
cross_condition,end_of_user_pressure_sentence,evidence_emotional_pressure_to_evidence_false_belief_pressure,35,36,36,0.500000,0.500000,0.500000,0.055556,0.105263,0.055556,1.000000,tn=0 fp=34 fn=0 tp=2
cross_condition,end_of_user_pressure_sentence,evidence_emotional_pressure_to_closed_context_false_belief_pressure,0,36,36,0.500000,0.500000,0.500000,0.027778,0.054054,0.027778,1.000000,tn=0 fp=35 fn=0 tp=1
cross_condition,end_of_user_pressure_sentence,evidence_emotional_pressure_to_closed_context_false_belief_pressure,1,36,36,0.500000,0.500000,0.500000,0.027778,0.054054,0.027778,1.000000,tn=0 fp=35 fn=0 tp=1
cross_condition,end_of_user_pressure_sentence,evidence_emotional_pressure_to_closed_context_false_belief_pressure,2,36,36,0.500000,0.500000,0.500000,0.027778,0.054054,0.027778,1.000000,tn=0 fp=35 fn=0 tp=1
cross_condition,end_of_user_pressure_sentence,evidence_emotional_pressure_to_closed_context_false_belief_pressure,3,36,36,0.500000,0.500000,0.500000,0.027778,0.054054,0.027778,1.000000,tn=0 fp=35 fn=0 tp=1
cross_condition,end_of_user_pressure_sentence,evidence_emotional_pressure_to_closed_context_false_belief_pressure,4,36,36,0.500000,0.500000,0.500000,0.027778,0.054054,0.027778,1.000000,tn=0 fp=35 fn=0 tp=1
cross_condition,end_of_user_pressure_sentence,evidence_emotional_pressure_to_closed_context_false_belief_pressure,5,36,36,0.500000,0.500000,0.500000,0.027778,0.054054,0.027778,1.000000,tn=0 fp=35 fn=0 tp=1
cross_condition,end_of_user_pressure_sentence,evidence_emotional_pressure_to_closed_context_false_belief_pressure,6,36,36,0.500000,0.500000,0.500000,0.027778,0.054054,0.027778,1.000000,tn=0 fp=35 fn=0 tp=1
cross_condition,end_of_user_pressure_sentence,evidence_emotional_pressure_to_closed_context_false_belief_pressure,7,36,36,0.500000,0.500000,0.500000,0.027778,0.054054,0.027778,1.000000,tn=0 fp=35 fn=0 tp=1
cross_condition,end_of_user_pressure_sentence,evidence_emotional_pressure_to_closed_context_false_belief_pressure,8,36,36,0.500000,0.500000,0.500000,0.027778,0.054054,0.027778,1.000000,tn=0 fp=35 fn=0 tp=1
cross_condition,end_of_user_pressure_sentence,evidence_emotional_pressure_to_closed_context_false_belief_pressure,9,36,36,0.500000,0.500000,0.500000,0.027778,0.054054,0.027778,1.000000,tn=0 fp=35 fn=0 tp=1
cross_condition,end_of_user_pressure_sentence,evidence_emotional_pressure_to_closed_context_false_belief_pressure,10,36,36,0.500000,0.500000,0.500000,0.027778,0.054054,0.027778,1.000000,tn=0 fp=35 fn=0 tp=1
cross_condition,end_of_user_pressure_sentence,evidence_emotional_pressure_to_closed_context_false_belief_pressure,11,36,36,0.500000,0.500000,0.500000,0.027778,0.054054,0.027778,1.000000,tn=0 fp=35 fn=0 tp=1
cross_condition,end_of_user_pressure_sentence,evidence_emotional_pressure_to_closed_context_false_belief_pressure,12,36,36,0.500000,0.500000,0.500000,0.027778,0.054054,0.027778,1.000000,tn=0 fp=35 fn=0 tp=1
cross_condition,end_of_user_pressure_sentence,evidence_emotional_pressure_to_closed_context_false_belief_pressure,13,36,36,0.500000,0.500000,0.500000,0.027778,0.054054,0.027778,1.000000,tn=0 fp=35 fn=0 tp=1
cross_condition,end_of_user_pressure_sentence,evidence_emotional_pressure_to_closed_context_false_belief_pressure,14,36,36,0.500000,0.500000,0.500000,0.027778,0.054054,0.027778,1.000000,tn=0 fp=35 fn=0 tp=1
cross_condition,end_of_user_pressure_sentence,evidence_emotional_pressure_to_closed_context_false_belief_pressure,15,36,36,0.500000,0.500000,0.500000,0.027778,0.054054,0.027778,1.000000,tn=0 fp=35 fn=0 tp=1
cross_condition,end_of_user_pressure_sentence,evidence_emotional_pressure_to_closed_context_false_belief_pressure,16,36,36,0.500000,0.500000,0.500000,0.027778,0.054054,0.027778,1.000000,tn=0 fp=35 fn=0 tp=1
cross_condition,end_of_user_pressure_sentence,evidence_emotional_pressure_to_closed_context_false_belief_pressure,17,36,36,0.500000,0.500000,0.500000,0.027778,0.054054,0.027778,1.000000,tn=0 fp=35 fn=0 tp=1
cross_condition,end_of_user_pressure_sentence,evidence_emotional_pressure_to_closed_context_false_belief_pressure,18,36,36,0.500000,0.500000,0.500000,0.027778,0.054054,0.027778,1.000000,tn=0 fp=35 fn=0 tp=1
cross_condition,end_of_user_pressure_sentence,evidence_emotional_pressure_to_closed_context_false_belief_pressure,19,36,36,0.500000,0.500000,0.500000,0.027778,0.054054,0.027778,1.000000,tn=0 fp=35 fn=0 tp=1
cross_condition,end_of_user_pressure_sentence,evidence_emotional_pressure_to_closed_context_false_belief_pressure,20,36,36,0.500000,0.500000,0.500000,0.027778,0.054054,0.027778,1.000000,tn=0 fp=35 fn=0 tp=1
cross_condition,end_of_user_pressure_sentence,evidence_emotional_pressure_to_closed_context_false_belief_pressure,21,36,36,0.500000,0.500000,0.500000,0.027778,0.054054,0.027778,1.000000,tn=0 fp=35 fn=0 tp=1
cross_condition,end_of_user_pressure_sentence,evidence_emotional_pressure_to_closed_context_false_belief_pressure,22,36,36,0.500000,0.500000,0.500000,0.027778,0.054054,0.027778,1.000000,tn=0 fp=35 fn=0 tp=1
cross_condition,end_of_user_pressure_sentence,evidence_emotional_pressure_to_closed_context_false_belief_pressure,23,36,36,0.500000,0.500000,0.500000,0.027778,0.054054,0.027778,1.000000,tn=0 fp=35 fn=0 tp=1
cross_condition,end_of_user_pressure_sentence,evidence_emotional_pressure_to_closed_context_false_belief_pressure,24,36,36,0.500000,0.500000,0.500000,0.027778,0.054054,0.027778,1.000000,tn=0 fp=35 fn=0 tp=1
cross_condition,end_of_user_pressure_sentence,evidence_emotional_pressure_to_closed_context_false_belief_pressure,25,36,36,0.500000,0.500000,0.500000,0.027778,0.054054,0.027778,1.000000,tn=0 fp=35 fn=0 tp=1
cross_condition,end_of_user_pressure_sentence,evidence_emotional_pressure_to_closed_context_false_belief_pressure,26,36,36,0.500000,0.500000,0.500000,0.027778,0.054054,0.027778,1.000000,tn=0 fp=35 fn=0 tp=1
cross_condition,end_of_user_pressure_sentence,evidence_emotional_pressure_to_closed_context_false_belief_pressure,27,36,36,0.500000,0.500000,0.500000,0.027778,0.054054,0.027778,1.000000,tn=0 fp=35 fn=0 tp=1
cross_condition,end_of_user_pressure_sentence,evidence_emotional_pressure_to_closed_context_false_belief_pressure,28,36,36,0.500000,0.500000,0.500000,0.027778,0.054054,0.027778,1.000000,tn=0 fp=35 fn=0 tp=1
cross_condition,end_of_user_pressure_sentence,evidence_emotional_pressure_to_closed_context_false_belief_pressure,29,36,36,0.500000,0.500000,0.500000,0.027778,0.054054,0.027778,1.000000,tn=0 fp=35 fn=0 tp=1
cross_condition,end_of_user_pressure_sentence,evidence_emotional_pressure_to_closed_context_false_belief_pressure,30,36,36,0.500000,0.500000,0.500000,0.027778,0.054054,0.027778,1.000000,tn=0 fp=35 fn=0 tp=1
cross_condition,end_of_user_pressure_sentence,evidence_emotional_pressure_to_closed_context_false_belief_pressure,31,36,36,0.500000,0.500000,0.500000,0.027778,0.054054,0.027778,1.000000,tn=0 fp=35 fn=0 tp=1
cross_condition,end_of_user_pressure_sentence,evidence_emotional_pressure_to_closed_context_false_belief_pressure,32,36,36,0.500000,0.500000,0.500000,0.027778,0.054054,0.027778,1.000000,tn=0 fp=35 fn=0 tp=1
cross_condition,end_of_user_pressure_sentence,evidence_emotional_pressure_to_closed_context_false_belief_pressure,33,36,36,0.500000,0.500000,0.500000,0.027778,0.054054,0.027778,1.000000,tn=0 fp=35 fn=0 tp=1
cross_condition,end_of_user_pressure_sentence,evidence_emotional_pressure_to_closed_context_false_belief_pressure,34,36,36,0.500000,0.500000,0.500000,0.027778,0.054054,0.027778,1.000000,tn=0 fp=35 fn=0 tp=1
cross_condition,end_of_user_pressure_sentence,evidence_emotional_pressure_to_closed_context_false_belief_pressure,35,36,36,0.500000,0.500000,0.500000,0.027778,0.054054,0.027778,1.000000,tn=0 fp=35 fn=0 tp=1
overall_harmful,end_of_question,all_conditions_pooled,0,108,36,0.732323,0.500000,0.766554,0.222295,0.271186,0.160000,0.888889,tn=57 fp=42 fn=1 tp=8
overall_harmful,end_of_question,all_conditions_pooled,1,108,36,0.646465,0.500000,0.705948,0.195015,0.230769,0.139535,0.666667,tn=62 fp=37 fn=3 tp=6
overall_harmful,end_of_question,all_conditions_pooled,2,108,36,0.702020,0.500000,0.732884,0.191172,0.264151,0.159091,0.777778,tn=62 fp=37 fn=2 tp=7
overall_harmful,end_of_question,all_conditions_pooled,3,108,36,0.767677,0.500000,0.794613,0.306600,0.307692,0.186047,0.888889,tn=64 fp=35 fn=1 tp=8
overall_harmful,end_of_question,all_conditions_pooled,4,108,36,0.712121,0.500000,0.757576,0.338821,0.274510,0.166667,0.777778,tn=64 fp=35 fn=2 tp=7
overall_harmful,end_of_question,all_conditions_pooled,5,108,36,0.671717,0.500000,0.741863,0.286514,0.255319,0.157895,0.666667,tn=67 fp=32 fn=3 tp=6
overall_harmful,end_of_question,all_conditions_pooled,6,108,36,0.707071,0.500000,0.730640,0.201316,0.269231,0.162791,0.777778,tn=63 fp=36 fn=2 tp=7
overall_harmful,end_of_question,all_conditions_pooled,7,108,36,0.661616,0.500000,0.703704,0.150184,0.244898,0.150000,0.666667,tn=65 fp=34 fn=3 tp=6
overall_harmful,end_of_question,all_conditions_pooled,8,108,36,0.671717,0.500000,0.725028,0.163972,0.255319,0.157895,0.666667,tn=67 fp=32 fn=3 tp=6
overall_harmful,end_of_question,all_conditions_pooled,9,108,36,0.666667,0.500000,0.727273,0.186924,0.250000,0.153846,0.666667,tn=66 fp=33 fn=3 tp=6
overall_harmful,end_of_question,all_conditions_pooled,10,108,36,0.676768,0.500000,0.751964,0.184895,0.260870,0.162162,0.666667,tn=68 fp=31 fn=3 tp=6
overall_harmful,end_of_question,all_conditions_pooled,11,108,36,0.671717,0.500000,0.754209,0.173441,0.255319,0.157895,0.666667,tn=67 fp=32 fn=3 tp=6
overall_harmful,end_of_question,all_conditions_pooled,12,108,36,0.671717,0.500000,0.759820,0.171425,0.255319,0.157895,0.666667,tn=67 fp=32 fn=3 tp=6
overall_harmful,end_of_question,all_conditions_pooled,13,108,36,0.671717,0.500000,0.748597,0.160106,0.255319,0.157895,0.666667,tn=67 fp=32 fn=3 tp=6
overall_harmful,end_of_question,all_conditions_pooled,14,108,36,0.666667,0.500000,0.760943,0.172619,0.250000,0.153846,0.666667,tn=66 fp=33 fn=3 tp=6
overall_harmful,end_of_question,all_conditions_pooled,15,108,36,0.722222,0.500000,0.771044,0.201096,0.285714,0.175000,0.777778,tn=66 fp=33 fn=2 tp=7
overall_harmful,end_of_question,all_conditions_pooled,16,108,36,0.666667,0.500000,0.774411,0.240023,0.250000,0.153846,0.666667,tn=66 fp=33 fn=3 tp=6
overall_harmful,end_of_question,all_conditions_pooled,17,108,36,0.722222,0.500000,0.777778,0.248258,0.285714,0.175000,0.777778,tn=66 fp=33 fn=2 tp=7
overall_harmful,end_of_question,all_conditions_pooled,18,108,36,0.717172,0.500000,0.767677,0.215222,0.280000,0.170732,0.777778,tn=65 fp=34 fn=2 tp=7
overall_harmful,end_of_question,all_conditions_pooled,19,108,36,0.671717,0.500000,0.760943,0.192525,0.255319,0.157895,0.666667,tn=67 fp=32 fn=3 tp=6
overall_harmful,end_of_question,all_conditions_pooled,20,108,36,0.671717,0.500000,0.763187,0.191032,0.255319,0.157895,0.666667,tn=67 fp=32 fn=3 tp=6
overall_harmful,end_of_question,all_conditions_pooled,21,108,36,0.671717,0.500000,0.758698,0.179911,0.255319,0.157895,0.666667,tn=67 fp=32 fn=3 tp=6
overall_harmful,end_of_question,all_conditions_pooled,22,108,36,0.681818,0.500000,0.717172,0.168110,0.266667,0.166667,0.666667,tn=69 fp=30 fn=3 tp=6
overall_harmful,end_of_question,all_conditions_pooled,23,108,36,0.676768,0.500000,0.722783,0.161604,0.260870,0.162162,0.666667,tn=68 fp=31 fn=3 tp=6
overall_harmful,end_of_question,all_conditions_pooled,24,108,36,0.676768,0.500000,0.731762,0.170331,0.260870,0.162162,0.666667,tn=68 fp=31 fn=3 tp=6
overall_harmful,end_of_question,all_conditions_pooled,25,108,36,0.676768,0.500000,0.689113,0.149473,0.260870,0.162162,0.666667,tn=68 fp=31 fn=3 tp=6
overall_harmful,end_of_question,all_conditions_pooled,26,108,36,0.676768,0.500000,0.711560,0.177469,0.260870,0.162162,0.666667,tn=68 fp=31 fn=3 tp=6
overall_harmful,end_of_question,all_conditions_pooled,27,108,36,0.676768,0.500000,0.722783,0.198889,0.260870,0.162162,0.666667,tn=68 fp=31 fn=3 tp=6
overall_harmful,end_of_question,all_conditions_pooled,28,108,36,0.676768,0.500000,0.739618,0.212810,0.260870,0.162162,0.666667,tn=68 fp=31 fn=3 tp=6
overall_harmful,end_of_question,all_conditions_pooled,29,108,36,0.681818,0.500000,0.725028,0.196783,0.266667,0.166667,0.666667,tn=69 fp=30 fn=3 tp=6
overall_harmful,end_of_question,all_conditions_pooled,30,108,36,0.681818,0.500000,0.725028,0.193514,0.266667,0.166667,0.666667,tn=69 fp=30 fn=3 tp=6
overall_harmful,end_of_question,all_conditions_pooled,31,108,36,0.681818,0.500000,0.730640,0.197049,0.266667,0.166667,0.666667,tn=69 fp=30 fn=3 tp=6
overall_harmful,end_of_question,all_conditions_pooled,32,108,36,0.676768,0.500000,0.735129,0.228868,0.260870,0.162162,0.666667,tn=68 fp=31 fn=3 tp=6
overall_harmful,end_of_question,all_conditions_pooled,33,108,36,0.671717,0.500000,0.737374,0.230000,0.255319,0.157895,0.666667,tn=67 fp=32 fn=3 tp=6
overall_harmful,end_of_question,all_conditions_pooled,34,108,36,0.676768,0.500000,0.734007,0.207979,0.260870,0.162162,0.666667,tn=68 fp=31 fn=3 tp=6
overall_harmful,end_of_question,all_conditions_pooled,35,108,36,0.681818,0.500000,0.723906,0.215684,0.266667,0.166667,0.666667,tn=69 fp=30 fn=3 tp=6
within_condition,end_of_question,evidence_emotional_pressure,0,36,36,0.533333,0.500000,0.638889,0.238887,0.250000,0.200000,0.333333,tn=22 fp=8 fn=4 tp=2
within_condition,end_of_question,evidence_emotional_pressure,1,36,36,0.633333,0.500000,0.611111,0.239406,0.375000,0.300000,0.500000,tn=23 fp=7 fn=3 tp=3
within_condition,end_of_question,evidence_emotional_pressure,2,36,36,0.633333,0.500000,0.583333,0.252183,0.375000,0.300000,0.500000,tn=23 fp=7 fn=3 tp=3
within_condition,end_of_question,evidence_emotional_pressure,3,36,36,0.666667,0.500000,0.677778,0.351111,0.428571,0.375000,0.500000,tn=25 fp=5 fn=3 tp=3
within_condition,end_of_question,evidence_emotional_pressure,4,36,36,0.583333,0.500000,0.644444,0.264658,0.307692,0.285714,0.333333,tn=25 fp=5 fn=4 tp=2
within_condition,end_of_question,evidence_emotional_pressure,5,36,36,0.416667,0.500000,0.538889,0.191172,0.000000,0.000000,0.000000,tn=25 fp=5 fn=6 tp=0
within_condition,end_of_question,evidence_emotional_pressure,6,36,36,0.433333,0.500000,0.361111,0.144255,0.000000,0.000000,0.000000,tn=26 fp=4 fn=6 tp=0
within_condition,end_of_question,evidence_emotional_pressure,7,36,36,0.416667,0.500000,0.261111,0.127890,0.000000,0.000000,0.000000,tn=25 fp=5 fn=6 tp=0
within_condition,end_of_question,evidence_emotional_pressure,8,36,36,0.400000,0.500000,0.416667,0.157310,0.000000,0.000000,0.000000,tn=24 fp=6 fn=6 tp=0
within_condition,end_of_question,evidence_emotional_pressure,9,36,36,0.433333,0.500000,0.400000,0.156293,0.000000,0.000000,0.000000,tn=26 fp=4 fn=6 tp=0
within_condition,end_of_question,evidence_emotional_pressure,10,36,36,0.400000,0.500000,0.444444,0.162866,0.000000,0.000000,0.000000,tn=24 fp=6 fn=6 tp=0
within_condition,end_of_question,evidence_emotional_pressure,11,36,36,0.433333,0.500000,0.472222,0.180831,0.000000,0.000000,0.000000,tn=26 fp=4 fn=6 tp=0
within_condition,end_of_question,evidence_emotional_pressure,12,36,36,0.416667,0.500000,0.350000,0.143285,0.000000,0.000000,0.000000,tn=25 fp=5 fn=6 tp=0
within_condition,end_of_question,evidence_emotional_pressure,13,36,36,0.400000,0.500000,0.266667,0.128794,0.000000,0.000000,0.000000,tn=24 fp=6 fn=6 tp=0
within_condition,end_of_question,evidence_emotional_pressure,14,36,36,0.400000,0.500000,0.350000,0.142140,0.000000,0.000000,0.000000,tn=24 fp=6 fn=6 tp=0
within_condition,end_of_question,evidence_emotional_pressure,15,36,36,0.416667,0.500000,0.377778,0.151848,0.000000,0.000000,0.000000,tn=25 fp=5 fn=6 tp=0
within_condition,end_of_question,evidence_emotional_pressure,16,36,36,0.416667,0.500000,0.416667,0.163332,0.000000,0.000000,0.000000,tn=25 fp=5 fn=6 tp=0
within_condition,end_of_question,evidence_emotional_pressure,17,36,36,0.500000,0.500000,0.555556,0.210214,0.166667,0.166667,0.166667,tn=25 fp=5 fn=5 tp=1
within_condition,end_of_question,evidence_emotional_pressure,18,36,36,0.583333,0.500000,0.600000,0.241945,0.307692,0.285714,0.333333,tn=25 fp=5 fn=4 tp=2
within_condition,end_of_question,evidence_emotional_pressure,19,36,36,0.600000,0.500000,0.683333,0.277777,0.333333,0.333333,0.333333,tn=26 fp=4 fn=4 tp=2
within_condition,end_of_question,evidence_emotional_pressure,20,36,36,0.583333,0.500000,0.705556,0.321645,0.307692,0.285714,0.333333,tn=25 fp=5 fn=4 tp=2
within_condition,end_of_question,evidence_emotional_pressure,21,36,36,0.566667,0.500000,0.677778,0.270383,0.285714,0.250000,0.333333,tn=24 fp=6 fn=4 tp=2
within_condition,end_of_question,evidence_emotional_pressure,22,36,36,0.483333,0.500000,0.611111,0.236845,0.153846,0.142857,0.166667,tn=24 fp=6 fn=5 tp=1
within_condition,end_of_question,evidence_emotional_pressure,23,36,36,0.466667,0.500000,0.616667,0.229372,0.142857,0.125000,0.166667,tn=23 fp=7 fn=5 tp=1
within_condition,end_of_question,evidence_emotional_pressure,24,36,36,0.450000,0.500000,0.666667,0.255996,0.133333,0.111111,0.166667,tn=22 fp=8 fn=5 tp=1
within_condition,end_of_question,evidence_emotional_pressure,25,36,36,0.466667,0.500000,0.611111,0.229233,0.142857,0.125000,0.166667,tn=23 fp=7 fn=5 tp=1
within_condition,end_of_question,evidence_emotional_pressure,26,36,36,0.550000,0.500000,0.672222,0.283294,0.266667,0.222222,0.333333,tn=23 fp=7 fn=4 tp=2
within_condition,end_of_question,evidence_emotional_pressure,27,36,36,0.650000,0.500000,0.700000,0.311616,0.400000,0.333333,0.500000,tn=24 fp=6 fn=3 tp=3
within_condition,end_of_question,evidence_emotional_pressure,28,36,36,0.650000,0.500000,0.705556,0.317803,0.400000,0.333333,0.500000,tn=24 fp=6 fn=3 tp=3
within_condition,end_of_question,evidence_emotional_pressure,29,36,36,0.650000,0.500000,0.683333,0.294877,0.400000,0.333333,0.500000,tn=24 fp=6 fn=3 tp=3
within_condition,end_of_question,evidence_emotional_pressure,30,36,36,0.483333,0.500000,0.677778,0.281464,0.153846,0.142857,0.166667,tn=24 fp=6 fn=5 tp=1
within_condition,end_of_question,evidence_emotional_pressure,31,36,36,0.650000,0.500000,0.688889,0.301350,0.400000,0.333333,0.500000,tn=24 fp=6 fn=3 tp=3
within_condition,end_of_question,evidence_emotional_pressure,32,36,36,0.666667,0.500000,0.688889,0.301822,0.428571,0.375000,0.500000,tn=25 fp=5 fn=3 tp=3
within_condition,end_of_question,evidence_emotional_pressure,33,36,36,0.666667,0.500000,0.683333,0.293273,0.428571,0.375000,0.500000,tn=25 fp=5 fn=3 tp=3
within_condition,end_of_question,evidence_emotional_pressure,34,36,36,0.566667,0.500000,0.672222,0.285320,0.285714,0.250000,0.333333,tn=24 fp=6 fn=4 tp=2
within_condition,end_of_question,evidence_emotional_pressure,35,36,36,0.500000,0.500000,0.694444,0.304311,0.166667,0.166667,0.166667,tn=25 fp=5 fn=5 tp=1
cross_condition,end_of_question,evidence_emotional_pressure_to_evidence_false_belief_pressure,0,36,36,0.779412,0.500000,0.867647,0.350000,0.210526,0.117647,1.000000,tn=19 fp=15 fn=0 tp=2
cross_condition,end_of_question,evidence_emotional_pressure_to_evidence_false_belief_pressure,1,36,36,0.617647,0.500000,0.897059,0.309524,0.133333,0.071429,1.000000,tn=8 fp=26 fn=0 tp=2
cross_condition,end_of_question,evidence_emotional_pressure_to_evidence_false_belief_pressure,2,36,36,0.823529,0.500000,0.926471,0.366667,0.250000,0.142857,1.000000,tn=22 fp=12 fn=0 tp=2
cross_condition,end_of_question,evidence_emotional_pressure_to_evidence_false_belief_pressure,3,36,36,0.941176,0.500000,0.955882,0.700000,0.500000,0.333333,1.000000,tn=30 fp=4 fn=0 tp=2
cross_condition,end_of_question,evidence_emotional_pressure_to_evidence_false_belief_pressure,4,36,36,0.735294,0.500000,0.970588,0.750000,0.500000,0.500000,0.500000,tn=33 fp=1 fn=1 tp=1
cross_condition,end_of_question,evidence_emotional_pressure_to_evidence_false_belief_pressure,5,36,36,0.750000,0.500000,0.926471,0.642857,0.666667,1.000000,0.500000,tn=34 fp=0 fn=1 tp=1
cross_condition,end_of_question,evidence_emotional_pressure_to_evidence_false_belief_pressure,6,36,36,0.750000,0.500000,0.838235,0.576923,0.666667,1.000000,0.500000,tn=34 fp=0 fn=1 tp=1
cross_condition,end_of_question,evidence_emotional_pressure_to_evidence_false_belief_pressure,7,36,36,0.602941,0.500000,0.750000,0.552632,0.153846,0.090909,0.500000,tn=24 fp=10 fn=1 tp=1
cross_condition,end_of_question,evidence_emotional_pressure_to_evidence_false_belief_pressure,8,36,36,0.691176,0.500000,0.764706,0.308824,0.285714,0.200000,0.500000,tn=30 fp=4 fn=1 tp=1
cross_condition,end_of_question,evidence_emotional_pressure_to_evidence_false_belief_pressure,9,36,36,0.720588,0.500000,0.720588,0.300000,0.400000,0.333333,0.500000,tn=32 fp=2 fn=1 tp=1
cross_condition,end_of_question,evidence_emotional_pressure_to_evidence_false_belief_pressure,10,36,36,0.632353,0.500000,0.573529,0.137037,0.181818,0.111111,0.500000,tn=26 fp=8 fn=1 tp=1
cross_condition,end_of_question,evidence_emotional_pressure_to_evidence_false_belief_pressure,11,36,36,0.661765,0.500000,0.485294,0.277778,0.222222,0.142857,0.500000,tn=28 fp=6 fn=1 tp=1
cross_condition,end_of_question,evidence_emotional_pressure_to_evidence_false_belief_pressure,12,36,36,0.735294,0.500000,0.529412,0.529412,0.500000,0.500000,0.500000,tn=33 fp=1 fn=1 tp=1
cross_condition,end_of_question,evidence_emotional_pressure_to_evidence_false_belief_pressure,13,36,36,0.602941,0.500000,0.573529,0.283333,0.153846,0.090909,0.500000,tn=24 fp=10 fn=1 tp=1
cross_condition,end_of_question,evidence_emotional_pressure_to_evidence_false_belief_pressure,14,36,36,0.632353,0.500000,0.691176,0.214286,0.181818,0.111111,0.500000,tn=26 fp=8 fn=1 tp=1
cross_condition,end_of_question,evidence_emotional_pressure_to_evidence_false_belief_pressure,15,36,36,0.588235,0.500000,0.720588,0.300000,0.142857,0.083333,0.500000,tn=23 fp=11 fn=1 tp=1
cross_condition,end_of_question,evidence_emotional_pressure_to_evidence_false_belief_pressure,16,36,36,0.397059,0.500000,0.617647,0.105556,0.000000,0.000000,0.000000,tn=27 fp=7 fn=2 tp=0
cross_condition,end_of_question,evidence_emotional_pressure_to_evidence_false_belief_pressure,17,36,36,0.382353,0.500000,0.588235,0.094017,0.000000,0.000000,0.000000,tn=26 fp=8 fn=2 tp=0
cross_condition,end_of_question,evidence_emotional_pressure_to_evidence_false_belief_pressure,18,36,36,0.426471,0.500000,0.617647,0.100962,0.000000,0.000000,0.000000,tn=29 fp=5 fn=2 tp=0
cross_condition,end_of_question,evidence_emotional_pressure_to_evidence_false_belief_pressure,19,36,36,0.617647,0.500000,0.705882,0.133929,0.166667,0.100000,0.500000,tn=25 fp=9 fn=1 tp=1
cross_condition,end_of_question,evidence_emotional_pressure_to_evidence_false_belief_pressure,20,36,36,0.602941,0.500000,0.661765,0.147619,0.153846,0.090909,0.500000,tn=24 fp=10 fn=1 tp=1
cross_condition,end_of_question,evidence_emotional_pressure_to_evidence_false_belief_pressure,21,36,36,0.632353,0.500000,0.691176,0.214286,0.181818,0.111111,0.500000,tn=26 fp=8 fn=1 tp=1
cross_condition,end_of_question,evidence_emotional_pressure_to_evidence_false_belief_pressure,22,36,36,0.602941,0.500000,0.588235,0.533333,0.153846,0.090909,0.500000,tn=24 fp=10 fn=1 tp=1
cross_condition,end_of_question,evidence_emotional_pressure_to_evidence_false_belief_pressure,23,36,36,0.647059,0.500000,0.573529,0.283333,0.200000,0.125000,0.500000,tn=27 fp=7 fn=1 tp=1
cross_condition,end_of_question,evidence_emotional_pressure_to_evidence_false_belief_pressure,24,36,36,0.661765,0.500000,0.661765,0.540000,0.222222,0.142857,0.500000,tn=28 fp=6 fn=1 tp=1
cross_condition,end_of_question,evidence_emotional_pressure_to_evidence_false_belief_pressure,25,36,36,0.632353,0.500000,0.588235,0.533333,0.181818,0.111111,0.500000,tn=26 fp=8 fn=1 tp=1
cross_condition,end_of_question,evidence_emotional_pressure_to_evidence_false_belief_pressure,26,36,36,0.617647,0.500000,0.720588,0.300000,0.166667,0.100000,0.500000,tn=25 fp=9 fn=1 tp=1
cross_condition,end_of_question,evidence_emotional_pressure_to_evidence_false_belief_pressure,27,36,36,0.661765,0.500000,0.720588,0.300000,0.222222,0.142857,0.500000,tn=28 fp=6 fn=1 tp=1
cross_condition,end_of_question,evidence_emotional_pressure_to_evidence_false_belief_pressure,28,36,36,0.705882,0.500000,0.705882,0.216667,0.333333,0.250000,0.500000,tn=31 fp=3 fn=1 tp=1
cross_condition,end_of_question,evidence_emotional_pressure_to_evidence_false_belief_pressure,29,36,36,0.705882,0.500000,0.705882,0.216667,0.333333,0.250000,0.500000,tn=31 fp=3 fn=1 tp=1
cross_condition,end_of_question,evidence_emotional_pressure_to_evidence_false_belief_pressure,30,36,36,0.470588,0.500000,0.720588,0.219298,0.000000,0.000000,0.000000,tn=32 fp=2 fn=2 tp=0
cross_condition,end_of_question,evidence_emotional_pressure_to_evidence_false_belief_pressure,31,36,36,0.470588,0.500000,0.750000,0.225490,0.000000,0.000000,0.000000,tn=32 fp=2 fn=2 tp=0
cross_condition,end_of_question,evidence_emotional_pressure_to_evidence_false_belief_pressure,32,36,36,0.470588,0.500000,0.764706,0.191667,0.000000,0.000000,0.000000,tn=32 fp=2 fn=2 tp=0
cross_condition,end_of_question,evidence_emotional_pressure_to_evidence_false_belief_pressure,33,36,36,0.720588,0.500000,0.779412,0.233333,0.400000,0.333333,0.500000,tn=32 fp=2 fn=1 tp=1
cross_condition,end_of_question,evidence_emotional_pressure_to_evidence_false_belief_pressure,34,36,36,0.470588,0.500000,0.794118,0.238095,0.000000,0.000000,0.000000,tn=32 fp=2 fn=2 tp=0
cross_condition,end_of_question,evidence_emotional_pressure_to_evidence_false_belief_pressure,35,36,36,0.470588,0.500000,0.852941,0.266667,0.000000,0.000000,0.000000,tn=32 fp=2 fn=2 tp=0
cross_condition,end_of_question,evidence_emotional_pressure_to_closed_context_false_belief_pressure,0,36,36,0.614286,0.500000,0.942857,0.333333,0.068966,0.035714,1.000000,tn=8 fp=27 fn=0 tp=1
cross_condition,end_of_question,evidence_emotional_pressure_to_closed_context_false_belief_pressure,1,36,36,0.542857,0.500000,0.400000,0.045455,0.058824,0.030303,1.000000,tn=3 fp=32 fn=0 tp=1
cross_condition,end_of_question,evidence_emotional_pressure_to_closed_context_false_belief_pressure,2,36,36,0.628571,0.500000,0.600000,0.066667,0.071429,0.037037,1.000000,tn=9 fp=26 fn=0 tp=1
cross_condition,end_of_question,evidence_emotional_pressure_to_closed_context_false_belief_pressure,3,36,36,0.471429,0.500000,0.828571,0.142857,0.000000,0.000000,0.000000,tn=33 fp=2 fn=1 tp=0
cross_condition,end_of_question,evidence_emotional_pressure_to_closed_context_false_belief_pressure,4,36,36,0.485714,0.500000,0.685714,0.083333,0.000000,0.000000,0.000000,tn=34 fp=1 fn=1 tp=0
cross_condition,end_of_question,evidence_emotional_pressure_to_closed_context_false_belief_pressure,5,36,36,0.485714,0.500000,0.800000,0.125000,0.000000,0.000000,0.000000,tn=34 fp=1 fn=1 tp=0
cross_condition,end_of_question,evidence_emotional_pressure_to_closed_context_false_belief_pressure,6,36,36,0.485714,0.500000,0.800000,0.125000,0.000000,0.000000,0.000000,tn=34 fp=1 fn=1 tp=0
cross_condition,end_of_question,evidence_emotional_pressure_to_closed_context_false_belief_pressure,7,36,36,0.500000,0.500000,0.857143,0.166667,0.000000,0.000000,0.000000,tn=35 fp=0 fn=1 tp=0
cross_condition,end_of_question,evidence_emotional_pressure_to_closed_context_false_belief_pressure,8,36,36,0.500000,0.500000,0.971429,0.500000,0.000000,0.000000,0.000000,tn=35 fp=0 fn=1 tp=0
cross_condition,end_of_question,evidence_emotional_pressure_to_closed_context_false_belief_pressure,9,36,36,1.000000,0.500000,1.000000,1.000000,1.000000,1.000000,1.000000,tn=35 fp=0 fn=0 tp=1
cross_condition,end_of_question,evidence_emotional_pressure_to_closed_context_false_belief_pressure,10,36,36,0.985714,0.500000,0.971429,0.500000,0.666667,0.500000,1.000000,tn=34 fp=1 fn=0 tp=1
cross_condition,end_of_question,evidence_emotional_pressure_to_closed_context_false_belief_pressure,11,36,36,0.485714,0.500000,0.885714,0.200000,0.000000,0.000000,0.000000,tn=34 fp=1 fn=1 tp=0
cross_condition,end_of_question,evidence_emotional_pressure_to_closed_context_false_belief_pressure,12,36,36,0.500000,0.500000,0.971429,0.500000,0.000000,0.000000,0.000000,tn=35 fp=0 fn=1 tp=0
cross_condition,end_of_question,evidence_emotional_pressure_to_closed_context_false_belief_pressure,13,36,36,0.428571,0.500000,0.828571,0.142857,0.000000,0.000000,0.000000,tn=30 fp=5 fn=1 tp=0
cross_condition,end_of_question,evidence_emotional_pressure_to_closed_context_false_belief_pressure,14,36,36,0.471429,0.500000,0.942857,0.333333,0.000000,0.000000,0.000000,tn=33 fp=2 fn=1 tp=0
cross_condition,end_of_question,evidence_emotional_pressure_to_closed_context_false_belief_pressure,15,36,36,0.442857,0.500000,0.857143,0.166667,0.000000,0.000000,0.000000,tn=31 fp=4 fn=1 tp=0
cross_condition,end_of_question,evidence_emotional_pressure_to_closed_context_false_belief_pressure,16,36,36,0.485714,0.500000,0.828571,0.142857,0.000000,0.000000,0.000000,tn=34 fp=1 fn=1 tp=0
cross_condition,end_of_question,evidence_emotional_pressure_to_closed_context_false_belief_pressure,17,36,36,0.457143,0.500000,0.800000,0.125000,0.000000,0.000000,0.000000,tn=32 fp=3 fn=1 tp=0
cross_condition,end_of_question,evidence_emotional_pressure_to_closed_context_false_belief_pressure,18,36,36,0.471429,0.500000,0.857143,0.166667,0.000000,0.000000,0.000000,tn=33 fp=2 fn=1 tp=0
cross_condition,end_of_question,evidence_emotional_pressure_to_closed_context_false_belief_pressure,19,36,36,0.371429,0.500000,0.428571,0.047619,0.000000,0.000000,0.000000,tn=26 fp=9 fn=1 tp=0
cross_condition,end_of_question,evidence_emotional_pressure_to_closed_context_false_belief_pressure,20,36,36,0.328571,0.500000,0.342857,0.041667,0.000000,0.000000,0.000000,tn=23 fp=12 fn=1 tp=0
cross_condition,end_of_question,evidence_emotional_pressure_to_closed_context_false_belief_pressure,21,36,36,0.314286,0.500000,0.342857,0.041667,0.000000,0.000000,0.000000,tn=22 fp=13 fn=1 tp=0
cross_condition,end_of_question,evidence_emotional_pressure_to_closed_context_false_belief_pressure,22,36,36,0.342857,0.500000,0.285714,0.038462,0.000000,0.000000,0.000000,tn=24 fp=11 fn=1 tp=0
cross_condition,end_of_question,evidence_emotional_pressure_to_closed_context_false_belief_pressure,23,36,36,0.271429,0.500000,0.228571,0.035714,0.000000,0.000000,0.000000,tn=19 fp=16 fn=1 tp=0
cross_condition,end_of_question,evidence_emotional_pressure_to_closed_context_false_belief_pressure,24,36,36,0.257143,0.500000,0.285714,0.038462,0.000000,0.000000,0.000000,tn=18 fp=17 fn=1 tp=0
cross_condition,end_of_question,evidence_emotional_pressure_to_closed_context_false_belief_pressure,25,36,36,0.300000,0.500000,0.228571,0.035714,0.000000,0.000000,0.000000,tn=21 fp=14 fn=1 tp=0
cross_condition,end_of_question,evidence_emotional_pressure_to_closed_context_false_belief_pressure,26,36,36,0.214286,0.500000,0.228571,0.035714,0.000000,0.000000,0.000000,tn=15 fp=20 fn=1 tp=0
cross_condition,end_of_question,evidence_emotional_pressure_to_closed_context_false_belief_pressure,27,36,36,0.271429,0.500000,0.342857,0.041667,0.000000,0.000000,0.000000,tn=19 fp=16 fn=1 tp=0
cross_condition,end_of_question,evidence_emotional_pressure_to_closed_context_false_belief_pressure,28,36,36,0.314286,0.500000,0.485714,0.052632,0.000000,0.000000,0.000000,tn=22 fp=13 fn=1 tp=0
cross_condition,end_of_question,evidence_emotional_pressure_to_closed_context_false_belief_pressure,29,36,36,0.328571,0.500000,0.542857,0.058824,0.000000,0.000000,0.000000,tn=23 fp=12 fn=1 tp=0
cross_condition,end_of_question,evidence_emotional_pressure_to_closed_context_false_belief_pressure,30,36,36,0.357143,0.500000,0.485714,0.052632,0.000000,0.000000,0.000000,tn=25 fp=10 fn=1 tp=0
cross_condition,end_of_question,evidence_emotional_pressure_to_closed_context_false_belief_pressure,31,36,36,0.342857,0.500000,0.600000,0.066667,0.000000,0.000000,0.000000,tn=24 fp=11 fn=1 tp=0
cross_condition,end_of_question,evidence_emotional_pressure_to_closed_context_false_belief_pressure,32,36,36,0.400000,0.500000,0.771429,0.111111,0.000000,0.000000,0.000000,tn=28 fp=7 fn=1 tp=0
cross_condition,end_of_question,evidence_emotional_pressure_to_closed_context_false_belief_pressure,33,36,36,0.385714,0.500000,0.742857,0.100000,0.000000,0.000000,0.000000,tn=27 fp=8 fn=1 tp=0
cross_condition,end_of_question,evidence_emotional_pressure_to_closed_context_false_belief_pressure,34,36,36,0.371429,0.500000,0.685714,0.083333,0.000000,0.000000,0.000000,tn=26 fp=9 fn=1 tp=0
cross_condition,end_of_question,evidence_emotional_pressure_to_closed_context_false_belief_pressure,35,36,36,0.771429,0.500000,0.628571,0.071429,0.111111,0.058824,1.000000,tn=19 fp=16 fn=0 tp=1
overall_harmful,end_of_answer_choices,all_conditions_pooled,0,108,36,0.666667,0.500000,0.749719,0.303924,0.233333,0.137255,0.777778,tn=55 fp=44 fn=2 tp=7
overall_harmful,end_of_answer_choices,all_conditions_pooled,1,108,36,0.666667,0.500000,0.760943,0.299907,0.233333,0.137255,0.777778,tn=55 fp=44 fn=2 tp=7
overall_harmful,end_of_answer_choices,all_conditions_pooled,2,108,36,0.762626,0.500000,0.784512,0.267538,0.301887,0.181818,0.888889,tn=63 fp=36 fn=1 tp=8
overall_harmful,end_of_answer_choices,all_conditions_pooled,3,108,36,0.702020,0.500000,0.756453,0.235963,0.264151,0.159091,0.777778,tn=62 fp=37 fn=2 tp=7
overall_harmful,end_of_answer_choices,all_conditions_pooled,4,108,36,0.712121,0.500000,0.771044,0.270290,0.274510,0.166667,0.777778,tn=64 fp=35 fn=2 tp=7
overall_harmful,end_of_answer_choices,all_conditions_pooled,5,108,36,0.717172,0.500000,0.775533,0.292187,0.280000,0.170732,0.777778,tn=65 fp=34 fn=2 tp=7
overall_harmful,end_of_answer_choices,all_conditions_pooled,6,108,36,0.722222,0.500000,0.757576,0.238888,0.285714,0.175000,0.777778,tn=66 fp=33 fn=2 tp=7
overall_harmful,end_of_answer_choices,all_conditions_pooled,7,108,36,0.676768,0.500000,0.727273,0.166026,0.260870,0.162162,0.666667,tn=68 fp=31 fn=3 tp=6
overall_harmful,end_of_answer_choices,all_conditions_pooled,8,108,36,0.681818,0.500000,0.747475,0.224267,0.266667,0.166667,0.666667,tn=69 fp=30 fn=3 tp=6
overall_harmful,end_of_answer_choices,all_conditions_pooled,9,108,36,0.676768,0.500000,0.765432,0.218975,0.260870,0.162162,0.666667,tn=68 fp=31 fn=3 tp=6
overall_harmful,end_of_answer_choices,all_conditions_pooled,10,108,36,0.676768,0.500000,0.723906,0.158700,0.260870,0.162162,0.666667,tn=68 fp=31 fn=3 tp=6
overall_harmful,end_of_answer_choices,all_conditions_pooled,11,108,36,0.676768,0.500000,0.687991,0.136772,0.260870,0.162162,0.666667,tn=68 fp=31 fn=3 tp=6
overall_harmful,end_of_answer_choices,all_conditions_pooled,12,108,36,0.681818,0.500000,0.641975,0.124482,0.266667,0.166667,0.666667,tn=69 fp=30 fn=3 tp=6
overall_harmful,end_of_answer_choices,all_conditions_pooled,13,108,36,0.681818,0.500000,0.677890,0.145993,0.266667,0.166667,0.666667,tn=69 fp=30 fn=3 tp=6
overall_harmful,end_of_answer_choices,all_conditions_pooled,14,108,36,0.681818,0.500000,0.673401,0.141185,0.266667,0.166667,0.666667,tn=69 fp=30 fn=3 tp=6
overall_harmful,end_of_answer_choices,all_conditions_pooled,15,108,36,0.676768,0.500000,0.694725,0.154296,0.260870,0.162162,0.666667,tn=68 fp=31 fn=3 tp=6
overall_harmful,end_of_answer_choices,all_conditions_pooled,16,108,36,0.671717,0.500000,0.693603,0.143749,0.255319,0.157895,0.666667,tn=67 fp=32 fn=3 tp=6
overall_harmful,end_of_answer_choices,all_conditions_pooled,17,108,36,0.681818,0.500000,0.682379,0.142686,0.266667,0.166667,0.666667,tn=69 fp=30 fn=3 tp=6
overall_harmful,end_of_answer_choices,all_conditions_pooled,18,108,36,0.702020,0.500000,0.719416,0.174133,0.292683,0.187500,0.666667,tn=73 fp=26 fn=3 tp=6
overall_harmful,end_of_answer_choices,all_conditions_pooled,19,108,36,0.707071,0.500000,0.711560,0.173582,0.300000,0.193548,0.666667,tn=74 fp=25 fn=3 tp=6
overall_harmful,end_of_answer_choices,all_conditions_pooled,20,108,36,0.590909,0.500000,0.687991,0.264313,0.205128,0.133333,0.444444,tn=73 fp=26 fn=5 tp=4
overall_harmful,end_of_answer_choices,all_conditions_pooled,21,108,36,0.646465,0.500000,0.668911,0.178983,0.250000,0.161290,0.555556,tn=73 fp=26 fn=4 tp=5
overall_harmful,end_of_answer_choices,all_conditions_pooled,22,108,36,0.676768,0.500000,0.709315,0.278222,0.260870,0.162162,0.666667,tn=68 fp=31 fn=3 tp=6
overall_harmful,end_of_answer_choices,all_conditions_pooled,23,108,36,0.681818,0.500000,0.685746,0.209255,0.266667,0.166667,0.666667,tn=69 fp=30 fn=3 tp=6
overall_harmful,end_of_answer_choices,all_conditions_pooled,24,108,36,0.681818,0.500000,0.681257,0.183424,0.266667,0.166667,0.666667,tn=69 fp=30 fn=3 tp=6
overall_harmful,end_of_answer_choices,all_conditions_pooled,25,108,36,0.681818,0.500000,0.671156,0.179850,0.266667,0.166667,0.666667,tn=69 fp=30 fn=3 tp=6
overall_harmful,end_of_answer_choices,all_conditions_pooled,26,108,36,0.681818,0.500000,0.677890,0.173468,0.266667,0.166667,0.666667,tn=69 fp=30 fn=3 tp=6
overall_harmful,end_of_answer_choices,all_conditions_pooled,27,108,36,0.681818,0.500000,0.675645,0.172269,0.266667,0.166667,0.666667,tn=69 fp=30 fn=3 tp=6
overall_harmful,end_of_answer_choices,all_conditions_pooled,28,108,36,0.676768,0.500000,0.689113,0.205227,0.260870,0.162162,0.666667,tn=68 fp=31 fn=3 tp=6
overall_harmful,end_of_answer_choices,all_conditions_pooled,29,108,36,0.676768,0.500000,0.682379,0.197211,0.260870,0.162162,0.666667,tn=68 fp=31 fn=3 tp=6
overall_harmful,end_of_answer_choices,all_conditions_pooled,30,108,36,0.676768,0.500000,0.692480,0.205286,0.260870,0.162162,0.666667,tn=68 fp=31 fn=3 tp=6
overall_harmful,end_of_answer_choices,all_conditions_pooled,31,108,36,0.676768,0.500000,0.689113,0.203441,0.260870,0.162162,0.666667,tn=68 fp=31 fn=3 tp=6
overall_harmful,end_of_answer_choices,all_conditions_pooled,32,108,36,0.676768,0.500000,0.689113,0.204752,0.260870,0.162162,0.666667,tn=68 fp=31 fn=3 tp=6
overall_harmful,end_of_answer_choices,all_conditions_pooled,33,108,36,0.671717,0.500000,0.689113,0.207603,0.255319,0.157895,0.666667,tn=67 fp=32 fn=3 tp=6
overall_harmful,end_of_answer_choices,all_conditions_pooled,34,108,36,0.671717,0.500000,0.690236,0.211345,0.255319,0.157895,0.666667,tn=67 fp=32 fn=3 tp=6
overall_harmful,end_of_answer_choices,all_conditions_pooled,35,108,36,0.676768,0.500000,0.670034,0.170102,0.260870,0.162162,0.666667,tn=68 fp=31 fn=3 tp=6
within_condition,end_of_answer_choices,evidence_emotional_pressure,0,36,36,0.783333,0.500000,0.827778,0.540000,0.615385,0.571429,0.666667,tn=27 fp=3 fn=2 tp=4
within_condition,end_of_answer_choices,evidence_emotional_pressure,1,36,36,0.783333,0.500000,0.877778,0.553704,0.615385,0.571429,0.666667,tn=27 fp=3 fn=2 tp=4
within_condition,end_of_answer_choices,evidence_emotional_pressure,2,36,36,0.666667,0.500000,0.827778,0.398771,0.428571,0.375000,0.500000,tn=25 fp=5 fn=3 tp=3
within_condition,end_of_answer_choices,evidence_emotional_pressure,3,36,36,0.550000,0.500000,0.727778,0.330871,0.266667,0.222222,0.333333,tn=23 fp=7 fn=4 tp=2
within_condition,end_of_answer_choices,evidence_emotional_pressure,4,36,36,0.500000,0.500000,0.705556,0.270308,0.166667,0.166667,0.166667,tn=25 fp=5 fn=5 tp=1
within_condition,end_of_answer_choices,evidence_emotional_pressure,5,36,36,0.433333,0.500000,0.672222,0.249999,0.000000,0.000000,0.000000,tn=26 fp=4 fn=6 tp=0
within_condition,end_of_answer_choices,evidence_emotional_pressure,6,36,36,0.416667,0.500000,0.616667,0.220339,0.000000,0.000000,0.000000,tn=25 fp=5 fn=6 tp=0
within_condition,end_of_answer_choices,evidence_emotional_pressure,7,36,36,0.450000,0.500000,0.400000,0.152405,0.000000,0.000000,0.000000,tn=27 fp=3 fn=6 tp=0
within_condition,end_of_answer_choices,evidence_emotional_pressure,8,36,36,0.483333,0.500000,0.655556,0.238654,0.153846,0.142857,0.166667,tn=24 fp=6 fn=5 tp=1
within_condition,end_of_answer_choices,evidence_emotional_pressure,9,36,36,0.400000,0.500000,0.588889,0.206619,0.000000,0.000000,0.000000,tn=24 fp=6 fn=6 tp=0
within_condition,end_of_answer_choices,evidence_emotional_pressure,10,36,36,0.400000,0.500000,0.522222,0.187777,0.000000,0.000000,0.000000,tn=24 fp=6 fn=6 tp=0
within_condition,end_of_answer_choices,evidence_emotional_pressure,11,36,36,0.433333,0.500000,0.527778,0.192430,0.000000,0.000000,0.000000,tn=26 fp=4 fn=6 tp=0
within_condition,end_of_answer_choices,evidence_emotional_pressure,12,36,36,0.500000,0.500000,0.527778,0.194332,0.166667,0.166667,0.166667,tn=25 fp=5 fn=5 tp=1
within_condition,end_of_answer_choices,evidence_emotional_pressure,13,36,36,0.400000,0.500000,0.538889,0.197281,0.000000,0.000000,0.000000,tn=24 fp=6 fn=6 tp=0
within_condition,end_of_answer_choices,evidence_emotional_pressure,14,36,36,0.400000,0.500000,0.411111,0.157312,0.000000,0.000000,0.000000,tn=24 fp=6 fn=6 tp=0
within_condition,end_of_answer_choices,evidence_emotional_pressure,15,36,36,0.400000,0.500000,0.438889,0.164773,0.000000,0.000000,0.000000,tn=24 fp=6 fn=6 tp=0
within_condition,end_of_answer_choices,evidence_emotional_pressure,16,36,36,0.383333,0.500000,0.327778,0.138967,0.000000,0.000000,0.000000,tn=23 fp=7 fn=6 tp=0
within_condition,end_of_answer_choices,evidence_emotional_pressure,17,36,36,0.383333,0.500000,0.311111,0.135124,0.000000,0.000000,0.000000,tn=23 fp=7 fn=6 tp=0
within_condition,end_of_answer_choices,evidence_emotional_pressure,18,36,36,0.350000,0.500000,0.411111,0.155374,0.000000,0.000000,0.000000,tn=21 fp=9 fn=6 tp=0
within_condition,end_of_answer_choices,evidence_emotional_pressure,19,36,36,0.333333,0.500000,0.444444,0.162744,0.000000,0.000000,0.000000,tn=20 fp=10 fn=6 tp=0
within_condition,end_of_answer_choices,evidence_emotional_pressure,20,36,36,0.466667,0.500000,0.450000,0.176769,0.142857,0.125000,0.166667,tn=23 fp=7 fn=5 tp=1
within_condition,end_of_answer_choices,evidence_emotional_pressure,21,36,36,0.416667,0.500000,0.405556,0.157321,0.000000,0.000000,0.000000,tn=25 fp=5 fn=6 tp=0
within_condition,end_of_answer_choices,evidence_emotional_pressure,22,36,36,0.516667,0.500000,0.494444,0.193829,0.181818,0.200000,0.166667,tn=26 fp=4 fn=5 tp=1
within_condition,end_of_answer_choices,evidence_emotional_pressure,23,36,36,0.500000,0.500000,0.466667,0.180871,0.166667,0.166667,0.166667,tn=25 fp=5 fn=5 tp=1
within_condition,end_of_answer_choices,evidence_emotional_pressure,24,36,36,0.416667,0.500000,0.427778,0.176890,0.000000,0.000000,0.000000,tn=25 fp=5 fn=6 tp=0
within_condition,end_of_answer_choices,evidence_emotional_pressure,25,36,36,0.416667,0.500000,0.400000,0.158522,0.000000,0.000000,0.000000,tn=25 fp=5 fn=6 tp=0
within_condition,end_of_answer_choices,evidence_emotional_pressure,26,36,36,0.433333,0.500000,0.438889,0.163347,0.000000,0.000000,0.000000,tn=26 fp=4 fn=6 tp=0
within_condition,end_of_answer_choices,evidence_emotional_pressure,27,36,36,0.416667,0.500000,0.461111,0.167963,0.000000,0.000000,0.000000,tn=25 fp=5 fn=6 tp=0
within_condition,end_of_answer_choices,evidence_emotional_pressure,28,36,36,0.400000,0.500000,0.583333,0.211213,0.000000,0.000000,0.000000,tn=24 fp=6 fn=6 tp=0
within_condition,end_of_answer_choices,evidence_emotional_pressure,29,36,36,0.416667,0.500000,0.600000,0.218007,0.000000,0.000000,0.000000,tn=25 fp=5 fn=6 tp=0
within_condition,end_of_answer_choices,evidence_emotional_pressure,30,36,36,0.500000,0.500000,0.638889,0.233744,0.166667,0.166667,0.166667,tn=25 fp=5 fn=5 tp=1
within_condition,end_of_answer_choices,evidence_emotional_pressure,31,36,36,0.416667,0.500000,0.588889,0.210161,0.000000,0.000000,0.000000,tn=25 fp=5 fn=6 tp=0
within_condition,end_of_answer_choices,evidence_emotional_pressure,32,36,36,0.416667,0.500000,0.594444,0.213616,0.000000,0.000000,0.000000,tn=25 fp=5 fn=6 tp=0
within_condition,end_of_answer_choices,evidence_emotional_pressure,33,36,36,0.416667,0.500000,0.577778,0.205984,0.000000,0.000000,0.000000,tn=25 fp=5 fn=6 tp=0
within_condition,end_of_answer_choices,evidence_emotional_pressure,34,36,36,0.416667,0.500000,0.594444,0.216395,0.000000,0.000000,0.000000,tn=25 fp=5 fn=6 tp=0
within_condition,end_of_answer_choices,evidence_emotional_pressure,35,36,36,0.400000,0.500000,0.550000,0.194565,0.000000,0.000000,0.000000,tn=24 fp=6 fn=6 tp=0
cross_condition,end_of_answer_choices,evidence_emotional_pressure_to_evidence_false_belief_pressure,0,36,36,0.338235,0.500000,0.529412,0.133333,0.064516,0.034483,0.500000,tn=6 fp=28 fn=1 tp=1
cross_condition,end_of_answer_choices,evidence_emotional_pressure_to_evidence_false_belief_pressure,1,36,36,0.632353,0.500000,0.602941,0.203704,0.137931,0.074074,1.000000,tn=9 fp=25 fn=0 tp=2
cross_condition,end_of_answer_choices,evidence_emotional_pressure_to_evidence_false_belief_pressure,2,36,36,0.720588,0.500000,0.955882,0.700000,0.173913,0.095238,1.000000,tn=15 fp=19 fn=0 tp=2
cross_condition,end_of_answer_choices,evidence_emotional_pressure_to_evidence_false_belief_pressure,3,36,36,0.661765,0.500000,0.867647,0.590909,0.148148,0.080000,1.000000,tn=11 fp=23 fn=0 tp=2
cross_condition,end_of_answer_choices,evidence_emotional_pressure_to_evidence_false_belief_pressure,4,36,36,0.955882,0.500000,1.000000,1.000000,0.571429,0.400000,1.000000,tn=31 fp=3 fn=0 tp=2
cross_condition,end_of_answer_choices,evidence_emotional_pressure_to_evidence_false_belief_pressure,5,36,36,0.750000,0.500000,0.985294,0.833333,0.666667,1.000000,0.500000,tn=34 fp=0 fn=1 tp=1
cross_condition,end_of_answer_choices,evidence_emotional_pressure_to_evidence_false_belief_pressure,6,36,36,0.485294,0.500000,0.867647,0.350000,0.000000,0.000000,0.000000,tn=33 fp=1 fn=2 tp=0
cross_condition,end_of_answer_choices,evidence_emotional_pressure_to_evidence_false_belief_pressure,7,36,36,0.470588,0.500000,0.588235,0.202381,0.000000,0.000000,0.000000,tn=32 fp=2 fn=2 tp=0
cross_condition,end_of_answer_choices,evidence_emotional_pressure_to_evidence_false_belief_pressure,8,36,36,0.470588,0.500000,0.617647,0.205128,0.000000,0.000000,0.000000,tn=32 fp=2 fn=2 tp=0
cross_condition,end_of_answer_choices,evidence_emotional_pressure_to_evidence_false_belief_pressure,9,36,36,0.705882,0.500000,0.794118,0.201923,0.333333,0.250000,0.500000,tn=31 fp=3 fn=1 tp=1
cross_condition,end_of_answer_choices,evidence_emotional_pressure_to_evidence_false_belief_pressure,10,36,36,0.529412,0.500000,0.691176,0.175000,0.111111,0.062500,0.500000,tn=19 fp=15 fn=1 tp=1
cross_condition,end_of_answer_choices,evidence_emotional_pressure_to_evidence_false_belief_pressure,11,36,36,0.411765,0.500000,0.338235,0.067033,0.000000,0.000000,0.000000,tn=28 fp=6 fn=2 tp=0
cross_condition,end_of_answer_choices,evidence_emotional_pressure_to_evidence_false_belief_pressure,12,36,36,0.514706,0.500000,0.500000,0.080128,0.105263,0.058824,0.500000,tn=18 fp=16 fn=1 tp=1
cross_condition,end_of_answer_choices,evidence_emotional_pressure_to_evidence_false_belief_pressure,13,36,36,0.338235,0.500000,0.617647,0.100962,0.000000,0.000000,0.000000,tn=23 fp=11 fn=2 tp=0
cross_condition,end_of_answer_choices,evidence_emotional_pressure_to_evidence_false_belief_pressure,14,36,36,0.558824,0.500000,0.602941,0.097222,0.125000,0.071429,0.500000,tn=21 fp=13 fn=1 tp=1
cross_condition,end_of_answer_choices,evidence_emotional_pressure_to_evidence_false_belief_pressure,15,36,36,0.323529,0.500000,0.529412,0.084967,0.000000,0.000000,0.000000,tn=22 fp=12 fn=2 tp=0
cross_condition,end_of_answer_choices,evidence_emotional_pressure_to_evidence_false_belief_pressure,16,36,36,0.558824,0.500000,0.485294,0.078462,0.125000,0.071429,0.500000,tn=21 fp=13 fn=1 tp=1
cross_condition,end_of_answer_choices,evidence_emotional_pressure_to_evidence_false_belief_pressure,17,36,36,0.602941,0.500000,0.602941,0.100000,0.153846,0.090909,0.500000,tn=24 fp=10 fn=1 tp=1
cross_condition,end_of_answer_choices,evidence_emotional_pressure_to_evidence_false_belief_pressure,18,36,36,0.441176,0.500000,0.647059,0.108333,0.000000,0.000000,0.000000,tn=30 fp=4 fn=2 tp=0
cross_condition,end_of_answer_choices,evidence_emotional_pressure_to_evidence_false_belief_pressure,19,36,36,0.426471,0.500000,0.602941,0.098214,0.000000,0.000000,0.000000,tn=29 fp=5 fn=2 tp=0
cross_condition,end_of_answer_choices,evidence_emotional_pressure_to_evidence_false_belief_pressure,20,36,36,0.485294,0.500000,0.661765,0.113095,0.000000,0.000000,0.000000,tn=33 fp=1 fn=2 tp=0
cross_condition,end_of_answer_choices,evidence_emotional_pressure_to_evidence_false_belief_pressure,21,36,36,0.485294,0.500000,0.691176,0.122378,0.000000,0.000000,0.000000,tn=33 fp=1 fn=2 tp=0
cross_condition,end_of_answer_choices,evidence_emotional_pressure_to_evidence_false_belief_pressure,22,36,36,0.500000,0.500000,0.647059,0.108333,0.000000,0.000000,0.000000,tn=34 fp=0 fn=2 tp=0
cross_condition,end_of_answer_choices,evidence_emotional_pressure_to_evidence_false_belief_pressure,23,36,36,0.485294,0.500000,0.588235,0.094538,0.000000,0.000000,0.000000,tn=33 fp=1 fn=2 tp=0
cross_condition,end_of_answer_choices,evidence_emotional_pressure_to_evidence_false_belief_pressure,24,36,36,0.485294,0.500000,0.529412,0.083916,0.000000,0.000000,0.000000,tn=33 fp=1 fn=2 tp=0
cross_condition,end_of_answer_choices,evidence_emotional_pressure_to_evidence_false_belief_pressure,25,36,36,0.500000,0.500000,0.573529,0.092157,0.000000,0.000000,0.000000,tn=34 fp=0 fn=2 tp=0
cross_condition,end_of_answer_choices,evidence_emotional_pressure_to_evidence_false_belief_pressure,26,36,36,0.500000,0.500000,0.500000,0.078788,0.000000,0.000000,0.000000,tn=34 fp=0 fn=2 tp=0
cross_condition,end_of_answer_choices,evidence_emotional_pressure_to_evidence_false_belief_pressure,27,36,36,0.500000,0.500000,0.382353,0.065733,0.000000,0.000000,0.000000,tn=34 fp=0 fn=2 tp=0
cross_condition,end_of_answer_choices,evidence_emotional_pressure_to_evidence_false_belief_pressure,28,36,36,0.485294,0.500000,0.367647,0.064583,0.000000,0.000000,0.000000,tn=33 fp=1 fn=2 tp=0
cross_condition,end_of_answer_choices,evidence_emotional_pressure_to_evidence_false_belief_pressure,29,36,36,0.485294,0.500000,0.397059,0.069048,0.000000,0.000000,0.000000,tn=33 fp=1 fn=2 tp=0
cross_condition,end_of_answer_choices,evidence_emotional_pressure_to_evidence_false_belief_pressure,30,36,36,0.500000,0.500000,0.544118,0.087121,0.000000,0.000000,0.000000,tn=34 fp=0 fn=2 tp=0
cross_condition,end_of_answer_choices,evidence_emotional_pressure_to_evidence_false_belief_pressure,31,36,36,0.500000,0.500000,0.558824,0.089286,0.000000,0.000000,0.000000,tn=34 fp=0 fn=2 tp=0
cross_condition,end_of_answer_choices,evidence_emotional_pressure_to_evidence_false_belief_pressure,32,36,36,0.500000,0.500000,0.558824,0.089286,0.000000,0.000000,0.000000,tn=34 fp=0 fn=2 tp=0
cross_condition,end_of_answer_choices,evidence_emotional_pressure_to_evidence_false_belief_pressure,33,36,36,0.500000,0.500000,0.588235,0.094017,0.000000,0.000000,0.000000,tn=34 fp=0 fn=2 tp=0
cross_condition,end_of_answer_choices,evidence_emotional_pressure_to_evidence_false_belief_pressure,34,36,36,0.500000,0.500000,0.514706,0.081169,0.000000,0.000000,0.000000,tn=34 fp=0 fn=2 tp=0
cross_condition,end_of_answer_choices,evidence_emotional_pressure_to_evidence_false_belief_pressure,35,36,36,0.485294,0.500000,0.426471,0.070370,0.000000,0.000000,0.000000,tn=33 fp=1 fn=2 tp=0
cross_condition,end_of_answer_choices,evidence_emotional_pressure_to_closed_context_false_belief_pressure,0,36,36,0.757143,0.500000,0.657143,0.076923,0.105263,0.055556,1.000000,tn=18 fp=17 fn=0 tp=1
cross_condition,end_of_answer_choices,evidence_emotional_pressure_to_closed_context_false_belief_pressure,1,36,36,0.628571,0.500000,0.714286,0.090909,0.071429,0.037037,1.000000,tn=9 fp=26 fn=0 tp=1
cross_condition,end_of_answer_choices,evidence_emotional_pressure_to_closed_context_false_belief_pressure,2,36,36,0.542857,0.500000,0.742857,0.100000,0.058824,0.030303,1.000000,tn=3 fp=32 fn=0 tp=1
cross_condition,end_of_answer_choices,evidence_emotional_pressure_to_closed_context_false_belief_pressure,3,36,36,0.757143,0.500000,0.942857,0.333333,0.105263,0.055556,1.000000,tn=18 fp=17 fn=0 tp=1
cross_condition,end_of_answer_choices,evidence_emotional_pressure_to_closed_context_false_belief_pressure,4,36,36,0.485714,0.500000,0.742857,0.100000,0.000000,0.000000,0.000000,tn=34 fp=1 fn=1 tp=0
cross_condition,end_of_answer_choices,evidence_emotional_pressure_to_closed_context_false_belief_pressure,5,36,36,0.500000,0.500000,0.942857,0.333333,0.000000,0.000000,0.000000,tn=35 fp=0 fn=1 tp=0
cross_condition,end_of_answer_choices,evidence_emotional_pressure_to_closed_context_false_belief_pressure,6,36,36,0.500000,0.500000,0.857143,0.166667,0.000000,0.000000,0.000000,tn=35 fp=0 fn=1 tp=0
cross_condition,end_of_answer_choices,evidence_emotional_pressure_to_closed_context_false_belief_pressure,7,36,36,0.500000,0.500000,0.857143,0.166667,0.000000,0.000000,0.000000,tn=35 fp=0 fn=1 tp=0
cross_condition,end_of_answer_choices,evidence_emotional_pressure_to_closed_context_false_belief_pressure,8,36,36,0.485714,0.500000,0.600000,0.066667,0.000000,0.000000,0.000000,tn=34 fp=1 fn=1 tp=0
cross_condition,end_of_answer_choices,evidence_emotional_pressure_to_closed_context_false_belief_pressure,9,36,36,0.500000,0.500000,0.885714,0.200000,0.000000,0.000000,0.000000,tn=35 fp=0 fn=1 tp=0
cross_condition,end_of_answer_choices,evidence_emotional_pressure_to_closed_context_false_belief_pressure,10,36,36,0.471429,0.500000,0.485714,0.052632,0.000000,0.000000,0.000000,tn=33 fp=2 fn=1 tp=0
cross_condition,end_of_answer_choices,evidence_emotional_pressure_to_closed_context_false_belief_pressure,11,36,36,0.342857,0.500000,0.200000,0.034483,0.000000,0.000000,0.000000,tn=24 fp=11 fn=1 tp=0
cross_condition,end_of_answer_choices,evidence_emotional_pressure_to_closed_context_false_belief_pressure,12,36,36,0.371429,0.500000,0.085714,0.030303,0.000000,0.000000,0.000000,tn=26 fp=9 fn=1 tp=0
cross_condition,end_of_answer_choices,evidence_emotional_pressure_to_closed_context_false_belief_pressure,13,36,36,0.471429,0.500000,0.228571,0.035714,0.000000,0.000000,0.000000,tn=33 fp=2 fn=1 tp=0
cross_condition,end_of_answer_choices,evidence_emotional_pressure_to_closed_context_false_belief_pressure,14,36,36,0.442857,0.500000,0.600000,0.066667,0.000000,0.000000,0.000000,tn=31 fp=4 fn=1 tp=0
cross_condition,end_of_answer_choices,evidence_emotional_pressure_to_closed_context_false_belief_pressure,15,36,36,0.471429,0.500000,0.600000,0.066667,0.000000,0.000000,0.000000,tn=33 fp=2 fn=1 tp=0
cross_condition,end_of_answer_choices,evidence_emotional_pressure_to_closed_context_false_belief_pressure,16,36,36,0.400000,0.500000,0.714286,0.090909,0.000000,0.000000,0.000000,tn=28 fp=7 fn=1 tp=0
cross_condition,end_of_answer_choices,evidence_emotional_pressure_to_closed_context_false_belief_pressure,17,36,36,0.885714,0.500000,0.828571,0.142857,0.200000,0.111111,1.000000,tn=27 fp=8 fn=0 tp=1
cross_condition,end_of_answer_choices,evidence_emotional_pressure_to_closed_context_false_belief_pressure,18,36,36,0.442857,0.500000,0.800000,0.125000,0.000000,0.000000,0.000000,tn=31 fp=4 fn=1 tp=0
cross_condition,end_of_answer_choices,evidence_emotional_pressure_to_closed_context_false_belief_pressure,19,36,36,0.457143,0.500000,0.857143,0.166667,0.000000,0.000000,0.000000,tn=32 fp=3 fn=1 tp=0
cross_condition,end_of_answer_choices,evidence_emotional_pressure_to_closed_context_false_belief_pressure,20,36,36,0.485714,0.500000,0.571429,0.062500,0.000000,0.000000,0.000000,tn=34 fp=1 fn=1 tp=0
cross_condition,end_of_answer_choices,evidence_emotional_pressure_to_closed_context_false_belief_pressure,21,36,36,0.485714,0.500000,0.485714,0.052632,0.000000,0.000000,0.000000,tn=34 fp=1 fn=1 tp=0
cross_condition,end_of_answer_choices,evidence_emotional_pressure_to_closed_context_false_belief_pressure,22,36,36,0.500000,0.500000,0.428571,0.047619,0.000000,0.000000,0.000000,tn=35 fp=0 fn=1 tp=0
cross_condition,end_of_answer_choices,evidence_emotional_pressure_to_closed_context_false_belief_pressure,23,36,36,0.500000,0.500000,0.400000,0.045455,0.000000,0.000000,0.000000,tn=35 fp=0 fn=1 tp=0
cross_condition,end_of_answer_choices,evidence_emotional_pressure_to_closed_context_false_belief_pressure,24,36,36,0.500000,0.500000,0.428571,0.047619,0.000000,0.000000,0.000000,tn=35 fp=0 fn=1 tp=0
cross_condition,end_of_answer_choices,evidence_emotional_pressure_to_closed_context_false_belief_pressure,25,36,36,0.500000,0.500000,0.457143,0.050000,0.000000,0.000000,0.000000,tn=35 fp=0 fn=1 tp=0
cross_condition,end_of_answer_choices,evidence_emotional_pressure_to_closed_context_false_belief_pressure,26,36,36,0.500000,0.500000,0.485714,0.052632,0.000000,0.000000,0.000000,tn=35 fp=0 fn=1 tp=0
cross_condition,end_of_answer_choices,evidence_emotional_pressure_to_closed_context_false_belief_pressure,27,36,36,0.500000,0.500000,0.342857,0.041667,0.000000,0.000000,0.000000,tn=35 fp=0 fn=1 tp=0
cross_condition,end_of_answer_choices,evidence_emotional_pressure_to_closed_context_false_belief_pressure,28,36,36,0.485714,0.500000,0.285714,0.038462,0.000000,0.000000,0.000000,tn=34 fp=1 fn=1 tp=0
cross_condition,end_of_answer_choices,evidence_emotional_pressure_to_closed_context_false_belief_pressure,29,36,36,0.471429,0.500000,0.285714,0.038462,0.000000,0.000000,0.000000,tn=33 fp=2 fn=1 tp=0
cross_condition,end_of_answer_choices,evidence_emotional_pressure_to_closed_context_false_belief_pressure,30,36,36,0.471429,0.500000,0.342857,0.041667,0.000000,0.000000,0.000000,tn=33 fp=2 fn=1 tp=0
cross_condition,end_of_answer_choices,evidence_emotional_pressure_to_closed_context_false_belief_pressure,31,36,36,0.471429,0.500000,0.314286,0.040000,0.000000,0.000000,0.000000,tn=33 fp=2 fn=1 tp=0
cross_condition,end_of_answer_choices,evidence_emotional_pressure_to_closed_context_false_belief_pressure,32,36,36,0.442857,0.500000,0.342857,0.041667,0.000000,0.000000,0.000000,tn=31 fp=4 fn=1 tp=0
cross_condition,end_of_answer_choices,evidence_emotional_pressure_to_closed_context_false_belief_pressure,33,36,36,0.428571,0.500000,0.342857,0.041667,0.000000,0.000000,0.000000,tn=30 fp=5 fn=1 tp=0
cross_condition,end_of_answer_choices,evidence_emotional_pressure_to_closed_context_false_belief_pressure,34,36,36,0.471429,0.500000,0.371429,0.043478,0.000000,0.000000,0.000000,tn=33 fp=2 fn=1 tp=0
cross_condition,end_of_answer_choices,evidence_emotional_pressure_to_closed_context_false_belief_pressure,35,36,36,0.442857,0.500000,0.428571,0.047619,0.000000,0.000000,0.000000,tn=31 fp=4 fn=1 tp=0
overall_harmful,final_answer_position,all_conditions_pooled,0,108,36,0.691919,0.500000,0.815937,0.396801,0.279070,0.176471,0.666667,tn=71 fp=28 fn=3 tp=6
overall_harmful,final_answer_position,all_conditions_pooled,1,108,36,0.732323,0.500000,0.765432,0.326297,0.297872,0.184211,0.777778,tn=68 fp=31 fn=2 tp=7
overall_harmful,final_answer_position,all_conditions_pooled,2,108,36,0.681818,0.500000,0.796857,0.361432,0.245614,0.145833,0.777778,tn=58 fp=41 fn=2 tp=7
overall_harmful,final_answer_position,all_conditions_pooled,3,108,36,0.595960,0.500000,0.727273,0.276852,0.189189,0.107692,0.777778,tn=41 fp=58 fn=2 tp=7
overall_harmful,final_answer_position,all_conditions_pooled,4,108,36,0.626263,0.500000,0.729517,0.290207,0.205882,0.118644,0.777778,tn=47 fp=52 fn=2 tp=7
overall_harmful,final_answer_position,all_conditions_pooled,5,108,36,0.696970,0.500000,0.736251,0.233562,0.259259,0.155556,0.777778,tn=61 fp=38 fn=2 tp=7
overall_harmful,final_answer_position,all_conditions_pooled,6,108,36,0.666667,0.500000,0.721661,0.207342,0.250000,0.153846,0.666667,tn=66 fp=33 fn=3 tp=6
overall_harmful,final_answer_position,all_conditions_pooled,7,108,36,0.681818,0.500000,0.740741,0.255201,0.266667,0.166667,0.666667,tn=69 fp=30 fn=3 tp=6
overall_harmful,final_answer_position,all_conditions_pooled,8,108,36,0.681818,0.500000,0.719416,0.236118,0.266667,0.166667,0.666667,tn=69 fp=30 fn=3 tp=6
overall_harmful,final_answer_position,all_conditions_pooled,9,108,36,0.681818,0.500000,0.666667,0.159398,0.266667,0.166667,0.666667,tn=69 fp=30 fn=3 tp=6
overall_harmful,final_answer_position,all_conditions_pooled,10,108,36,0.681818,0.500000,0.681257,0.174542,0.266667,0.166667,0.666667,tn=69 fp=30 fn=3 tp=6
overall_harmful,final_answer_position,all_conditions_pooled,11,108,36,0.681818,0.500000,0.655443,0.153768,0.266667,0.166667,0.666667,tn=69 fp=30 fn=3 tp=6
overall_harmful,final_answer_position,all_conditions_pooled,12,108,36,0.681818,0.500000,0.638608,0.135724,0.266667,0.166667,0.666667,tn=69 fp=30 fn=3 tp=6
overall_harmful,final_answer_position,all_conditions_pooled,13,108,36,0.681818,0.500000,0.671156,0.156678,0.266667,0.166667,0.666667,tn=69 fp=30 fn=3 tp=6
overall_harmful,final_answer_position,all_conditions_pooled,14,108,36,0.681818,0.500000,0.704826,0.195192,0.266667,0.166667,0.666667,tn=69 fp=30 fn=3 tp=6
overall_harmful,final_answer_position,all_conditions_pooled,15,108,36,0.681818,0.500000,0.684624,0.171049,0.266667,0.166667,0.666667,tn=69 fp=30 fn=3 tp=6
overall_harmful,final_answer_position,all_conditions_pooled,16,108,36,0.681818,0.500000,0.686869,0.179840,0.266667,0.166667,0.666667,tn=69 fp=30 fn=3 tp=6
overall_harmful,final_answer_position,all_conditions_pooled,17,108,36,0.681818,0.500000,0.707071,0.189272,0.266667,0.166667,0.666667,tn=69 fp=30 fn=3 tp=6
overall_harmful,final_answer_position,all_conditions_pooled,18,108,36,0.681818,0.500000,0.712682,0.224993,0.266667,0.166667,0.666667,tn=69 fp=30 fn=3 tp=6
overall_harmful,final_answer_position,all_conditions_pooled,19,108,36,0.681818,0.500000,0.681257,0.215956,0.266667,0.166667,0.666667,tn=69 fp=30 fn=3 tp=6
overall_harmful,final_answer_position,all_conditions_pooled,20,108,36,0.686869,0.500000,0.649832,0.204435,0.272727,0.171429,0.666667,tn=70 fp=29 fn=3 tp=6
overall_harmful,final_answer_position,all_conditions_pooled,21,108,36,0.651515,0.500000,0.682379,0.223796,0.256410,0.166667,0.555556,tn=74 fp=25 fn=4 tp=5
overall_harmful,final_answer_position,all_conditions_pooled,22,108,36,0.646465,0.500000,0.682379,0.188147,0.250000,0.161290,0.555556,tn=73 fp=26 fn=4 tp=5
overall_harmful,final_answer_position,all_conditions_pooled,23,108,36,0.656566,0.500000,0.686869,0.187922,0.263158,0.172414,0.555556,tn=75 fp=24 fn=4 tp=5
overall_harmful,final_answer_position,all_conditions_pooled,24,108,36,0.651515,0.500000,0.691358,0.200137,0.256410,0.166667,0.555556,tn=74 fp=25 fn=4 tp=5
overall_harmful,final_answer_position,all_conditions_pooled,25,108,36,0.646465,0.500000,0.692480,0.187331,0.250000,0.161290,0.555556,tn=73 fp=26 fn=4 tp=5
overall_harmful,final_answer_position,all_conditions_pooled,26,108,36,0.646465,0.500000,0.695847,0.181398,0.250000,0.161290,0.555556,tn=73 fp=26 fn=4 tp=5
overall_harmful,final_answer_position,all_conditions_pooled,27,108,36,0.646465,0.500000,0.704826,0.196038,0.250000,0.161290,0.555556,tn=73 fp=26 fn=4 tp=5
overall_harmful,final_answer_position,all_conditions_pooled,28,108,36,0.646465,0.500000,0.700337,0.191271,0.250000,0.161290,0.555556,tn=73 fp=26 fn=4 tp=5
overall_harmful,final_answer_position,all_conditions_pooled,29,108,36,0.646465,0.500000,0.703704,0.195708,0.250000,0.161290,0.555556,tn=73 fp=26 fn=4 tp=5
overall_harmful,final_answer_position,all_conditions_pooled,30,108,36,0.691919,0.500000,0.696970,0.188410,0.279070,0.176471,0.666667,tn=71 fp=28 fn=3 tp=6
overall_harmful,final_answer_position,all_conditions_pooled,31,108,36,0.691919,0.500000,0.698092,0.187819,0.279070,0.176471,0.666667,tn=71 fp=28 fn=3 tp=6
overall_harmful,final_answer_position,all_conditions_pooled,32,108,36,0.691919,0.500000,0.704826,0.196182,0.279070,0.176471,0.666667,tn=71 fp=28 fn=3 tp=6
overall_harmful,final_answer_position,all_conditions_pooled,33,108,36,0.691919,0.500000,0.693603,0.181854,0.279070,0.176471,0.666667,tn=71 fp=28 fn=3 tp=6
overall_harmful,final_answer_position,all_conditions_pooled,34,108,36,0.681818,0.500000,0.682379,0.174269,0.266667,0.166667,0.666667,tn=69 fp=30 fn=3 tp=6
overall_harmful,final_answer_position,all_conditions_pooled,35,108,36,0.686869,0.500000,0.692480,0.201960,0.272727,0.171429,0.666667,tn=70 fp=29 fn=3 tp=6
within_condition,final_answer_position,evidence_emotional_pressure,0,36,36,0.816667,0.500000,0.888889,0.555458,0.588235,0.454545,0.833333,tn=24 fp=6 fn=1 tp=5
within_condition,final_answer_position,evidence_emotional_pressure,1,36,36,0.816667,0.500000,0.894444,0.604194,0.588235,0.454545,0.833333,tn=24 fp=6 fn=1 tp=5
within_condition,final_answer_position,evidence_emotional_pressure,2,36,36,0.850000,0.500000,0.894444,0.559325,0.666667,0.555556,0.833333,tn=26 fp=4 fn=1 tp=5
within_condition,final_answer_position,evidence_emotional_pressure,3,36,36,0.766667,0.500000,0.827778,0.479497,0.571429,0.500000,0.666667,tn=26 fp=4 fn=2 tp=4
within_condition,final_answer_position,evidence_emotional_pressure,4,36,36,0.766667,0.500000,0.805556,0.469811,0.571429,0.500000,0.666667,tn=26 fp=4 fn=2 tp=4
within_condition,final_answer_position,evidence_emotional_pressure,5,36,36,0.716667,0.500000,0.800000,0.465528,0.470588,0.363636,0.666667,tn=23 fp=7 fn=2 tp=4
within_condition,final_answer_position,evidence_emotional_pressure,6,36,36,0.683333,0.500000,0.811111,0.524247,0.461538,0.428571,0.500000,tn=26 fp=4 fn=3 tp=3
within_condition,final_answer_position,evidence_emotional_pressure,7,36,36,0.783333,0.500000,0.833333,0.557738,0.615385,0.571429,0.666667,tn=27 fp=3 fn=2 tp=4
within_condition,final_answer_position,evidence_emotional_pressure,8,36,36,0.783333,0.500000,0.783333,0.495483,0.615385,0.571429,0.666667,tn=27 fp=3 fn=2 tp=4
within_condition,final_answer_position,evidence_emotional_pressure,9,36,36,0.650000,0.500000,0.750000,0.511072,0.400000,0.333333,0.500000,tn=24 fp=6 fn=3 tp=3
within_condition,final_answer_position,evidence_emotional_pressure,10,36,36,0.800000,0.500000,0.788889,0.499562,0.666667,0.666667,0.666667,tn=28 fp=2 fn=2 tp=4
within_condition,final_answer_position,evidence_emotional_pressure,11,36,36,0.700000,0.500000,0.816667,0.529630,0.500000,0.500000,0.500000,tn=27 fp=3 fn=3 tp=3
within_condition,final_answer_position,evidence_emotional_pressure,12,36,36,0.683333,0.500000,0.827778,0.532682,0.461538,0.428571,0.500000,tn=26 fp=4 fn=3 tp=3
within_condition,final_answer_position,evidence_emotional_pressure,13,36,36,0.683333,0.500000,0.844444,0.572834,0.461538,0.428571,0.500000,tn=26 fp=4 fn=3 tp=3
within_condition,final_answer_position,evidence_emotional_pressure,14,36,36,0.683333,0.500000,0.838889,0.483318,0.461538,0.428571,0.500000,tn=26 fp=4 fn=3 tp=3
within_condition,final_answer_position,evidence_emotional_pressure,15,36,36,0.650000,0.500000,0.805556,0.390582,0.400000,0.333333,0.500000,tn=24 fp=6 fn=3 tp=3
within_condition,final_answer_position,evidence_emotional_pressure,16,36,36,0.733333,0.500000,0.811111,0.390982,0.500000,0.400000,0.666667,tn=24 fp=6 fn=2 tp=4
within_condition,final_answer_position,evidence_emotional_pressure,17,36,36,0.566667,0.500000,0.777778,0.325198,0.285714,0.250000,0.333333,tn=24 fp=6 fn=4 tp=2
within_condition,final_answer_position,evidence_emotional_pressure,18,36,36,0.466667,0.500000,0.744444,0.293867,0.142857,0.125000,0.166667,tn=23 fp=7 fn=5 tp=1
within_condition,final_answer_position,evidence_emotional_pressure,19,36,36,0.483333,0.500000,0.683333,0.267532,0.153846,0.142857,0.166667,tn=24 fp=6 fn=5 tp=1
within_condition,final_answer_position,evidence_emotional_pressure,20,36,36,0.483333,0.500000,0.577778,0.228534,0.153846,0.142857,0.166667,tn=24 fp=6 fn=5 tp=1
within_condition,final_answer_position,evidence_emotional_pressure,21,36,36,0.633333,0.500000,0.672222,0.335762,0.375000,0.300000,0.500000,tn=23 fp=7 fn=3 tp=3
within_condition,final_answer_position,evidence_emotional_pressure,22,36,36,0.550000,0.500000,0.622222,0.243864,0.266667,0.222222,0.333333,tn=23 fp=7 fn=4 tp=2
within_condition,final_answer_position,evidence_emotional_pressure,23,36,36,0.550000,0.500000,0.616667,0.245871,0.266667,0.222222,0.333333,tn=23 fp=7 fn=4 tp=2
within_condition,final_answer_position,evidence_emotional_pressure,24,36,36,0.550000,0.500000,0.594444,0.240364,0.266667,0.222222,0.333333,tn=23 fp=7 fn=4 tp=2
within_condition,final_answer_position,evidence_emotional_pressure,25,36,36,0.533333,0.500000,0.566667,0.246578,0.250000,0.200000,0.333333,tn=22 fp=8 fn=4 tp=2
within_condition,final_answer_position,evidence_emotional_pressure,26,36,36,0.516667,0.500000,0.527778,0.218849,0.235294,0.181818,0.333333,tn=21 fp=9 fn=4 tp=2
within_condition,final_answer_position,evidence_emotional_pressure,27,36,36,0.500000,0.500000,0.511111,0.208642,0.222222,0.166667,0.333333,tn=20 fp=10 fn=4 tp=2
within_condition,final_answer_position,evidence_emotional_pressure,28,36,36,0.500000,0.500000,0.527778,0.215093,0.222222,0.166667,0.333333,tn=20 fp=10 fn=4 tp=2
within_condition,final_answer_position,evidence_emotional_pressure,29,36,36,0.483333,0.500000,0.505556,0.196208,0.210526,0.153846,0.333333,tn=19 fp=11 fn=4 tp=2
within_condition,final_answer_position,evidence_emotional_pressure,30,36,36,0.400000,0.500000,0.472222,0.177731,0.111111,0.083333,0.166667,tn=19 fp=11 fn=5 tp=1
within_condition,final_answer_position,evidence_emotional_pressure,31,36,36,0.433333,0.500000,0.466667,0.174136,0.125000,0.100000,0.166667,tn=21 fp=9 fn=5 tp=1
within_condition,final_answer_position,evidence_emotional_pressure,32,36,36,0.416667,0.500000,0.505556,0.194048,0.117647,0.090909,0.166667,tn=20 fp=10 fn=5 tp=1
within_condition,final_answer_position,evidence_emotional_pressure,33,36,36,0.416667,0.500000,0.544444,0.208820,0.117647,0.090909,0.166667,tn=20 fp=10 fn=5 tp=1
within_condition,final_answer_position,evidence_emotional_pressure,34,36,36,0.500000,0.500000,0.538889,0.199580,0.222222,0.166667,0.333333,tn=20 fp=10 fn=4 tp=2
within_condition,final_answer_position,evidence_emotional_pressure,35,36,36,0.483333,0.500000,0.500000,0.188230,0.210526,0.153846,0.333333,tn=19 fp=11 fn=4 tp=2
cross_condition,final_answer_position,evidence_emotional_pressure_to_evidence_false_belief_pressure,0,36,36,0.735294,0.500000,0.617647,0.100962,0.181818,0.100000,1.000000,tn=16 fp=18 fn=0 tp=2
cross_condition,final_answer_position,evidence_emotional_pressure_to_evidence_false_belief_pressure,1,36,36,0.588235,0.500000,0.632353,0.112500,0.142857,0.083333,0.500000,tn=23 fp=11 fn=1 tp=1
cross_condition,final_answer_position,evidence_emotional_pressure_to_evidence_false_belief_pressure,2,36,36,0.617647,0.500000,0.632353,0.119048,0.166667,0.100000,0.500000,tn=25 fp=9 fn=1 tp=1
cross_condition,final_answer_position,evidence_emotional_pressure_to_evidence_false_belief_pressure,3,36,36,0.573529,0.500000,0.588235,0.284483,0.133333,0.076923,0.500000,tn=22 fp=12 fn=1 tp=1
cross_condition,final_answer_position,evidence_emotional_pressure_to_evidence_false_belief_pressure,4,36,36,0.573529,0.500000,0.588235,0.284483,0.133333,0.076923,0.500000,tn=22 fp=12 fn=1 tp=1
cross_condition,final_answer_position,evidence_emotional_pressure_to_evidence_false_belief_pressure,5,36,36,0.647059,0.500000,0.705882,0.545455,0.200000,0.125000,0.500000,tn=27 fp=7 fn=1 tp=1
cross_condition,final_answer_position,evidence_emotional_pressure_to_evidence_false_belief_pressure,6,36,36,0.588235,0.500000,0.573529,0.532258,0.142857,0.083333,0.500000,tn=23 fp=11 fn=1 tp=1
cross_condition,final_answer_position,evidence_emotional_pressure_to_evidence_false_belief_pressure,7,36,36,0.676471,0.500000,0.558824,0.531250,0.250000,0.166667,0.500000,tn=29 fp=5 fn=1 tp=1
cross_condition,final_answer_position,evidence_emotional_pressure_to_evidence_false_belief_pressure,8,36,36,0.485294,0.500000,0.441176,0.100840,0.000000,0.000000,0.000000,tn=33 fp=1 fn=2 tp=0
cross_condition,final_answer_position,evidence_emotional_pressure_to_evidence_false_belief_pressure,9,36,36,0.573529,0.500000,0.485294,0.195238,0.133333,0.076923,0.500000,tn=22 fp=12 fn=1 tp=1
cross_condition,final_answer_position,evidence_emotional_pressure_to_evidence_false_belief_pressure,10,36,36,0.588235,0.500000,0.441176,0.127778,0.142857,0.083333,0.500000,tn=23 fp=11 fn=1 tp=1
cross_condition,final_answer_position,evidence_emotional_pressure_to_evidence_false_belief_pressure,11,36,36,0.352941,0.500000,0.441176,0.127778,0.066667,0.035714,0.500000,tn=7 fp=27 fn=1 tp=1
cross_condition,final_answer_position,evidence_emotional_pressure_to_evidence_false_belief_pressure,12,36,36,0.382353,0.500000,0.500000,0.155303,0.071429,0.038462,0.500000,tn=9 fp=25 fn=1 tp=1
cross_condition,final_answer_position,evidence_emotional_pressure_to_evidence_false_belief_pressure,13,36,36,0.411765,0.500000,0.455882,0.087814,0.076923,0.041667,0.500000,tn=11 fp=23 fn=1 tp=1
cross_condition,final_answer_position,evidence_emotional_pressure_to_evidence_false_belief_pressure,14,36,36,0.588235,0.500000,0.661765,0.133333,0.142857,0.083333,0.500000,tn=23 fp=11 fn=1 tp=1
cross_condition,final_answer_position,evidence_emotional_pressure_to_evidence_false_belief_pressure,15,36,36,0.764706,0.500000,0.750000,0.166667,0.200000,0.111111,1.000000,tn=18 fp=16 fn=0 tp=2
cross_condition,final_answer_position,evidence_emotional_pressure_to_evidence_false_belief_pressure,16,36,36,0.823529,0.500000,0.705882,0.126984,0.250000,0.142857,1.000000,tn=22 fp=12 fn=0 tp=2
cross_condition,final_answer_position,evidence_emotional_pressure_to_evidence_false_belief_pressure,17,36,36,0.852941,0.500000,0.794118,0.183333,0.285714,0.166667,1.000000,tn=24 fp=10 fn=0 tp=2
cross_condition,final_answer_position,evidence_emotional_pressure_to_evidence_false_belief_pressure,18,36,36,0.500000,0.500000,0.838235,0.208333,0.000000,0.000000,0.000000,tn=34 fp=0 fn=2 tp=0
cross_condition,final_answer_position,evidence_emotional_pressure_to_evidence_false_belief_pressure,19,36,36,0.500000,0.500000,0.911765,0.325000,0.000000,0.000000,0.000000,tn=34 fp=0 fn=2 tp=0
cross_condition,final_answer_position,evidence_emotional_pressure_to_evidence_false_belief_pressure,20,36,36,0.455882,0.500000,0.779412,0.162500,0.000000,0.000000,0.000000,tn=31 fp=3 fn=2 tp=0
cross_condition,final_answer_position,evidence_emotional_pressure_to_evidence_false_belief_pressure,21,36,36,0.455882,0.500000,0.779412,0.162338,0.000000,0.000000,0.000000,tn=31 fp=3 fn=2 tp=0
cross_condition,final_answer_position,evidence_emotional_pressure_to_evidence_false_belief_pressure,22,36,36,0.676471,0.500000,0.808824,0.208333,0.250000,0.166667,0.500000,tn=29 fp=5 fn=1 tp=1
cross_condition,final_answer_position,evidence_emotional_pressure_to_evidence_false_belief_pressure,23,36,36,0.676471,0.500000,0.882353,0.291667,0.250000,0.166667,0.500000,tn=29 fp=5 fn=1 tp=1
cross_condition,final_answer_position,evidence_emotional_pressure_to_evidence_false_belief_pressure,24,36,36,0.676471,0.500000,0.882353,0.291667,0.250000,0.166667,0.500000,tn=29 fp=5 fn=1 tp=1
cross_condition,final_answer_position,evidence_emotional_pressure_to_evidence_false_belief_pressure,25,36,36,0.705882,0.500000,0.911765,0.333333,0.333333,0.250000,0.500000,tn=31 fp=3 fn=1 tp=1
cross_condition,final_answer_position,evidence_emotional_pressure_to_evidence_false_belief_pressure,26,36,36,0.485294,0.500000,0.897059,0.291667,0.000000,0.000000,0.000000,tn=33 fp=1 fn=2 tp=0
cross_condition,final_answer_position,evidence_emotional_pressure_to_evidence_false_belief_pressure,27,36,36,0.485294,0.500000,0.941176,0.450000,0.000000,0.000000,0.000000,tn=33 fp=1 fn=2 tp=0
cross_condition,final_answer_position,evidence_emotional_pressure_to_evidence_false_belief_pressure,28,36,36,0.485294,0.500000,0.926471,0.416667,0.000000,0.000000,0.000000,tn=33 fp=1 fn=2 tp=0
cross_condition,final_answer_position,evidence_emotional_pressure_to_evidence_false_belief_pressure,29,36,36,0.485294,0.500000,0.926471,0.366667,0.000000,0.000000,0.000000,tn=33 fp=1 fn=2 tp=0
cross_condition,final_answer_position,evidence_emotional_pressure_to_evidence_false_belief_pressure,30,36,36,0.500000,0.500000,0.882353,0.266667,0.000000,0.000000,0.000000,tn=34 fp=0 fn=2 tp=0
cross_condition,final_answer_position,evidence_emotional_pressure_to_evidence_false_belief_pressure,31,36,36,0.500000,0.500000,0.882353,0.266667,0.000000,0.000000,0.000000,tn=34 fp=0 fn=2 tp=0
cross_condition,final_answer_position,evidence_emotional_pressure_to_evidence_false_belief_pressure,32,36,36,0.485294,0.500000,0.911765,0.333333,0.000000,0.000000,0.000000,tn=33 fp=1 fn=2 tp=0
cross_condition,final_answer_position,evidence_emotional_pressure_to_evidence_false_belief_pressure,33,36,36,0.500000,0.500000,0.941176,0.416667,0.000000,0.000000,0.000000,tn=34 fp=0 fn=2 tp=0
cross_condition,final_answer_position,evidence_emotional_pressure_to_evidence_false_belief_pressure,34,36,36,0.705882,0.500000,0.852941,0.236111,0.333333,0.250000,0.500000,tn=31 fp=3 fn=1 tp=1
cross_condition,final_answer_position,evidence_emotional_pressure_to_evidence_false_belief_pressure,35,36,36,0.441176,0.500000,0.867647,0.242857,0.000000,0.000000,0.000000,tn=30 fp=4 fn=2 tp=0
cross_condition,final_answer_position,evidence_emotional_pressure_to_closed_context_false_belief_pressure,0,36,36,0.871429,0.500000,0.885714,0.200000,0.181818,0.100000,1.000000,tn=26 fp=9 fn=0 tp=1
cross_condition,final_answer_position,evidence_emotional_pressure_to_closed_context_false_belief_pressure,1,36,36,0.771429,0.500000,0.828571,0.142857,0.111111,0.058824,1.000000,tn=19 fp=16 fn=0 tp=1
cross_condition,final_answer_position,evidence_emotional_pressure_to_closed_context_false_belief_pressure,2,36,36,0.642857,0.500000,0.828571,0.142857,0.074074,0.038462,1.000000,tn=10 fp=25 fn=0 tp=1
cross_condition,final_answer_position,evidence_emotional_pressure_to_closed_context_false_belief_pressure,3,36,36,0.471429,0.500000,0.914286,0.250000,0.000000,0.000000,0.000000,tn=33 fp=2 fn=1 tp=0
cross_condition,final_answer_position,evidence_emotional_pressure_to_closed_context_false_belief_pressure,4,36,36,0.485714,0.500000,0.885714,0.200000,0.000000,0.000000,0.000000,tn=34 fp=1 fn=1 tp=0
cross_condition,final_answer_position,evidence_emotional_pressure_to_closed_context_false_belief_pressure,5,36,36,0.942857,0.500000,0.971429,0.500000,0.333333,0.200000,1.000000,tn=31 fp=4 fn=0 tp=1
cross_condition,final_answer_position,evidence_emotional_pressure_to_closed_context_false_belief_pressure,6,36,36,0.814286,0.500000,0.971429,0.500000,0.133333,0.071429,1.000000,tn=22 fp=13 fn=0 tp=1
cross_condition,final_answer_position,evidence_emotional_pressure_to_closed_context_false_belief_pressure,7,36,36,0.771429,0.500000,1.000000,1.000000,0.111111,0.058824,1.000000,tn=19 fp=16 fn=0 tp=1
cross_condition,final_answer_position,evidence_emotional_pressure_to_closed_context_false_belief_pressure,8,36,36,0.485714,0.500000,0.828571,0.142857,0.000000,0.000000,0.000000,tn=34 fp=1 fn=1 tp=0
cross_condition,final_answer_position,evidence_emotional_pressure_to_closed_context_false_belief_pressure,9,36,36,0.828571,0.500000,0.971429,0.500000,0.142857,0.076923,1.000000,tn=23 fp=12 fn=0 tp=1
cross_condition,final_answer_position,evidence_emotional_pressure_to_closed_context_false_belief_pressure,10,36,36,0.928571,0.500000,0.914286,0.250000,0.285714,0.166667,1.000000,tn=30 fp=5 fn=0 tp=1
cross_condition,final_answer_position,evidence_emotional_pressure_to_closed_context_false_belief_pressure,11,36,36,0.514286,0.500000,0.885714,0.200000,0.055556,0.028571,1.000000,tn=1 fp=34 fn=0 tp=1
cross_condition,final_answer_position,evidence_emotional_pressure_to_closed_context_false_belief_pressure,12,36,36,0.500000,0.500000,0.914286,0.250000,0.054054,0.027778,1.000000,tn=0 fp=35 fn=0 tp=1
cross_condition,final_answer_position,evidence_emotional_pressure_to_closed_context_false_belief_pressure,13,36,36,0.500000,0.500000,0.914286,0.250000,0.054054,0.027778,1.000000,tn=0 fp=35 fn=0 tp=1
cross_condition,final_answer_position,evidence_emotional_pressure_to_closed_context_false_belief_pressure,14,36,36,0.528571,0.500000,0.942857,0.333333,0.057143,0.029412,1.000000,tn=2 fp=33 fn=0 tp=1
cross_condition,final_answer_position,evidence_emotional_pressure_to_closed_context_false_belief_pressure,15,36,36,0.685714,0.500000,0.942857,0.333333,0.083333,0.043478,1.000000,tn=13 fp=22 fn=0 tp=1
cross_condition,final_answer_position,evidence_emotional_pressure_to_closed_context_false_belief_pressure,16,36,36,0.800000,0.500000,0.971429,0.500000,0.125000,0.066667,1.000000,tn=21 fp=14 fn=0 tp=1
cross_condition,final_answer_position,evidence_emotional_pressure_to_closed_context_false_belief_pressure,17,36,36,0.814286,0.500000,1.000000,1.000000,0.133333,0.071429,1.000000,tn=22 fp=13 fn=0 tp=1
cross_condition,final_answer_position,evidence_emotional_pressure_to_closed_context_false_belief_pressure,18,36,36,1.000000,0.500000,1.000000,1.000000,1.000000,1.000000,1.000000,tn=35 fp=0 fn=0 tp=1
cross_condition,final_answer_position,evidence_emotional_pressure_to_closed_context_false_belief_pressure,19,36,36,0.414286,0.500000,0.600000,0.066667,0.000000,0.000000,0.000000,tn=29 fp=6 fn=1 tp=0
cross_condition,final_answer_position,evidence_emotional_pressure_to_closed_context_false_belief_pressure,20,36,36,0.857143,0.500000,0.800000,0.125000,0.166667,0.090909,1.000000,tn=25 fp=10 fn=0 tp=1
cross_condition,final_answer_position,evidence_emotional_pressure_to_closed_context_false_belief_pressure,21,36,36,0.300000,0.500000,0.485714,0.052632,0.000000,0.000000,0.000000,tn=21 fp=14 fn=1 tp=0
cross_condition,final_answer_position,evidence_emotional_pressure_to_closed_context_false_belief_pressure,22,36,36,0.314286,0.500000,0.457143,0.050000,0.000000,0.000000,0.000000,tn=22 fp=13 fn=1 tp=0
cross_condition,final_answer_position,evidence_emotional_pressure_to_closed_context_false_belief_pressure,23,36,36,0.300000,0.500000,0.285714,0.038462,0.000000,0.000000,0.000000,tn=21 fp=14 fn=1 tp=0
cross_condition,final_answer_position,evidence_emotional_pressure_to_closed_context_false_belief_pressure,24,36,36,0.314286,0.500000,0.342857,0.041667,0.000000,0.000000,0.000000,tn=22 fp=13 fn=1 tp=0
cross_condition,final_answer_position,evidence_emotional_pressure_to_closed_context_false_belief_pressure,25,36,36,0.314286,0.500000,0.314286,0.040000,0.000000,0.000000,0.000000,tn=22 fp=13 fn=1 tp=0
cross_condition,final_answer_position,evidence_emotional_pressure_to_closed_context_false_belief_pressure,26,36,36,0.342857,0.500000,0.314286,0.040000,0.000000,0.000000,0.000000,tn=24 fp=11 fn=1 tp=0
cross_condition,final_answer_position,evidence_emotional_pressure_to_closed_context_false_belief_pressure,27,36,36,0.371429,0.500000,0.400000,0.045455,0.000000,0.000000,0.000000,tn=26 fp=9 fn=1 tp=0
cross_condition,final_answer_position,evidence_emotional_pressure_to_closed_context_false_belief_pressure,28,36,36,0.357143,0.500000,0.371429,0.043478,0.000000,0.000000,0.000000,tn=25 fp=10 fn=1 tp=0
cross_condition,final_answer_position,evidence_emotional_pressure_to_closed_context_false_belief_pressure,29,36,36,0.414286,0.500000,0.400000,0.045455,0.000000,0.000000,0.000000,tn=29 fp=6 fn=1 tp=0
cross_condition,final_answer_position,evidence_emotional_pressure_to_closed_context_false_belief_pressure,30,36,36,0.428571,0.500000,0.314286,0.040000,0.000000,0.000000,0.000000,tn=30 fp=5 fn=1 tp=0
cross_condition,final_answer_position,evidence_emotional_pressure_to_closed_context_false_belief_pressure,31,36,36,0.442857,0.500000,0.314286,0.040000,0.000000,0.000000,0.000000,tn=31 fp=4 fn=1 tp=0
cross_condition,final_answer_position,evidence_emotional_pressure_to_closed_context_false_belief_pressure,32,36,36,0.457143,0.500000,0.314286,0.040000,0.000000,0.000000,0.000000,tn=32 fp=3 fn=1 tp=0
cross_condition,final_answer_position,evidence_emotional_pressure_to_closed_context_false_belief_pressure,33,36,36,0.442857,0.500000,0.342857,0.041667,0.000000,0.000000,0.000000,tn=31 fp=4 fn=1 tp=0
cross_condition,final_answer_position,evidence_emotional_pressure_to_closed_context_false_belief_pressure,34,36,36,0.400000,0.500000,0.342857,0.041667,0.000000,0.000000,0.000000,tn=28 fp=7 fn=1 tp=0
cross_condition,final_answer_position,evidence_emotional_pressure_to_closed_context_false_belief_pressure,35,36,36,0.471429,0.500000,0.371429,0.043478,0.000000,0.000000,0.000000,tn=33 fp=2 fn=1 tp=0
