analysis,anchor,pair,layer,n_examples,n_families,balanced_accuracy,baseline_balanced_accuracy,auroc,average_precision,f1,precision,recall,confusion_matrix_counts
overall_harmful,end_of_evidence_block,all_conditions_pooled,0,108,36,0.500000,0.500000,0.500000,0.092593,0.169492,0.092593,1.000000,tn=0 fp=98 fn=0 tp=10
overall_harmful,end_of_evidence_block,all_conditions_pooled,1,108,36,0.484694,0.500000,0.498469,0.186718,0.000000,0.000000,0.000000,tn=95 fp=3 fn=10 tp=0
overall_harmful,end_of_evidence_block,all_conditions_pooled,2,108,36,0.509184,0.500000,0.282143,0.089528,0.105263,0.111111,0.100000,tn=90 fp=8 fn=9 tp=1
overall_harmful,end_of_evidence_block,all_conditions_pooled,3,108,36,0.509184,0.500000,0.766837,0.337662,0.105263,0.111111,0.100000,tn=90 fp=8 fn=9 tp=1
overall_harmful,end_of_evidence_block,all_conditions_pooled,4,108,36,0.498980,0.500000,0.207653,0.098896,0.095238,0.090909,0.100000,tn=88 fp=10 fn=9 tp=1
overall_harmful,end_of_evidence_block,all_conditions_pooled,5,108,36,0.538776,0.500000,0.594388,0.176157,0.166667,0.142857,0.200000,tn=86 fp=12 fn=8 tp=2
overall_harmful,end_of_evidence_block,all_conditions_pooled,6,108,36,0.483673,0.500000,0.482143,0.157548,0.083333,0.071429,0.100000,tn=85 fp=13 fn=9 tp=1
overall_harmful,end_of_evidence_block,all_conditions_pooled,7,108,36,0.838776,0.500000,0.826020,0.333239,0.533333,0.400000,0.800000,tn=86 fp=12 fn=2 tp=8
overall_harmful,end_of_evidence_block,all_conditions_pooled,8,108,36,0.473469,0.500000,0.449490,0.128588,0.076923,0.062500,0.100000,tn=83 fp=15 fn=9 tp=1
overall_harmful,end_of_evidence_block,all_conditions_pooled,9,108,36,0.504082,0.500000,0.607653,0.214962,0.100000,0.100000,0.100000,tn=89 fp=9 fn=9 tp=1
overall_harmful,end_of_evidence_block,all_conditions_pooled,10,108,36,0.519388,0.500000,0.509694,0.191980,0.117647,0.142857,0.100000,tn=92 fp=6 fn=9 tp=1
overall_harmful,end_of_evidence_block,all_conditions_pooled,11,108,36,0.664286,0.500000,0.452551,0.187247,0.380952,0.363636,0.400000,tn=91 fp=7 fn=6 tp=4
overall_harmful,end_of_evidence_block,all_conditions_pooled,12,108,36,0.498980,0.500000,0.402551,0.146027,0.095238,0.090909,0.100000,tn=88 fp=10 fn=9 tp=1
overall_harmful,end_of_evidence_block,all_conditions_pooled,13,108,36,0.809184,0.500000,0.750510,0.315778,0.560000,0.466667,0.700000,tn=90 fp=8 fn=3 tp=7
overall_harmful,end_of_evidence_block,all_conditions_pooled,14,108,36,0.524490,0.500000,0.248469,0.113332,0.125000,0.166667,0.100000,tn=93 fp=5 fn=9 tp=1
overall_harmful,end_of_evidence_block,all_conditions_pooled,15,108,36,0.479592,0.500000,0.275000,0.094160,0.000000,0.000000,0.000000,tn=94 fp=4 fn=10 tp=0
overall_harmful,end_of_evidence_block,all_conditions_pooled,16,108,36,0.494898,0.500000,0.123980,0.063349,0.000000,0.000000,0.000000,tn=97 fp=1 fn=10 tp=0
overall_harmful,end_of_evidence_block,all_conditions_pooled,17,108,36,0.609184,0.500000,0.444388,0.190945,0.285714,0.272727,0.300000,tn=90 fp=8 fn=7 tp=3
overall_harmful,end_of_evidence_block,all_conditions_pooled,18,108,36,0.459184,0.500000,0.320918,0.133003,0.000000,0.000000,0.000000,tn=90 fp=8 fn=10 tp=0
overall_harmful,end_of_evidence_block,all_conditions_pooled,19,108,36,0.679592,0.500000,0.540306,0.446403,0.444444,0.500000,0.400000,tn=94 fp=4 fn=6 tp=4
overall_harmful,end_of_evidence_block,all_conditions_pooled,20,108,36,0.609184,0.500000,0.557653,0.406522,0.285714,0.272727,0.300000,tn=90 fp=8 fn=7 tp=3
overall_harmful,end_of_evidence_block,all_conditions_pooled,21,108,36,0.759184,0.500000,0.864796,0.610180,0.500000,0.428571,0.600000,tn=90 fp=8 fn=4 tp=6
overall_harmful,end_of_evidence_block,all_conditions_pooled,22,108,36,0.733673,0.500000,0.830102,0.395172,0.413793,0.315789,0.600000,tn=85 fp=13 fn=4 tp=6
overall_harmful,end_of_evidence_block,all_conditions_pooled,23,108,36,0.788776,0.500000,0.725000,0.299974,0.482759,0.368421,0.700000,tn=86 fp=12 fn=3 tp=7
overall_harmful,end_of_evidence_block,all_conditions_pooled,24,108,36,0.493878,0.500000,0.483163,0.161189,0.090909,0.083333,0.100000,tn=87 fp=11 fn=9 tp=1
overall_harmful,end_of_evidence_block,all_conditions_pooled,25,108,36,0.598980,0.500000,0.702551,0.247535,0.260870,0.230769,0.300000,tn=88 fp=10 fn=7 tp=3
overall_harmful,end_of_evidence_block,all_conditions_pooled,26,108,36,0.598980,0.500000,0.717857,0.263137,0.260870,0.230769,0.300000,tn=88 fp=10 fn=7 tp=3
overall_harmful,end_of_evidence_block,all_conditions_pooled,27,108,36,0.448980,0.500000,0.690306,0.227696,0.000000,0.000000,0.000000,tn=88 fp=10 fn=10 tp=0
overall_harmful,end_of_evidence_block,all_conditions_pooled,28,108,36,0.433673,0.500000,0.426020,0.111807,0.000000,0.000000,0.000000,tn=85 fp=13 fn=10 tp=0
overall_harmful,end_of_evidence_block,all_conditions_pooled,29,108,36,0.473469,0.500000,0.205612,0.071446,0.076923,0.062500,0.100000,tn=83 fp=15 fn=9 tp=1
overall_harmful,end_of_evidence_block,all_conditions_pooled,30,108,36,0.458163,0.500000,0.270918,0.079273,0.068966,0.052632,0.100000,tn=80 fp=18 fn=9 tp=1
overall_harmful,end_of_evidence_block,all_conditions_pooled,31,108,36,0.403061,0.500000,0.254592,0.076415,0.000000,0.000000,0.000000,tn=79 fp=19 fn=10 tp=0
overall_harmful,end_of_evidence_block,all_conditions_pooled,32,108,36,0.418367,0.500000,0.251531,0.077689,0.000000,0.000000,0.000000,tn=82 fp=16 fn=10 tp=0
overall_harmful,end_of_evidence_block,all_conditions_pooled,33,108,36,0.418367,0.500000,0.179082,0.069119,0.000000,0.000000,0.000000,tn=82 fp=16 fn=10 tp=0
overall_harmful,end_of_evidence_block,all_conditions_pooled,34,108,36,0.473469,0.500000,0.179082,0.069901,0.076923,0.062500,0.100000,tn=83 fp=15 fn=9 tp=1
overall_harmful,end_of_evidence_block,all_conditions_pooled,35,108,36,0.433673,0.500000,0.138265,0.065705,0.000000,0.000000,0.000000,tn=85 fp=13 fn=10 tp=0
within_condition,end_of_evidence_block,closed_context_false_belief_pressure,0,36,36,0.500000,0.500000,0.500000,0.138889,0.243902,0.138889,1.000000,tn=0 fp=31 fn=0 tp=5
within_condition,end_of_evidence_block,closed_context_false_belief_pressure,1,36,36,0.500000,0.500000,0.296774,0.190850,0.000000,0.000000,0.000000,tn=31 fp=0 fn=5 tp=0
within_condition,end_of_evidence_block,closed_context_false_belief_pressure,2,36,36,0.451613,0.500000,0.258065,0.128451,0.000000,0.000000,0.000000,tn=28 fp=3 fn=5 tp=0
within_condition,end_of_evidence_block,closed_context_false_belief_pressure,3,36,36,0.683871,0.500000,0.941935,0.745397,0.500000,0.666667,0.400000,tn=30 fp=1 fn=3 tp=2
within_condition,end_of_evidence_block,closed_context_false_belief_pressure,4,36,36,0.651613,0.500000,0.754839,0.542857,0.400000,0.400000,0.400000,tn=28 fp=3 fn=3 tp=2
within_condition,end_of_evidence_block,closed_context_false_belief_pressure,5,36,36,0.867742,0.500000,0.780645,0.583636,0.727273,0.666667,0.800000,tn=29 fp=2 fn=1 tp=4
within_condition,end_of_evidence_block,closed_context_false_belief_pressure,6,36,36,0.783871,0.500000,0.645161,0.607056,0.666667,0.750000,0.600000,tn=30 fp=1 fn=2 tp=3
within_condition,end_of_evidence_block,closed_context_false_belief_pressure,7,36,36,0.751613,0.500000,0.916129,0.531111,0.545455,0.500000,0.600000,tn=28 fp=3 fn=2 tp=3
within_condition,end_of_evidence_block,closed_context_false_belief_pressure,8,36,36,0.551613,0.500000,0.380645,0.227200,0.222222,0.250000,0.200000,tn=28 fp=3 fn=4 tp=1
within_condition,end_of_evidence_block,closed_context_false_belief_pressure,9,36,36,0.567742,0.500000,0.548387,0.392974,0.250000,0.333333,0.200000,tn=29 fp=2 fn=4 tp=1
within_condition,end_of_evidence_block,closed_context_false_belief_pressure,10,36,36,0.567742,0.500000,0.412903,0.271375,0.250000,0.333333,0.200000,tn=29 fp=2 fn=4 tp=1
within_condition,end_of_evidence_block,closed_context_false_belief_pressure,11,36,36,0.683871,0.500000,0.412903,0.303995,0.500000,0.666667,0.400000,tn=30 fp=1 fn=3 tp=2
within_condition,end_of_evidence_block,closed_context_false_belief_pressure,12,36,36,0.467742,0.500000,0.019355,0.087449,0.000000,0.000000,0.000000,tn=29 fp=2 fn=5 tp=0
within_condition,end_of_evidence_block,closed_context_false_belief_pressure,13,36,36,0.467742,0.500000,0.219355,0.133391,0.000000,0.000000,0.000000,tn=29 fp=2 fn=5 tp=0
within_condition,end_of_evidence_block,closed_context_false_belief_pressure,14,36,36,0.467742,0.500000,0.058065,0.090220,0.000000,0.000000,0.000000,tn=29 fp=2 fn=5 tp=0
within_condition,end_of_evidence_block,closed_context_false_belief_pressure,15,36,36,0.483871,0.500000,0.212903,0.117409,0.000000,0.000000,0.000000,tn=30 fp=1 fn=5 tp=0
within_condition,end_of_evidence_block,closed_context_false_belief_pressure,16,36,36,0.500000,0.500000,0.270968,0.139011,0.000000,0.000000,0.000000,tn=31 fp=0 fn=5 tp=0
within_condition,end_of_evidence_block,closed_context_false_belief_pressure,17,36,36,0.651613,0.500000,0.496774,0.282348,0.400000,0.400000,0.400000,tn=28 fp=3 fn=3 tp=2
within_condition,end_of_evidence_block,closed_context_false_belief_pressure,18,36,36,0.567742,0.500000,0.445161,0.275013,0.250000,0.333333,0.200000,tn=29 fp=2 fn=4 tp=1
within_condition,end_of_evidence_block,closed_context_false_belief_pressure,19,36,36,0.767742,0.500000,0.645161,0.577917,0.600000,0.600000,0.600000,tn=29 fp=2 fn=2 tp=3
within_condition,end_of_evidence_block,closed_context_false_belief_pressure,20,36,36,0.683871,0.500000,0.651613,0.578925,0.500000,0.666667,0.400000,tn=30 fp=1 fn=3 tp=2
within_condition,end_of_evidence_block,closed_context_false_belief_pressure,21,36,36,0.883871,0.500000,0.967742,0.786190,0.800000,0.800000,0.800000,tn=30 fp=1 fn=1 tp=4
within_condition,end_of_evidence_block,closed_context_false_belief_pressure,22,36,36,0.883871,0.500000,0.812903,0.675591,0.800000,0.800000,0.800000,tn=30 fp=1 fn=1 tp=4
within_condition,end_of_evidence_block,closed_context_false_belief_pressure,23,36,36,0.651613,0.500000,0.722581,0.358571,0.400000,0.400000,0.400000,tn=28 fp=3 fn=3 tp=2
within_condition,end_of_evidence_block,closed_context_false_belief_pressure,24,36,36,0.551613,0.500000,0.587097,0.301970,0.222222,0.250000,0.200000,tn=28 fp=3 fn=4 tp=1
within_condition,end_of_evidence_block,closed_context_false_belief_pressure,25,36,36,0.651613,0.500000,0.593548,0.286970,0.400000,0.400000,0.400000,tn=28 fp=3 fn=3 tp=2
within_condition,end_of_evidence_block,closed_context_false_belief_pressure,26,36,36,0.451613,0.500000,0.600000,0.287917,0.000000,0.000000,0.000000,tn=28 fp=3 fn=5 tp=0
within_condition,end_of_evidence_block,closed_context_false_belief_pressure,27,36,36,0.551613,0.500000,0.567742,0.257684,0.222222,0.250000,0.200000,tn=28 fp=3 fn=4 tp=1
within_condition,end_of_evidence_block,closed_context_false_belief_pressure,28,36,36,0.451613,0.500000,0.548387,0.236045,0.000000,0.000000,0.000000,tn=28 fp=3 fn=5 tp=0
within_condition,end_of_evidence_block,closed_context_false_belief_pressure,29,36,36,0.535484,0.500000,0.696774,0.300444,0.200000,0.200000,0.200000,tn=27 fp=4 fn=4 tp=1
within_condition,end_of_evidence_block,closed_context_false_belief_pressure,30,36,36,0.651613,0.500000,0.729032,0.359412,0.400000,0.400000,0.400000,tn=28 fp=3 fn=3 tp=2
within_condition,end_of_evidence_block,closed_context_false_belief_pressure,31,36,36,0.651613,0.500000,0.716129,0.339412,0.400000,0.400000,0.400000,tn=28 fp=3 fn=3 tp=2
within_condition,end_of_evidence_block,closed_context_false_belief_pressure,32,36,36,0.551613,0.500000,0.709677,0.332139,0.222222,0.250000,0.200000,tn=28 fp=3 fn=4 tp=1
within_condition,end_of_evidence_block,closed_context_false_belief_pressure,33,36,36,0.535484,0.500000,0.535484,0.236147,0.200000,0.200000,0.200000,tn=27 fp=4 fn=4 tp=1
within_condition,end_of_evidence_block,closed_context_false_belief_pressure,34,36,36,0.535484,0.500000,0.651613,0.256926,0.200000,0.200000,0.200000,tn=27 fp=4 fn=4 tp=1
within_condition,end_of_evidence_block,closed_context_false_belief_pressure,35,36,36,0.551613,0.500000,0.703226,0.322460,0.222222,0.250000,0.200000,tn=28 fp=3 fn=4 tp=1
cross_condition,end_of_evidence_block,closed_context_false_belief_pressure_to_evidence_false_belief_pressure,0,36,36,0.500000,0.500000,0.500000,0.055556,0.105263,0.055556,1.000000,tn=0 fp=34 fn=0 tp=2
cross_condition,end_of_evidence_block,closed_context_false_belief_pressure_to_evidence_false_belief_pressure,1,36,36,0.500000,0.500000,0.529412,0.280303,0.000000,0.000000,0.000000,tn=34 fp=0 fn=2 tp=0
cross_condition,end_of_evidence_block,closed_context_false_belief_pressure_to_evidence_false_belief_pressure,2,36,36,0.455882,0.500000,0.073529,0.045037,0.000000,0.000000,0.000000,tn=31 fp=3 fn=2 tp=0
cross_condition,end_of_evidence_block,closed_context_false_belief_pressure_to_evidence_false_belief_pressure,3,36,36,0.470588,0.500000,0.897059,0.291667,0.000000,0.000000,0.000000,tn=32 fp=2 fn=2 tp=0
cross_condition,end_of_evidence_block,closed_context_false_belief_pressure_to_evidence_false_belief_pressure,4,36,36,0.455882,0.500000,0.455882,0.128571,0.000000,0.000000,0.000000,tn=31 fp=3 fn=2 tp=0
cross_condition,end_of_evidence_block,closed_context_false_belief_pressure_to_evidence_false_belief_pressure,5,36,36,0.691176,0.500000,0.470588,0.129412,0.285714,0.200000,0.500000,tn=30 fp=4 fn=1 tp=1
cross_condition,end_of_evidence_block,closed_context_false_belief_pressure_to_evidence_false_belief_pressure,6,36,36,0.455882,0.500000,0.132353,0.047544,0.000000,0.000000,0.000000,tn=31 fp=3 fn=2 tp=0
cross_condition,end_of_evidence_block,closed_context_false_belief_pressure_to_evidence_false_belief_pressure,7,36,36,0.691176,0.500000,0.897059,0.291667,0.285714,0.200000,0.500000,tn=30 fp=4 fn=1 tp=1
cross_condition,end_of_evidence_block,closed_context_false_belief_pressure_to_evidence_false_belief_pressure,8,36,36,0.485294,0.500000,0.044118,0.043403,0.000000,0.000000,0.000000,tn=33 fp=1 fn=2 tp=0
cross_condition,end_of_evidence_block,closed_context_false_belief_pressure_to_evidence_false_belief_pressure,9,36,36,0.470588,0.500000,0.470588,0.129412,0.000000,0.000000,0.000000,tn=32 fp=2 fn=2 tp=0
cross_condition,end_of_evidence_block,closed_context_false_belief_pressure_to_evidence_false_belief_pressure,10,36,36,0.485294,0.500000,0.529412,0.280303,0.000000,0.000000,0.000000,tn=33 fp=1 fn=2 tp=0
cross_condition,end_of_evidence_block,closed_context_false_belief_pressure_to_evidence_false_belief_pressure,11,36,36,0.735294,0.500000,0.485294,0.277778,0.500000,0.500000,0.500000,tn=33 fp=1 fn=1 tp=1
cross_condition,end_of_evidence_block,closed_context_false_belief_pressure_to_evidence_false_belief_pressure,12,36,36,0.485294,0.500000,0.014706,0.042484,0.000000,0.000000,0.000000,tn=33 fp=1 fn=2 tp=0
cross_condition,end_of_evidence_block,closed_context_false_belief_pressure_to_evidence_false_belief_pressure,13,36,36,0.485294,0.500000,0.500000,0.196078,0.000000,0.000000,0.000000,tn=33 fp=1 fn=2 tp=0
cross_condition,end_of_evidence_block,closed_context_false_belief_pressure_to_evidence_false_belief_pressure,14,36,36,0.485294,0.500000,0.058824,0.043907,0.000000,0.000000,0.000000,tn=33 fp=1 fn=2 tp=0
cross_condition,end_of_evidence_block,closed_context_false_belief_pressure_to_evidence_false_belief_pressure,15,36,36,0.485294,0.500000,0.044118,0.043723,0.000000,0.000000,0.000000,tn=33 fp=1 fn=2 tp=0
cross_condition,end_of_evidence_block,closed_context_false_belief_pressure_to_evidence_false_belief_pressure,16,36,36,0.500000,0.500000,0.102941,0.046078,0.000000,0.000000,0.000000,tn=34 fp=0 fn=2 tp=0
cross_condition,end_of_evidence_block,closed_context_false_belief_pressure_to_evidence_false_belief_pressure,17,36,36,0.705882,0.500000,0.602941,0.285714,0.333333,0.250000,0.500000,tn=31 fp=3 fn=1 tp=1
cross_condition,end_of_evidence_block,closed_context_false_belief_pressure_to_evidence_false_belief_pressure,18,36,36,0.720588,0.500000,0.485294,0.277778,0.400000,0.333333,0.500000,tn=32 fp=2 fn=1 tp=1
cross_condition,end_of_evidence_block,closed_context_false_belief_pressure_to_evidence_false_belief_pressure,19,36,36,0.691176,0.500000,0.558824,0.531250,0.285714,0.200000,0.500000,tn=30 fp=4 fn=1 tp=1
cross_condition,end_of_evidence_block,closed_context_false_belief_pressure_to_evidence_false_belief_pressure,20,36,36,0.720588,0.500000,0.573529,0.532258,0.400000,0.333333,0.500000,tn=32 fp=2 fn=1 tp=1
cross_condition,end_of_evidence_block,closed_context_false_belief_pressure_to_evidence_false_belief_pressure,21,36,36,0.705882,0.500000,0.941176,0.666667,0.333333,0.250000,0.500000,tn=31 fp=3 fn=1 tp=1
cross_condition,end_of_evidence_block,closed_context_false_belief_pressure_to_evidence_false_belief_pressure,22,36,36,0.705882,0.500000,0.617647,0.535714,0.333333,0.250000,0.500000,tn=31 fp=3 fn=1 tp=1
cross_condition,end_of_evidence_block,closed_context_false_belief_pressure_to_evidence_false_belief_pressure,23,36,36,0.735294,0.500000,0.941176,0.450000,0.500000,0.500000,0.500000,tn=33 fp=1 fn=1 tp=1
cross_condition,end_of_evidence_block,closed_context_false_belief_pressure_to_evidence_false_belief_pressure,24,36,36,0.485294,0.500000,0.514706,0.196970,0.000000,0.000000,0.000000,tn=33 fp=1 fn=2 tp=0
cross_condition,end_of_evidence_block,closed_context_false_belief_pressure_to_evidence_false_belief_pressure,25,36,36,0.735294,0.500000,0.573529,0.283333,0.500000,0.500000,0.500000,tn=33 fp=1 fn=1 tp=1
cross_condition,end_of_evidence_block,closed_context_false_belief_pressure_to_evidence_false_belief_pressure,26,36,36,0.485294,0.500000,0.970588,0.583333,0.000000,0.000000,0.000000,tn=33 fp=1 fn=2 tp=0
cross_condition,end_of_evidence_block,closed_context_false_belief_pressure_to_evidence_false_belief_pressure,27,36,36,0.735294,0.500000,0.955882,0.500000,0.500000,0.500000,0.500000,tn=33 fp=1 fn=1 tp=1
cross_condition,end_of_evidence_block,closed_context_false_belief_pressure_to_evidence_false_belief_pressure,28,36,36,0.485294,0.500000,0.941176,0.416667,0.000000,0.000000,0.000000,tn=33 fp=1 fn=2 tp=0
cross_condition,end_of_evidence_block,closed_context_false_belief_pressure_to_evidence_false_belief_pressure,29,36,36,0.455882,0.500000,0.470588,0.129412,0.000000,0.000000,0.000000,tn=31 fp=3 fn=2 tp=0
cross_condition,end_of_evidence_block,closed_context_false_belief_pressure_to_evidence_false_belief_pressure,30,36,36,0.470588,0.500000,0.470588,0.129412,0.000000,0.000000,0.000000,tn=32 fp=2 fn=2 tp=0
cross_condition,end_of_evidence_block,closed_context_false_belief_pressure_to_evidence_false_belief_pressure,31,36,36,0.470588,0.500000,0.441176,0.100840,0.000000,0.000000,0.000000,tn=32 fp=2 fn=2 tp=0
cross_condition,end_of_evidence_block,closed_context_false_belief_pressure_to_evidence_false_belief_pressure,32,36,36,0.470588,0.500000,0.426471,0.091912,0.000000,0.000000,0.000000,tn=32 fp=2 fn=2 tp=0
cross_condition,end_of_evidence_block,closed_context_false_belief_pressure_to_evidence_false_belief_pressure,33,36,36,0.455882,0.500000,0.073529,0.044700,0.000000,0.000000,0.000000,tn=31 fp=3 fn=2 tp=0
cross_condition,end_of_evidence_block,closed_context_false_belief_pressure_to_evidence_false_belief_pressure,34,36,36,0.455882,0.500000,0.397059,0.084127,0.000000,0.000000,0.000000,tn=31 fp=3 fn=2 tp=0
cross_condition,end_of_evidence_block,closed_context_false_belief_pressure_to_evidence_false_belief_pressure,35,36,36,0.470588,0.500000,0.485294,0.195238,0.000000,0.000000,0.000000,tn=32 fp=2 fn=2 tp=0
cross_condition,end_of_evidence_block,closed_context_false_belief_pressure_to_evidence_emotional_pressure,0,36,36,0.500000,0.500000,0.500000,0.083333,0.153846,0.083333,1.000000,tn=0 fp=33 fn=0 tp=3
cross_condition,end_of_evidence_block,closed_context_false_belief_pressure_to_evidence_emotional_pressure,1,36,36,0.500000,0.500000,0.676768,0.310036,0.000000,0.000000,0.000000,tn=33 fp=0 fn=3 tp=0
cross_condition,end_of_evidence_block,closed_context_false_belief_pressure_to_evidence_emotional_pressure,2,36,36,0.454545,0.500000,0.414141,0.138393,0.000000,0.000000,0.000000,tn=30 fp=3 fn=3 tp=0
cross_condition,end_of_evidence_block,closed_context_false_belief_pressure_to_evidence_emotional_pressure,3,36,36,0.454545,0.500000,0.606061,0.192208,0.000000,0.000000,0.000000,tn=30 fp=3 fn=3 tp=0
cross_condition,end_of_evidence_block,closed_context_false_belief_pressure_to_evidence_emotional_pressure,4,36,36,0.424242,0.500000,0.303030,0.096392,0.000000,0.000000,0.000000,tn=28 fp=5 fn=3 tp=0
cross_condition,end_of_evidence_block,closed_context_false_belief_pressure_to_evidence_emotional_pressure,5,36,36,0.590909,0.500000,0.595960,0.171991,0.222222,0.166667,0.333333,tn=28 fp=5 fn=2 tp=1
cross_condition,end_of_evidence_block,closed_context_false_belief_pressure_to_evidence_emotional_pressure,6,36,36,0.424242,0.500000,0.080808,0.060998,0.000000,0.000000,0.000000,tn=28 fp=5 fn=3 tp=0
cross_condition,end_of_evidence_block,closed_context_false_belief_pressure_to_evidence_emotional_pressure,7,36,36,0.590909,0.500000,0.797980,0.224242,0.222222,0.166667,0.333333,tn=28 fp=5 fn=2 tp=1
cross_condition,end_of_evidence_block,closed_context_false_belief_pressure_to_evidence_emotional_pressure,8,36,36,0.424242,0.500000,0.070707,0.059722,0.000000,0.000000,0.000000,tn=28 fp=5 fn=3 tp=0
cross_condition,end_of_evidence_block,closed_context_false_belief_pressure_to_evidence_emotional_pressure,9,36,36,0.454545,0.500000,0.272727,0.085216,0.000000,0.000000,0.000000,tn=30 fp=3 fn=3 tp=0
cross_condition,end_of_evidence_block,closed_context_false_belief_pressure_to_evidence_emotional_pressure,10,36,36,0.439394,0.500000,0.353535,0.117803,0.000000,0.000000,0.000000,tn=29 fp=4 fn=3 tp=0
cross_condition,end_of_evidence_block,closed_context_false_belief_pressure_to_evidence_emotional_pressure,11,36,36,0.621212,0.500000,0.343434,0.214646,0.285714,0.250000,0.333333,tn=30 fp=3 fn=2 tp=1
cross_condition,end_of_evidence_block,closed_context_false_belief_pressure_to_evidence_emotional_pressure,12,36,36,0.454545,0.500000,0.060606,0.058880,0.000000,0.000000,0.000000,tn=30 fp=3 fn=3 tp=0
cross_condition,end_of_evidence_block,closed_context_false_belief_pressure_to_evidence_emotional_pressure,13,36,36,0.454545,0.500000,0.626263,0.246078,0.000000,0.000000,0.000000,tn=30 fp=3 fn=3 tp=0
cross_condition,end_of_evidence_block,closed_context_false_belief_pressure_to_evidence_emotional_pressure,14,36,36,0.454545,0.500000,0.323232,0.104839,0.000000,0.000000,0.000000,tn=30 fp=3 fn=3 tp=0
cross_condition,end_of_evidence_block,closed_context_false_belief_pressure_to_evidence_emotional_pressure,15,36,36,0.469697,0.500000,0.323232,0.115440,0.000000,0.000000,0.000000,tn=31 fp=2 fn=3 tp=0
cross_condition,end_of_evidence_block,closed_context_false_belief_pressure_to_evidence_emotional_pressure,16,36,36,0.484848,0.500000,0.070707,0.059674,0.000000,0.000000,0.000000,tn=32 fp=1 fn=3 tp=0
cross_condition,end_of_evidence_block,closed_context_false_belief_pressure_to_evidence_emotional_pressure,17,36,36,0.606061,0.500000,0.404040,0.219136,0.250000,0.200000,0.333333,tn=29 fp=4 fn=2 tp=1
cross_condition,end_of_evidence_block,closed_context_false_belief_pressure_to_evidence_emotional_pressure,18,36,36,0.636364,0.500000,0.353535,0.215278,0.333333,0.333333,0.333333,tn=31 fp=2 fn=2 tp=1
cross_condition,end_of_evidence_block,closed_context_false_belief_pressure_to_evidence_emotional_pressure,19,36,36,0.606061,0.500000,0.414141,0.386089,0.250000,0.200000,0.333333,tn=29 fp=4 fn=2 tp=1
cross_condition,end_of_evidence_block,closed_context_false_belief_pressure_to_evidence_emotional_pressure,20,36,36,0.636364,0.500000,0.434343,0.387572,0.333333,0.333333,0.333333,tn=31 fp=2 fn=2 tp=1
cross_condition,end_of_evidence_block,closed_context_false_belief_pressure_to_evidence_emotional_pressure,21,36,36,0.606061,0.500000,0.666667,0.460829,0.250000,0.200000,0.333333,tn=29 fp=4 fn=2 tp=1
cross_condition,end_of_evidence_block,closed_context_false_belief_pressure_to_evidence_emotional_pressure,22,36,36,0.606061,0.500000,0.434343,0.387814,0.250000,0.200000,0.333333,tn=29 fp=4 fn=2 tp=1
cross_condition,end_of_evidence_block,closed_context_false_belief_pressure_to_evidence_emotional_pressure,23,36,36,0.606061,0.500000,0.575758,0.170153,0.250000,0.200000,0.333333,tn=29 fp=4 fn=2 tp=1
cross_condition,end_of_evidence_block,closed_context_false_belief_pressure_to_evidence_emotional_pressure,24,36,36,0.439394,0.500000,0.363636,0.108081,0.000000,0.000000,0.000000,tn=29 fp=4 fn=3 tp=0
cross_condition,end_of_evidence_block,closed_context_false_belief_pressure_to_evidence_emotional_pressure,25,36,36,0.606061,0.500000,0.383838,0.119958,0.250000,0.200000,0.333333,tn=29 fp=4 fn=2 tp=1
cross_condition,end_of_evidence_block,closed_context_false_belief_pressure_to_evidence_emotional_pressure,26,36,36,0.454545,0.500000,0.595960,0.222222,0.000000,0.000000,0.000000,tn=30 fp=3 fn=3 tp=0
cross_condition,end_of_evidence_block,closed_context_false_belief_pressure_to_evidence_emotional_pressure,27,36,36,0.621212,0.500000,0.595960,0.222222,0.285714,0.250000,0.333333,tn=30 fp=3 fn=2 tp=1
cross_condition,end_of_evidence_block,closed_context_false_belief_pressure_to_evidence_emotional_pressure,28,36,36,0.454545,0.500000,0.585859,0.205556,0.000000,0.000000,0.000000,tn=30 fp=3 fn=3 tp=0
cross_condition,end_of_evidence_block,closed_context_false_belief_pressure_to_evidence_emotional_pressure,29,36,36,0.424242,0.500000,0.282828,0.089646,0.000000,0.000000,0.000000,tn=28 fp=5 fn=3 tp=0
cross_condition,end_of_evidence_block,closed_context_false_belief_pressure_to_evidence_emotional_pressure,30,36,36,0.424242,0.500000,0.282828,0.089646,0.000000,0.000000,0.000000,tn=28 fp=5 fn=3 tp=0
cross_condition,end_of_evidence_block,closed_context_false_belief_pressure_to_evidence_emotional_pressure,31,36,36,0.424242,0.500000,0.252525,0.080719,0.000000,0.000000,0.000000,tn=28 fp=5 fn=3 tp=0
cross_condition,end_of_evidence_block,closed_context_false_belief_pressure_to_evidence_emotional_pressure,32,36,36,0.439394,0.500000,0.242424,0.077689,0.000000,0.000000,0.000000,tn=29 fp=4 fn=3 tp=0
cross_condition,end_of_evidence_block,closed_context_false_belief_pressure_to_evidence_emotional_pressure,33,36,36,0.424242,0.500000,0.020202,0.057242,0.000000,0.000000,0.000000,tn=28 fp=5 fn=3 tp=0
cross_condition,end_of_evidence_block,closed_context_false_belief_pressure_to_evidence_emotional_pressure,34,36,36,0.424242,0.500000,0.232323,0.077128,0.000000,0.000000,0.000000,tn=28 fp=5 fn=3 tp=0
cross_condition,end_of_evidence_block,closed_context_false_belief_pressure_to_evidence_emotional_pressure,35,36,36,0.439394,0.500000,0.313131,0.114846,0.000000,0.000000,0.000000,tn=29 fp=4 fn=3 tp=0
overall_harmful,end_of_question_block,all_conditions_pooled,0,108,36,0.539796,0.500000,0.108163,0.100654,0.153846,0.333333,0.100000,tn=96 fp=2 fn=9 tp=1
overall_harmful,end_of_question_block,all_conditions_pooled,1,108,36,0.834694,0.500000,0.970918,0.648889,0.700000,0.700000,0.700000,tn=95 fp=3 fn=3 tp=7
overall_harmful,end_of_question_block,all_conditions_pooled,2,108,36,0.643878,0.500000,0.651531,0.223801,0.320000,0.266667,0.400000,tn=87 fp=11 fn=6 tp=4
overall_harmful,end_of_question_block,all_conditions_pooled,3,108,36,0.848980,0.500000,0.795408,0.455309,0.571429,0.444444,0.800000,tn=88 fp=10 fn=2 tp=8
overall_harmful,end_of_question_block,all_conditions_pooled,4,108,36,0.848980,0.500000,0.778061,0.405312,0.571429,0.444444,0.800000,tn=88 fp=10 fn=2 tp=8
overall_harmful,end_of_question_block,all_conditions_pooled,5,108,36,0.659184,0.500000,0.418878,0.164793,0.363636,0.333333,0.400000,tn=90 fp=8 fn=6 tp=4
overall_harmful,end_of_question_block,all_conditions_pooled,6,108,36,0.619388,0.500000,0.748469,0.349685,0.315789,0.333333,0.300000,tn=92 fp=6 fn=7 tp=3
overall_harmful,end_of_question_block,all_conditions_pooled,7,108,36,0.509184,0.500000,0.367857,0.117725,0.105263,0.111111,0.100000,tn=90 fp=8 fn=9 tp=1
overall_harmful,end_of_question_block,all_conditions_pooled,8,108,36,0.778571,0.500000,0.663776,0.260478,0.451613,0.333333,0.700000,tn=84 fp=14 fn=3 tp=7
overall_harmful,end_of_question_block,all_conditions_pooled,9,108,36,0.609184,0.500000,0.718878,0.253590,0.285714,0.272727,0.300000,tn=90 fp=8 fn=7 tp=3
overall_harmful,end_of_question_block,all_conditions_pooled,10,108,36,0.509184,0.500000,0.745408,0.302054,0.105263,0.111111,0.100000,tn=90 fp=8 fn=9 tp=1
overall_harmful,end_of_question_block,all_conditions_pooled,11,108,36,0.533673,0.500000,0.279082,0.089058,0.160000,0.133333,0.200000,tn=85 fp=13 fn=8 tp=2
overall_harmful,end_of_question_block,all_conditions_pooled,12,108,36,0.509184,0.500000,0.495408,0.174070,0.105263,0.111111,0.100000,tn=90 fp=8 fn=9 tp=1
overall_harmful,end_of_question_block,all_conditions_pooled,13,108,36,0.469388,0.500000,0.231122,0.085178,0.000000,0.000000,0.000000,tn=92 fp=6 fn=10 tp=0
overall_harmful,end_of_question_block,all_conditions_pooled,14,108,36,0.484694,0.500000,0.121939,0.065857,0.000000,0.000000,0.000000,tn=95 fp=3 fn=10 tp=0
overall_harmful,end_of_question_block,all_conditions_pooled,15,108,36,0.479592,0.500000,0.082143,0.060917,0.000000,0.000000,0.000000,tn=94 fp=4 fn=10 tp=0
overall_harmful,end_of_question_block,all_conditions_pooled,16,108,36,0.504082,0.500000,0.743367,0.279481,0.100000,0.100000,0.100000,tn=89 fp=9 fn=9 tp=1
overall_harmful,end_of_question_block,all_conditions_pooled,17,108,36,0.843878,0.500000,0.818878,0.740190,0.551724,0.421053,0.800000,tn=87 fp=11 fn=2 tp=8
overall_harmful,end_of_question_block,all_conditions_pooled,18,108,36,0.898980,0.500000,0.895408,0.772697,0.620690,0.473684,0.900000,tn=88 fp=10 fn=1 tp=9
overall_harmful,end_of_question_block,all_conditions_pooled,19,108,36,0.964286,0.500000,0.968878,0.618791,0.740741,0.588235,1.000000,tn=91 fp=7 fn=0 tp=10
overall_harmful,end_of_question_block,all_conditions_pooled,20,108,36,0.579592,0.500000,0.392347,0.153821,0.250000,0.333333,0.200000,tn=94 fp=4 fn=8 tp=2
overall_harmful,end_of_question_block,all_conditions_pooled,21,108,36,0.539796,0.500000,0.150510,0.092249,0.153846,0.333333,0.100000,tn=96 fp=2 fn=9 tp=1
overall_harmful,end_of_question_block,all_conditions_pooled,22,108,36,0.833673,0.500000,0.937245,0.671970,0.516129,0.380952,0.800000,tn=85 fp=13 fn=2 tp=8
overall_harmful,end_of_question_block,all_conditions_pooled,23,108,36,0.728571,0.500000,0.798469,0.290219,0.400000,0.300000,0.600000,tn=84 fp=14 fn=4 tp=6
overall_harmful,end_of_question_block,all_conditions_pooled,24,108,36,0.848980,0.500000,0.903571,0.372423,0.571429,0.444444,0.800000,tn=88 fp=10 fn=2 tp=8
overall_harmful,end_of_question_block,all_conditions_pooled,25,108,36,0.533673,0.500000,0.796429,0.289933,0.160000,0.133333,0.200000,tn=85 fp=13 fn=8 tp=2
overall_harmful,end_of_question_block,all_conditions_pooled,26,108,36,0.833673,0.500000,0.806633,0.307069,0.516129,0.380952,0.800000,tn=85 fp=13 fn=2 tp=8
overall_harmful,end_of_question_block,all_conditions_pooled,27,108,36,0.668367,0.500000,0.796429,0.278693,0.322581,0.238095,0.500000,tn=82 fp=16 fn=5 tp=5
overall_harmful,end_of_question_block,all_conditions_pooled,28,108,36,0.823469,0.500000,0.718878,0.255943,0.484848,0.347826,0.800000,tn=83 fp=15 fn=2 tp=8
overall_harmful,end_of_question_block,all_conditions_pooled,29,108,36,0.673469,0.500000,0.726020,0.273901,0.333333,0.250000,0.500000,tn=83 fp=15 fn=5 tp=5
overall_harmful,end_of_question_block,all_conditions_pooled,30,108,36,0.838776,0.500000,0.738265,0.288895,0.533333,0.400000,0.800000,tn=86 fp=12 fn=2 tp=8
overall_harmful,end_of_question_block,all_conditions_pooled,31,108,36,0.688776,0.500000,0.719898,0.257130,0.370370,0.294118,0.500000,tn=86 fp=12 fn=5 tp=5
overall_harmful,end_of_question_block,all_conditions_pooled,32,108,36,0.688776,0.500000,0.733163,0.289722,0.370370,0.294118,0.500000,tn=86 fp=12 fn=5 tp=5
overall_harmful,end_of_question_block,all_conditions_pooled,33,108,36,0.848980,0.500000,0.817857,0.330357,0.571429,0.444444,0.800000,tn=88 fp=10 fn=2 tp=8
overall_harmful,end_of_question_block,all_conditions_pooled,34,108,36,0.843878,0.500000,0.808673,0.306408,0.551724,0.421053,0.800000,tn=87 fp=11 fn=2 tp=8
overall_harmful,end_of_question_block,all_conditions_pooled,35,108,36,0.573469,0.500000,0.788265,0.280676,0.214286,0.166667,0.300000,tn=83 fp=15 fn=7 tp=3
within_condition,end_of_question_block,closed_context_false_belief_pressure,0,36,36,0.600000,0.500000,0.200000,0.311111,0.333333,1.000000,0.200000,tn=31 fp=0 fn=4 tp=1
within_condition,end_of_question_block,closed_context_false_belief_pressure,1,36,36,0.800000,0.500000,0.993548,0.966667,0.750000,1.000000,0.600000,tn=31 fp=0 fn=2 tp=3
within_condition,end_of_question_block,closed_context_false_belief_pressure,2,36,36,0.451613,0.500000,0.348387,0.174949,0.000000,0.000000,0.000000,tn=28 fp=3 fn=5 tp=0
within_condition,end_of_question_block,closed_context_false_belief_pressure,3,36,36,0.751613,0.500000,0.651613,0.607889,0.545455,0.500000,0.600000,tn=28 fp=3 fn=2 tp=3
within_condition,end_of_question_block,closed_context_false_belief_pressure,4,36,36,0.667742,0.500000,0.619355,0.574378,0.444444,0.500000,0.400000,tn=29 fp=2 fn=3 tp=2
within_condition,end_of_question_block,closed_context_false_belief_pressure,5,36,36,0.667742,0.500000,0.425806,0.272814,0.444444,0.500000,0.400000,tn=29 fp=2 fn=3 tp=2
within_condition,end_of_question_block,closed_context_false_belief_pressure,6,36,36,0.483871,0.500000,0.232258,0.134897,0.000000,0.000000,0.000000,tn=30 fp=1 fn=5 tp=0
within_condition,end_of_question_block,closed_context_false_belief_pressure,7,36,36,0.451613,0.500000,0.051613,0.089615,0.000000,0.000000,0.000000,tn=28 fp=3 fn=5 tp=0
within_condition,end_of_question_block,closed_context_false_belief_pressure,8,36,36,0.667742,0.500000,0.425806,0.240170,0.444444,0.500000,0.400000,tn=29 fp=2 fn=3 tp=2
within_condition,end_of_question_block,closed_context_false_belief_pressure,9,36,36,0.451613,0.500000,0.251613,0.136454,0.000000,0.000000,0.000000,tn=28 fp=3 fn=5 tp=0
within_condition,end_of_question_block,closed_context_false_belief_pressure,10,36,36,0.483871,0.500000,0.554839,0.271861,0.000000,0.000000,0.000000,tn=30 fp=1 fn=5 tp=0
within_condition,end_of_question_block,closed_context_false_belief_pressure,11,36,36,0.451613,0.500000,0.400000,0.189593,0.000000,0.000000,0.000000,tn=28 fp=3 fn=5 tp=0
within_condition,end_of_question_block,closed_context_false_belief_pressure,12,36,36,0.651613,0.500000,0.587097,0.433571,0.400000,0.400000,0.400000,tn=28 fp=3 fn=3 tp=2
within_condition,end_of_question_block,closed_context_false_belief_pressure,13,36,36,0.467742,0.500000,0.387097,0.236156,0.000000,0.000000,0.000000,tn=29 fp=2 fn=5 tp=0
within_condition,end_of_question_block,closed_context_false_belief_pressure,14,36,36,0.483871,0.500000,0.406452,0.251325,0.000000,0.000000,0.000000,tn=30 fp=1 fn=5 tp=0
within_condition,end_of_question_block,closed_context_false_belief_pressure,15,36,36,0.483871,0.500000,0.090323,0.092401,0.000000,0.000000,0.000000,tn=30 fp=1 fn=5 tp=0
within_condition,end_of_question_block,closed_context_false_belief_pressure,16,36,36,0.483871,0.500000,0.290323,0.156880,0.000000,0.000000,0.000000,tn=30 fp=1 fn=5 tp=0
within_condition,end_of_question_block,closed_context_false_belief_pressure,17,36,36,0.667742,0.500000,0.619355,0.344583,0.444444,0.500000,0.400000,tn=29 fp=2 fn=3 tp=2
within_condition,end_of_question_block,closed_context_false_belief_pressure,18,36,36,0.867742,0.500000,0.774194,0.483636,0.727273,0.666667,0.800000,tn=29 fp=2 fn=1 tp=4
within_condition,end_of_question_block,closed_context_false_belief_pressure,19,36,36,0.851613,0.500000,0.961290,0.821111,0.666667,0.571429,0.800000,tn=28 fp=3 fn=1 tp=4
within_condition,end_of_question_block,closed_context_false_belief_pressure,20,36,36,0.667742,0.500000,0.638710,0.492170,0.444444,0.500000,0.400000,tn=29 fp=2 fn=3 tp=2
within_condition,end_of_question_block,closed_context_false_belief_pressure,21,36,36,0.483871,0.500000,0.245161,0.152133,0.000000,0.000000,0.000000,tn=30 fp=1 fn=5 tp=0
within_condition,end_of_question_block,closed_context_false_belief_pressure,22,36,36,0.535484,0.500000,0.870968,0.521465,0.200000,0.200000,0.200000,tn=27 fp=4 fn=4 tp=1
within_condition,end_of_question_block,closed_context_false_belief_pressure,23,36,36,0.619355,0.500000,0.735484,0.583571,0.333333,0.285714,0.400000,tn=26 fp=5 fn=3 tp=2
within_condition,end_of_question_block,closed_context_false_belief_pressure,24,36,36,0.735484,0.500000,0.587097,0.537815,0.500000,0.428571,0.600000,tn=27 fp=4 fn=2 tp=3
within_condition,end_of_question_block,closed_context_false_belief_pressure,25,36,36,0.635484,0.500000,0.600000,0.412056,0.363636,0.333333,0.400000,tn=27 fp=4 fn=3 tp=2
within_condition,end_of_question_block,closed_context_false_belief_pressure,26,36,36,0.619355,0.500000,0.716129,0.324192,0.333333,0.285714,0.400000,tn=26 fp=5 fn=3 tp=2
within_condition,end_of_question_block,closed_context_false_belief_pressure,27,36,36,0.635484,0.500000,0.535484,0.236111,0.363636,0.333333,0.400000,tn=27 fp=4 fn=3 tp=2
within_condition,end_of_question_block,closed_context_false_belief_pressure,28,36,36,0.635484,0.500000,0.393548,0.201456,0.363636,0.333333,0.400000,tn=27 fp=4 fn=3 tp=2
within_condition,end_of_question_block,closed_context_false_belief_pressure,29,36,36,0.635484,0.500000,0.393548,0.201564,0.363636,0.333333,0.400000,tn=27 fp=4 fn=3 tp=2
within_condition,end_of_question_block,closed_context_false_belief_pressure,30,36,36,0.635484,0.500000,0.419355,0.204658,0.363636,0.333333,0.400000,tn=27 fp=4 fn=3 tp=2
within_condition,end_of_question_block,closed_context_false_belief_pressure,31,36,36,0.635484,0.500000,0.400000,0.218231,0.363636,0.333333,0.400000,tn=27 fp=4 fn=3 tp=2
within_condition,end_of_question_block,closed_context_false_belief_pressure,32,36,36,0.635484,0.500000,0.393548,0.201564,0.363636,0.333333,0.400000,tn=27 fp=4 fn=3 tp=2
within_condition,end_of_question_block,closed_context_false_belief_pressure,33,36,36,0.635484,0.500000,0.574194,0.286793,0.363636,0.333333,0.400000,tn=27 fp=4 fn=3 tp=2
within_condition,end_of_question_block,closed_context_false_belief_pressure,34,36,36,0.635484,0.500000,0.567742,0.305952,0.363636,0.333333,0.400000,tn=27 fp=4 fn=3 tp=2
within_condition,end_of_question_block,closed_context_false_belief_pressure,35,36,36,0.651613,0.500000,0.612903,0.488636,0.400000,0.400000,0.400000,tn=28 fp=3 fn=3 tp=2
cross_condition,end_of_question_block,closed_context_false_belief_pressure_to_evidence_false_belief_pressure,0,36,36,0.485294,0.500000,0.029412,0.055556,0.000000,0.000000,0.000000,tn=33 fp=1 fn=2 tp=0
cross_condition,end_of_question_block,closed_context_false_belief_pressure_to_evidence_false_belief_pressure,1,36,36,0.985294,0.500000,0.970588,0.583333,0.800000,0.666667,1.000000,tn=33 fp=1 fn=0 tp=2
cross_condition,end_of_question_block,closed_context_false_belief_pressure_to_evidence_false_belief_pressure,2,36,36,0.455882,0.500000,0.911765,0.325000,0.000000,0.000000,0.000000,tn=31 fp=3 fn=2 tp=0
cross_condition,end_of_question_block,closed_context_false_belief_pressure_to_evidence_false_belief_pressure,3,36,36,0.941176,0.500000,0.955882,0.500000,0.500000,0.333333,1.000000,tn=30 fp=4 fn=0 tp=2
cross_condition,end_of_question_block,closed_context_false_belief_pressure_to_evidence_false_belief_pressure,4,36,36,0.705882,0.500000,0.941176,0.450000,0.333333,0.250000,0.500000,tn=31 fp=3 fn=1 tp=1
cross_condition,end_of_question_block,closed_context_false_belief_pressure_to_evidence_false_belief_pressure,5,36,36,0.705882,0.500000,0.500000,0.278571,0.333333,0.250000,0.500000,tn=31 fp=3 fn=1 tp=1
cross_condition,end_of_question_block,closed_context_false_belief_pressure_to_evidence_false_belief_pressure,6,36,36,0.500000,0.500000,0.514706,0.196970,0.000000,0.000000,0.000000,tn=34 fp=0 fn=2 tp=0
cross_condition,end_of_question_block,closed_context_false_belief_pressure_to_evidence_false_belief_pressure,7,36,36,0.470588,0.500000,0.073529,0.045037,0.000000,0.000000,0.000000,tn=32 fp=2 fn=2 tp=0
cross_condition,end_of_question_block,closed_context_false_belief_pressure_to_evidence_false_belief_pressure,8,36,36,0.705882,0.500000,0.544118,0.198925,0.333333,0.250000,0.500000,tn=31 fp=3 fn=1 tp=1
cross_condition,end_of_question_block,closed_context_false_belief_pressure_to_evidence_false_belief_pressure,9,36,36,0.470588,0.500000,0.500000,0.196078,0.000000,0.000000,0.000000,tn=32 fp=2 fn=2 tp=0
cross_condition,end_of_question_block,closed_context_false_belief_pressure_to_evidence_false_belief_pressure,10,36,36,0.485294,0.500000,0.455882,0.128571,0.000000,0.000000,0.000000,tn=33 fp=1 fn=2 tp=0
cross_condition,end_of_question_block,closed_context_false_belief_pressure_to_evidence_false_belief_pressure,11,36,36,0.455882,0.500000,0.426471,0.111111,0.000000,0.000000,0.000000,tn=31 fp=3 fn=2 tp=0
cross_condition,end_of_question_block,closed_context_false_belief_pressure_to_evidence_false_belief_pressure,12,36,36,0.691176,0.500000,0.441176,0.127778,0.285714,0.200000,0.500000,tn=30 fp=4 fn=1 tp=1
cross_condition,end_of_question_block,closed_context_false_belief_pressure_to_evidence_false_belief_pressure,13,36,36,0.485294,0.500000,0.014706,0.042484,0.000000,0.000000,0.000000,tn=33 fp=1 fn=2 tp=0
cross_condition,end_of_question_block,closed_context_false_belief_pressure_to_evidence_false_belief_pressure,14,36,36,0.485294,0.500000,0.000000,0.042063,0.000000,0.000000,0.000000,tn=33 fp=1 fn=2 tp=0
cross_condition,end_of_question_block,closed_context_false_belief_pressure_to_evidence_false_belief_pressure,15,36,36,0.485294,0.500000,0.029412,0.042929,0.000000,0.000000,0.000000,tn=33 fp=1 fn=2 tp=0
cross_condition,end_of_question_block,closed_context_false_belief_pressure_to_evidence_false_belief_pressure,16,36,36,0.485294,0.500000,0.176471,0.050575,0.000000,0.000000,0.000000,tn=33 fp=1 fn=2 tp=0
cross_condition,end_of_question_block,closed_context_false_belief_pressure_to_evidence_false_belief_pressure,17,36,36,0.970588,0.500000,0.941176,0.416667,0.666667,0.500000,1.000000,tn=32 fp=2 fn=0 tp=2
cross_condition,end_of_question_block,closed_context_false_belief_pressure_to_evidence_false_belief_pressure,18,36,36,0.955882,0.500000,0.941176,0.416667,0.571429,0.400000,1.000000,tn=31 fp=3 fn=0 tp=2
cross_condition,end_of_question_block,closed_context_false_belief_pressure_to_evidence_false_belief_pressure,19,36,36,0.676471,0.500000,0.882353,0.291667,0.250000,0.166667,0.500000,tn=29 fp=5 fn=1 tp=1
cross_condition,end_of_question_block,closed_context_false_belief_pressure_to_evidence_false_belief_pressure,20,36,36,0.455882,0.500000,0.117647,0.046653,0.000000,0.000000,0.000000,tn=31 fp=3 fn=2 tp=0
cross_condition,end_of_question_block,closed_context_false_belief_pressure_to_evidence_false_belief_pressure,21,36,36,0.485294,0.500000,0.029412,0.042929,0.000000,0.000000,0.000000,tn=33 fp=1 fn=2 tp=0
cross_condition,end_of_question_block,closed_context_false_belief_pressure_to_evidence_false_belief_pressure,22,36,36,0.691176,0.500000,0.926471,0.642857,0.285714,0.200000,0.500000,tn=30 fp=4 fn=1 tp=1
cross_condition,end_of_question_block,closed_context_false_belief_pressure_to_evidence_false_belief_pressure,23,36,36,0.676471,0.500000,0.911765,0.392857,0.250000,0.166667,0.500000,tn=29 fp=5 fn=1 tp=1
cross_condition,end_of_question_block,closed_context_false_belief_pressure_to_evidence_false_belief_pressure,24,36,36,0.941176,0.500000,0.941176,0.666667,0.500000,0.333333,1.000000,tn=30 fp=4 fn=0 tp=2
cross_condition,end_of_question_block,closed_context_false_belief_pressure_to_evidence_false_belief_pressure,25,36,36,0.691176,0.500000,0.882353,0.267857,0.285714,0.200000,0.500000,tn=30 fp=4 fn=1 tp=1
cross_condition,end_of_question_block,closed_context_false_belief_pressure_to_evidence_false_belief_pressure,26,36,36,0.676471,0.500000,0.867647,0.242857,0.250000,0.166667,0.500000,tn=29 fp=5 fn=1 tp=1
cross_condition,end_of_question_block,closed_context_false_belief_pressure_to_evidence_false_belief_pressure,27,36,36,0.676471,0.500000,0.838235,0.208333,0.250000,0.166667,0.500000,tn=29 fp=5 fn=1 tp=1
cross_condition,end_of_question_block,closed_context_false_belief_pressure_to_evidence_false_belief_pressure,28,36,36,0.676471,0.500000,0.500000,0.131250,0.250000,0.166667,0.500000,tn=29 fp=5 fn=1 tp=1
cross_condition,end_of_question_block,closed_context_false_belief_pressure_to_evidence_false_belief_pressure,29,36,36,0.691176,0.500000,0.470588,0.153571,0.285714,0.200000,0.500000,tn=30 fp=4 fn=1 tp=1
cross_condition,end_of_question_block,closed_context_false_belief_pressure_to_evidence_false_belief_pressure,30,36,36,0.676471,0.500000,0.470588,0.129412,0.250000,0.166667,0.500000,tn=29 fp=5 fn=1 tp=1
cross_condition,end_of_question_block,closed_context_false_belief_pressure_to_evidence_false_belief_pressure,31,36,36,0.676471,0.500000,0.455882,0.128571,0.250000,0.166667,0.500000,tn=29 fp=5 fn=1 tp=1
cross_condition,end_of_question_block,closed_context_false_belief_pressure_to_evidence_false_belief_pressure,32,36,36,0.676471,0.500000,0.470588,0.153571,0.250000,0.166667,0.500000,tn=29 fp=5 fn=1 tp=1
cross_condition,end_of_question_block,closed_context_false_belief_pressure_to_evidence_false_belief_pressure,33,36,36,0.676471,0.500000,0.485294,0.130303,0.250000,0.166667,0.500000,tn=29 fp=5 fn=1 tp=1
cross_condition,end_of_question_block,closed_context_false_belief_pressure_to_evidence_false_belief_pressure,34,36,36,0.676471,0.500000,0.455882,0.112745,0.250000,0.166667,0.500000,tn=29 fp=5 fn=1 tp=1
cross_condition,end_of_question_block,closed_context_false_belief_pressure_to_evidence_false_belief_pressure,35,36,36,0.441176,0.500000,0.485294,0.130303,0.000000,0.000000,0.000000,tn=30 fp=4 fn=2 tp=0
cross_condition,end_of_question_block,closed_context_false_belief_pressure_to_evidence_emotional_pressure,0,36,36,0.484848,0.500000,0.191919,0.065972,0.000000,0.000000,0.000000,tn=32 fp=1 fn=3 tp=0
cross_condition,end_of_question_block,closed_context_false_belief_pressure_to_evidence_emotional_pressure,1,36,36,0.803030,0.500000,0.949495,0.555556,0.571429,0.500000,0.666667,tn=31 fp=2 fn=1 tp=2
cross_condition,end_of_question_block,closed_context_false_belief_pressure_to_evidence_emotional_pressure,2,36,36,0.621212,0.500000,0.888889,0.337302,0.285714,0.250000,0.333333,tn=30 fp=3 fn=2 tp=1
cross_condition,end_of_question_block,closed_context_false_belief_pressure_to_evidence_emotional_pressure,3,36,36,0.954545,0.500000,0.949495,0.533333,0.666667,0.500000,1.000000,tn=30 fp=3 fn=0 tp=3
cross_condition,end_of_question_block,closed_context_false_belief_pressure_to_evidence_emotional_pressure,4,36,36,0.621212,0.500000,0.929293,0.466667,0.285714,0.250000,0.333333,tn=30 fp=3 fn=2 tp=1
cross_condition,end_of_question_block,closed_context_false_belief_pressure_to_evidence_emotional_pressure,5,36,36,0.621212,0.500000,0.373737,0.216743,0.285714,0.250000,0.333333,tn=30 fp=3 fn=2 tp=1
cross_condition,end_of_question_block,closed_context_false_belief_pressure_to_evidence_emotional_pressure,6,36,36,0.484848,0.500000,0.656566,0.248925,0.000000,0.000000,0.000000,tn=32 fp=1 fn=3 tp=0
cross_condition,end_of_question_block,closed_context_false_belief_pressure_to_evidence_emotional_pressure,7,36,36,0.454545,0.500000,0.131313,0.064250,0.000000,0.000000,0.000000,tn=30 fp=3 fn=3 tp=0
cross_condition,end_of_question_block,closed_context_false_belief_pressure_to_evidence_emotional_pressure,8,36,36,0.621212,0.500000,0.434343,0.167179,0.285714,0.250000,0.333333,tn=30 fp=3 fn=2 tp=1
cross_condition,end_of_question_block,closed_context_false_belief_pressure_to_evidence_emotional_pressure,9,36,36,0.454545,0.500000,0.646465,0.247917,0.000000,0.000000,0.000000,tn=30 fp=3 fn=3 tp=0
cross_condition,end_of_question_block,closed_context_false_belief_pressure_to_evidence_emotional_pressure,10,36,36,0.484848,0.500000,0.606061,0.207983,0.000000,0.000000,0.000000,tn=32 fp=1 fn=3 tp=0
cross_condition,end_of_question_block,closed_context_false_belief_pressure_to_evidence_emotional_pressure,11,36,36,0.454545,0.500000,0.595960,0.206349,0.000000,0.000000,0.000000,tn=30 fp=3 fn=3 tp=0
cross_condition,end_of_question_block,closed_context_false_belief_pressure_to_evidence_emotional_pressure,12,36,36,0.606061,0.500000,0.333333,0.116071,0.250000,0.200000,0.333333,tn=29 fp=4 fn=2 tp=1
cross_condition,end_of_question_block,closed_context_false_belief_pressure_to_evidence_emotional_pressure,13,36,36,0.454545,0.500000,0.292929,0.095599,0.000000,0.000000,0.000000,tn=30 fp=3 fn=3 tp=0
cross_condition,end_of_question_block,closed_context_false_belief_pressure_to_evidence_emotional_pressure,14,36,36,0.484848,0.500000,0.010101,0.056926,0.000000,0.000000,0.000000,tn=32 fp=1 fn=3 tp=0
cross_condition,end_of_question_block,closed_context_false_belief_pressure_to_evidence_emotional_pressure,15,36,36,0.469697,0.500000,0.090909,0.060325,0.000000,0.000000,0.000000,tn=31 fp=2 fn=3 tp=0
cross_condition,end_of_question_block,closed_context_false_belief_pressure_to_evidence_emotional_pressure,16,36,36,0.484848,0.500000,0.464646,0.224959,0.000000,0.000000,0.000000,tn=32 fp=1 fn=3 tp=0
cross_condition,end_of_question_block,closed_context_false_belief_pressure_to_evidence_emotional_pressure,17,36,36,0.984848,0.500000,0.969697,0.638889,0.857143,0.750000,1.000000,tn=32 fp=1 fn=0 tp=3
cross_condition,end_of_question_block,closed_context_false_belief_pressure_to_evidence_emotional_pressure,18,36,36,0.954545,0.500000,0.939394,0.477778,0.666667,0.500000,1.000000,tn=30 fp=3 fn=0 tp=3
cross_condition,end_of_question_block,closed_context_false_belief_pressure_to_evidence_emotional_pressure,19,36,36,0.757576,0.500000,0.898990,0.388889,0.400000,0.285714,0.666667,tn=28 fp=5 fn=1 tp=2
cross_condition,end_of_question_block,closed_context_false_belief_pressure_to_evidence_emotional_pressure,20,36,36,0.621212,0.500000,0.424242,0.220905,0.285714,0.250000,0.333333,tn=30 fp=3 fn=2 tp=1
cross_condition,end_of_question_block,closed_context_false_belief_pressure_to_evidence_emotional_pressure,21,36,36,0.484848,0.500000,0.353535,0.133333,0.000000,0.000000,0.000000,tn=32 fp=1 fn=3 tp=0
cross_condition,end_of_question_block,closed_context_false_belief_pressure_to_evidence_emotional_pressure,22,36,36,0.787879,0.500000,0.939394,0.680556,0.500000,0.400000,0.666667,tn=30 fp=3 fn=1 tp=2
cross_condition,end_of_question_block,closed_context_false_belief_pressure_to_evidence_emotional_pressure,23,36,36,0.757576,0.500000,0.909091,0.425000,0.400000,0.285714,0.666667,tn=28 fp=5 fn=1 tp=2
cross_condition,end_of_question_block,closed_context_false_belief_pressure_to_evidence_emotional_pressure,24,36,36,0.939394,0.500000,0.939394,0.642857,0.600000,0.428571,1.000000,tn=29 fp=4 fn=0 tp=3
cross_condition,end_of_question_block,closed_context_false_belief_pressure_to_evidence_emotional_pressure,25,36,36,0.772727,0.500000,0.898990,0.411111,0.444444,0.333333,0.666667,tn=29 fp=4 fn=1 tp=2
cross_condition,end_of_question_block,closed_context_false_belief_pressure_to_evidence_emotional_pressure,26,36,36,0.742424,0.500000,0.898990,0.411111,0.363636,0.250000,0.666667,tn=27 fp=6 fn=1 tp=2
cross_condition,end_of_question_block,closed_context_false_belief_pressure_to_evidence_emotional_pressure,27,36,36,0.772727,0.500000,0.878788,0.377778,0.444444,0.333333,0.666667,tn=29 fp=4 fn=1 tp=2
cross_condition,end_of_question_block,closed_context_false_belief_pressure_to_evidence_emotional_pressure,28,36,36,0.772727,0.500000,0.676768,0.332258,0.444444,0.333333,0.666667,tn=29 fp=4 fn=1 tp=2
cross_condition,end_of_question_block,closed_context_false_belief_pressure_to_evidence_emotional_pressure,29,36,36,0.772727,0.500000,0.646465,0.361905,0.444444,0.333333,0.666667,tn=29 fp=4 fn=1 tp=2
cross_condition,end_of_question_block,closed_context_false_belief_pressure_to_evidence_emotional_pressure,30,36,36,0.772727,0.500000,0.646465,0.274747,0.444444,0.333333,0.666667,tn=29 fp=4 fn=1 tp=2
cross_condition,end_of_question_block,closed_context_false_belief_pressure_to_evidence_emotional_pressure,31,36,36,0.772727,0.500000,0.616162,0.245238,0.444444,0.333333,0.666667,tn=29 fp=4 fn=1 tp=2
cross_condition,end_of_question_block,closed_context_false_belief_pressure_to_evidence_emotional_pressure,32,36,36,0.772727,0.500000,0.636364,0.306349,0.444444,0.333333,0.666667,tn=29 fp=4 fn=1 tp=2
cross_condition,end_of_question_block,closed_context_false_belief_pressure_to_evidence_emotional_pressure,33,36,36,0.772727,0.500000,0.646465,0.247917,0.444444,0.333333,0.666667,tn=29 fp=4 fn=1 tp=2
cross_condition,end_of_question_block,closed_context_false_belief_pressure_to_evidence_emotional_pressure,34,36,36,0.757576,0.500000,0.636364,0.225694,0.400000,0.285714,0.666667,tn=28 fp=5 fn=1 tp=2
cross_condition,end_of_question_block,closed_context_false_belief_pressure_to_evidence_emotional_pressure,35,36,36,0.409091,0.500000,0.585859,0.162202,0.000000,0.000000,0.000000,tn=27 fp=6 fn=3 tp=0
overall_harmful,end_of_answer_choices,all_conditions_pooled,0,108,36,0.500000,0.500000,0.500000,0.092593,0.169492,0.092593,1.000000,tn=0 fp=98 fn=0 tp=10
overall_harmful,end_of_answer_choices,all_conditions_pooled,1,108,36,0.524490,0.500000,0.372959,0.154135,0.125000,0.166667,0.100000,tn=93 fp=5 fn=9 tp=1
overall_harmful,end_of_answer_choices,all_conditions_pooled,2,108,36,0.524490,0.500000,0.114796,0.090665,0.125000,0.166667,0.100000,tn=93 fp=5 fn=9 tp=1
overall_harmful,end_of_answer_choices,all_conditions_pooled,3,108,36,0.593878,0.500000,0.797449,0.285389,0.250000,0.214286,0.300000,tn=87 fp=11 fn=7 tp=3
overall_harmful,end_of_answer_choices,all_conditions_pooled,4,108,36,0.704082,0.500000,0.821939,0.327788,0.416667,0.357143,0.500000,tn=89 fp=9 fn=5 tp=5
overall_harmful,end_of_answer_choices,all_conditions_pooled,5,108,36,0.878571,0.500000,0.867857,0.294830,0.545455,0.391304,0.900000,tn=84 fp=14 fn=1 tp=9
overall_harmful,end_of_answer_choices,all_conditions_pooled,6,108,36,0.868367,0.500000,0.859694,0.281163,0.514286,0.360000,0.900000,tn=82 fp=16 fn=1 tp=9
overall_harmful,end_of_answer_choices,all_conditions_pooled,7,108,36,0.713265,0.500000,0.871939,0.310698,0.363636,0.260870,0.600000,tn=81 fp=17 fn=4 tp=6
overall_harmful,end_of_answer_choices,all_conditions_pooled,8,108,36,0.518367,0.500000,0.537245,0.156700,0.142857,0.111111,0.200000,tn=82 fp=16 fn=8 tp=2
overall_harmful,end_of_answer_choices,all_conditions_pooled,9,108,36,0.483673,0.500000,0.443367,0.133264,0.083333,0.071429,0.100000,tn=85 fp=13 fn=9 tp=1
overall_harmful,end_of_answer_choices,all_conditions_pooled,10,108,36,0.478571,0.500000,0.208673,0.077376,0.080000,0.066667,0.100000,tn=84 fp=14 fn=9 tp=1
overall_harmful,end_of_answer_choices,all_conditions_pooled,11,108,36,0.447959,0.500000,0.260714,0.078933,0.064516,0.047619,0.100000,tn=78 fp=20 fn=9 tp=1
overall_harmful,end_of_answer_choices,all_conditions_pooled,12,108,36,0.463265,0.500000,0.209694,0.080198,0.071429,0.055556,0.100000,tn=81 fp=17 fn=9 tp=1
overall_harmful,end_of_answer_choices,all_conditions_pooled,13,108,36,0.693878,0.500000,0.558673,0.243102,0.384615,0.312500,0.500000,tn=87 fp=11 fn=5 tp=5
overall_harmful,end_of_answer_choices,all_conditions_pooled,14,108,36,0.448980,0.500000,0.414796,0.121122,0.000000,0.000000,0.000000,tn=88 fp=10 fn=10 tp=0
overall_harmful,end_of_answer_choices,all_conditions_pooled,15,108,36,0.709184,0.500000,0.567857,0.271811,0.434783,0.384615,0.500000,tn=90 fp=8 fn=5 tp=5
overall_harmful,end_of_answer_choices,all_conditions_pooled,16,108,36,0.459184,0.500000,0.457653,0.159836,0.000000,0.000000,0.000000,tn=90 fp=8 fn=10 tp=0
overall_harmful,end_of_answer_choices,all_conditions_pooled,17,108,36,0.684694,0.500000,0.775000,0.412211,0.470588,0.571429,0.400000,tn=95 fp=3 fn=6 tp=4
overall_harmful,end_of_answer_choices,all_conditions_pooled,18,108,36,0.509184,0.500000,0.232143,0.080041,0.105263,0.111111,0.100000,tn=90 fp=8 fn=9 tp=1
overall_harmful,end_of_answer_choices,all_conditions_pooled,19,108,36,0.469388,0.500000,0.344388,0.108397,0.000000,0.000000,0.000000,tn=92 fp=6 fn=10 tp=0
overall_harmful,end_of_answer_choices,all_conditions_pooled,20,108,36,0.493878,0.500000,0.229082,0.083179,0.090909,0.083333,0.100000,tn=87 fp=11 fn=9 tp=1
overall_harmful,end_of_answer_choices,all_conditions_pooled,21,108,36,0.533673,0.500000,0.299490,0.091815,0.160000,0.133333,0.200000,tn=85 fp=13 fn=8 tp=2
overall_harmful,end_of_answer_choices,all_conditions_pooled,22,108,36,0.454082,0.500000,0.454592,0.133550,0.000000,0.000000,0.000000,tn=89 fp=9 fn=10 tp=0
overall_harmful,end_of_answer_choices,all_conditions_pooled,23,108,36,0.664286,0.500000,0.415816,0.184143,0.380952,0.363636,0.400000,tn=91 fp=7 fn=6 tp=4
overall_harmful,end_of_answer_choices,all_conditions_pooled,24,108,36,0.674490,0.500000,0.426020,0.198207,0.421053,0.444444,0.400000,tn=93 fp=5 fn=6 tp=4
overall_harmful,end_of_answer_choices,all_conditions_pooled,25,108,36,0.469388,0.500000,0.373980,0.116133,0.000000,0.000000,0.000000,tn=92 fp=6 fn=10 tp=0
overall_harmful,end_of_answer_choices,all_conditions_pooled,26,108,36,0.454082,0.500000,0.441327,0.132432,0.000000,0.000000,0.000000,tn=89 fp=9 fn=10 tp=0
overall_harmful,end_of_answer_choices,all_conditions_pooled,27,108,36,0.443878,0.500000,0.036224,0.059190,0.000000,0.000000,0.000000,tn=87 fp=11 fn=10 tp=0
overall_harmful,end_of_answer_choices,all_conditions_pooled,28,108,36,0.428571,0.500000,0.120918,0.063911,0.000000,0.000000,0.000000,tn=84 fp=14 fn=10 tp=0
overall_harmful,end_of_answer_choices,all_conditions_pooled,29,108,36,0.438776,0.500000,0.123980,0.064793,0.000000,0.000000,0.000000,tn=86 fp=12 fn=10 tp=0
overall_harmful,end_of_answer_choices,all_conditions_pooled,30,108,36,0.454082,0.500000,0.139286,0.066615,0.000000,0.000000,0.000000,tn=89 fp=9 fn=10 tp=0
overall_harmful,end_of_answer_choices,all_conditions_pooled,31,108,36,0.438776,0.500000,0.139286,0.064755,0.000000,0.000000,0.000000,tn=86 fp=12 fn=10 tp=0
overall_harmful,end_of_answer_choices,all_conditions_pooled,32,108,36,0.563265,0.500000,0.312755,0.116148,0.200000,0.150000,0.300000,tn=81 fp=17 fn=7 tp=3
overall_harmful,end_of_answer_choices,all_conditions_pooled,33,108,36,0.593878,0.500000,0.668878,0.201631,0.250000,0.214286,0.300000,tn=87 fp=11 fn=7 tp=3
overall_harmful,end_of_answer_choices,all_conditions_pooled,34,108,36,0.578571,0.500000,0.682143,0.213209,0.222222,0.176471,0.300000,tn=84 fp=14 fn=7 tp=3
overall_harmful,end_of_answer_choices,all_conditions_pooled,35,108,36,0.578571,0.500000,0.610714,0.195633,0.222222,0.176471,0.300000,tn=84 fp=14 fn=7 tp=3
within_condition,end_of_answer_choices,closed_context_false_belief_pressure,0,36,36,0.500000,0.500000,0.500000,0.138889,0.243902,0.138889,1.000000,tn=0 fp=31 fn=0 tp=5
within_condition,end_of_answer_choices,closed_context_false_belief_pressure,1,36,36,0.435484,0.500000,0.335484,0.143299,0.000000,0.000000,0.000000,tn=27 fp=4 fn=5 tp=0
within_condition,end_of_answer_choices,closed_context_false_belief_pressure,2,36,36,0.583871,0.500000,0.400000,0.270283,0.285714,0.500000,0.200000,tn=30 fp=1 fn=4 tp=1
within_condition,end_of_answer_choices,closed_context_false_belief_pressure,3,36,36,0.635484,0.500000,0.754839,0.528472,0.363636,0.333333,0.400000,tn=27 fp=4 fn=3 tp=2
within_condition,end_of_answer_choices,closed_context_false_belief_pressure,4,36,36,0.819355,0.500000,0.909677,0.622222,0.571429,0.444444,0.800000,tn=26 fp=5 fn=1 tp=4
within_condition,end_of_answer_choices,closed_context_false_belief_pressure,5,36,36,0.719355,0.500000,0.890323,0.563889,0.461538,0.375000,0.600000,tn=26 fp=5 fn=2 tp=3
within_condition,end_of_answer_choices,closed_context_false_belief_pressure,6,36,36,0.835484,0.500000,0.858065,0.383290,0.615385,0.500000,0.800000,tn=27 fp=4 fn=1 tp=4
within_condition,end_of_answer_choices,closed_context_false_belief_pressure,7,36,36,0.835484,0.500000,0.941935,0.800000,0.615385,0.500000,0.800000,tn=27 fp=4 fn=1 tp=4
within_condition,end_of_answer_choices,closed_context_false_belief_pressure,8,36,36,0.735484,0.500000,0.909677,0.596825,0.500000,0.428571,0.600000,tn=27 fp=4 fn=2 tp=3
within_condition,end_of_answer_choices,closed_context_false_belief_pressure,9,36,36,0.635484,0.500000,0.541935,0.292101,0.363636,0.333333,0.400000,tn=27 fp=4 fn=3 tp=2
within_condition,end_of_answer_choices,closed_context_false_belief_pressure,10,36,36,0.535484,0.500000,0.541935,0.251587,0.200000,0.200000,0.200000,tn=27 fp=4 fn=4 tp=1
within_condition,end_of_answer_choices,closed_context_false_belief_pressure,11,36,36,0.419355,0.500000,0.322581,0.138829,0.000000,0.000000,0.000000,tn=26 fp=5 fn=5 tp=0
within_condition,end_of_answer_choices,closed_context_false_belief_pressure,12,36,36,0.419355,0.500000,0.006452,0.086855,0.000000,0.000000,0.000000,tn=26 fp=5 fn=5 tp=0
within_condition,end_of_answer_choices,closed_context_false_belief_pressure,13,36,36,0.719355,0.500000,0.554839,0.297974,0.461538,0.375000,0.600000,tn=26 fp=5 fn=2 tp=3
within_condition,end_of_answer_choices,closed_context_false_belief_pressure,14,36,36,0.467742,0.500000,0.374194,0.215483,0.000000,0.000000,0.000000,tn=29 fp=2 fn=5 tp=0
within_condition,end_of_answer_choices,closed_context_false_belief_pressure,15,36,36,0.651613,0.500000,0.548387,0.297302,0.400000,0.400000,0.400000,tn=28 fp=3 fn=3 tp=2
within_condition,end_of_answer_choices,closed_context_false_belief_pressure,16,36,36,0.535484,0.500000,0.393548,0.228518,0.200000,0.200000,0.200000,tn=27 fp=4 fn=4 tp=1
within_condition,end_of_answer_choices,closed_context_false_belief_pressure,17,36,36,0.600000,0.500000,0.793548,0.617917,0.333333,1.000000,0.200000,tn=31 fp=0 fn=4 tp=1
within_condition,end_of_answer_choices,closed_context_false_belief_pressure,18,36,36,0.567742,0.500000,0.245161,0.151915,0.250000,0.333333,0.200000,tn=29 fp=2 fn=4 tp=1
within_condition,end_of_answer_choices,closed_context_false_belief_pressure,19,36,36,0.451613,0.500000,0.703226,0.337778,0.000000,0.000000,0.000000,tn=28 fp=3 fn=5 tp=0
within_condition,end_of_answer_choices,closed_context_false_belief_pressure,20,36,36,0.451613,0.500000,0.509677,0.216783,0.000000,0.000000,0.000000,tn=28 fp=3 fn=5 tp=0
within_condition,end_of_answer_choices,closed_context_false_belief_pressure,21,36,36,0.451613,0.500000,0.348387,0.163933,0.000000,0.000000,0.000000,tn=28 fp=3 fn=5 tp=0
within_condition,end_of_answer_choices,closed_context_false_belief_pressure,22,36,36,0.567742,0.500000,0.522581,0.229481,0.250000,0.333333,0.200000,tn=29 fp=2 fn=4 tp=1
within_condition,end_of_answer_choices,closed_context_false_belief_pressure,23,36,36,0.667742,0.500000,0.567742,0.295321,0.444444,0.500000,0.400000,tn=29 fp=2 fn=3 tp=2
within_condition,end_of_answer_choices,closed_context_false_belief_pressure,24,36,36,0.651613,0.500000,0.587097,0.307684,0.400000,0.400000,0.400000,tn=28 fp=3 fn=3 tp=2
within_condition,end_of_answer_choices,closed_context_false_belief_pressure,25,36,36,0.635484,0.500000,0.561290,0.269286,0.363636,0.333333,0.400000,tn=27 fp=4 fn=3 tp=2
within_condition,end_of_answer_choices,closed_context_false_belief_pressure,26,36,36,0.651613,0.500000,0.574194,0.296045,0.400000,0.400000,0.400000,tn=28 fp=3 fn=3 tp=2
within_condition,end_of_answer_choices,closed_context_false_belief_pressure,27,36,36,0.451613,0.500000,0.374194,0.186949,0.000000,0.000000,0.000000,tn=28 fp=3 fn=5 tp=0
within_condition,end_of_answer_choices,closed_context_false_belief_pressure,28,36,36,0.451613,0.500000,0.374194,0.186949,0.000000,0.000000,0.000000,tn=28 fp=3 fn=5 tp=0
within_condition,end_of_answer_choices,closed_context_false_belief_pressure,29,36,36,0.451613,0.500000,0.361290,0.170283,0.000000,0.000000,0.000000,tn=28 fp=3 fn=5 tp=0
within_condition,end_of_answer_choices,closed_context_false_belief_pressure,30,36,36,0.467742,0.500000,0.412903,0.238835,0.000000,0.000000,0.000000,tn=29 fp=2 fn=5 tp=0
within_condition,end_of_answer_choices,closed_context_false_belief_pressure,31,36,36,0.467742,0.500000,0.400000,0.202169,0.000000,0.000000,0.000000,tn=29 fp=2 fn=5 tp=0
within_condition,end_of_answer_choices,closed_context_false_belief_pressure,32,36,36,0.535484,0.500000,0.522581,0.219481,0.200000,0.200000,0.200000,tn=27 fp=4 fn=4 tp=1
within_condition,end_of_answer_choices,closed_context_false_belief_pressure,33,36,36,0.519355,0.500000,0.361290,0.176632,0.181818,0.166667,0.200000,tn=26 fp=5 fn=4 tp=1
within_condition,end_of_answer_choices,closed_context_false_belief_pressure,34,36,36,0.519355,0.500000,0.380645,0.183515,0.181818,0.166667,0.200000,tn=26 fp=5 fn=4 tp=1
within_condition,end_of_answer_choices,closed_context_false_belief_pressure,35,36,36,0.519355,0.500000,0.174194,0.114115,0.181818,0.166667,0.200000,tn=26 fp=5 fn=4 tp=1
cross_condition,end_of_answer_choices,closed_context_false_belief_pressure_to_evidence_false_belief_pressure,0,36,36,0.500000,0.500000,0.500000,0.055556,0.105263,0.055556,1.000000,tn=0 fp=34 fn=0 tp=2
cross_condition,end_of_answer_choices,closed_context_false_belief_pressure_to_evidence_false_belief_pressure,1,36,36,0.455882,0.500000,0.000000,0.042063,0.000000,0.000000,0.000000,tn=31 fp=3 fn=2 tp=0
cross_condition,end_of_answer_choices,closed_context_false_belief_pressure_to_evidence_false_belief_pressure,2,36,36,0.470588,0.500000,0.029412,0.043277,0.000000,0.000000,0.000000,tn=32 fp=2 fn=2 tp=0
cross_condition,end_of_answer_choices,closed_context_false_belief_pressure_to_evidence_false_belief_pressure,3,36,36,0.426471,0.500000,0.823529,0.196429,0.000000,0.000000,0.000000,tn=29 fp=5 fn=2 tp=0
cross_condition,end_of_answer_choices,closed_context_false_belief_pressure_to_evidence_false_belief_pressure,4,36,36,0.647059,0.500000,0.838235,0.211111,0.200000,0.125000,0.500000,tn=27 fp=7 fn=1 tp=1
cross_condition,end_of_answer_choices,closed_context_false_belief_pressure_to_evidence_false_belief_pressure,5,36,36,0.661765,0.500000,0.808824,0.182540,0.222222,0.142857,0.500000,tn=28 fp=6 fn=1 tp=1
cross_condition,end_of_answer_choices,closed_context_false_belief_pressure_to_evidence_false_belief_pressure,6,36,36,0.661765,0.500000,0.823529,0.194444,0.222222,0.142857,0.500000,tn=28 fp=6 fn=1 tp=1
cross_condition,end_of_answer_choices,closed_context_false_belief_pressure_to_evidence_false_belief_pressure,7,36,36,0.676471,0.500000,0.897059,0.375000,0.250000,0.166667,0.500000,tn=29 fp=5 fn=1 tp=1
cross_condition,end_of_answer_choices,closed_context_false_belief_pressure_to_evidence_false_belief_pressure,8,36,36,0.676471,0.500000,0.852941,0.226190,0.250000,0.166667,0.500000,tn=29 fp=5 fn=1 tp=1
cross_condition,end_of_answer_choices,closed_context_false_belief_pressure_to_evidence_false_belief_pressure,9,36,36,0.426471,0.500000,0.411765,0.091071,0.000000,0.000000,0.000000,tn=29 fp=5 fn=2 tp=0
cross_condition,end_of_answer_choices,closed_context_false_belief_pressure_to_evidence_false_belief_pressure,10,36,36,0.441176,0.500000,0.029412,0.042929,0.000000,0.000000,0.000000,tn=30 fp=4 fn=2 tp=0
cross_condition,end_of_answer_choices,closed_context_false_belief_pressure_to_evidence_false_belief_pressure,11,36,36,0.441176,0.500000,0.014706,0.042484,0.000000,0.000000,0.000000,tn=30 fp=4 fn=2 tp=0
cross_condition,end_of_answer_choices,closed_context_false_belief_pressure_to_evidence_false_belief_pressure,12,36,36,0.441176,0.500000,0.000000,0.042063,0.000000,0.000000,0.000000,tn=30 fp=4 fn=2 tp=0
cross_condition,end_of_answer_choices,closed_context_false_belief_pressure_to_evidence_false_belief_pressure,13,36,36,0.676471,0.500000,0.455882,0.152778,0.250000,0.166667,0.500000,tn=29 fp=5 fn=1 tp=1
cross_condition,end_of_answer_choices,closed_context_false_belief_pressure_to_evidence_false_belief_pressure,14,36,36,0.470588,0.500000,0.455882,0.152778,0.000000,0.000000,0.000000,tn=32 fp=2 fn=2 tp=0
cross_condition,end_of_answer_choices,closed_context_false_belief_pressure_to_evidence_false_belief_pressure,15,36,36,0.455882,0.500000,0.470588,0.153571,0.000000,0.000000,0.000000,tn=31 fp=3 fn=2 tp=0
cross_condition,end_of_answer_choices,closed_context_false_belief_pressure_to_evidence_false_belief_pressure,16,36,36,0.455882,0.500000,0.102941,0.046432,0.000000,0.000000,0.000000,tn=31 fp=3 fn=2 tp=0
cross_condition,end_of_answer_choices,closed_context_false_belief_pressure_to_evidence_false_belief_pressure,17,36,36,0.750000,0.500000,0.955882,0.700000,0.666667,1.000000,0.500000,tn=34 fp=0 fn=1 tp=1
cross_condition,end_of_answer_choices,closed_context_false_belief_pressure_to_evidence_false_belief_pressure,18,36,36,0.455882,0.500000,0.117647,0.046653,0.000000,0.000000,0.000000,tn=31 fp=3 fn=2 tp=0
cross_condition,end_of_answer_choices,closed_context_false_belief_pressure_to_evidence_false_belief_pressure,19,36,36,0.455882,0.500000,0.441176,0.127778,0.000000,0.000000,0.000000,tn=31 fp=3 fn=2 tp=0
cross_condition,end_of_answer_choices,closed_context_false_belief_pressure_to_evidence_false_belief_pressure,20,36,36,0.455882,0.500000,0.441176,0.100840,0.000000,0.000000,0.000000,tn=31 fp=3 fn=2 tp=0
cross_condition,end_of_answer_choices,closed_context_false_belief_pressure_to_evidence_false_belief_pressure,21,36,36,0.455882,0.500000,0.426471,0.091912,0.000000,0.000000,0.000000,tn=31 fp=3 fn=2 tp=0
cross_condition,end_of_answer_choices,closed_context_false_belief_pressure_to_evidence_false_belief_pressure,22,36,36,0.455882,0.500000,0.455882,0.101732,0.000000,0.000000,0.000000,tn=31 fp=3 fn=2 tp=0
cross_condition,end_of_answer_choices,closed_context_false_belief_pressure_to_evidence_false_belief_pressure,23,36,36,0.720588,0.500000,0.500000,0.196078,0.400000,0.333333,0.500000,tn=32 fp=2 fn=1 tp=1
cross_condition,end_of_answer_choices,closed_context_false_belief_pressure_to_evidence_false_belief_pressure,24,36,36,0.705882,0.500000,0.514706,0.196970,0.333333,0.250000,0.500000,tn=31 fp=3 fn=1 tp=1
cross_condition,end_of_answer_choices,closed_context_false_belief_pressure_to_evidence_false_belief_pressure,25,36,36,0.441176,0.500000,0.455882,0.128571,0.000000,0.000000,0.000000,tn=30 fp=4 fn=2 tp=0
cross_condition,end_of_answer_choices,closed_context_false_belief_pressure_to_evidence_false_belief_pressure,26,36,36,0.441176,0.500000,0.455882,0.128571,0.000000,0.000000,0.000000,tn=30 fp=4 fn=2 tp=0
cross_condition,end_of_answer_choices,closed_context_false_belief_pressure_to_evidence_false_belief_pressure,27,36,36,0.455882,0.500000,0.029412,0.043277,0.000000,0.000000,0.000000,tn=31 fp=3 fn=2 tp=0
cross_condition,end_of_answer_choices,closed_context_false_belief_pressure_to_evidence_false_belief_pressure,28,36,36,0.470588,0.500000,0.029412,0.043277,0.000000,0.000000,0.000000,tn=32 fp=2 fn=2 tp=0
cross_condition,end_of_answer_choices,closed_context_false_belief_pressure_to_evidence_false_belief_pressure,29,36,36,0.470588,0.500000,0.044118,0.043723,0.000000,0.000000,0.000000,tn=32 fp=2 fn=2 tp=0
cross_condition,end_of_answer_choices,closed_context_false_belief_pressure_to_evidence_false_belief_pressure,30,36,36,0.470588,0.500000,0.044118,0.043723,0.000000,0.000000,0.000000,tn=32 fp=2 fn=2 tp=0
cross_condition,end_of_answer_choices,closed_context_false_belief_pressure_to_evidence_false_belief_pressure,31,36,36,0.470588,0.500000,0.073529,0.044700,0.000000,0.000000,0.000000,tn=32 fp=2 fn=2 tp=0
cross_condition,end_of_answer_choices,closed_context_false_belief_pressure_to_evidence_false_belief_pressure,32,36,36,0.720588,0.500000,0.485294,0.195238,0.400000,0.333333,0.500000,tn=32 fp=2 fn=1 tp=1
cross_condition,end_of_answer_choices,closed_context_false_belief_pressure_to_evidence_false_belief_pressure,33,36,36,0.705882,0.500000,0.470588,0.194444,0.333333,0.250000,0.500000,tn=31 fp=3 fn=1 tp=1
cross_condition,end_of_answer_choices,closed_context_false_belief_pressure_to_evidence_false_belief_pressure,34,36,36,0.705882,0.500000,0.514706,0.279412,0.333333,0.250000,0.500000,tn=31 fp=3 fn=1 tp=1
cross_condition,end_of_answer_choices,closed_context_false_belief_pressure_to_evidence_false_belief_pressure,35,36,36,0.705882,0.500000,0.470588,0.153571,0.333333,0.250000,0.500000,tn=31 fp=3 fn=1 tp=1
cross_condition,end_of_answer_choices,closed_context_false_belief_pressure_to_evidence_emotional_pressure,0,36,36,0.500000,0.500000,0.500000,0.083333,0.153846,0.083333,1.000000,tn=0 fp=33 fn=0 tp=3
cross_condition,end_of_answer_choices,closed_context_false_belief_pressure_to_evidence_emotional_pressure,1,36,36,0.621212,0.500000,0.383838,0.383578,0.285714,0.250000,0.333333,tn=30 fp=3 fn=2 tp=1
cross_condition,end_of_answer_choices,closed_context_false_belief_pressure_to_evidence_emotional_pressure,2,36,36,0.469697,0.500000,0.101010,0.061519,0.000000,0.000000,0.000000,tn=31 fp=2 fn=3 tp=0
cross_condition,end_of_answer_choices,closed_context_false_belief_pressure_to_evidence_emotional_pressure,3,36,36,0.590909,0.500000,0.848485,0.277778,0.222222,0.166667,0.333333,tn=28 fp=5 fn=2 tp=1
cross_condition,end_of_answer_choices,closed_context_false_belief_pressure_to_evidence_emotional_pressure,4,36,36,0.727273,0.500000,0.848485,0.277778,0.333333,0.222222,0.666667,tn=26 fp=7 fn=1 tp=2
cross_condition,end_of_answer_choices,closed_context_false_belief_pressure_to_evidence_emotional_pressure,5,36,36,0.742424,0.500000,0.848485,0.294444,0.363636,0.250000,0.666667,tn=27 fp=6 fn=1 tp=2
cross_condition,end_of_answer_choices,closed_context_false_belief_pressure_to_evidence_emotional_pressure,6,36,36,0.742424,0.500000,0.848485,0.345238,0.363636,0.250000,0.666667,tn=27 fp=6 fn=1 tp=2
cross_condition,end_of_answer_choices,closed_context_false_belief_pressure_to_evidence_emotional_pressure,7,36,36,0.742424,0.500000,0.868687,0.361905,0.363636,0.250000,0.666667,tn=27 fp=6 fn=1 tp=2
cross_condition,end_of_answer_choices,closed_context_false_belief_pressure_to_evidence_emotional_pressure,8,36,36,0.560606,0.500000,0.555556,0.151105,0.181818,0.125000,0.333333,tn=26 fp=7 fn=2 tp=1
cross_condition,end_of_answer_choices,closed_context_false_belief_pressure_to_evidence_emotional_pressure,9,36,36,0.393939,0.500000,0.474747,0.114430,0.000000,0.000000,0.000000,tn=26 fp=7 fn=3 tp=0
cross_condition,end_of_answer_choices,closed_context_false_belief_pressure_to_evidence_emotional_pressure,10,36,36,0.424242,0.500000,0.272727,0.081944,0.000000,0.000000,0.000000,tn=28 fp=5 fn=3 tp=0
cross_condition,end_of_answer_choices,closed_context_false_belief_pressure_to_evidence_emotional_pressure,11,36,36,0.590909,0.500000,0.323232,0.115278,0.222222,0.166667,0.333333,tn=28 fp=5 fn=2 tp=1
cross_condition,end_of_answer_choices,closed_context_false_belief_pressure_to_evidence_emotional_pressure,12,36,36,0.606061,0.500000,0.323232,0.213492,0.250000,0.200000,0.333333,tn=29 fp=4 fn=2 tp=1
cross_condition,end_of_answer_choices,closed_context_false_belief_pressure_to_evidence_emotional_pressure,13,36,36,0.727273,0.500000,0.616162,0.456349,0.333333,0.222222,0.666667,tn=26 fp=7 fn=1 tp=2
cross_condition,end_of_answer_choices,closed_context_false_belief_pressure_to_evidence_emotional_pressure,14,36,36,0.469697,0.500000,0.313131,0.104167,0.000000,0.000000,0.000000,tn=31 fp=2 fn=3 tp=0
cross_condition,end_of_answer_choices,closed_context_false_belief_pressure_to_evidence_emotional_pressure,15,36,36,0.424242,0.500000,0.565657,0.167460,0.000000,0.000000,0.000000,tn=28 fp=5 fn=3 tp=0
cross_condition,end_of_answer_choices,closed_context_false_belief_pressure_to_evidence_emotional_pressure,16,36,36,0.424242,0.500000,0.353535,0.095139,0.000000,0.000000,0.000000,tn=28 fp=5 fn=3 tp=0
cross_condition,end_of_answer_choices,closed_context_false_belief_pressure_to_evidence_emotional_pressure,17,36,36,0.666667,0.500000,0.626263,0.472222,0.500000,1.000000,0.333333,tn=33 fp=0 fn=2 tp=1
cross_condition,end_of_answer_choices,closed_context_false_belief_pressure_to_evidence_emotional_pressure,18,36,36,0.454545,0.500000,0.373737,0.108777,0.000000,0.000000,0.000000,tn=30 fp=3 fn=3 tp=0
cross_condition,end_of_answer_choices,closed_context_false_belief_pressure_to_evidence_emotional_pressure,19,36,36,0.454545,0.500000,0.575758,0.179365,0.000000,0.000000,0.000000,tn=30 fp=3 fn=3 tp=0
cross_condition,end_of_answer_choices,closed_context_false_belief_pressure_to_evidence_emotional_pressure,20,36,36,0.454545,0.500000,0.545455,0.138636,0.000000,0.000000,0.000000,tn=30 fp=3 fn=3 tp=0
cross_condition,end_of_answer_choices,closed_context_false_belief_pressure_to_evidence_emotional_pressure,21,36,36,0.454545,0.500000,0.575758,0.159933,0.000000,0.000000,0.000000,tn=30 fp=3 fn=3 tp=0
cross_condition,end_of_answer_choices,closed_context_false_belief_pressure_to_evidence_emotional_pressure,22,36,36,0.454545,0.500000,0.303030,0.084470,0.000000,0.000000,0.000000,tn=30 fp=3 fn=3 tp=0
cross_condition,end_of_answer_choices,closed_context_false_belief_pressure_to_evidence_emotional_pressure,23,36,36,0.621212,0.500000,0.323232,0.131313,0.285714,0.250000,0.333333,tn=30 fp=3 fn=2 tp=1
cross_condition,end_of_answer_choices,closed_context_false_belief_pressure_to_evidence_emotional_pressure,24,36,36,0.606061,0.500000,0.353535,0.160394,0.250000,0.200000,0.333333,tn=29 fp=4 fn=2 tp=1
cross_condition,end_of_answer_choices,closed_context_false_belief_pressure_to_evidence_emotional_pressure,25,36,36,0.409091,0.500000,0.272727,0.094444,0.000000,0.000000,0.000000,tn=27 fp=6 fn=3 tp=0
cross_condition,end_of_answer_choices,closed_context_false_belief_pressure_to_evidence_emotional_pressure,26,36,36,0.424242,0.500000,0.262626,0.088492,0.000000,0.000000,0.000000,tn=28 fp=5 fn=3 tp=0
cross_condition,end_of_answer_choices,closed_context_false_belief_pressure_to_evidence_emotional_pressure,27,36,36,0.454545,0.500000,0.000000,0.056629,0.000000,0.000000,0.000000,tn=30 fp=3 fn=3 tp=0
cross_condition,end_of_answer_choices,closed_context_false_belief_pressure_to_evidence_emotional_pressure,28,36,36,0.454545,0.500000,0.000000,0.056629,0.000000,0.000000,0.000000,tn=30 fp=3 fn=3 tp=0
cross_condition,end_of_answer_choices,closed_context_false_belief_pressure_to_evidence_emotional_pressure,29,36,36,0.439394,0.500000,0.010101,0.056926,0.000000,0.000000,0.000000,tn=29 fp=4 fn=3 tp=0
cross_condition,end_of_answer_choices,closed_context_false_belief_pressure_to_evidence_emotional_pressure,30,36,36,0.454545,0.500000,0.010101,0.056926,0.000000,0.000000,0.000000,tn=30 fp=3 fn=3 tp=0
cross_condition,end_of_answer_choices,closed_context_false_belief_pressure_to_evidence_emotional_pressure,31,36,36,0.454545,0.500000,0.030303,0.057578,0.000000,0.000000,0.000000,tn=30 fp=3 fn=3 tp=0
cross_condition,end_of_answer_choices,closed_context_false_belief_pressure_to_evidence_emotional_pressure,32,36,36,0.590909,0.500000,0.282828,0.102381,0.222222,0.166667,0.333333,tn=28 fp=5 fn=2 tp=1
cross_condition,end_of_answer_choices,closed_context_false_belief_pressure_to_evidence_emotional_pressure,33,36,36,0.575758,0.500000,0.292929,0.113492,0.200000,0.142857,0.333333,tn=27 fp=6 fn=2 tp=1
cross_condition,end_of_answer_choices,closed_context_false_belief_pressure_to_evidence_emotional_pressure,34,36,36,0.575758,0.500000,0.323232,0.158497,0.200000,0.142857,0.333333,tn=27 fp=6 fn=2 tp=1
cross_condition,end_of_answer_choices,closed_context_false_belief_pressure_to_evidence_emotional_pressure,35,36,36,0.575758,0.500000,0.303030,0.096392,0.200000,0.142857,0.333333,tn=27 fp=6 fn=2 tp=1
overall_harmful,end_of_user_message,all_conditions_pooled,0,108,36,0.315306,0.500000,0.239796,0.064282,0.035088,0.021277,0.100000,tn=52 fp=46 fn=9 tp=1
overall_harmful,end_of_user_message,all_conditions_pooled,1,108,36,0.590816,0.500000,0.636735,0.133645,0.210526,0.127660,0.600000,tn=57 fp=41 fn=4 tp=6
overall_harmful,end_of_user_message,all_conditions_pooled,2,108,36,0.590816,0.500000,0.625510,0.139370,0.210526,0.127660,0.600000,tn=57 fp=41 fn=4 tp=6
overall_harmful,end_of_user_message,all_conditions_pooled,3,108,36,0.585714,0.500000,0.592857,0.121148,0.206897,0.125000,0.600000,tn=56 fp=42 fn=4 tp=6
overall_harmful,end_of_user_message,all_conditions_pooled,4,108,36,0.440816,0.500000,0.496939,0.102560,0.111111,0.068182,0.300000,tn=57 fp=41 fn=7 tp=3
overall_harmful,end_of_user_message,all_conditions_pooled,5,108,36,0.470408,0.500000,0.511224,0.103432,0.135593,0.081633,0.400000,tn=53 fp=45 fn=6 tp=4
overall_harmful,end_of_user_message,all_conditions_pooled,6,108,36,0.365306,0.500000,0.392857,0.090301,0.068966,0.041667,0.200000,tn=52 fp=46 fn=8 tp=2
overall_harmful,end_of_user_message,all_conditions_pooled,7,108,36,0.495918,0.500000,0.402041,0.095786,0.148148,0.090909,0.400000,tn=58 fp=40 fn=6 tp=4
overall_harmful,end_of_user_message,all_conditions_pooled,8,108,36,0.425510,0.500000,0.483673,0.146354,0.105263,0.063830,0.300000,tn=54 fp=44 fn=7 tp=3
overall_harmful,end_of_user_message,all_conditions_pooled,9,108,36,0.506122,0.500000,0.635714,0.205241,0.153846,0.095238,0.400000,tn=60 fp=38 fn=6 tp=4
overall_harmful,end_of_user_message,all_conditions_pooled,10,108,36,0.511224,0.500000,0.550000,0.187023,0.156863,0.097561,0.400000,tn=61 fp=37 fn=6 tp=4
overall_harmful,end_of_user_message,all_conditions_pooled,11,108,36,0.566327,0.500000,0.592857,0.194974,0.196078,0.121951,0.500000,tn=62 fp=36 fn=5 tp=5
overall_harmful,end_of_user_message,all_conditions_pooled,12,108,36,0.561224,0.500000,0.565306,0.162559,0.192308,0.119048,0.500000,tn=61 fp=37 fn=5 tp=5
overall_harmful,end_of_user_message,all_conditions_pooled,13,108,36,0.461224,0.500000,0.566327,0.204786,0.120000,0.075000,0.300000,tn=61 fp=37 fn=7 tp=3
overall_harmful,end_of_user_message,all_conditions_pooled,14,108,36,0.501020,0.500000,0.577551,0.207018,0.150943,0.093023,0.400000,tn=59 fp=39 fn=6 tp=4
overall_harmful,end_of_user_message,all_conditions_pooled,15,108,36,0.661224,0.500000,0.612245,0.267684,0.259259,0.159091,0.700000,tn=61 fp=37 fn=3 tp=7
overall_harmful,end_of_user_message,all_conditions_pooled,16,108,36,0.595918,0.500000,0.635714,0.308581,0.214286,0.130435,0.600000,tn=58 fp=40 fn=4 tp=6
overall_harmful,end_of_user_message,all_conditions_pooled,17,108,36,0.630612,0.500000,0.633673,0.310592,0.233333,0.140000,0.700000,tn=55 fp=43 fn=3 tp=7
overall_harmful,end_of_user_message,all_conditions_pooled,18,108,36,0.651020,0.500000,0.641837,0.309141,0.250000,0.152174,0.700000,tn=59 fp=39 fn=3 tp=7
overall_harmful,end_of_user_message,all_conditions_pooled,19,108,36,0.460204,0.500000,0.508163,0.141642,0.131148,0.078431,0.400000,tn=51 fp=47 fn=6 tp=4
overall_harmful,end_of_user_message,all_conditions_pooled,20,108,36,0.530612,0.500000,0.501020,0.124773,0.172414,0.104167,0.500000,tn=55 fp=43 fn=5 tp=5
overall_harmful,end_of_user_message,all_conditions_pooled,21,108,36,0.535714,0.500000,0.465306,0.114536,0.175439,0.106383,0.500000,tn=56 fp=42 fn=5 tp=5
overall_harmful,end_of_user_message,all_conditions_pooled,22,108,36,0.535714,0.500000,0.429592,0.100881,0.175439,0.106383,0.500000,tn=56 fp=42 fn=5 tp=5
overall_harmful,end_of_user_message,all_conditions_pooled,23,108,36,0.540816,0.500000,0.467347,0.113560,0.178571,0.108696,0.500000,tn=57 fp=41 fn=5 tp=5
overall_harmful,end_of_user_message,all_conditions_pooled,24,108,36,0.495918,0.500000,0.564286,0.150436,0.148148,0.090909,0.400000,tn=58 fp=40 fn=6 tp=4
overall_harmful,end_of_user_message,all_conditions_pooled,25,108,36,0.506122,0.500000,0.573469,0.162390,0.153846,0.095238,0.400000,tn=60 fp=38 fn=6 tp=4
overall_harmful,end_of_user_message,all_conditions_pooled,26,108,36,0.606122,0.500000,0.613265,0.181513,0.222222,0.136364,0.600000,tn=60 fp=38 fn=4 tp=6
overall_harmful,end_of_user_message,all_conditions_pooled,27,108,36,0.566327,0.500000,0.555102,0.171891,0.196078,0.121951,0.500000,tn=62 fp=36 fn=5 tp=5
overall_harmful,end_of_user_message,all_conditions_pooled,28,108,36,0.556122,0.500000,0.556122,0.162228,0.188679,0.116279,0.500000,tn=60 fp=38 fn=5 tp=5
overall_harmful,end_of_user_message,all_conditions_pooled,29,108,36,0.595918,0.500000,0.595918,0.158871,0.214286,0.130435,0.600000,tn=58 fp=40 fn=4 tp=6
overall_harmful,end_of_user_message,all_conditions_pooled,30,108,36,0.606122,0.500000,0.593878,0.159522,0.222222,0.136364,0.600000,tn=60 fp=38 fn=4 tp=6
overall_harmful,end_of_user_message,all_conditions_pooled,31,108,36,0.595918,0.500000,0.602041,0.159606,0.214286,0.130435,0.600000,tn=58 fp=40 fn=4 tp=6
overall_harmful,end_of_user_message,all_conditions_pooled,32,108,36,0.595918,0.500000,0.587755,0.151986,0.214286,0.130435,0.600000,tn=58 fp=40 fn=4 tp=6
overall_harmful,end_of_user_message,all_conditions_pooled,33,108,36,0.590816,0.500000,0.573469,0.144636,0.210526,0.127660,0.600000,tn=57 fp=41 fn=4 tp=6
overall_harmful,end_of_user_message,all_conditions_pooled,34,108,36,0.490816,0.500000,0.574490,0.142150,0.145455,0.088889,0.400000,tn=57 fp=41 fn=6 tp=4
overall_harmful,end_of_user_message,all_conditions_pooled,35,108,36,0.545918,0.500000,0.619388,0.170201,0.181818,0.111111,0.500000,tn=58 fp=40 fn=5 tp=5
within_condition,end_of_user_message,closed_context_false_belief_pressure,0,36,36,0.506452,0.500000,0.445161,0.225036,0.210526,0.142857,0.400000,tn=19 fp=12 fn=3 tp=2
within_condition,end_of_user_message,closed_context_false_belief_pressure,1,36,36,0.441935,0.500000,0.445161,0.148999,0.173913,0.111111,0.400000,tn=15 fp=16 fn=3 tp=2
within_condition,end_of_user_message,closed_context_false_belief_pressure,2,36,36,0.641935,0.500000,0.464516,0.145504,0.320000,0.200000,0.800000,tn=15 fp=16 fn=1 tp=4
within_condition,end_of_user_message,closed_context_false_belief_pressure,3,36,36,0.525806,0.500000,0.438710,0.139692,0.240000,0.150000,0.600000,tn=14 fp=17 fn=2 tp=3
within_condition,end_of_user_message,closed_context_false_belief_pressure,4,36,36,0.425806,0.500000,0.419355,0.139139,0.166667,0.105263,0.400000,tn=14 fp=17 fn=3 tp=2
within_condition,end_of_user_message,closed_context_false_belief_pressure,5,36,36,0.425806,0.500000,0.361290,0.125317,0.166667,0.105263,0.400000,tn=14 fp=17 fn=3 tp=2
within_condition,end_of_user_message,closed_context_false_belief_pressure,6,36,36,0.574194,0.500000,0.445161,0.143710,0.272727,0.176471,0.600000,tn=17 fp=14 fn=2 tp=3
within_condition,end_of_user_message,closed_context_false_belief_pressure,7,36,36,0.509677,0.500000,0.477419,0.163128,0.230769,0.142857,0.600000,tn=13 fp=18 fn=2 tp=3
within_condition,end_of_user_message,closed_context_false_belief_pressure,8,36,36,0.558065,0.500000,0.548387,0.204625,0.260870,0.166667,0.600000,tn=16 fp=15 fn=2 tp=3
within_condition,end_of_user_message,closed_context_false_belief_pressure,9,36,36,0.658065,0.500000,0.670968,0.246796,0.333333,0.210526,0.800000,tn=16 fp=15 fn=1 tp=4
within_condition,end_of_user_message,closed_context_false_belief_pressure,10,36,36,0.525806,0.500000,0.670968,0.256509,0.240000,0.150000,0.600000,tn=14 fp=17 fn=2 tp=3
within_condition,end_of_user_message,closed_context_false_belief_pressure,11,36,36,0.541935,0.500000,0.632258,0.223333,0.250000,0.157895,0.600000,tn=15 fp=16 fn=2 tp=3
within_condition,end_of_user_message,closed_context_false_belief_pressure,12,36,36,0.574194,0.500000,0.593548,0.211029,0.272727,0.176471,0.600000,tn=17 fp=14 fn=2 tp=3
within_condition,end_of_user_message,closed_context_false_belief_pressure,13,36,36,0.541935,0.500000,0.541935,0.169775,0.250000,0.157895,0.600000,tn=15 fp=16 fn=2 tp=3
within_condition,end_of_user_message,closed_context_false_belief_pressure,14,36,36,0.674194,0.500000,0.600000,0.215278,0.347826,0.222222,0.800000,tn=17 fp=14 fn=1 tp=4
within_condition,end_of_user_message,closed_context_false_belief_pressure,15,36,36,0.658065,0.500000,0.658065,0.234737,0.333333,0.210526,0.800000,tn=16 fp=15 fn=1 tp=4
within_condition,end_of_user_message,closed_context_false_belief_pressure,16,36,36,0.674194,0.500000,0.690323,0.250802,0.347826,0.222222,0.800000,tn=17 fp=14 fn=1 tp=4
within_condition,end_of_user_message,closed_context_false_belief_pressure,17,36,36,0.658065,0.500000,0.696774,0.253030,0.333333,0.210526,0.800000,tn=16 fp=15 fn=1 tp=4
within_condition,end_of_user_message,closed_context_false_belief_pressure,18,36,36,0.690323,0.500000,0.703226,0.243506,0.363636,0.235294,0.800000,tn=18 fp=13 fn=1 tp=4
within_condition,end_of_user_message,closed_context_false_belief_pressure,19,36,36,0.574194,0.500000,0.470968,0.147042,0.272727,0.176471,0.600000,tn=17 fp=14 fn=2 tp=3
within_condition,end_of_user_message,closed_context_false_belief_pressure,20,36,36,0.558065,0.500000,0.587097,0.239683,0.260870,0.166667,0.600000,tn=16 fp=15 fn=2 tp=3
within_condition,end_of_user_message,closed_context_false_belief_pressure,21,36,36,0.558065,0.500000,0.593548,0.279227,0.260870,0.166667,0.600000,tn=16 fp=15 fn=2 tp=3
within_condition,end_of_user_message,closed_context_false_belief_pressure,22,36,36,0.622581,0.500000,0.470968,0.156960,0.315789,0.214286,0.600000,tn=20 fp=11 fn=2 tp=3
within_condition,end_of_user_message,closed_context_false_belief_pressure,23,36,36,0.574194,0.500000,0.574194,0.236999,0.272727,0.176471,0.600000,tn=17 fp=14 fn=2 tp=3
within_condition,end_of_user_message,closed_context_false_belief_pressure,24,36,36,0.674194,0.500000,0.606452,0.308310,0.347826,0.222222,0.800000,tn=17 fp=14 fn=1 tp=4
within_condition,end_of_user_message,closed_context_false_belief_pressure,25,36,36,0.590323,0.500000,0.619355,0.247697,0.285714,0.187500,0.600000,tn=18 fp=13 fn=2 tp=3
within_condition,end_of_user_message,closed_context_false_belief_pressure,26,36,36,0.590323,0.500000,0.651613,0.282197,0.285714,0.187500,0.600000,tn=18 fp=13 fn=2 tp=3
within_condition,end_of_user_message,closed_context_false_belief_pressure,27,36,36,0.490323,0.500000,0.683871,0.292892,0.200000,0.133333,0.400000,tn=18 fp=13 fn=3 tp=2
within_condition,end_of_user_message,closed_context_false_belief_pressure,28,36,36,0.606452,0.500000,0.709677,0.315878,0.300000,0.200000,0.600000,tn=19 fp=12 fn=2 tp=3
within_condition,end_of_user_message,closed_context_false_belief_pressure,29,36,36,0.722581,0.500000,0.754839,0.337143,0.400000,0.266667,0.800000,tn=20 fp=11 fn=1 tp=4
within_condition,end_of_user_message,closed_context_false_belief_pressure,30,36,36,0.722581,0.500000,0.754839,0.337879,0.400000,0.266667,0.800000,tn=20 fp=11 fn=1 tp=4
within_condition,end_of_user_message,closed_context_false_belief_pressure,31,36,36,0.706452,0.500000,0.748387,0.337619,0.380952,0.250000,0.800000,tn=19 fp=12 fn=1 tp=4
within_condition,end_of_user_message,closed_context_false_belief_pressure,32,36,36,0.690323,0.500000,0.729032,0.328024,0.363636,0.235294,0.800000,tn=18 fp=13 fn=1 tp=4
within_condition,end_of_user_message,closed_context_false_belief_pressure,33,36,36,0.690323,0.500000,0.741935,0.335167,0.363636,0.235294,0.800000,tn=18 fp=13 fn=1 tp=4
within_condition,end_of_user_message,closed_context_false_belief_pressure,34,36,36,0.690323,0.500000,0.709677,0.278416,0.363636,0.235294,0.800000,tn=18 fp=13 fn=1 tp=4
within_condition,end_of_user_message,closed_context_false_belief_pressure,35,36,36,0.674194,0.500000,0.741935,0.314180,0.347826,0.222222,0.800000,tn=17 fp=14 fn=1 tp=4
cross_condition,end_of_user_message,closed_context_false_belief_pressure_to_evidence_false_belief_pressure,0,36,36,0.220588,0.500000,0.058824,0.044196,0.000000,0.000000,0.000000,tn=15 fp=19 fn=2 tp=0
cross_condition,end_of_user_message,closed_context_false_belief_pressure_to_evidence_false_belief_pressure,1,36,36,0.661765,0.500000,0.573529,0.095455,0.148148,0.080000,1.000000,tn=11 fp=23 fn=0 tp=2
cross_condition,end_of_user_message,closed_context_false_belief_pressure_to_evidence_false_belief_pressure,2,36,36,0.705882,0.500000,0.617647,0.102381,0.166667,0.090909,1.000000,tn=14 fp=20 fn=0 tp=2
cross_condition,end_of_user_message,closed_context_false_belief_pressure_to_evidence_false_belief_pressure,3,36,36,0.294118,0.500000,0.323529,0.059764,0.000000,0.000000,0.000000,tn=20 fp=14 fn=2 tp=0
cross_condition,end_of_user_message,closed_context_false_belief_pressure_to_evidence_false_belief_pressure,4,36,36,0.235294,0.500000,0.073529,0.044700,0.000000,0.000000,0.000000,tn=16 fp=18 fn=2 tp=0
cross_condition,end_of_user_message,closed_context_false_belief_pressure_to_evidence_false_belief_pressure,5,36,36,0.323529,0.500000,0.044118,0.043723,0.000000,0.000000,0.000000,tn=22 fp=12 fn=2 tp=0
cross_condition,end_of_user_message,closed_context_false_belief_pressure_to_evidence_false_belief_pressure,6,36,36,0.147059,0.500000,0.088235,0.045238,0.000000,0.000000,0.000000,tn=10 fp=24 fn=2 tp=0
cross_condition,end_of_user_message,closed_context_false_belief_pressure_to_evidence_false_belief_pressure,7,36,36,0.250000,0.500000,0.000000,0.042063,0.000000,0.000000,0.000000,tn=17 fp=17 fn=2 tp=0
cross_condition,end_of_user_message,closed_context_false_belief_pressure_to_evidence_false_belief_pressure,8,36,36,0.264706,0.500000,0.058824,0.044196,0.000000,0.000000,0.000000,tn=18 fp=16 fn=2 tp=0
cross_condition,end_of_user_message,closed_context_false_belief_pressure_to_evidence_false_belief_pressure,9,36,36,0.294118,0.500000,0.220588,0.052258,0.000000,0.000000,0.000000,tn=20 fp=14 fn=2 tp=0
cross_condition,end_of_user_message,closed_context_false_belief_pressure_to_evidence_false_belief_pressure,10,36,36,0.323529,0.500000,0.205882,0.052340,0.000000,0.000000,0.000000,tn=22 fp=12 fn=2 tp=0
cross_condition,end_of_user_message,closed_context_false_belief_pressure_to_evidence_false_belief_pressure,11,36,36,0.367647,0.500000,0.161765,0.049499,0.000000,0.000000,0.000000,tn=25 fp=9 fn=2 tp=0
cross_condition,end_of_user_message,closed_context_false_belief_pressure_to_evidence_false_belief_pressure,12,36,36,0.352941,0.500000,0.161765,0.048822,0.000000,0.000000,0.000000,tn=24 fp=10 fn=2 tp=0
cross_condition,end_of_user_message,closed_context_false_belief_pressure_to_evidence_false_belief_pressure,13,36,36,0.352941,0.500000,0.205882,0.051489,0.000000,0.000000,0.000000,tn=24 fp=10 fn=2 tp=0
cross_condition,end_of_user_message,closed_context_false_belief_pressure_to_evidence_false_belief_pressure,14,36,36,0.250000,0.500000,0.455882,0.073935,0.000000,0.000000,0.000000,tn=17 fp=17 fn=2 tp=0
cross_condition,end_of_user_message,closed_context_false_belief_pressure_to_evidence_false_belief_pressure,15,36,36,0.764706,0.500000,0.558824,0.088889,0.200000,0.111111,1.000000,tn=18 fp=16 fn=0 tp=2
cross_condition,end_of_user_message,closed_context_false_belief_pressure_to_evidence_false_belief_pressure,16,36,36,0.544118,0.500000,0.632353,0.108187,0.117647,0.066667,0.500000,tn=20 fp=14 fn=1 tp=1
cross_condition,end_of_user_message,closed_context_false_belief_pressure_to_evidence_false_belief_pressure,17,36,36,0.735294,0.500000,0.573529,0.091270,0.181818,0.100000,1.000000,tn=16 fp=18 fn=0 tp=2
cross_condition,end_of_user_message,closed_context_false_belief_pressure_to_evidence_false_belief_pressure,18,36,36,0.764706,0.500000,0.573529,0.091270,0.200000,0.111111,1.000000,tn=18 fp=16 fn=0 tp=2
cross_condition,end_of_user_message,closed_context_false_belief_pressure_to_evidence_false_belief_pressure,19,36,36,0.279412,0.500000,0.500000,0.079412,0.000000,0.000000,0.000000,tn=19 fp=15 fn=2 tp=0
cross_condition,end_of_user_message,closed_context_false_belief_pressure_to_evidence_false_belief_pressure,20,36,36,0.558824,0.500000,0.514706,0.085455,0.125000,0.071429,0.500000,tn=21 fp=13 fn=1 tp=1
cross_condition,end_of_user_message,closed_context_false_belief_pressure_to_evidence_false_belief_pressure,21,36,36,0.558824,0.500000,0.397059,0.069048,0.125000,0.071429,0.500000,tn=21 fp=13 fn=1 tp=1
cross_condition,end_of_user_message,closed_context_false_belief_pressure_to_evidence_false_belief_pressure,22,36,36,0.382353,0.500000,0.397059,0.066964,0.000000,0.000000,0.000000,tn=26 fp=8 fn=2 tp=0
cross_condition,end_of_user_message,closed_context_false_belief_pressure_to_evidence_false_belief_pressure,23,36,36,0.382353,0.500000,0.382353,0.065000,0.000000,0.000000,0.000000,tn=26 fp=8 fn=2 tp=0
cross_condition,end_of_user_message,closed_context_false_belief_pressure_to_evidence_false_belief_pressure,24,36,36,0.397059,0.500000,0.470588,0.075000,0.000000,0.000000,0.000000,tn=27 fp=7 fn=2 tp=0
cross_condition,end_of_user_message,closed_context_false_belief_pressure_to_evidence_false_belief_pressure,25,36,36,0.367647,0.500000,0.500000,0.078788,0.000000,0.000000,0.000000,tn=25 fp=9 fn=2 tp=0
cross_condition,end_of_user_message,closed_context_false_belief_pressure_to_evidence_false_belief_pressure,26,36,36,0.602941,0.500000,0.514706,0.085455,0.153846,0.090909,0.500000,tn=24 fp=10 fn=1 tp=1
cross_condition,end_of_user_message,closed_context_false_belief_pressure_to_evidence_false_belief_pressure,27,36,36,0.352941,0.500000,0.500000,0.078869,0.000000,0.000000,0.000000,tn=24 fp=10 fn=2 tp=0
cross_condition,end_of_user_message,closed_context_false_belief_pressure_to_evidence_false_belief_pressure,28,36,36,0.338235,0.500000,0.558824,0.090074,0.000000,0.000000,0.000000,tn=23 fp=11 fn=2 tp=0
cross_condition,end_of_user_message,closed_context_false_belief_pressure_to_evidence_false_belief_pressure,29,36,36,0.338235,0.500000,0.529412,0.083882,0.000000,0.000000,0.000000,tn=23 fp=11 fn=2 tp=0
cross_condition,end_of_user_message,closed_context_false_belief_pressure_to_evidence_false_belief_pressure,30,36,36,0.338235,0.500000,0.514706,0.080952,0.000000,0.000000,0.000000,tn=23 fp=11 fn=2 tp=0
cross_condition,end_of_user_message,closed_context_false_belief_pressure_to_evidence_false_belief_pressure,31,36,36,0.367647,0.500000,0.500000,0.078788,0.000000,0.000000,0.000000,tn=25 fp=9 fn=2 tp=0
cross_condition,end_of_user_message,closed_context_false_belief_pressure_to_evidence_false_belief_pressure,32,36,36,0.352941,0.500000,0.470588,0.075000,0.000000,0.000000,0.000000,tn=24 fp=10 fn=2 tp=0
cross_condition,end_of_user_message,closed_context_false_belief_pressure_to_evidence_false_belief_pressure,33,36,36,0.352941,0.500000,0.485294,0.076705,0.000000,0.000000,0.000000,tn=24 fp=10 fn=2 tp=0
cross_condition,end_of_user_message,closed_context_false_belief_pressure_to_evidence_false_belief_pressure,34,36,36,0.352941,0.500000,0.500000,0.079412,0.000000,0.000000,0.000000,tn=24 fp=10 fn=2 tp=0
cross_condition,end_of_user_message,closed_context_false_belief_pressure_to_evidence_false_belief_pressure,35,36,36,0.352941,0.500000,0.529412,0.083333,0.000000,0.000000,0.000000,tn=24 fp=10 fn=2 tp=0
cross_condition,end_of_user_message,closed_context_false_belief_pressure_to_evidence_emotional_pressure,0,36,36,0.272727,0.500000,0.151515,0.064052,0.000000,0.000000,0.000000,tn=18 fp=15 fn=3 tp=0
cross_condition,end_of_user_message,closed_context_false_belief_pressure_to_evidence_emotional_pressure,1,36,36,0.409091,0.500000,0.303030,0.080303,0.095238,0.055556,0.333333,tn=16 fp=17 fn=2 tp=1
cross_condition,end_of_user_message,closed_context_false_belief_pressure_to_evidence_emotional_pressure,2,36,36,0.348485,0.500000,0.404040,0.090456,0.000000,0.000000,0.000000,tn=23 fp=10 fn=3 tp=0
cross_condition,end_of_user_message,closed_context_false_belief_pressure_to_evidence_emotional_pressure,3,36,36,0.590909,0.500000,0.535354,0.110786,0.181818,0.100000,1.000000,tn=6 fp=27 fn=0 tp=3
cross_condition,end_of_user_message,closed_context_false_belief_pressure_to_evidence_emotional_pressure,4,36,36,0.484848,0.500000,0.444444,0.115791,0.142857,0.080000,0.666667,tn=10 fp=23 fn=1 tp=2
cross_condition,end_of_user_message,closed_context_false_belief_pressure_to_evidence_emotional_pressure,5,36,36,0.409091,0.500000,0.383838,0.098016,0.121212,0.066667,0.666667,tn=5 fp=28 fn=1 tp=2
cross_condition,end_of_user_message,closed_context_false_belief_pressure_to_evidence_emotional_pressure,6,36,36,0.378788,0.500000,0.313131,0.091912,0.114286,0.062500,0.666667,tn=3 fp=30 fn=1 tp=2
cross_condition,end_of_user_message,closed_context_false_belief_pressure_to_evidence_emotional_pressure,7,36,36,0.272727,0.500000,0.282828,0.095005,0.066667,0.037037,0.333333,tn=7 fp=26 fn=2 tp=1
cross_condition,end_of_user_message,closed_context_false_belief_pressure_to_evidence_emotional_pressure,8,36,36,0.348485,0.500000,0.333333,0.093227,0.080000,0.045455,0.333333,tn=12 fp=21 fn=2 tp=1
cross_condition,end_of_user_message,closed_context_false_belief_pressure_to_evidence_emotional_pressure,9,36,36,0.530303,0.500000,0.474747,0.102116,0.153846,0.100000,0.333333,tn=24 fp=9 fn=2 tp=1
cross_condition,end_of_user_message,closed_context_false_belief_pressure_to_evidence_emotional_pressure,10,36,36,0.484848,0.500000,0.303030,0.080178,0.125000,0.076923,0.333333,tn=21 fp=12 fn=2 tp=1
cross_condition,end_of_user_message,closed_context_false_belief_pressure_to_evidence_emotional_pressure,11,36,36,0.409091,0.500000,0.404040,0.089109,0.095238,0.055556,0.333333,tn=16 fp=17 fn=2 tp=1
cross_condition,end_of_user_message,closed_context_false_belief_pressure_to_evidence_emotional_pressure,12,36,36,0.378788,0.500000,0.242424,0.073423,0.086957,0.050000,0.333333,tn=14 fp=19 fn=2 tp=1
cross_condition,end_of_user_message,closed_context_false_belief_pressure_to_evidence_emotional_pressure,13,36,36,0.393939,0.500000,0.212121,0.071195,0.090909,0.052632,0.333333,tn=15 fp=18 fn=2 tp=1
cross_condition,end_of_user_message,closed_context_false_belief_pressure_to_evidence_emotional_pressure,14,36,36,0.318182,0.500000,0.333333,0.079804,0.000000,0.000000,0.000000,tn=21 fp=12 fn=3 tp=0
cross_condition,end_of_user_message,closed_context_false_belief_pressure_to_evidence_emotional_pressure,15,36,36,0.272727,0.500000,0.363636,0.083312,0.000000,0.000000,0.000000,tn=18 fp=15 fn=3 tp=0
cross_condition,end_of_user_message,closed_context_false_belief_pressure_to_evidence_emotional_pressure,16,36,36,0.424242,0.500000,0.444444,0.094347,0.100000,0.058824,0.333333,tn=17 fp=16 fn=2 tp=1
cross_condition,end_of_user_message,closed_context_false_belief_pressure_to_evidence_emotional_pressure,17,36,36,0.606061,0.500000,0.555556,0.125296,0.200000,0.117647,0.666667,tn=18 fp=15 fn=1 tp=2
cross_condition,end_of_user_message,closed_context_false_belief_pressure_to_evidence_emotional_pressure,18,36,36,0.515152,0.500000,0.494949,0.105128,0.153846,0.086957,0.666667,tn=12 fp=21 fn=1 tp=2
cross_condition,end_of_user_message,closed_context_false_belief_pressure_to_evidence_emotional_pressure,19,36,36,0.545455,0.500000,0.525253,0.112037,0.166667,0.095238,0.666667,tn=14 fp=19 fn=1 tp=2
cross_condition,end_of_user_message,closed_context_false_belief_pressure_to_evidence_emotional_pressure,20,36,36,0.500000,0.500000,0.434343,0.097337,0.000000,0.000000,0.000000,tn=33 fp=0 fn=3 tp=0
cross_condition,end_of_user_message,closed_context_false_belief_pressure_to_evidence_emotional_pressure,21,36,36,0.500000,0.500000,0.404040,0.088593,0.000000,0.000000,0.000000,tn=33 fp=0 fn=3 tp=0
cross_condition,end_of_user_message,closed_context_false_belief_pressure_to_evidence_emotional_pressure,22,36,36,0.500000,0.500000,0.404040,0.088372,0.000000,0.000000,0.000000,tn=33 fp=0 fn=3 tp=0
cross_condition,end_of_user_message,closed_context_false_belief_pressure_to_evidence_emotional_pressure,23,36,36,0.500000,0.500000,0.434343,0.093519,0.000000,0.000000,0.000000,tn=33 fp=0 fn=3 tp=0
cross_condition,end_of_user_message,closed_context_false_belief_pressure_to_evidence_emotional_pressure,24,36,36,0.500000,0.500000,0.515152,0.108558,0.000000,0.000000,0.000000,tn=33 fp=0 fn=3 tp=0
cross_condition,end_of_user_message,closed_context_false_belief_pressure_to_evidence_emotional_pressure,25,36,36,0.484848,0.500000,0.606061,0.149361,0.125000,0.076923,0.333333,tn=21 fp=12 fn=2 tp=1
cross_condition,end_of_user_message,closed_context_false_belief_pressure_to_evidence_emotional_pressure,26,36,36,0.651515,0.500000,0.747475,0.321256,0.206897,0.115385,1.000000,tn=10 fp=23 fn=0 tp=3
cross_condition,end_of_user_message,closed_context_false_belief_pressure_to_evidence_emotional_pressure,27,36,36,0.575758,0.500000,0.646465,0.167273,0.176471,0.096774,1.000000,tn=5 fp=28 fn=0 tp=3
cross_condition,end_of_user_message,closed_context_false_belief_pressure_to_evidence_emotional_pressure,28,36,36,0.575758,0.500000,0.626263,0.154623,0.176471,0.096774,1.000000,tn=5 fp=28 fn=0 tp=3
cross_condition,end_of_user_message,closed_context_false_belief_pressure_to_evidence_emotional_pressure,29,36,36,0.515152,0.500000,0.606061,0.138901,0.157895,0.085714,1.000000,tn=1 fp=32 fn=0 tp=3
cross_condition,end_of_user_message,closed_context_false_belief_pressure_to_evidence_emotional_pressure,30,36,36,0.515152,0.500000,0.616162,0.138889,0.157895,0.085714,1.000000,tn=1 fp=32 fn=0 tp=3
cross_condition,end_of_user_message,closed_context_false_belief_pressure_to_evidence_emotional_pressure,31,36,36,0.515152,0.500000,0.646465,0.151703,0.157895,0.085714,1.000000,tn=1 fp=32 fn=0 tp=3
cross_condition,end_of_user_message,closed_context_false_belief_pressure_to_evidence_emotional_pressure,32,36,36,0.515152,0.500000,0.616162,0.136071,0.157895,0.085714,1.000000,tn=1 fp=32 fn=0 tp=3
cross_condition,end_of_user_message,closed_context_false_belief_pressure_to_evidence_emotional_pressure,33,36,36,0.515152,0.500000,0.626263,0.141121,0.157895,0.085714,1.000000,tn=1 fp=32 fn=0 tp=3
cross_condition,end_of_user_message,closed_context_false_belief_pressure_to_evidence_emotional_pressure,34,36,36,0.530303,0.500000,0.616162,0.137418,0.162162,0.088235,1.000000,tn=2 fp=31 fn=0 tp=3
cross_condition,end_of_user_message,closed_context_false_belief_pressure_to_evidence_emotional_pressure,35,36,36,0.575758,0.500000,0.656566,0.175000,0.176471,0.096774,1.000000,tn=5 fp=28 fn=0 tp=3
overall_harmful,final_answer_position,all_conditions_pooled,0,108,36,0.466327,0.500000,0.344898,0.079910,0.122449,0.076923,0.300000,tn=62 fp=36 fn=7 tp=3
overall_harmful,final_answer_position,all_conditions_pooled,1,108,36,0.466327,0.500000,0.334694,0.078167,0.122449,0.076923,0.300000,tn=62 fp=36 fn=7 tp=3
overall_harmful,final_answer_position,all_conditions_pooled,2,108,36,0.516327,0.500000,0.381633,0.085741,0.160000,0.100000,0.400000,tn=62 fp=36 fn=6 tp=4
overall_harmful,final_answer_position,all_conditions_pooled,3,108,36,0.551020,0.500000,0.418367,0.093834,0.185185,0.113636,0.500000,tn=59 fp=39 fn=5 tp=5
overall_harmful,final_answer_position,all_conditions_pooled,4,108,36,0.535714,0.500000,0.426531,0.094119,0.175439,0.106383,0.500000,tn=56 fp=42 fn=5 tp=5
overall_harmful,final_answer_position,all_conditions_pooled,5,108,36,0.550000,0.500000,0.642857,0.392433,0.184615,0.109091,0.600000,tn=49 fp=49 fn=4 tp=6
overall_harmful,final_answer_position,all_conditions_pooled,6,108,36,0.560204,0.500000,0.660204,0.348575,0.190476,0.113208,0.600000,tn=51 fp=47 fn=4 tp=6
overall_harmful,final_answer_position,all_conditions_pooled,7,108,36,0.580612,0.500000,0.664286,0.304096,0.203390,0.122449,0.600000,tn=55 fp=43 fn=4 tp=6
overall_harmful,final_answer_position,all_conditions_pooled,8,108,36,0.620408,0.500000,0.654082,0.209723,0.225806,0.134615,0.700000,tn=53 fp=45 fn=3 tp=7
overall_harmful,final_answer_position,all_conditions_pooled,9,108,36,0.620408,0.500000,0.678571,0.220472,0.225806,0.134615,0.700000,tn=53 fp=45 fn=3 tp=7
overall_harmful,final_answer_position,all_conditions_pooled,10,108,36,0.675510,0.500000,0.702041,0.313955,0.258065,0.153846,0.800000,tn=54 fp=44 fn=2 tp=8
overall_harmful,final_answer_position,all_conditions_pooled,11,108,36,0.625510,0.500000,0.700000,0.253243,0.229508,0.137255,0.700000,tn=54 fp=44 fn=3 tp=7
overall_harmful,final_answer_position,all_conditions_pooled,12,108,36,0.595918,0.500000,0.666327,0.219527,0.214286,0.130435,0.600000,tn=58 fp=40 fn=4 tp=6
overall_harmful,final_answer_position,all_conditions_pooled,13,108,36,0.601020,0.500000,0.665306,0.269621,0.218182,0.133333,0.600000,tn=59 fp=39 fn=4 tp=6
overall_harmful,final_answer_position,all_conditions_pooled,14,108,36,0.635714,0.500000,0.678571,0.216569,0.237288,0.142857,0.700000,tn=56 fp=42 fn=3 tp=7
overall_harmful,final_answer_position,all_conditions_pooled,15,108,36,0.675510,0.500000,0.705102,0.302793,0.258065,0.153846,0.800000,tn=54 fp=44 fn=2 tp=8
overall_harmful,final_answer_position,all_conditions_pooled,16,108,36,0.590816,0.500000,0.624490,0.268926,0.210526,0.127660,0.600000,tn=57 fp=41 fn=4 tp=6
overall_harmful,final_answer_position,all_conditions_pooled,17,108,36,0.590816,0.500000,0.632653,0.270602,0.210526,0.127660,0.600000,tn=57 fp=41 fn=4 tp=6
overall_harmful,final_answer_position,all_conditions_pooled,18,108,36,0.475510,0.500000,0.512245,0.167718,0.137931,0.083333,0.400000,tn=54 fp=44 fn=6 tp=4
overall_harmful,final_answer_position,all_conditions_pooled,19,108,36,0.344898,0.500000,0.198980,0.062343,0.064516,0.038462,0.200000,tn=48 fp=50 fn=8 tp=2
overall_harmful,final_answer_position,all_conditions_pooled,20,108,36,0.385714,0.500000,0.239796,0.065512,0.074074,0.045455,0.200000,tn=56 fp=42 fn=8 tp=2
overall_harmful,final_answer_position,all_conditions_pooled,21,108,36,0.335714,0.500000,0.251020,0.065043,0.037736,0.023256,0.100000,tn=56 fp=42 fn=9 tp=1
overall_harmful,final_answer_position,all_conditions_pooled,22,108,36,0.385714,0.500000,0.321429,0.073551,0.074074,0.045455,0.200000,tn=56 fp=42 fn=8 tp=2
overall_harmful,final_answer_position,all_conditions_pooled,23,108,36,0.385714,0.500000,0.309184,0.070273,0.074074,0.045455,0.200000,tn=56 fp=42 fn=8 tp=2
overall_harmful,final_answer_position,all_conditions_pooled,24,108,36,0.335714,0.500000,0.243878,0.063675,0.037736,0.023256,0.100000,tn=56 fp=42 fn=9 tp=1
overall_harmful,final_answer_position,all_conditions_pooled,25,108,36,0.345918,0.500000,0.259184,0.065346,0.039216,0.024390,0.100000,tn=58 fp=40 fn=9 tp=1
overall_harmful,final_answer_position,all_conditions_pooled,26,108,36,0.320408,0.500000,0.219388,0.063266,0.035714,0.021739,0.100000,tn=53 fp=45 fn=9 tp=1
overall_harmful,final_answer_position,all_conditions_pooled,27,108,36,0.340816,0.500000,0.184694,0.060099,0.038462,0.023810,0.100000,tn=57 fp=41 fn=9 tp=1
overall_harmful,final_answer_position,all_conditions_pooled,28,108,36,0.330612,0.500000,0.167347,0.059132,0.037037,0.022727,0.100000,tn=55 fp=43 fn=9 tp=1
overall_harmful,final_answer_position,all_conditions_pooled,29,108,36,0.320408,0.500000,0.150000,0.058267,0.035714,0.021739,0.100000,tn=53 fp=45 fn=9 tp=1
overall_harmful,final_answer_position,all_conditions_pooled,30,108,36,0.310204,0.500000,0.150000,0.058288,0.034483,0.020833,0.100000,tn=51 fp=47 fn=9 tp=1
overall_harmful,final_answer_position,all_conditions_pooled,31,108,36,0.320408,0.500000,0.140816,0.057686,0.035714,0.021739,0.100000,tn=53 fp=45 fn=9 tp=1
overall_harmful,final_answer_position,all_conditions_pooled,32,108,36,0.315306,0.500000,0.152041,0.058267,0.035088,0.021277,0.100000,tn=52 fp=46 fn=9 tp=1
overall_harmful,final_answer_position,all_conditions_pooled,33,108,36,0.325510,0.500000,0.150000,0.058627,0.036364,0.022222,0.100000,tn=54 fp=44 fn=9 tp=1
overall_harmful,final_answer_position,all_conditions_pooled,34,108,36,0.335714,0.500000,0.155102,0.058621,0.037736,0.023256,0.100000,tn=56 fp=42 fn=9 tp=1
overall_harmful,final_answer_position,all_conditions_pooled,35,108,36,0.380612,0.500000,0.263265,0.065514,0.072727,0.044444,0.200000,tn=55 fp=43 fn=8 tp=2
within_condition,final_answer_position,closed_context_false_belief_pressure,0,36,36,0.722581,0.500000,0.703226,0.501111,0.400000,0.266667,0.800000,tn=20 fp=11 fn=1 tp=4
within_condition,final_answer_position,closed_context_false_belief_pressure,1,36,36,0.722581,0.500000,0.683871,0.361111,0.400000,0.266667,0.800000,tn=20 fp=11 fn=1 tp=4
within_condition,final_answer_position,closed_context_false_belief_pressure,2,36,36,0.722581,0.500000,0.761290,0.658571,0.400000,0.266667,0.800000,tn=20 fp=11 fn=1 tp=4
within_condition,final_answer_position,closed_context_false_belief_pressure,3,36,36,0.706452,0.500000,0.767742,0.642857,0.380952,0.250000,0.800000,tn=19 fp=12 fn=1 tp=4
within_condition,final_answer_position,closed_context_false_belief_pressure,4,36,36,0.706452,0.500000,0.774194,0.643697,0.380952,0.250000,0.800000,tn=19 fp=12 fn=1 tp=4
within_condition,final_answer_position,closed_context_false_belief_pressure,5,36,36,0.674194,0.500000,0.851613,0.797037,0.347826,0.222222,0.800000,tn=17 fp=14 fn=1 tp=4
within_condition,final_answer_position,closed_context_false_belief_pressure,6,36,36,0.674194,0.500000,0.838710,0.720370,0.347826,0.222222,0.800000,tn=17 fp=14 fn=1 tp=4
within_condition,final_answer_position,closed_context_false_belief_pressure,7,36,36,0.674194,0.500000,0.838710,0.702747,0.347826,0.222222,0.800000,tn=17 fp=14 fn=1 tp=4
within_condition,final_answer_position,closed_context_false_belief_pressure,8,36,36,0.641935,0.500000,0.825806,0.670000,0.320000,0.200000,0.800000,tn=15 fp=16 fn=1 tp=4
within_condition,final_answer_position,closed_context_false_belief_pressure,9,36,36,0.658065,0.500000,0.845161,0.617677,0.333333,0.210526,0.800000,tn=16 fp=15 fn=1 tp=4
within_condition,final_answer_position,closed_context_false_belief_pressure,10,36,36,0.625806,0.500000,0.832258,0.478788,0.307692,0.190476,0.800000,tn=14 fp=17 fn=1 tp=4
within_condition,final_answer_position,closed_context_false_belief_pressure,11,36,36,0.625806,0.500000,0.838710,0.511097,0.307692,0.190476,0.800000,tn=14 fp=17 fn=1 tp=4
within_condition,final_answer_position,closed_context_false_belief_pressure,12,36,36,0.625806,0.500000,0.787097,0.427381,0.307692,0.190476,0.800000,tn=14 fp=17 fn=1 tp=4
within_condition,final_answer_position,closed_context_false_belief_pressure,13,36,36,0.690323,0.500000,0.767742,0.320145,0.363636,0.235294,0.800000,tn=18 fp=13 fn=1 tp=4
within_condition,final_answer_position,closed_context_false_belief_pressure,14,36,36,0.690323,0.500000,0.767742,0.319298,0.363636,0.235294,0.800000,tn=18 fp=13 fn=1 tp=4
within_condition,final_answer_position,closed_context_false_belief_pressure,15,36,36,0.690323,0.500000,0.735484,0.269281,0.363636,0.235294,0.800000,tn=18 fp=13 fn=1 tp=4
within_condition,final_answer_position,closed_context_false_belief_pressure,16,36,36,0.658065,0.500000,0.638710,0.199962,0.333333,0.210526,0.800000,tn=16 fp=15 fn=1 tp=4
within_condition,final_answer_position,closed_context_false_belief_pressure,17,36,36,0.658065,0.500000,0.683871,0.250380,0.333333,0.210526,0.800000,tn=16 fp=15 fn=1 tp=4
within_condition,final_answer_position,closed_context_false_belief_pressure,18,36,36,0.558065,0.500000,0.561290,0.172643,0.260870,0.166667,0.600000,tn=16 fp=15 fn=2 tp=3
within_condition,final_answer_position,closed_context_false_belief_pressure,19,36,36,0.258065,0.500000,0.212903,0.103576,0.000000,0.000000,0.000000,tn=16 fp=15 fn=5 tp=0
within_condition,final_answer_position,closed_context_false_belief_pressure,20,36,36,0.258065,0.500000,0.212903,0.105180,0.000000,0.000000,0.000000,tn=16 fp=15 fn=5 tp=0
within_condition,final_answer_position,closed_context_false_belief_pressure,21,36,36,0.341935,0.500000,0.303226,0.115312,0.090909,0.058824,0.200000,tn=15 fp=16 fn=4 tp=1
within_condition,final_answer_position,closed_context_false_belief_pressure,22,36,36,0.241935,0.500000,0.251613,0.107866,0.000000,0.000000,0.000000,tn=15 fp=16 fn=5 tp=0
within_condition,final_answer_position,closed_context_false_belief_pressure,23,36,36,0.258065,0.500000,0.206452,0.103260,0.000000,0.000000,0.000000,tn=16 fp=15 fn=5 tp=0
within_condition,final_answer_position,closed_context_false_belief_pressure,24,36,36,0.225806,0.500000,0.187097,0.100758,0.000000,0.000000,0.000000,tn=14 fp=17 fn=5 tp=0
within_condition,final_answer_position,closed_context_false_belief_pressure,25,36,36,0.274194,0.500000,0.193548,0.102029,0.000000,0.000000,0.000000,tn=17 fp=14 fn=5 tp=0
within_condition,final_answer_position,closed_context_false_belief_pressure,26,36,36,0.241935,0.500000,0.148387,0.097354,0.000000,0.000000,0.000000,tn=15 fp=16 fn=5 tp=0
within_condition,final_answer_position,closed_context_false_belief_pressure,27,36,36,0.258065,0.500000,0.135484,0.096713,0.000000,0.000000,0.000000,tn=16 fp=15 fn=5 tp=0
within_condition,final_answer_position,closed_context_false_belief_pressure,28,36,36,0.225806,0.500000,0.122581,0.095285,0.000000,0.000000,0.000000,tn=14 fp=17 fn=5 tp=0
within_condition,final_answer_position,closed_context_false_belief_pressure,29,36,36,0.258065,0.500000,0.129032,0.095753,0.000000,0.000000,0.000000,tn=16 fp=15 fn=5 tp=0
within_condition,final_answer_position,closed_context_false_belief_pressure,30,36,36,0.209677,0.500000,0.109677,0.093661,0.000000,0.000000,0.000000,tn=13 fp=18 fn=5 tp=0
within_condition,final_answer_position,closed_context_false_belief_pressure,31,36,36,0.209677,0.500000,0.103226,0.093690,0.000000,0.000000,0.000000,tn=13 fp=18 fn=5 tp=0
within_condition,final_answer_position,closed_context_false_belief_pressure,32,36,36,0.209677,0.500000,0.129032,0.095753,0.000000,0.000000,0.000000,tn=13 fp=18 fn=5 tp=0
within_condition,final_answer_position,closed_context_false_belief_pressure,33,36,36,0.225806,0.500000,0.116129,0.094504,0.000000,0.000000,0.000000,tn=14 fp=17 fn=5 tp=0
within_condition,final_answer_position,closed_context_false_belief_pressure,34,36,36,0.209677,0.500000,0.148387,0.096816,0.000000,0.000000,0.000000,tn=13 fp=18 fn=5 tp=0
within_condition,final_answer_position,closed_context_false_belief_pressure,35,36,36,0.274194,0.500000,0.174194,0.099048,0.000000,0.000000,0.000000,tn=17 fp=14 fn=5 tp=0
cross_condition,final_answer_position,closed_context_false_belief_pressure_to_evidence_false_belief_pressure,0,36,36,0.485294,0.500000,0.558824,0.102500,0.095238,0.052632,0.500000,tn=16 fp=18 fn=1 tp=1
cross_condition,final_answer_position,closed_context_false_belief_pressure_to_evidence_false_belief_pressure,1,36,36,0.485294,0.500000,0.558824,0.102500,0.095238,0.052632,0.500000,tn=16 fp=18 fn=1 tp=1
cross_condition,final_answer_position,closed_context_false_belief_pressure_to_evidence_false_belief_pressure,2,36,36,0.485294,0.500000,0.558824,0.097222,0.095238,0.052632,0.500000,tn=16 fp=18 fn=1 tp=1
cross_condition,final_answer_position,closed_context_false_belief_pressure_to_evidence_false_belief_pressure,3,36,36,0.470588,0.500000,0.500000,0.079193,0.090909,0.050000,0.500000,tn=15 fp=19 fn=1 tp=1
cross_condition,final_answer_position,closed_context_false_belief_pressure_to_evidence_false_belief_pressure,4,36,36,0.470588,0.500000,0.500000,0.079193,0.090909,0.050000,0.500000,tn=15 fp=19 fn=1 tp=1
cross_condition,final_answer_position,closed_context_false_belief_pressure_to_evidence_false_belief_pressure,5,36,36,0.470588,0.500000,0.485294,0.076705,0.090909,0.050000,0.500000,tn=15 fp=19 fn=1 tp=1
cross_condition,final_answer_position,closed_context_false_belief_pressure_to_evidence_false_belief_pressure,6,36,36,0.485294,0.500000,0.485294,0.077031,0.095238,0.052632,0.500000,tn=16 fp=18 fn=1 tp=1
cross_condition,final_answer_position,closed_context_false_belief_pressure_to_evidence_false_belief_pressure,7,36,36,0.485294,0.500000,0.514706,0.081250,0.095238,0.052632,0.500000,tn=16 fp=18 fn=1 tp=1
cross_condition,final_answer_position,closed_context_false_belief_pressure_to_evidence_false_belief_pressure,8,36,36,0.720588,0.500000,0.500000,0.078869,0.173913,0.095238,1.000000,tn=15 fp=19 fn=0 tp=2
cross_condition,final_answer_position,closed_context_false_belief_pressure_to_evidence_false_belief_pressure,9,36,36,0.735294,0.500000,0.514706,0.081250,0.181818,0.100000,1.000000,tn=16 fp=18 fn=0 tp=2
cross_condition,final_answer_position,closed_context_false_belief_pressure_to_evidence_false_belief_pressure,10,36,36,0.573529,0.500000,0.632353,0.104278,0.133333,0.076923,0.500000,tn=22 fp=12 fn=1 tp=1
cross_condition,final_answer_position,closed_context_false_belief_pressure_to_evidence_false_belief_pressure,11,36,36,0.529412,0.500000,0.588235,0.094298,0.111111,0.062500,0.500000,tn=19 fp=15 fn=1 tp=1
cross_condition,final_answer_position,closed_context_false_belief_pressure_to_evidence_false_belief_pressure,12,36,36,0.264706,0.500000,0.500000,0.080409,0.000000,0.000000,0.000000,tn=18 fp=16 fn=2 tp=0
cross_condition,final_answer_position,closed_context_false_belief_pressure_to_evidence_false_belief_pressure,13,36,36,0.544118,0.500000,0.617647,0.100962,0.117647,0.066667,0.500000,tn=20 fp=14 fn=1 tp=1
cross_condition,final_answer_position,closed_context_false_belief_pressure_to_evidence_false_belief_pressure,14,36,36,0.308824,0.500000,0.558824,0.088889,0.000000,0.000000,0.000000,tn=21 fp=13 fn=2 tp=0
cross_condition,final_answer_position,closed_context_false_belief_pressure_to_evidence_false_belief_pressure,15,36,36,0.514706,0.500000,0.514706,0.082043,0.105263,0.058824,0.500000,tn=18 fp=16 fn=1 tp=1
cross_condition,final_answer_position,closed_context_false_belief_pressure_to_evidence_false_belief_pressure,16,36,36,0.250000,0.500000,0.397059,0.066667,0.000000,0.000000,0.000000,tn=17 fp=17 fn=2 tp=0
cross_condition,final_answer_position,closed_context_false_belief_pressure_to_evidence_false_belief_pressure,17,36,36,0.250000,0.500000,0.397059,0.066667,0.000000,0.000000,0.000000,tn=17 fp=17 fn=2 tp=0
cross_condition,final_answer_position,closed_context_false_belief_pressure_to_evidence_false_belief_pressure,18,36,36,0.220588,0.500000,0.279412,0.057037,0.000000,0.000000,0.000000,tn=15 fp=19 fn=2 tp=0
cross_condition,final_answer_position,closed_context_false_belief_pressure_to_evidence_false_belief_pressure,19,36,36,0.279412,0.500000,0.132353,0.047009,0.000000,0.000000,0.000000,tn=19 fp=15 fn=2 tp=0
cross_condition,final_answer_position,closed_context_false_belief_pressure_to_evidence_false_belief_pressure,20,36,36,0.279412,0.500000,0.235294,0.053714,0.000000,0.000000,0.000000,tn=19 fp=15 fn=2 tp=0
cross_condition,final_answer_position,closed_context_false_belief_pressure_to_evidence_false_belief_pressure,21,36,36,0.279412,0.500000,0.279412,0.056548,0.000000,0.000000,0.000000,tn=19 fp=15 fn=2 tp=0
cross_condition,final_answer_position,closed_context_false_belief_pressure_to_evidence_false_belief_pressure,22,36,36,0.294118,0.500000,0.308824,0.059295,0.000000,0.000000,0.000000,tn=20 fp=14 fn=2 tp=0
cross_condition,final_answer_position,closed_context_false_belief_pressure_to_evidence_false_belief_pressure,23,36,36,0.352941,0.500000,0.220588,0.052258,0.000000,0.000000,0.000000,tn=24 fp=10 fn=2 tp=0
cross_condition,final_answer_position,closed_context_false_belief_pressure_to_evidence_false_belief_pressure,24,36,36,0.397059,0.500000,0.147059,0.048160,0.000000,0.000000,0.000000,tn=27 fp=7 fn=2 tp=0
cross_condition,final_answer_position,closed_context_false_belief_pressure_to_evidence_false_belief_pressure,25,36,36,0.397059,0.500000,0.264706,0.055316,0.000000,0.000000,0.000000,tn=27 fp=7 fn=2 tp=0
cross_condition,final_answer_position,closed_context_false_belief_pressure_to_evidence_false_belief_pressure,26,36,36,0.352941,0.500000,0.235294,0.053333,0.000000,0.000000,0.000000,tn=24 fp=10 fn=2 tp=0
cross_condition,final_answer_position,closed_context_false_belief_pressure_to_evidence_false_belief_pressure,27,36,36,0.367647,0.500000,0.176471,0.049769,0.000000,0.000000,0.000000,tn=25 fp=9 fn=2 tp=0
cross_condition,final_answer_position,closed_context_false_belief_pressure_to_evidence_false_belief_pressure,28,36,36,0.367647,0.500000,0.191176,0.050481,0.000000,0.000000,0.000000,tn=25 fp=9 fn=2 tp=0
cross_condition,final_answer_position,closed_context_false_belief_pressure_to_evidence_false_belief_pressure,29,36,36,0.367647,0.500000,0.205882,0.051136,0.000000,0.000000,0.000000,tn=25 fp=9 fn=2 tp=0
cross_condition,final_answer_position,closed_context_false_belief_pressure_to_evidence_false_belief_pressure,30,36,36,0.382353,0.500000,0.176471,0.049412,0.000000,0.000000,0.000000,tn=26 fp=8 fn=2 tp=0
cross_condition,final_answer_position,closed_context_false_belief_pressure_to_evidence_false_belief_pressure,31,36,36,0.382353,0.500000,0.161765,0.048643,0.000000,0.000000,0.000000,tn=26 fp=8 fn=2 tp=0
cross_condition,final_answer_position,closed_context_false_belief_pressure_to_evidence_false_belief_pressure,32,36,36,0.352941,0.500000,0.147059,0.047930,0.000000,0.000000,0.000000,tn=24 fp=10 fn=2 tp=0
cross_condition,final_answer_position,closed_context_false_belief_pressure_to_evidence_false_belief_pressure,33,36,36,0.323529,0.500000,0.102941,0.046078,0.000000,0.000000,0.000000,tn=22 fp=12 fn=2 tp=0
cross_condition,final_answer_position,closed_context_false_belief_pressure_to_evidence_false_belief_pressure,34,36,36,0.279412,0.500000,0.088235,0.045928,0.000000,0.000000,0.000000,tn=19 fp=15 fn=2 tp=0
cross_condition,final_answer_position,closed_context_false_belief_pressure_to_evidence_false_belief_pressure,35,36,36,0.441176,0.500000,0.176471,0.049517,0.000000,0.000000,0.000000,tn=30 fp=4 fn=2 tp=0
cross_condition,final_answer_position,closed_context_false_belief_pressure_to_evidence_emotional_pressure,0,36,36,0.560606,0.500000,0.272727,0.094444,0.181818,0.125000,0.333333,tn=26 fp=7 fn=2 tp=1
cross_condition,final_answer_position,closed_context_false_belief_pressure_to_evidence_emotional_pressure,1,36,36,0.560606,0.500000,0.282828,0.095005,0.181818,0.125000,0.333333,tn=26 fp=7 fn=2 tp=1
cross_condition,final_answer_position,closed_context_false_belief_pressure_to_evidence_emotional_pressure,2,36,36,0.560606,0.500000,0.434343,0.126190,0.181818,0.125000,0.333333,tn=26 fp=7 fn=2 tp=1
cross_condition,final_answer_position,closed_context_false_belief_pressure_to_evidence_emotional_pressure,3,36,36,0.560606,0.500000,0.434343,0.126190,0.181818,0.125000,0.333333,tn=26 fp=7 fn=2 tp=1
cross_condition,final_answer_position,closed_context_false_belief_pressure_to_evidence_emotional_pressure,4,36,36,0.560606,0.500000,0.444444,0.126984,0.181818,0.125000,0.333333,tn=26 fp=7 fn=2 tp=1
cross_condition,final_answer_position,closed_context_false_belief_pressure_to_evidence_emotional_pressure,5,36,36,0.484848,0.500000,0.525253,0.126358,0.125000,0.076923,0.333333,tn=21 fp=12 fn=2 tp=1
cross_condition,final_answer_position,closed_context_false_belief_pressure_to_evidence_emotional_pressure,6,36,36,0.606061,0.500000,0.575758,0.134771,0.200000,0.117647,0.666667,tn=18 fp=15 fn=1 tp=2
cross_condition,final_answer_position,closed_context_false_belief_pressure_to_evidence_emotional_pressure,7,36,36,0.575758,0.500000,0.595960,0.128788,0.181818,0.105263,0.666667,tn=16 fp=17 fn=1 tp=2
cross_condition,final_answer_position,closed_context_false_belief_pressure_to_evidence_emotional_pressure,8,36,36,0.606061,0.500000,0.595960,0.125000,0.187500,0.103448,1.000000,tn=7 fp=26 fn=0 tp=3
cross_condition,final_answer_position,closed_context_false_belief_pressure_to_evidence_emotional_pressure,9,36,36,0.560606,0.500000,0.626263,0.134217,0.171429,0.093750,1.000000,tn=4 fp=29 fn=0 tp=3
cross_condition,final_answer_position,closed_context_false_belief_pressure_to_evidence_emotional_pressure,10,36,36,0.681818,0.500000,0.797980,0.233333,0.222222,0.125000,1.000000,tn=12 fp=21 fn=0 tp=3
cross_condition,final_answer_position,closed_context_false_belief_pressure_to_evidence_emotional_pressure,11,36,36,0.651515,0.500000,0.777778,0.237395,0.206897,0.115385,1.000000,tn=10 fp=23 fn=0 tp=3
cross_condition,final_answer_position,closed_context_false_belief_pressure_to_evidence_emotional_pressure,12,36,36,0.636364,0.500000,0.686869,0.165741,0.200000,0.111111,1.000000,tn=9 fp=24 fn=0 tp=3
cross_condition,final_answer_position,closed_context_false_belief_pressure_to_evidence_emotional_pressure,13,36,36,0.590909,0.500000,0.696970,0.178571,0.190476,0.111111,0.666667,tn=17 fp=16 fn=1 tp=2
cross_condition,final_answer_position,closed_context_false_belief_pressure_to_evidence_emotional_pressure,14,36,36,0.530303,0.500000,0.565657,0.118226,0.160000,0.090909,0.666667,tn=13 fp=20 fn=1 tp=2
cross_condition,final_answer_position,closed_context_false_belief_pressure_to_evidence_emotional_pressure,15,36,36,0.696970,0.500000,0.525253,0.108954,0.230769,0.130435,1.000000,tn=13 fp=20 fn=0 tp=3
cross_condition,final_answer_position,closed_context_false_belief_pressure_to_evidence_emotional_pressure,16,36,36,0.348485,0.500000,0.404040,0.089290,0.000000,0.000000,0.000000,tn=23 fp=10 fn=3 tp=0
cross_condition,final_answer_position,closed_context_false_belief_pressure_to_evidence_emotional_pressure,17,36,36,0.303030,0.500000,0.313131,0.078022,0.000000,0.000000,0.000000,tn=20 fp=13 fn=3 tp=0
cross_condition,final_answer_position,closed_context_false_belief_pressure_to_evidence_emotional_pressure,18,36,36,0.227273,0.500000,0.242424,0.071442,0.000000,0.000000,0.000000,tn=15 fp=18 fn=3 tp=0
cross_condition,final_answer_position,closed_context_false_belief_pressure_to_evidence_emotional_pressure,19,36,36,0.227273,0.500000,0.212121,0.068937,0.000000,0.000000,0.000000,tn=15 fp=18 fn=3 tp=0
cross_condition,final_answer_position,closed_context_false_belief_pressure_to_evidence_emotional_pressure,20,36,36,0.348485,0.500000,0.222222,0.069312,0.000000,0.000000,0.000000,tn=23 fp=10 fn=3 tp=0
cross_condition,final_answer_position,closed_context_false_belief_pressure_to_evidence_emotional_pressure,21,36,36,0.424242,0.500000,0.333333,0.080247,0.100000,0.058824,0.333333,tn=17 fp=16 fn=2 tp=1
cross_condition,final_answer_position,closed_context_false_belief_pressure_to_evidence_emotional_pressure,22,36,36,0.378788,0.500000,0.414141,0.089669,0.000000,0.000000,0.000000,tn=25 fp=8 fn=3 tp=0
cross_condition,final_answer_position,closed_context_false_belief_pressure_to_evidence_emotional_pressure,23,36,36,0.318182,0.500000,0.494949,0.102513,0.000000,0.000000,0.000000,tn=21 fp=12 fn=3 tp=0
cross_condition,final_answer_position,closed_context_false_belief_pressure_to_evidence_emotional_pressure,24,36,36,0.454545,0.500000,0.474747,0.103704,0.111111,0.066667,0.333333,tn=19 fp=14 fn=2 tp=1
cross_condition,final_answer_position,closed_context_false_belief_pressure_to_evidence_emotional_pressure,25,36,36,0.287879,0.500000,0.373737,0.084302,0.000000,0.000000,0.000000,tn=19 fp=14 fn=3 tp=0
cross_condition,final_answer_position,closed_context_false_belief_pressure_to_evidence_emotional_pressure,26,36,36,0.272727,0.500000,0.242424,0.071219,0.000000,0.000000,0.000000,tn=18 fp=15 fn=3 tp=0
cross_condition,final_answer_position,closed_context_false_belief_pressure_to_evidence_emotional_pressure,27,36,36,0.257576,0.500000,0.202020,0.068369,0.000000,0.000000,0.000000,tn=17 fp=16 fn=3 tp=0
cross_condition,final_answer_position,closed_context_false_belief_pressure_to_evidence_emotional_pressure,28,36,36,0.227273,0.500000,0.191919,0.068067,0.000000,0.000000,0.000000,tn=15 fp=18 fn=3 tp=0
cross_condition,final_answer_position,closed_context_false_belief_pressure_to_evidence_emotional_pressure,29,36,36,0.409091,0.500000,0.262626,0.072757,0.095238,0.055556,0.333333,tn=16 fp=17 fn=2 tp=1
cross_condition,final_answer_position,closed_context_false_belief_pressure_to_evidence_emotional_pressure,30,36,36,0.393939,0.500000,0.252525,0.073139,0.090909,0.052632,0.333333,tn=15 fp=18 fn=2 tp=1
cross_condition,final_answer_position,closed_context_false_belief_pressure_to_evidence_emotional_pressure,31,36,36,0.287879,0.500000,0.282828,0.077275,0.068966,0.038462,0.333333,tn=8 fp=25 fn=2 tp=1
cross_condition,final_answer_position,closed_context_false_belief_pressure_to_evidence_emotional_pressure,32,36,36,0.348485,0.500000,0.262626,0.073856,0.080000,0.045455,0.333333,tn=12 fp=21 fn=2 tp=1
cross_condition,final_answer_position,closed_context_false_belief_pressure_to_evidence_emotional_pressure,33,36,36,0.439394,0.500000,0.232323,0.071836,0.105263,0.062500,0.333333,tn=18 fp=15 fn=2 tp=1
cross_condition,final_answer_position,closed_context_false_belief_pressure_to_evidence_emotional_pressure,34,36,36,0.348485,0.500000,0.222222,0.070447,0.000000,0.000000,0.000000,tn=23 fp=10 fn=3 tp=0
cross_condition,final_answer_position,closed_context_false_belief_pressure_to_evidence_emotional_pressure,35,36,36,0.439394,0.500000,0.282828,0.089646,0.105263,0.062500,0.333333,tn=18 fp=15 fn=2 tp=1
neutral_vulnerability,end_of_evidence_block,closed_context_false_belief_pressure,0,36,36,0.458065,0.500000,0.432258,0.154391,0.181818,0.117647,0.400000,tn=16 fp=15 fn=3 tp=2
neutral_vulnerability,end_of_evidence_block,closed_context_false_belief_pressure,1,36,36,0.590323,0.500000,0.509677,0.163924,0.285714,0.187500,0.600000,tn=18 fp=13 fn=2 tp=3
neutral_vulnerability,end_of_evidence_block,closed_context_false_belief_pressure,2,36,36,0.374194,0.500000,0.219355,0.104949,0.100000,0.066667,0.200000,tn=17 fp=14 fn=4 tp=1
neutral_vulnerability,end_of_evidence_block,closed_context_false_belief_pressure,3,36,36,0.225806,0.500000,0.167742,0.098615,0.000000,0.000000,0.000000,tn=14 fp=17 fn=5 tp=0
neutral_vulnerability,end_of_evidence_block,closed_context_false_belief_pressure,4,36,36,0.341935,0.500000,0.393548,0.130933,0.090909,0.058824,0.200000,tn=15 fp=16 fn=4 tp=1
neutral_vulnerability,end_of_evidence_block,closed_context_false_belief_pressure,5,36,36,0.425806,0.500000,0.412903,0.132804,0.166667,0.105263,0.400000,tn=14 fp=17 fn=3 tp=2
neutral_vulnerability,end_of_evidence_block,closed_context_false_belief_pressure,6,36,36,0.441935,0.500000,0.438710,0.142474,0.173913,0.111111,0.400000,tn=15 fp=16 fn=3 tp=2
neutral_vulnerability,end_of_evidence_block,closed_context_false_belief_pressure,7,36,36,0.474194,0.500000,0.490323,0.158510,0.190476,0.125000,0.400000,tn=17 fp=14 fn=3 tp=2
neutral_vulnerability,end_of_evidence_block,closed_context_false_belief_pressure,8,36,36,0.658065,0.500000,0.580645,0.199921,0.333333,0.210526,0.800000,tn=16 fp=15 fn=1 tp=4
neutral_vulnerability,end_of_evidence_block,closed_context_false_belief_pressure,9,36,36,0.641935,0.500000,0.574194,0.197792,0.320000,0.200000,0.800000,tn=15 fp=16 fn=1 tp=4
neutral_vulnerability,end_of_evidence_block,closed_context_false_belief_pressure,10,36,36,0.690323,0.500000,0.651613,0.270110,0.363636,0.235294,0.800000,tn=18 fp=13 fn=1 tp=4
neutral_vulnerability,end_of_evidence_block,closed_context_false_belief_pressure,11,36,36,0.674194,0.500000,0.677419,0.289412,0.347826,0.222222,0.800000,tn=17 fp=14 fn=1 tp=4
neutral_vulnerability,end_of_evidence_block,closed_context_false_belief_pressure,12,36,36,0.558065,0.500000,0.651613,0.303636,0.260870,0.166667,0.600000,tn=16 fp=15 fn=2 tp=3
neutral_vulnerability,end_of_evidence_block,closed_context_false_belief_pressure,13,36,36,0.606452,0.500000,0.651613,0.331752,0.300000,0.200000,0.600000,tn=19 fp=12 fn=2 tp=3
neutral_vulnerability,end_of_evidence_block,closed_context_false_belief_pressure,14,36,36,0.590323,0.500000,0.638710,0.244656,0.285714,0.187500,0.600000,tn=18 fp=13 fn=2 tp=3
neutral_vulnerability,end_of_evidence_block,closed_context_false_belief_pressure,15,36,36,0.606452,0.500000,0.664516,0.231737,0.300000,0.200000,0.600000,tn=19 fp=12 fn=2 tp=3
neutral_vulnerability,end_of_evidence_block,closed_context_false_belief_pressure,16,36,36,0.490323,0.500000,0.612903,0.191860,0.200000,0.133333,0.400000,tn=18 fp=13 fn=3 tp=2
neutral_vulnerability,end_of_evidence_block,closed_context_false_belief_pressure,17,36,36,0.638710,0.500000,0.606452,0.204483,0.333333,0.230769,0.600000,tn=21 fp=10 fn=2 tp=3
neutral_vulnerability,end_of_evidence_block,closed_context_false_belief_pressure,18,36,36,0.622581,0.500000,0.600000,0.199445,0.315789,0.214286,0.600000,tn=20 fp=11 fn=2 tp=3
neutral_vulnerability,end_of_evidence_block,closed_context_false_belief_pressure,19,36,36,0.622581,0.500000,0.703226,0.253954,0.315789,0.214286,0.600000,tn=20 fp=11 fn=2 tp=3
neutral_vulnerability,end_of_evidence_block,closed_context_false_belief_pressure,20,36,36,0.722581,0.500000,0.722581,0.255928,0.400000,0.266667,0.800000,tn=20 fp=11 fn=1 tp=4
neutral_vulnerability,end_of_evidence_block,closed_context_false_belief_pressure,21,36,36,0.654839,0.500000,0.741935,0.258633,0.352941,0.250000,0.600000,tn=22 fp=9 fn=2 tp=3
neutral_vulnerability,end_of_evidence_block,closed_context_false_belief_pressure,22,36,36,0.838710,0.500000,0.780645,0.288571,0.500000,0.333333,1.000000,tn=21 fp=10 fn=0 tp=5
neutral_vulnerability,end_of_evidence_block,closed_context_false_belief_pressure,23,36,36,0.722581,0.500000,0.729032,0.248028,0.400000,0.266667,0.800000,tn=20 fp=11 fn=1 tp=4
neutral_vulnerability,end_of_evidence_block,closed_context_false_belief_pressure,24,36,36,0.638710,0.500000,0.696774,0.227055,0.333333,0.230769,0.600000,tn=21 fp=10 fn=2 tp=3
neutral_vulnerability,end_of_evidence_block,closed_context_false_belief_pressure,25,36,36,0.406452,0.500000,0.606452,0.187183,0.111111,0.076923,0.200000,tn=19 fp=12 fn=4 tp=1
neutral_vulnerability,end_of_evidence_block,closed_context_false_belief_pressure,26,36,36,0.406452,0.500000,0.580645,0.178095,0.111111,0.076923,0.200000,tn=19 fp=12 fn=4 tp=1
neutral_vulnerability,end_of_evidence_block,closed_context_false_belief_pressure,27,36,36,0.506452,0.500000,0.548387,0.169459,0.210526,0.142857,0.400000,tn=19 fp=12 fn=3 tp=2
neutral_vulnerability,end_of_evidence_block,closed_context_false_belief_pressure,28,36,36,0.490323,0.500000,0.606452,0.195913,0.200000,0.133333,0.400000,tn=18 fp=13 fn=3 tp=2
neutral_vulnerability,end_of_evidence_block,closed_context_false_belief_pressure,29,36,36,0.490323,0.500000,0.574194,0.177753,0.200000,0.133333,0.400000,tn=18 fp=13 fn=3 tp=2
neutral_vulnerability,end_of_evidence_block,closed_context_false_belief_pressure,30,36,36,0.590323,0.500000,0.490323,0.159456,0.285714,0.187500,0.600000,tn=18 fp=13 fn=2 tp=3
neutral_vulnerability,end_of_evidence_block,closed_context_false_belief_pressure,31,36,36,0.606452,0.500000,0.464516,0.154107,0.300000,0.200000,0.600000,tn=19 fp=12 fn=2 tp=3
neutral_vulnerability,end_of_evidence_block,closed_context_false_belief_pressure,32,36,36,0.606452,0.500000,0.496774,0.166208,0.300000,0.200000,0.600000,tn=19 fp=12 fn=2 tp=3
neutral_vulnerability,end_of_evidence_block,closed_context_false_belief_pressure,33,36,36,0.454839,0.500000,0.464516,0.156190,0.133333,0.100000,0.200000,tn=22 fp=9 fn=4 tp=1
neutral_vulnerability,end_of_evidence_block,closed_context_false_belief_pressure,34,36,36,0.554839,0.500000,0.432258,0.143976,0.250000,0.181818,0.400000,tn=22 fp=9 fn=3 tp=2
neutral_vulnerability,end_of_evidence_block,closed_context_false_belief_pressure,35,36,36,0.522581,0.500000,0.554839,0.177791,0.222222,0.153846,0.400000,tn=20 fp=11 fn=3 tp=2
neutral_vulnerability,end_of_question_block,closed_context_false_belief_pressure,0,36,36,0.590323,0.500000,0.664516,0.214165,0.285714,0.187500,0.600000,tn=18 fp=13 fn=2 tp=3
neutral_vulnerability,end_of_question_block,closed_context_false_belief_pressure,1,36,36,0.474194,0.500000,0.548387,0.169038,0.190476,0.125000,0.400000,tn=17 fp=14 fn=3 tp=2
neutral_vulnerability,end_of_question_block,closed_context_false_belief_pressure,2,36,36,0.606452,0.500000,0.516129,0.167912,0.300000,0.200000,0.600000,tn=19 fp=12 fn=2 tp=3
neutral_vulnerability,end_of_question_block,closed_context_false_belief_pressure,3,36,36,0.490323,0.500000,0.438710,0.141362,0.200000,0.133333,0.400000,tn=18 fp=13 fn=3 tp=2
neutral_vulnerability,end_of_question_block,closed_context_false_belief_pressure,4,36,36,0.374194,0.500000,0.458065,0.145991,0.100000,0.066667,0.200000,tn=17 fp=14 fn=4 tp=1
neutral_vulnerability,end_of_question_block,closed_context_false_belief_pressure,5,36,36,0.490323,0.500000,0.451613,0.150254,0.200000,0.133333,0.400000,tn=18 fp=13 fn=3 tp=2
neutral_vulnerability,end_of_question_block,closed_context_false_belief_pressure,6,36,36,0.406452,0.500000,0.470968,0.152713,0.111111,0.076923,0.200000,tn=19 fp=12 fn=4 tp=1
neutral_vulnerability,end_of_question_block,closed_context_false_belief_pressure,7,36,36,0.458065,0.500000,0.432258,0.141431,0.181818,0.117647,0.400000,tn=16 fp=15 fn=3 tp=2
neutral_vulnerability,end_of_question_block,closed_context_false_belief_pressure,8,36,36,0.241935,0.500000,0.367742,0.128830,0.000000,0.000000,0.000000,tn=15 fp=16 fn=5 tp=0
neutral_vulnerability,end_of_question_block,closed_context_false_belief_pressure,9,36,36,0.325806,0.500000,0.354839,0.125518,0.086957,0.055556,0.200000,tn=14 fp=17 fn=4 tp=1
neutral_vulnerability,end_of_question_block,closed_context_false_belief_pressure,10,36,36,0.341935,0.500000,0.400000,0.133964,0.090909,0.058824,0.200000,tn=15 fp=16 fn=4 tp=1
neutral_vulnerability,end_of_question_block,closed_context_false_belief_pressure,11,36,36,0.541935,0.500000,0.425806,0.136798,0.250000,0.157895,0.600000,tn=15 fp=16 fn=2 tp=3
neutral_vulnerability,end_of_question_block,closed_context_false_belief_pressure,12,36,36,0.341935,0.500000,0.348387,0.122541,0.090909,0.058824,0.200000,tn=15 fp=16 fn=4 tp=1
neutral_vulnerability,end_of_question_block,closed_context_false_belief_pressure,13,36,36,0.425806,0.500000,0.380645,0.128136,0.166667,0.105263,0.400000,tn=14 fp=17 fn=3 tp=2
neutral_vulnerability,end_of_question_block,closed_context_false_belief_pressure,14,36,36,0.509677,0.500000,0.477419,0.154482,0.230769,0.142857,0.600000,tn=13 fp=18 fn=2 tp=3
neutral_vulnerability,end_of_question_block,closed_context_false_belief_pressure,15,36,36,0.409677,0.500000,0.445161,0.140124,0.160000,0.100000,0.400000,tn=13 fp=18 fn=3 tp=2
neutral_vulnerability,end_of_question_block,closed_context_false_belief_pressure,16,36,36,0.409677,0.500000,0.406452,0.132434,0.160000,0.100000,0.400000,tn=13 fp=18 fn=3 tp=2
neutral_vulnerability,end_of_question_block,closed_context_false_belief_pressure,17,36,36,0.358065,0.500000,0.458065,0.144038,0.095238,0.062500,0.200000,tn=16 fp=15 fn=4 tp=1
neutral_vulnerability,end_of_question_block,closed_context_false_belief_pressure,18,36,36,0.325806,0.500000,0.258065,0.108577,0.086957,0.055556,0.200000,tn=14 fp=17 fn=4 tp=1
neutral_vulnerability,end_of_question_block,closed_context_false_belief_pressure,19,36,36,0.309677,0.500000,0.238710,0.106054,0.083333,0.052632,0.200000,tn=13 fp=18 fn=4 tp=1
neutral_vulnerability,end_of_question_block,closed_context_false_belief_pressure,20,36,36,0.293548,0.500000,0.245161,0.108905,0.080000,0.050000,0.200000,tn=12 fp=19 fn=4 tp=1
neutral_vulnerability,end_of_question_block,closed_context_false_belief_pressure,21,36,36,0.341935,0.500000,0.238710,0.108375,0.090909,0.058824,0.200000,tn=15 fp=16 fn=4 tp=1
neutral_vulnerability,end_of_question_block,closed_context_false_belief_pressure,22,36,36,0.325806,0.500000,0.212903,0.103706,0.086957,0.055556,0.200000,tn=14 fp=17 fn=4 tp=1
neutral_vulnerability,end_of_question_block,closed_context_false_belief_pressure,23,36,36,0.209677,0.500000,0.206452,0.103143,0.000000,0.000000,0.000000,tn=13 fp=18 fn=5 tp=0
neutral_vulnerability,end_of_question_block,closed_context_false_belief_pressure,24,36,36,0.325806,0.500000,0.232258,0.105099,0.086957,0.055556,0.200000,tn=14 fp=17 fn=4 tp=1
neutral_vulnerability,end_of_question_block,closed_context_false_belief_pressure,25,36,36,0.425806,0.500000,0.316129,0.116746,0.166667,0.105263,0.400000,tn=14 fp=17 fn=3 tp=2
neutral_vulnerability,end_of_question_block,closed_context_false_belief_pressure,26,36,36,0.425806,0.500000,0.329032,0.119476,0.166667,0.105263,0.400000,tn=14 fp=17 fn=3 tp=2
neutral_vulnerability,end_of_question_block,closed_context_false_belief_pressure,27,36,36,0.441935,0.500000,0.387097,0.131656,0.173913,0.111111,0.400000,tn=15 fp=16 fn=3 tp=2
neutral_vulnerability,end_of_question_block,closed_context_false_belief_pressure,28,36,36,0.441935,0.500000,0.348387,0.124943,0.173913,0.111111,0.400000,tn=15 fp=16 fn=3 tp=2
neutral_vulnerability,end_of_question_block,closed_context_false_belief_pressure,29,36,36,0.341935,0.500000,0.329032,0.120634,0.090909,0.058824,0.200000,tn=15 fp=16 fn=4 tp=1
neutral_vulnerability,end_of_question_block,closed_context_false_belief_pressure,30,36,36,0.425806,0.500000,0.341935,0.123368,0.166667,0.105263,0.400000,tn=14 fp=17 fn=3 tp=2
neutral_vulnerability,end_of_question_block,closed_context_false_belief_pressure,31,36,36,0.458065,0.500000,0.348387,0.125848,0.181818,0.117647,0.400000,tn=16 fp=15 fn=3 tp=2
neutral_vulnerability,end_of_question_block,closed_context_false_belief_pressure,32,36,36,0.458065,0.500000,0.354839,0.125737,0.181818,0.117647,0.400000,tn=16 fp=15 fn=3 tp=2
neutral_vulnerability,end_of_question_block,closed_context_false_belief_pressure,33,36,36,0.458065,0.500000,0.348387,0.123736,0.181818,0.117647,0.400000,tn=16 fp=15 fn=3 tp=2
neutral_vulnerability,end_of_question_block,closed_context_false_belief_pressure,34,36,36,0.241935,0.500000,0.277419,0.111739,0.000000,0.000000,0.000000,tn=15 fp=16 fn=5 tp=0
neutral_vulnerability,end_of_question_block,closed_context_false_belief_pressure,35,36,36,0.341935,0.500000,0.354839,0.123109,0.090909,0.058824,0.200000,tn=15 fp=16 fn=4 tp=1
neutral_vulnerability,end_of_answer_choices,closed_context_false_belief_pressure,0,36,36,0.393548,0.500000,0.451613,0.141387,0.153846,0.095238,0.400000,tn=12 fp=19 fn=3 tp=2
neutral_vulnerability,end_of_answer_choices,closed_context_false_belief_pressure,1,36,36,0.493548,0.500000,0.554839,0.180108,0.222222,0.136364,0.600000,tn=12 fp=19 fn=2 tp=3
neutral_vulnerability,end_of_answer_choices,closed_context_false_belief_pressure,2,36,36,0.658065,0.500000,0.548387,0.173130,0.333333,0.210526,0.800000,tn=16 fp=15 fn=1 tp=4
neutral_vulnerability,end_of_answer_choices,closed_context_false_belief_pressure,3,36,36,0.425806,0.500000,0.412903,0.133838,0.166667,0.105263,0.400000,tn=14 fp=17 fn=3 tp=2
neutral_vulnerability,end_of_answer_choices,closed_context_false_belief_pressure,4,36,36,0.441935,0.500000,0.374194,0.127713,0.173913,0.111111,0.400000,tn=15 fp=16 fn=3 tp=2
neutral_vulnerability,end_of_answer_choices,closed_context_false_belief_pressure,5,36,36,0.441935,0.500000,0.548387,0.173378,0.173913,0.111111,0.400000,tn=15 fp=16 fn=3 tp=2
neutral_vulnerability,end_of_answer_choices,closed_context_false_belief_pressure,6,36,36,0.474194,0.500000,0.432258,0.141254,0.190476,0.125000,0.400000,tn=17 fp=14 fn=3 tp=2
neutral_vulnerability,end_of_answer_choices,closed_context_false_belief_pressure,7,36,36,0.458065,0.500000,0.380645,0.131916,0.181818,0.117647,0.400000,tn=16 fp=15 fn=3 tp=2
neutral_vulnerability,end_of_answer_choices,closed_context_false_belief_pressure,8,36,36,0.558065,0.500000,0.387097,0.140332,0.260870,0.166667,0.600000,tn=16 fp=15 fn=2 tp=3
neutral_vulnerability,end_of_answer_choices,closed_context_false_belief_pressure,9,36,36,0.558065,0.500000,0.425806,0.154879,0.260870,0.166667,0.600000,tn=16 fp=15 fn=2 tp=3
neutral_vulnerability,end_of_answer_choices,closed_context_false_belief_pressure,10,36,36,0.590323,0.500000,0.432258,0.158427,0.285714,0.187500,0.600000,tn=18 fp=13 fn=2 tp=3
neutral_vulnerability,end_of_answer_choices,closed_context_false_belief_pressure,11,36,36,0.574194,0.500000,0.464516,0.165794,0.272727,0.176471,0.600000,tn=17 fp=14 fn=2 tp=3
neutral_vulnerability,end_of_answer_choices,closed_context_false_belief_pressure,12,36,36,0.590323,0.500000,0.522581,0.213584,0.285714,0.187500,0.600000,tn=18 fp=13 fn=2 tp=3
neutral_vulnerability,end_of_answer_choices,closed_context_false_belief_pressure,13,36,36,0.558065,0.500000,0.496774,0.188099,0.260870,0.166667,0.600000,tn=16 fp=15 fn=2 tp=3
neutral_vulnerability,end_of_answer_choices,closed_context_false_belief_pressure,14,36,36,0.425806,0.500000,0.303226,0.116228,0.166667,0.105263,0.400000,tn=14 fp=17 fn=3 tp=2
neutral_vulnerability,end_of_answer_choices,closed_context_false_belief_pressure,15,36,36,0.425806,0.500000,0.374194,0.126749,0.166667,0.105263,0.400000,tn=14 fp=17 fn=3 tp=2
neutral_vulnerability,end_of_answer_choices,closed_context_false_belief_pressure,16,36,36,0.409677,0.500000,0.380645,0.128182,0.160000,0.100000,0.400000,tn=13 fp=18 fn=3 tp=2
neutral_vulnerability,end_of_answer_choices,closed_context_false_belief_pressure,17,36,36,0.441935,0.500000,0.445161,0.144808,0.173913,0.111111,0.400000,tn=15 fp=16 fn=3 tp=2
neutral_vulnerability,end_of_answer_choices,closed_context_false_belief_pressure,18,36,36,0.409677,0.500000,0.412903,0.135943,0.160000,0.100000,0.400000,tn=13 fp=18 fn=3 tp=2
neutral_vulnerability,end_of_answer_choices,closed_context_false_belief_pressure,19,36,36,0.358065,0.500000,0.316129,0.116881,0.095238,0.062500,0.200000,tn=16 fp=15 fn=4 tp=1
neutral_vulnerability,end_of_answer_choices,closed_context_false_belief_pressure,20,36,36,0.358065,0.500000,0.277419,0.111064,0.095238,0.062500,0.200000,tn=16 fp=15 fn=4 tp=1
neutral_vulnerability,end_of_answer_choices,closed_context_false_belief_pressure,21,36,36,0.341935,0.500000,0.309677,0.116019,0.090909,0.058824,0.200000,tn=15 fp=16 fn=4 tp=1
neutral_vulnerability,end_of_answer_choices,closed_context_false_belief_pressure,22,36,36,0.358065,0.500000,0.341935,0.120878,0.095238,0.062500,0.200000,tn=16 fp=15 fn=4 tp=1
neutral_vulnerability,end_of_answer_choices,closed_context_false_belief_pressure,23,36,36,0.309677,0.500000,0.354839,0.123374,0.083333,0.052632,0.200000,tn=13 fp=18 fn=4 tp=1
neutral_vulnerability,end_of_answer_choices,closed_context_false_belief_pressure,24,36,36,0.341935,0.500000,0.316129,0.117180,0.090909,0.058824,0.200000,tn=15 fp=16 fn=4 tp=1
neutral_vulnerability,end_of_answer_choices,closed_context_false_belief_pressure,25,36,36,0.458065,0.500000,0.464516,0.148722,0.181818,0.117647,0.400000,tn=16 fp=15 fn=3 tp=2
neutral_vulnerability,end_of_answer_choices,closed_context_false_belief_pressure,26,36,36,0.541935,0.500000,0.477419,0.150453,0.250000,0.157895,0.600000,tn=15 fp=16 fn=2 tp=3
neutral_vulnerability,end_of_answer_choices,closed_context_false_belief_pressure,27,36,36,0.441935,0.500000,0.477419,0.151492,0.173913,0.111111,0.400000,tn=15 fp=16 fn=3 tp=2
neutral_vulnerability,end_of_answer_choices,closed_context_false_belief_pressure,28,36,36,0.474194,0.500000,0.477419,0.149582,0.190476,0.125000,0.400000,tn=17 fp=14 fn=3 tp=2
neutral_vulnerability,end_of_answer_choices,closed_context_false_belief_pressure,29,36,36,0.458065,0.500000,0.445161,0.142291,0.181818,0.117647,0.400000,tn=16 fp=15 fn=3 tp=2
neutral_vulnerability,end_of_answer_choices,closed_context_false_belief_pressure,30,36,36,0.441935,0.500000,0.419355,0.137539,0.173913,0.111111,0.400000,tn=15 fp=16 fn=3 tp=2
neutral_vulnerability,end_of_answer_choices,closed_context_false_belief_pressure,31,36,36,0.558065,0.500000,0.432258,0.140894,0.260870,0.166667,0.600000,tn=16 fp=15 fn=2 tp=3
neutral_vulnerability,end_of_answer_choices,closed_context_false_belief_pressure,32,36,36,0.558065,0.500000,0.419355,0.138111,0.260870,0.166667,0.600000,tn=16 fp=15 fn=2 tp=3
neutral_vulnerability,end_of_answer_choices,closed_context_false_belief_pressure,33,36,36,0.541935,0.500000,0.432258,0.140720,0.250000,0.157895,0.600000,tn=15 fp=16 fn=2 tp=3
neutral_vulnerability,end_of_answer_choices,closed_context_false_belief_pressure,34,36,36,0.525806,0.500000,0.393548,0.132164,0.240000,0.150000,0.600000,tn=14 fp=17 fn=2 tp=3
neutral_vulnerability,end_of_answer_choices,closed_context_false_belief_pressure,35,36,36,0.525806,0.500000,0.432258,0.142669,0.240000,0.150000,0.600000,tn=14 fp=17 fn=2 tp=3
