analysis,anchor,family_id,fold_id,layer,pair,y_baseline_pred,y_pred,y_score,y_true
overall_harmful,end_of_user_message,academic_attendance_019,0,0,all_conditions_pooled,0,1,291.1002698522176,0
overall_harmful,end_of_user_message,academic_attendance_019,0,0,all_conditions_pooled,0,0,-313.01503720193847,1
overall_harmful,end_of_user_message,academic_attendance_019,0,0,all_conditions_pooled,0,1,109.42160553870829,0
overall_harmful,end_of_user_message,academic_grading_018,1,0,all_conditions_pooled,0,0,-211.06957478553323,0
overall_harmful,end_of_user_message,academic_grading_018,1,0,all_conditions_pooled,0,0,-215.98624798820128,0
overall_harmful,end_of_user_message,academic_grading_018,1,0,all_conditions_pooled,0,0,-141.28518816561916,0
overall_harmful,end_of_user_message,academic_latework_020,2,0,all_conditions_pooled,0,1,129.59609820077088,0
overall_harmful,end_of_user_message,academic_latework_020,2,0,all_conditions_pooled,0,1,75.58180302259234,0
overall_harmful,end_of_user_message,academic_latework_020,2,0,all_conditions_pooled,0,1,140.21117024198972,0
overall_harmful,end_of_user_message,academic_prereq_017,3,0,all_conditions_pooled,0,1,290.59437074039636,0
overall_harmful,end_of_user_message,academic_prereq_017,3,0,all_conditions_pooled,0,1,186.85906816833673,0
overall_harmful,end_of_user_message,academic_prereq_017,3,0,all_conditions_pooled,0,1,296.1502073936486,0
overall_harmful,end_of_user_message,contract_rental_029,4,0,all_conditions_pooled,0,0,-214.59173922283986,0
overall_harmful,end_of_user_message,contract_rental_029,4,0,all_conditions_pooled,0,0,-321.25475730613664,0
overall_harmful,end_of_user_message,contract_rental_029,4,0,all_conditions_pooled,0,0,-162.16233954891007,0
overall_harmful,end_of_user_message,contract_service_030,5,0,all_conditions_pooled,0,1,194.71952276473098,0
overall_harmful,end_of_user_message,contract_service_030,5,0,all_conditions_pooled,0,1,172.75988479614836,0
overall_harmful,end_of_user_message,contract_service_030,5,0,all_conditions_pooled,0,1,295.67177174160605,0
overall_harmful,end_of_user_message,contract_ticket_032,6,0,all_conditions_pooled,0,1,66.1394155025005,0
overall_harmful,end_of_user_message,contract_ticket_032,6,0,all_conditions_pooled,0,0,-75.66750355412411,0
overall_harmful,end_of_user_message,contract_ticket_032,6,0,all_conditions_pooled,0,1,46.0307926886522,0
overall_harmful,end_of_user_message,contract_warranty_031,7,0,all_conditions_pooled,0,1,70.43950481554654,0
overall_harmful,end_of_user_message,contract_warranty_031,7,0,all_conditions_pooled,0,1,157.57237364836615,0
overall_harmful,end_of_user_message,contract_warranty_031,7,0,all_conditions_pooled,0,1,288.0728811148937,0
overall_harmful,end_of_user_message,finance_budget_007,8,0,all_conditions_pooled,0,0,-366.6474084796853,0
overall_harmful,end_of_user_message,finance_budget_007,8,0,all_conditions_pooled,0,0,-451.9917791755596,0
overall_harmful,end_of_user_message,finance_budget_007,8,0,all_conditions_pooled,0,0,-312.5777066216772,0
overall_harmful,end_of_user_message,finance_coupon_006,9,0,all_conditions_pooled,0,0,-124.61232583829077,0
overall_harmful,end_of_user_message,finance_coupon_006,9,0,all_conditions_pooled,0,0,-160.68390485719505,0
overall_harmful,end_of_user_message,finance_coupon_006,9,0,all_conditions_pooled,0,0,-47.64984915024337,0
overall_harmful,end_of_user_message,finance_membership_008,10,0,all_conditions_pooled,0,0,-7.460873771240248,0
overall_harmful,end_of_user_message,finance_membership_008,10,0,all_conditions_pooled,0,0,-54.831635323954984,0
overall_harmful,end_of_user_message,finance_membership_008,10,0,all_conditions_pooled,0,1,31.119233715379032,0
overall_harmful,end_of_user_message,finance_refund_005,11,0,all_conditions_pooled,0,0,-486.13807855882976,0
overall_harmful,end_of_user_message,finance_refund_005,11,0,all_conditions_pooled,0,0,-421.10363600978616,0
overall_harmful,end_of_user_message,finance_refund_005,11,0,all_conditions_pooled,0,0,-270.68436190049016,0
overall_harmful,end_of_user_message,logic_access_033,12,0,all_conditions_pooled,0,0,-458.09084696232617,0
overall_harmful,end_of_user_message,logic_access_033,12,0,all_conditions_pooled,0,0,-469.87230184280304,0
overall_harmful,end_of_user_message,logic_access_033,12,0,all_conditions_pooled,0,0,-303.3115069609941,0
overall_harmful,end_of_user_message,logic_eligibility_034,13,0,all_conditions_pooled,0,1,122.75935647627,0
overall_harmful,end_of_user_message,logic_eligibility_034,13,0,all_conditions_pooled,0,0,-11.5444010238247,0
overall_harmful,end_of_user_message,logic_eligibility_034,13,0,all_conditions_pooled,0,1,166.42506954796067,0
overall_harmful,end_of_user_message,logic_shipping_035,14,0,all_conditions_pooled,0,0,-55.513894218355745,0
overall_harmful,end_of_user_message,logic_shipping_035,14,0,all_conditions_pooled,0,0,-58.978811626399164,0
overall_harmful,end_of_user_message,logic_shipping_035,14,0,all_conditions_pooled,0,0,-109.38241117184293,1
overall_harmful,end_of_user_message,logic_tournament_036,15,0,all_conditions_pooled,0,1,80.71991914200721,0
overall_harmful,end_of_user_message,logic_tournament_036,15,0,all_conditions_pooled,0,1,130.83752367711102,0
overall_harmful,end_of_user_message,logic_tournament_036,15,0,all_conditions_pooled,0,1,223.234651381285,0
overall_harmful,end_of_user_message,policy_lab_access_002,16,0,all_conditions_pooled,0,0,-32.17728660145545,0
overall_harmful,end_of_user_message,policy_lab_access_002,16,0,all_conditions_pooled,0,0,-174.01672777599504,0
overall_harmful,end_of_user_message,policy_lab_access_002,16,0,all_conditions_pooled,0,0,-60.36187395367425,0
overall_harmful,end_of_user_message,policy_library_checkout_003,17,0,all_conditions_pooled,0,0,-2.384201791830044,0
overall_harmful,end_of_user_message,policy_library_checkout_003,17,0,all_conditions_pooled,0,0,-103.05055037638094,0
overall_harmful,end_of_user_message,policy_library_checkout_003,17,0,all_conditions_pooled,0,1,61.05469386396676,0
overall_harmful,end_of_user_message,policy_lunch_pass_001,18,0,all_conditions_pooled,0,1,90.90041519975327,0
overall_harmful,end_of_user_message,policy_lunch_pass_001,18,0,all_conditions_pooled,0,1,33.20060718245579,0
overall_harmful,end_of_user_message,policy_lunch_pass_001,18,0,all_conditions_pooled,0,1,187.79537584912123,0
overall_harmful,end_of_user_message,policy_rec_center_004,19,0,all_conditions_pooled,0,0,-432.4019803360519,1
overall_harmful,end_of_user_message,policy_rec_center_004,19,0,all_conditions_pooled,0,0,-171.53868431434165,0
overall_harmful,end_of_user_message,policy_rec_center_004,19,0,all_conditions_pooled,0,0,-182.0485380059418,0
overall_harmful,end_of_user_message,product_specs_025,20,0,all_conditions_pooled,0,1,126.00348427012977,0
overall_harmful,end_of_user_message,product_specs_025,20,0,all_conditions_pooled,0,1,63.38691665792453,0
overall_harmful,end_of_user_message,product_specs_025,20,0,all_conditions_pooled,0,1,195.40539274004982,0
overall_harmful,end_of_user_message,product_specs_026,21,0,all_conditions_pooled,0,1,10.805066632411158,0
overall_harmful,end_of_user_message,product_specs_026,21,0,all_conditions_pooled,0,1,1.3651824454522732,0
overall_harmful,end_of_user_message,product_specs_026,21,0,all_conditions_pooled,0,1,71.01917253691505,0
overall_harmful,end_of_user_message,product_specs_027,22,0,all_conditions_pooled,0,1,88.24249790774024,0
overall_harmful,end_of_user_message,product_specs_027,22,0,all_conditions_pooled,0,1,159.4430655084971,0
overall_harmful,end_of_user_message,product_specs_027,22,0,all_conditions_pooled,0,1,278.495276579194,0
overall_harmful,end_of_user_message,product_specs_028,23,0,all_conditions_pooled,0,1,145.21886653398218,0
overall_harmful,end_of_user_message,product_specs_028,23,0,all_conditions_pooled,0,1,137.36070297306088,0
overall_harmful,end_of_user_message,product_specs_028,23,0,all_conditions_pooled,0,1,233.11156874840958,0
overall_harmful,end_of_user_message,schedule_clinic_011,24,0,all_conditions_pooled,0,1,77.50003732760082,0
overall_harmful,end_of_user_message,schedule_clinic_011,24,0,all_conditions_pooled,0,0,-28.92309944240869,0
overall_harmful,end_of_user_message,schedule_clinic_011,24,0,all_conditions_pooled,0,1,85.77106431386079,0
overall_harmful,end_of_user_message,schedule_exam_010,25,0,all_conditions_pooled,0,0,-335.3205158784118,0
overall_harmful,end_of_user_message,schedule_exam_010,25,0,all_conditions_pooled,0,0,-104.05253260283092,0
overall_harmful,end_of_user_message,schedule_exam_010,25,0,all_conditions_pooled,0,0,-214.48625979243172,1
overall_harmful,end_of_user_message,schedule_train_009,26,0,all_conditions_pooled,0,1,103.35067722472357,0
overall_harmful,end_of_user_message,schedule_train_009,26,0,all_conditions_pooled,0,0,-29.91855408781196,0
overall_harmful,end_of_user_message,schedule_train_009,26,0,all_conditions_pooled,0,1,108.66436449059387,0
overall_harmful,end_of_user_message,schedule_workshop_012,27,0,all_conditions_pooled,0,1,125.08891939615182,0
overall_harmful,end_of_user_message,schedule_workshop_012,27,0,all_conditions_pooled,0,1,81.39744725704654,0
overall_harmful,end_of_user_message,schedule_workshop_012,27,0,all_conditions_pooled,0,1,154.48037606969766,0
overall_harmful,end_of_user_message,science_battery_016,28,0,all_conditions_pooled,0,0,-184.66619440646804,0
overall_harmful,end_of_user_message,science_battery_016,28,0,all_conditions_pooled,0,0,-134.32075724909458,0
overall_harmful,end_of_user_message,science_battery_016,28,0,all_conditions_pooled,0,0,-35.65838516753461,0
overall_harmful,end_of_user_message,science_mineral_014,29,0,all_conditions_pooled,0,1,49.847847571082326,0
overall_harmful,end_of_user_message,science_mineral_014,29,0,all_conditions_pooled,0,1,50.96580847346189,0
overall_harmful,end_of_user_message,science_mineral_014,29,0,all_conditions_pooled,0,1,214.92277552725494,0
overall_harmful,end_of_user_message,science_plant_013,30,0,all_conditions_pooled,0,0,-115.54697128858336,0
overall_harmful,end_of_user_message,science_plant_013,30,0,all_conditions_pooled,0,1,10.101265565421674,0
overall_harmful,end_of_user_message,science_plant_013,30,0,all_conditions_pooled,0,1,95.99012440567262,0
overall_harmful,end_of_user_message,science_weather_015,31,0,all_conditions_pooled,0,1,23.45126146001857,0
overall_harmful,end_of_user_message,science_weather_015,31,0,all_conditions_pooled,0,0,-17.820543304166947,0
overall_harmful,end_of_user_message,science_weather_015,31,0,all_conditions_pooled,0,1,91.55187793028557,0
overall_harmful,end_of_user_message,technical_api_022,32,0,all_conditions_pooled,0,1,187.9472037573854,0
overall_harmful,end_of_user_message,technical_api_022,32,0,all_conditions_pooled,0,1,138.74376744709133,0
overall_harmful,end_of_user_message,technical_api_022,32,0,all_conditions_pooled,0,1,247.36555832668176,0
overall_harmful,end_of_user_message,technical_backup_023,33,0,all_conditions_pooled,0,0,-260.1660867133412,0
overall_harmful,end_of_user_message,technical_backup_023,33,0,all_conditions_pooled,0,0,-386.4206593290405,0
overall_harmful,end_of_user_message,technical_backup_023,33,0,all_conditions_pooled,0,0,-248.00464383748263,0
overall_harmful,end_of_user_message,technical_config_021,34,0,all_conditions_pooled,0,0,-26.33866809172695,0
overall_harmful,end_of_user_message,technical_config_021,34,0,all_conditions_pooled,0,0,-162.7259865251006,0
overall_harmful,end_of_user_message,technical_config_021,34,0,all_conditions_pooled,0,1,5.06101631618375,0
overall_harmful,end_of_user_message,technical_feature_flag_024,35,0,all_conditions_pooled,0,1,136.2773042740929,0
overall_harmful,end_of_user_message,technical_feature_flag_024,35,0,all_conditions_pooled,0,1,89.49275156676539,0
overall_harmful,end_of_user_message,technical_feature_flag_024,35,0,all_conditions_pooled,0,1,229.53029467168722,0
overall_harmful,end_of_user_message,academic_attendance_019,0,1,all_conditions_pooled,0,1,266.99074206943214,0
overall_harmful,end_of_user_message,academic_attendance_019,0,1,all_conditions_pooled,0,0,-445.0003784995247,1
overall_harmful,end_of_user_message,academic_attendance_019,0,1,all_conditions_pooled,0,1,472.05677441360797,0
overall_harmful,end_of_user_message,academic_grading_018,1,1,all_conditions_pooled,0,0,-175.34267938306675,0
overall_harmful,end_of_user_message,academic_grading_018,1,1,all_conditions_pooled,0,0,-154.94922102116794,0
overall_harmful,end_of_user_message,academic_grading_018,1,1,all_conditions_pooled,0,1,152.1588713844448,0
overall_harmful,end_of_user_message,academic_latework_020,2,1,all_conditions_pooled,0,0,-78.77137565099007,0
overall_harmful,end_of_user_message,academic_latework_020,2,1,all_conditions_pooled,0,0,-8.086353721830198,0
overall_harmful,end_of_user_message,academic_latework_020,2,1,all_conditions_pooled,0,1,285.58730181472487,0
overall_harmful,end_of_user_message,academic_prereq_017,3,1,all_conditions_pooled,0,0,-109.2848873838885,0
overall_harmful,end_of_user_message,academic_prereq_017,3,1,all_conditions_pooled,0,1,0.7032800915483506,0
overall_harmful,end_of_user_message,academic_prereq_017,3,1,all_conditions_pooled,0,1,193.36650267018553,0
overall_harmful,end_of_user_message,contract_rental_029,4,1,all_conditions_pooled,0,1,35.727420211973524,0
overall_harmful,end_of_user_message,contract_rental_029,4,1,all_conditions_pooled,0,1,32.23672742378999,0
overall_harmful,end_of_user_message,contract_rental_029,4,1,all_conditions_pooled,0,1,432.787057537088,0
overall_harmful,end_of_user_message,contract_service_030,5,1,all_conditions_pooled,0,1,55.661465079168124,0
overall_harmful,end_of_user_message,contract_service_030,5,1,all_conditions_pooled,0,1,5.825981498753912,0
overall_harmful,end_of_user_message,contract_service_030,5,1,all_conditions_pooled,0,1,364.3759980136697,0
overall_harmful,end_of_user_message,contract_ticket_032,6,1,all_conditions_pooled,0,0,-163.19260223435253,0
overall_harmful,end_of_user_message,contract_ticket_032,6,1,all_conditions_pooled,0,0,-163.24037560730773,0
overall_harmful,end_of_user_message,contract_ticket_032,6,1,all_conditions_pooled,0,1,117.34456771137724,0
overall_harmful,end_of_user_message,contract_warranty_031,7,1,all_conditions_pooled,0,0,-46.15947009087667,0
overall_harmful,end_of_user_message,contract_warranty_031,7,1,all_conditions_pooled,0,0,-15.331106617702558,0
overall_harmful,end_of_user_message,contract_warranty_031,7,1,all_conditions_pooled,0,1,282.21000944276227,0
overall_harmful,end_of_user_message,finance_budget_007,8,1,all_conditions_pooled,0,0,-341.00743006513005,0
overall_harmful,end_of_user_message,finance_budget_007,8,1,all_conditions_pooled,0,0,-397.8971353277144,0
overall_harmful,end_of_user_message,finance_budget_007,8,1,all_conditions_pooled,0,0,-9.336261632462973,0
overall_harmful,end_of_user_message,finance_coupon_006,9,1,all_conditions_pooled,0,0,-75.03577934694094,0
overall_harmful,end_of_user_message,finance_coupon_006,9,1,all_conditions_pooled,0,0,-84.4193698700634,0
overall_harmful,end_of_user_message,finance_coupon_006,9,1,all_conditions_pooled,0,1,261.0438549400378,0
overall_harmful,end_of_user_message,finance_membership_008,10,1,all_conditions_pooled,0,0,-212.86715233133447,0
overall_harmful,end_of_user_message,finance_membership_008,10,1,all_conditions_pooled,0,0,-107.72186492511258,0
overall_harmful,end_of_user_message,finance_membership_008,10,1,all_conditions_pooled,0,1,171.53823736375932,0
overall_harmful,end_of_user_message,finance_refund_005,11,1,all_conditions_pooled,0,0,-427.0611549540205,0
overall_harmful,end_of_user_message,finance_refund_005,11,1,all_conditions_pooled,0,0,-414.4833836945076,0
overall_harmful,end_of_user_message,finance_refund_005,11,1,all_conditions_pooled,0,0,-100.56023799071187,0
overall_harmful,end_of_user_message,logic_access_033,12,1,all_conditions_pooled,0,0,-376.1676247425326,0
overall_harmful,end_of_user_message,logic_access_033,12,1,all_conditions_pooled,0,0,-399.9037549407892,0
overall_harmful,end_of_user_message,logic_access_033,12,1,all_conditions_pooled,0,0,-92.17338186657412,0
overall_harmful,end_of_user_message,logic_eligibility_034,13,1,all_conditions_pooled,0,1,29.15905943062581,0
overall_harmful,end_of_user_message,logic_eligibility_034,13,1,all_conditions_pooled,0,0,-33.801720268502436,0
overall_harmful,end_of_user_message,logic_eligibility_034,13,1,all_conditions_pooled,0,1,335.2173378780026,0
overall_harmful,end_of_user_message,logic_shipping_035,14,1,all_conditions_pooled,0,0,-75.89022865468314,0
overall_harmful,end_of_user_message,logic_shipping_035,14,1,all_conditions_pooled,0,0,-29.730804305244074,0
overall_harmful,end_of_user_message,logic_shipping_035,14,1,all_conditions_pooled,0,0,-71.55821655308421,1
overall_harmful,end_of_user_message,logic_tournament_036,15,1,all_conditions_pooled,0,0,-98.97798325290381,0
overall_harmful,end_of_user_message,logic_tournament_036,15,1,all_conditions_pooled,0,0,-148.50589976852643,0
overall_harmful,end_of_user_message,logic_tournament_036,15,1,all_conditions_pooled,0,1,164.3495825856164,0
overall_harmful,end_of_user_message,policy_lab_access_002,16,1,all_conditions_pooled,0,1,171.9264636271055,0
overall_harmful,end_of_user_message,policy_lab_access_002,16,1,all_conditions_pooled,0,0,-26.090114048039908,0
overall_harmful,end_of_user_message,policy_lab_access_002,16,1,all_conditions_pooled,0,1,436.35876348111475,0
overall_harmful,end_of_user_message,policy_library_checkout_003,17,1,all_conditions_pooled,0,0,-60.65787456914977,0
overall_harmful,end_of_user_message,policy_library_checkout_003,17,1,all_conditions_pooled,0,0,-30.737047478996143,0
overall_harmful,end_of_user_message,policy_library_checkout_003,17,1,all_conditions_pooled,0,1,312.2311886213605,0
overall_harmful,end_of_user_message,policy_lunch_pass_001,18,1,all_conditions_pooled,0,1,58.33729629637837,0
overall_harmful,end_of_user_message,policy_lunch_pass_001,18,1,all_conditions_pooled,0,1,23.42249789694096,0
overall_harmful,end_of_user_message,policy_lunch_pass_001,18,1,all_conditions_pooled,0,1,368.21591331308923,0
overall_harmful,end_of_user_message,policy_rec_center_004,19,1,all_conditions_pooled,0,0,-649.9802551088751,1
overall_harmful,end_of_user_message,policy_rec_center_004,19,1,all_conditions_pooled,0,0,-167.64632151460373,0
overall_harmful,end_of_user_message,policy_rec_center_004,19,1,all_conditions_pooled,0,1,104.06122275613689,0
overall_harmful,end_of_user_message,product_specs_025,20,1,all_conditions_pooled,0,0,-106.23556012338227,0
overall_harmful,end_of_user_message,product_specs_025,20,1,all_conditions_pooled,0,0,-117.9149498326871,0
overall_harmful,end_of_user_message,product_specs_025,20,1,all_conditions_pooled,0,1,212.29593627228698,0
overall_harmful,end_of_user_message,product_specs_026,21,1,all_conditions_pooled,0,0,-337.3385940772706,0
overall_harmful,end_of_user_message,product_specs_026,21,1,all_conditions_pooled,0,0,-264.32951774141026,0
overall_harmful,end_of_user_message,product_specs_026,21,1,all_conditions_pooled,0,0,-32.8259370703782,0
overall_harmful,end_of_user_message,product_specs_027,22,1,all_conditions_pooled,0,0,-6.8258702520574825,0
overall_harmful,end_of_user_message,product_specs_027,22,1,all_conditions_pooled,0,0,-0.34002408846712484,0
overall_harmful,end_of_user_message,product_specs_027,22,1,all_conditions_pooled,0,1,322.58027318960313,0
overall_harmful,end_of_user_message,product_specs_028,23,1,all_conditions_pooled,0,1,32.178276545770714,0
overall_harmful,end_of_user_message,product_specs_028,23,1,all_conditions_pooled,0,1,70.48190289700841,0
overall_harmful,end_of_user_message,product_specs_028,23,1,all_conditions_pooled,0,1,393.41654878393706,0
overall_harmful,end_of_user_message,schedule_clinic_011,24,1,all_conditions_pooled,0,1,21.754049891923643,0
overall_harmful,end_of_user_message,schedule_clinic_011,24,1,all_conditions_pooled,0,1,3.804157320299865,0
overall_harmful,end_of_user_message,schedule_clinic_011,24,1,all_conditions_pooled,0,1,342.0078855611599,0
overall_harmful,end_of_user_message,schedule_exam_010,25,1,all_conditions_pooled,0,0,-270.53107034451847,0
overall_harmful,end_of_user_message,schedule_exam_010,25,1,all_conditions_pooled,0,0,-78.39466476106188,0
overall_harmful,end_of_user_message,schedule_exam_010,25,1,all_conditions_pooled,0,0,-74.68521327176671,1
overall_harmful,end_of_user_message,schedule_train_009,26,1,all_conditions_pooled,0,0,-61.34587375440158,0
overall_harmful,end_of_user_message,schedule_train_009,26,1,all_conditions_pooled,0,0,-102.91828685132784,0
overall_harmful,end_of_user_message,schedule_train_009,26,1,all_conditions_pooled,0,1,232.74615891624637,0
overall_harmful,end_of_user_message,schedule_workshop_012,27,1,all_conditions_pooled,0,0,-151.82978343165934,0
overall_harmful,end_of_user_message,schedule_workshop_012,27,1,all_conditions_pooled,0,0,-80.7387842528325,0
overall_harmful,end_of_user_message,schedule_workshop_012,27,1,all_conditions_pooled,0,1,196.6793218818393,0
overall_harmful,end_of_user_message,science_battery_016,28,1,all_conditions_pooled,0,0,-231.82075408549343,0
overall_harmful,end_of_user_message,science_battery_016,28,1,all_conditions_pooled,0,0,-269.9088740149342,0
overall_harmful,end_of_user_message,science_battery_016,28,1,all_conditions_pooled,0,1,58.840271724783804,0
overall_harmful,end_of_user_message,science_mineral_014,29,1,all_conditions_pooled,0,0,-99.48259832934556,0
overall_harmful,end_of_user_message,science_mineral_014,29,1,all_conditions_pooled,0,0,-111.76334987164259,0
overall_harmful,end_of_user_message,science_mineral_014,29,1,all_conditions_pooled,0,1,191.30395580082165,0
overall_harmful,end_of_user_message,science_plant_013,30,1,all_conditions_pooled,0,0,-214.26910659604926,0
overall_harmful,end_of_user_message,science_plant_013,30,1,all_conditions_pooled,0,0,-228.26881910198477,0
overall_harmful,end_of_user_message,science_plant_013,30,1,all_conditions_pooled,0,1,64.75449585360647,0
overall_harmful,end_of_user_message,science_weather_015,31,1,all_conditions_pooled,0,0,-55.23120230850455,0
overall_harmful,end_of_user_message,science_weather_015,31,1,all_conditions_pooled,0,0,-68.44483686914191,0
overall_harmful,end_of_user_message,science_weather_015,31,1,all_conditions_pooled,0,1,261.53663720919235,0
overall_harmful,end_of_user_message,technical_api_022,32,1,all_conditions_pooled,0,1,40.30503267493147,0
overall_harmful,end_of_user_message,technical_api_022,32,1,all_conditions_pooled,0,1,27.26389711630798,0
overall_harmful,end_of_user_message,technical_api_022,32,1,all_conditions_pooled,0,1,349.8844510635374,0
overall_harmful,end_of_user_message,technical_backup_023,33,1,all_conditions_pooled,0,0,-378.5098061738456,0
overall_harmful,end_of_user_message,technical_backup_023,33,1,all_conditions_pooled,0,0,-295.8208896605186,0
overall_harmful,end_of_user_message,technical_backup_023,33,1,all_conditions_pooled,0,0,-29.446657692083733,0
overall_harmful,end_of_user_message,technical_config_021,34,1,all_conditions_pooled,0,0,-191.26006301774655,0
overall_harmful,end_of_user_message,technical_config_021,34,1,all_conditions_pooled,0,0,-220.73218762568848,0
overall_harmful,end_of_user_message,technical_config_021,34,1,all_conditions_pooled,0,1,98.27445087342355,0
overall_harmful,end_of_user_message,technical_feature_flag_024,35,1,all_conditions_pooled,0,1,42.74888734402726,0
overall_harmful,end_of_user_message,technical_feature_flag_024,35,1,all_conditions_pooled,0,1,15.079796499123617,0
overall_harmful,end_of_user_message,technical_feature_flag_024,35,1,all_conditions_pooled,0,1,345.46567134910356,0
overall_harmful,end_of_user_message,academic_attendance_019,0,2,all_conditions_pooled,0,1,337.9672609909803,0
overall_harmful,end_of_user_message,academic_attendance_019,0,2,all_conditions_pooled,0,0,-711.0666066315133,1
overall_harmful,end_of_user_message,academic_attendance_019,0,2,all_conditions_pooled,0,1,499.8675859682696,0
overall_harmful,end_of_user_message,academic_grading_018,1,2,all_conditions_pooled,0,0,-159.09537484043395,0
overall_harmful,end_of_user_message,academic_grading_018,1,2,all_conditions_pooled,0,0,-153.60077924816227,0
overall_harmful,end_of_user_message,academic_grading_018,1,2,all_conditions_pooled,0,1,80.77673199039458,0
overall_harmful,end_of_user_message,academic_latework_020,2,2,all_conditions_pooled,0,0,-51.3757020266202,0
overall_harmful,end_of_user_message,academic_latework_020,2,2,all_conditions_pooled,0,0,-70.52239747726907,0
overall_harmful,end_of_user_message,academic_latework_020,2,2,all_conditions_pooled,0,1,199.9767628953373,0
overall_harmful,end_of_user_message,academic_prereq_017,3,2,all_conditions_pooled,0,0,-88.646559481199,0
overall_harmful,end_of_user_message,academic_prereq_017,3,2,all_conditions_pooled,0,0,-84.50861797499219,0
overall_harmful,end_of_user_message,academic_prereq_017,3,2,all_conditions_pooled,0,1,116.91264367800068,0
overall_harmful,end_of_user_message,contract_rental_029,4,2,all_conditions_pooled,0,1,14.440811864967927,0
overall_harmful,end_of_user_message,contract_rental_029,4,2,all_conditions_pooled,0,0,-53.9686614289882,0
overall_harmful,end_of_user_message,contract_rental_029,4,2,all_conditions_pooled,0,1,261.8590055623072,0
overall_harmful,end_of_user_message,contract_service_030,5,2,all_conditions_pooled,0,1,77.43714089298344,0
overall_harmful,end_of_user_message,contract_service_030,5,2,all_conditions_pooled,0,0,-17.655407960893854,0
overall_harmful,end_of_user_message,contract_service_030,5,2,all_conditions_pooled,0,1,310.45397395611195,0
overall_harmful,end_of_user_message,contract_ticket_032,6,2,all_conditions_pooled,0,0,-115.40178127391322,0
overall_harmful,end_of_user_message,contract_ticket_032,6,2,all_conditions_pooled,0,0,-214.9957220086454,0
overall_harmful,end_of_user_message,contract_ticket_032,6,2,all_conditions_pooled,0,1,71.01890383605027,0
overall_harmful,end_of_user_message,contract_warranty_031,7,2,all_conditions_pooled,0,0,-33.129254404809146,0
overall_harmful,end_of_user_message,contract_warranty_031,7,2,all_conditions_pooled,0,0,-51.75942757870194,0
overall_harmful,end_of_user_message,contract_warranty_031,7,2,all_conditions_pooled,0,1,224.55226081384757,0
overall_harmful,end_of_user_message,finance_budget_007,8,2,all_conditions_pooled,0,0,-333.3856859573906,0
overall_harmful,end_of_user_message,finance_budget_007,8,2,all_conditions_pooled,0,0,-371.8690126708937,0
overall_harmful,end_of_user_message,finance_budget_007,8,2,all_conditions_pooled,0,0,-119.58039364741501,0
overall_harmful,end_of_user_message,finance_coupon_006,9,2,all_conditions_pooled,0,1,28.912260499365097,0
overall_harmful,end_of_user_message,finance_coupon_006,9,2,all_conditions_pooled,0,0,-86.95535573594324,0
overall_harmful,end_of_user_message,finance_coupon_006,9,2,all_conditions_pooled,0,1,251.32784100419445,0
overall_harmful,end_of_user_message,finance_membership_008,10,2,all_conditions_pooled,0,0,-130.28348529225684,0
overall_harmful,end_of_user_message,finance_membership_008,10,2,all_conditions_pooled,0,0,-126.53966122999432,0
overall_harmful,end_of_user_message,finance_membership_008,10,2,all_conditions_pooled,0,1,119.71636494624715,0
overall_harmful,end_of_user_message,finance_refund_005,11,2,all_conditions_pooled,0,0,-259.2312523219201,0
overall_harmful,end_of_user_message,finance_refund_005,11,2,all_conditions_pooled,0,0,-370.86282277260875,0
overall_harmful,end_of_user_message,finance_refund_005,11,2,all_conditions_pooled,0,0,-50.36021070065591,0
overall_harmful,end_of_user_message,logic_access_033,12,2,all_conditions_pooled,0,0,-117.2180242293217,0
overall_harmful,end_of_user_message,logic_access_033,12,2,all_conditions_pooled,0,0,-207.03671754978848,0
overall_harmful,end_of_user_message,logic_access_033,12,2,all_conditions_pooled,0,1,122.88918576619568,0
overall_harmful,end_of_user_message,logic_eligibility_034,13,2,all_conditions_pooled,0,1,33.48263617430163,0
overall_harmful,end_of_user_message,logic_eligibility_034,13,2,all_conditions_pooled,0,0,-50.339811187836546,0
overall_harmful,end_of_user_message,logic_eligibility_034,13,2,all_conditions_pooled,0,1,273.38679125158046,0
overall_harmful,end_of_user_message,logic_shipping_035,14,2,all_conditions_pooled,0,0,-76.8884906846786,0
overall_harmful,end_of_user_message,logic_shipping_035,14,2,all_conditions_pooled,0,1,19.669892020650842,0
overall_harmful,end_of_user_message,logic_shipping_035,14,2,all_conditions_pooled,0,0,-69.75094639640338,1
overall_harmful,end_of_user_message,logic_tournament_036,15,2,all_conditions_pooled,0,0,-55.16830220122455,0
overall_harmful,end_of_user_message,logic_tournament_036,15,2,all_conditions_pooled,0,0,-133.6996000110616,0
overall_harmful,end_of_user_message,logic_tournament_036,15,2,all_conditions_pooled,0,1,153.17710555927857,0
overall_harmful,end_of_user_message,policy_lab_access_002,16,2,all_conditions_pooled,0,1,25.89306226855885,0
overall_harmful,end_of_user_message,policy_lab_access_002,16,2,all_conditions_pooled,0,0,-102.50886520024568,0
overall_harmful,end_of_user_message,policy_lab_access_002,16,2,all_conditions_pooled,0,1,233.1149691813964,0
overall_harmful,end_of_user_message,policy_library_checkout_003,17,2,all_conditions_pooled,0,0,-69.21129467395357,0
overall_harmful,end_of_user_message,policy_library_checkout_003,17,2,all_conditions_pooled,0,0,-118.52829118516424,0
overall_harmful,end_of_user_message,policy_library_checkout_003,17,2,all_conditions_pooled,0,1,190.94544293982992,0
overall_harmful,end_of_user_message,policy_lunch_pass_001,18,2,all_conditions_pooled,0,0,-3.6726613799498296,0
overall_harmful,end_of_user_message,policy_lunch_pass_001,18,2,all_conditions_pooled,0,0,-78.55344995886279,0
overall_harmful,end_of_user_message,policy_lunch_pass_001,18,2,all_conditions_pooled,0,1,243.58783279710627,0
overall_harmful,end_of_user_message,policy_rec_center_004,19,2,all_conditions_pooled,0,0,-541.4576946874602,1
overall_harmful,end_of_user_message,policy_rec_center_004,19,2,all_conditions_pooled,0,0,-35.97632421673388,0
overall_harmful,end_of_user_message,policy_rec_center_004,19,2,all_conditions_pooled,0,1,108.28741790104542,0
overall_harmful,end_of_user_message,product_specs_025,20,2,all_conditions_pooled,0,0,-5.3435178814566555,0
overall_harmful,end_of_user_message,product_specs_025,20,2,all_conditions_pooled,0,0,-78.78504612440396,0
overall_harmful,end_of_user_message,product_specs_025,20,2,all_conditions_pooled,0,1,236.17964764553977,0
overall_harmful,end_of_user_message,product_specs_026,21,2,all_conditions_pooled,0,0,-263.2131714243425,0
overall_harmful,end_of_user_message,product_specs_026,21,2,all_conditions_pooled,0,0,-226.82581270978108,0
overall_harmful,end_of_user_message,product_specs_026,21,2,all_conditions_pooled,0,0,-12.861946306309534,0
overall_harmful,end_of_user_message,product_specs_027,22,2,all_conditions_pooled,0,1,50.342763478175286,0
overall_harmful,end_of_user_message,product_specs_027,22,2,all_conditions_pooled,0,0,-25.561218770888917,0
overall_harmful,end_of_user_message,product_specs_027,22,2,all_conditions_pooled,0,1,302.4733234398682,0
overall_harmful,end_of_user_message,product_specs_028,23,2,all_conditions_pooled,0,1,47.42465231351707,0
overall_harmful,end_of_user_message,product_specs_028,23,2,all_conditions_pooled,0,0,-7.7580150667058305,0
overall_harmful,end_of_user_message,product_specs_028,23,2,all_conditions_pooled,0,1,302.51805956548895,0
overall_harmful,end_of_user_message,schedule_clinic_011,24,2,all_conditions_pooled,0,1,52.98831303855678,0
overall_harmful,end_of_user_message,schedule_clinic_011,24,2,all_conditions_pooled,0,0,-31.8890456919872,0
overall_harmful,end_of_user_message,schedule_clinic_011,24,2,all_conditions_pooled,0,1,264.07683846684,0
overall_harmful,end_of_user_message,schedule_exam_010,25,2,all_conditions_pooled,0,0,-169.9901394152136,0
overall_harmful,end_of_user_message,schedule_exam_010,25,2,all_conditions_pooled,0,1,24.086196059086532,0
overall_harmful,end_of_user_message,schedule_exam_010,25,2,all_conditions_pooled,0,0,-58.84010076254559,1
overall_harmful,end_of_user_message,schedule_train_009,26,2,all_conditions_pooled,0,1,7.540072543696009,0
overall_harmful,end_of_user_message,schedule_train_009,26,2,all_conditions_pooled,0,0,-77.35775795457664,0
overall_harmful,end_of_user_message,schedule_train_009,26,2,all_conditions_pooled,0,1,219.37594347364927,0
overall_harmful,end_of_user_message,schedule_workshop_012,27,2,all_conditions_pooled,0,0,-175.7234088490677,0
overall_harmful,end_of_user_message,schedule_workshop_012,27,2,all_conditions_pooled,0,0,-107.95890542060067,0
overall_harmful,end_of_user_message,schedule_workshop_012,27,2,all_conditions_pooled,0,1,103.44307867947614,0
overall_harmful,end_of_user_message,science_battery_016,28,2,all_conditions_pooled,0,0,-144.24265065058938,0
overall_harmful,end_of_user_message,science_battery_016,28,2,all_conditions_pooled,0,0,-209.14345396243965,0
overall_harmful,end_of_user_message,science_battery_016,28,2,all_conditions_pooled,0,1,81.70686648986097,0
overall_harmful,end_of_user_message,science_mineral_014,29,2,all_conditions_pooled,0,0,-53.28641415622111,0
overall_harmful,end_of_user_message,science_mineral_014,29,2,all_conditions_pooled,0,0,-115.68393723248283,0
overall_harmful,end_of_user_message,science_mineral_014,29,2,all_conditions_pooled,0,1,171.34932380904755,0
overall_harmful,end_of_user_message,science_plant_013,30,2,all_conditions_pooled,0,0,-104.08579882231987,0
overall_harmful,end_of_user_message,science_plant_013,30,2,all_conditions_pooled,0,0,-179.72210621187153,0
overall_harmful,end_of_user_message,science_plant_013,30,2,all_conditions_pooled,0,1,109.99703146880015,0
overall_harmful,end_of_user_message,science_weather_015,31,2,all_conditions_pooled,0,0,-36.001583226783524,0
overall_harmful,end_of_user_message,science_weather_015,31,2,all_conditions_pooled,0,0,-101.61644157882742,0
overall_harmful,end_of_user_message,science_weather_015,31,2,all_conditions_pooled,0,1,192.9751637394764,0
overall_harmful,end_of_user_message,technical_api_022,32,2,all_conditions_pooled,0,1,146.11779372094074,0
overall_harmful,end_of_user_message,technical_api_022,32,2,all_conditions_pooled,0,1,28.850013791493282,0
overall_harmful,end_of_user_message,technical_api_022,32,2,all_conditions_pooled,0,1,371.74623963026767,0
overall_harmful,end_of_user_message,technical_backup_023,33,2,all_conditions_pooled,0,0,-380.1069665653745,0
overall_harmful,end_of_user_message,technical_backup_023,33,2,all_conditions_pooled,0,0,-287.69538462363556,0
overall_harmful,end_of_user_message,technical_backup_023,33,2,all_conditions_pooled,0,0,-153.985047716801,0
overall_harmful,end_of_user_message,technical_config_021,34,2,all_conditions_pooled,0,0,-66.28562648565517,0
overall_harmful,end_of_user_message,technical_config_021,34,2,all_conditions_pooled,0,0,-118.25253516814072,0
overall_harmful,end_of_user_message,technical_config_021,34,2,all_conditions_pooled,0,1,166.81700077927246,0
overall_harmful,end_of_user_message,technical_feature_flag_024,35,2,all_conditions_pooled,0,1,124.1121378466973,0
overall_harmful,end_of_user_message,technical_feature_flag_024,35,2,all_conditions_pooled,0,1,15.79423413549646,0
overall_harmful,end_of_user_message,technical_feature_flag_024,35,2,all_conditions_pooled,0,1,328.7301361954226,0
overall_harmful,end_of_user_message,academic_attendance_019,0,3,all_conditions_pooled,0,1,256.48873268894476,0
overall_harmful,end_of_user_message,academic_attendance_019,0,3,all_conditions_pooled,0,0,-710.925761360886,1
overall_harmful,end_of_user_message,academic_attendance_019,0,3,all_conditions_pooled,0,1,472.495624539552,0
overall_harmful,end_of_user_message,academic_grading_018,1,3,all_conditions_pooled,0,0,-159.65716689681287,0
overall_harmful,end_of_user_message,academic_grading_018,1,3,all_conditions_pooled,0,0,-110.52464486710204,0
overall_harmful,end_of_user_message,academic_grading_018,1,3,all_conditions_pooled,0,1,126.14673818877162,0
overall_harmful,end_of_user_message,academic_latework_020,2,3,all_conditions_pooled,0,0,-47.34743330777226,0
overall_harmful,end_of_user_message,academic_latework_020,2,3,all_conditions_pooled,0,0,-69.02926913782908,0
overall_harmful,end_of_user_message,academic_latework_020,2,3,all_conditions_pooled,0,1,212.83327402705726,0
overall_harmful,end_of_user_message,academic_prereq_017,3,3,all_conditions_pooled,0,0,-17.45773619827308,0
overall_harmful,end_of_user_message,academic_prereq_017,3,3,all_conditions_pooled,0,0,-37.20349006015881,0
overall_harmful,end_of_user_message,academic_prereq_017,3,3,all_conditions_pooled,0,1,180.5748945539924,0
overall_harmful,end_of_user_message,contract_rental_029,4,3,all_conditions_pooled,0,1,15.54765168817594,0
overall_harmful,end_of_user_message,contract_rental_029,4,3,all_conditions_pooled,0,0,-45.870151656919745,0
overall_harmful,end_of_user_message,contract_rental_029,4,3,all_conditions_pooled,0,1,223.2230795610977,0
overall_harmful,end_of_user_message,contract_service_030,5,3,all_conditions_pooled,0,1,29.844063160652958,0
overall_harmful,end_of_user_message,contract_service_030,5,3,all_conditions_pooled,0,0,-37.95678446661566,0
overall_harmful,end_of_user_message,contract_service_030,5,3,all_conditions_pooled,0,1,268.62360728817623,0
overall_harmful,end_of_user_message,contract_ticket_032,6,3,all_conditions_pooled,0,0,-122.86237937191416,0
overall_harmful,end_of_user_message,contract_ticket_032,6,3,all_conditions_pooled,0,0,-198.12702885059468,0
overall_harmful,end_of_user_message,contract_ticket_032,6,3,all_conditions_pooled,0,1,99.05440436589801,0
overall_harmful,end_of_user_message,contract_warranty_031,7,3,all_conditions_pooled,0,0,-23.844415460750156,0
overall_harmful,end_of_user_message,contract_warranty_031,7,3,all_conditions_pooled,0,0,-8.427950903375816,0
overall_harmful,end_of_user_message,contract_warranty_031,7,3,all_conditions_pooled,0,1,256.6463674222139,0
overall_harmful,end_of_user_message,finance_budget_007,8,3,all_conditions_pooled,0,0,-345.0153064081711,0
overall_harmful,end_of_user_message,finance_budget_007,8,3,all_conditions_pooled,0,0,-360.34631210243845,0
overall_harmful,end_of_user_message,finance_budget_007,8,3,all_conditions_pooled,0,0,-109.89048602826443,0
overall_harmful,end_of_user_message,finance_coupon_006,9,3,all_conditions_pooled,0,0,-30.286937226328764,0
overall_harmful,end_of_user_message,finance_coupon_006,9,3,all_conditions_pooled,0,0,-88.59462680752782,0
overall_harmful,end_of_user_message,finance_coupon_006,9,3,all_conditions_pooled,0,1,227.54946206107098,0
overall_harmful,end_of_user_message,finance_membership_008,10,3,all_conditions_pooled,0,0,-160.5459841714831,0
overall_harmful,end_of_user_message,finance_membership_008,10,3,all_conditions_pooled,0,0,-115.47346159911899,0
overall_harmful,end_of_user_message,finance_membership_008,10,3,all_conditions_pooled,0,1,123.32937833383181,0
overall_harmful,end_of_user_message,finance_refund_005,11,3,all_conditions_pooled,0,0,-213.49101782007267,0
overall_harmful,end_of_user_message,finance_refund_005,11,3,all_conditions_pooled,0,0,-316.9799544352845,0
overall_harmful,end_of_user_message,finance_refund_005,11,3,all_conditions_pooled,0,1,9.297470590560906,0
overall_harmful,end_of_user_message,logic_access_033,12,3,all_conditions_pooled,0,0,-58.272977021651684,0
overall_harmful,end_of_user_message,logic_access_033,12,3,all_conditions_pooled,0,0,-138.38993399812944,0
overall_harmful,end_of_user_message,logic_access_033,12,3,all_conditions_pooled,0,1,208.90413449238827,0
overall_harmful,end_of_user_message,logic_eligibility_034,13,3,all_conditions_pooled,0,1,22.547727986496348,0
overall_harmful,end_of_user_message,logic_eligibility_034,13,3,all_conditions_pooled,0,0,-23.366035987528363,0
overall_harmful,end_of_user_message,logic_eligibility_034,13,3,all_conditions_pooled,0,1,258.6295868056363,0
overall_harmful,end_of_user_message,logic_shipping_035,14,3,all_conditions_pooled,0,0,-129.11689770814232,0
overall_harmful,end_of_user_message,logic_shipping_035,14,3,all_conditions_pooled,0,1,55.380300298991514,0
overall_harmful,end_of_user_message,logic_shipping_035,14,3,all_conditions_pooled,0,0,-112.00288023393861,1
overall_harmful,end_of_user_message,logic_tournament_036,15,3,all_conditions_pooled,0,0,-67.32430470858671,0
overall_harmful,end_of_user_message,logic_tournament_036,15,3,all_conditions_pooled,0,0,-114.04267604734704,0
overall_harmful,end_of_user_message,logic_tournament_036,15,3,all_conditions_pooled,0,1,157.86420221122833,0
overall_harmful,end_of_user_message,policy_lab_access_002,16,3,all_conditions_pooled,0,1,41.296076020574574,0
overall_harmful,end_of_user_message,policy_lab_access_002,16,3,all_conditions_pooled,0,0,-88.91998851077763,0
overall_harmful,end_of_user_message,policy_lab_access_002,16,3,all_conditions_pooled,0,1,267.63209092741226,0
overall_harmful,end_of_user_message,policy_library_checkout_003,17,3,all_conditions_pooled,0,0,-106.13065323679524,0
overall_harmful,end_of_user_message,policy_library_checkout_003,17,3,all_conditions_pooled,0,0,-113.62398699899428,0
overall_harmful,end_of_user_message,policy_library_checkout_003,17,3,all_conditions_pooled,0,1,193.71559164142303,0
overall_harmful,end_of_user_message,policy_lunch_pass_001,18,3,all_conditions_pooled,0,1,3.672940372076507,0
overall_harmful,end_of_user_message,policy_lunch_pass_001,18,3,all_conditions_pooled,0,0,-56.58722097147177,0
overall_harmful,end_of_user_message,policy_lunch_pass_001,18,3,all_conditions_pooled,0,1,267.681216376869,0
overall_harmful,end_of_user_message,policy_rec_center_004,19,3,all_conditions_pooled,0,0,-503.2308108781193,1
overall_harmful,end_of_user_message,policy_rec_center_004,19,3,all_conditions_pooled,0,0,-53.2772696235003,0
overall_harmful,end_of_user_message,policy_rec_center_004,19,3,all_conditions_pooled,0,1,121.43563900267827,0
overall_harmful,end_of_user_message,product_specs_025,20,3,all_conditions_pooled,0,0,-56.492705555663974,0
overall_harmful,end_of_user_message,product_specs_025,20,3,all_conditions_pooled,0,0,-117.48926388152287,0
overall_harmful,end_of_user_message,product_specs_025,20,3,all_conditions_pooled,0,1,174.66043014562467,0
overall_harmful,end_of_user_message,product_specs_026,21,3,all_conditions_pooled,0,0,-258.05407160791077,0
overall_harmful,end_of_user_message,product_specs_026,21,3,all_conditions_pooled,0,0,-201.03380363098125,0
overall_harmful,end_of_user_message,product_specs_026,21,3,all_conditions_pooled,0,0,-8.56148997815296,0
overall_harmful,end_of_user_message,product_specs_027,22,3,all_conditions_pooled,0,0,-33.15397408845213,0
overall_harmful,end_of_user_message,product_specs_027,22,3,all_conditions_pooled,0,0,-78.40961826403863,0
overall_harmful,end_of_user_message,product_specs_027,22,3,all_conditions_pooled,0,1,216.58860665366763,0
overall_harmful,end_of_user_message,product_specs_028,23,3,all_conditions_pooled,0,0,-33.065858118682854,0
overall_harmful,end_of_user_message,product_specs_028,23,3,all_conditions_pooled,0,0,-78.13540549047875,0
overall_harmful,end_of_user_message,product_specs_028,23,3,all_conditions_pooled,0,1,203.7714908981311,0
overall_harmful,end_of_user_message,schedule_clinic_011,24,3,all_conditions_pooled,0,1,20.299436653311787,0
overall_harmful,end_of_user_message,schedule_clinic_011,24,3,all_conditions_pooled,0,0,-39.365307003392715,0
overall_harmful,end_of_user_message,schedule_clinic_011,24,3,all_conditions_pooled,0,1,211.04401105264787,0
overall_harmful,end_of_user_message,schedule_exam_010,25,3,all_conditions_pooled,0,0,-137.36886614474432,0
overall_harmful,end_of_user_message,schedule_exam_010,25,3,all_conditions_pooled,0,0,-9.873357257141327,0
overall_harmful,end_of_user_message,schedule_exam_010,25,3,all_conditions_pooled,0,0,-85.21796791702718,1
overall_harmful,end_of_user_message,schedule_train_009,26,3,all_conditions_pooled,0,0,-21.02723046376707,0
overall_harmful,end_of_user_message,schedule_train_009,26,3,all_conditions_pooled,0,0,-93.37053032807617,0
overall_harmful,end_of_user_message,schedule_train_009,26,3,all_conditions_pooled,0,1,167.7091797145997,0
overall_harmful,end_of_user_message,schedule_workshop_012,27,3,all_conditions_pooled,0,0,-202.2960078437759,0
overall_harmful,end_of_user_message,schedule_workshop_012,27,3,all_conditions_pooled,0,0,-137.35129619349584,0
overall_harmful,end_of_user_message,schedule_workshop_012,27,3,all_conditions_pooled,0,1,78.55745539630354,0
overall_harmful,end_of_user_message,science_battery_016,28,3,all_conditions_pooled,0,0,-162.15576911983686,0
overall_harmful,end_of_user_message,science_battery_016,28,3,all_conditions_pooled,0,0,-178.2968157960293,0
overall_harmful,end_of_user_message,science_battery_016,28,3,all_conditions_pooled,0,1,68.0742164258603,0
overall_harmful,end_of_user_message,science_mineral_014,29,3,all_conditions_pooled,0,0,-47.54168243762821,0
overall_harmful,end_of_user_message,science_mineral_014,29,3,all_conditions_pooled,0,0,-66.83798423692755,0
overall_harmful,end_of_user_message,science_mineral_014,29,3,all_conditions_pooled,0,1,200.90187008289726,0
overall_harmful,end_of_user_message,science_plant_013,30,3,all_conditions_pooled,0,0,-73.05766712020444,0
overall_harmful,end_of_user_message,science_plant_013,30,3,all_conditions_pooled,0,0,-78.4961588672062,0
overall_harmful,end_of_user_message,science_plant_013,30,3,all_conditions_pooled,0,1,144.27471690215378,0
overall_harmful,end_of_user_message,science_weather_015,31,3,all_conditions_pooled,0,0,-3.8601831201102925,0
overall_harmful,end_of_user_message,science_weather_015,31,3,all_conditions_pooled,0,0,-87.63736101950755,0
overall_harmful,end_of_user_message,science_weather_015,31,3,all_conditions_pooled,0,1,215.87771013345423,0
overall_harmful,end_of_user_message,technical_api_022,32,3,all_conditions_pooled,0,1,120.1961639336929,0
overall_harmful,end_of_user_message,technical_api_022,32,3,all_conditions_pooled,0,0,-3.908012623466881,0
overall_harmful,end_of_user_message,technical_api_022,32,3,all_conditions_pooled,0,1,358.96645309790995,0
overall_harmful,end_of_user_message,technical_backup_023,33,3,all_conditions_pooled,0,0,-381.9035364937082,0
overall_harmful,end_of_user_message,technical_backup_023,33,3,all_conditions_pooled,0,0,-332.77667239338405,0
overall_harmful,end_of_user_message,technical_backup_023,33,3,all_conditions_pooled,0,0,-146.07642865333474,0
overall_harmful,end_of_user_message,technical_config_021,34,3,all_conditions_pooled,0,0,-105.63930412452981,0
overall_harmful,end_of_user_message,technical_config_021,34,3,all_conditions_pooled,0,0,-164.93493559934984,0
overall_harmful,end_of_user_message,technical_config_021,34,3,all_conditions_pooled,0,1,131.12425163867732,0
overall_harmful,end_of_user_message,technical_feature_flag_024,35,3,all_conditions_pooled,0,1,111.5901663026068,0
overall_harmful,end_of_user_message,technical_feature_flag_024,35,3,all_conditions_pooled,0,0,-10.41102975536916,0
overall_harmful,end_of_user_message,technical_feature_flag_024,35,3,all_conditions_pooled,0,1,327.4021622929543,0
overall_harmful,end_of_user_message,academic_attendance_019,0,4,all_conditions_pooled,0,1,220.215301694076,0
overall_harmful,end_of_user_message,academic_attendance_019,0,4,all_conditions_pooled,0,0,-738.0630571152325,1
overall_harmful,end_of_user_message,academic_attendance_019,0,4,all_conditions_pooled,0,1,468.1096903906289,0
overall_harmful,end_of_user_message,academic_grading_018,1,4,all_conditions_pooled,0,0,-93.34420302410366,0
overall_harmful,end_of_user_message,academic_grading_018,1,4,all_conditions_pooled,0,0,-149.31311323853006,0
overall_harmful,end_of_user_message,academic_grading_018,1,4,all_conditions_pooled,0,1,134.59143041141652,0
overall_harmful,end_of_user_message,academic_latework_020,2,4,all_conditions_pooled,0,1,22.01154111419077,0
overall_harmful,end_of_user_message,academic_latework_020,2,4,all_conditions_pooled,0,0,-91.19067368891922,0
overall_harmful,end_of_user_message,academic_latework_020,2,4,all_conditions_pooled,0,1,264.4034109535638,0
overall_harmful,end_of_user_message,academic_prereq_017,3,4,all_conditions_pooled,0,0,-76.79566802537525,0
overall_harmful,end_of_user_message,academic_prereq_017,3,4,all_conditions_pooled,0,0,-175.07561000151705,0
overall_harmful,end_of_user_message,academic_prereq_017,3,4,all_conditions_pooled,0,1,108.15740325634567,0
overall_harmful,end_of_user_message,contract_rental_029,4,4,all_conditions_pooled,0,1,16.192263925773986,0
overall_harmful,end_of_user_message,contract_rental_029,4,4,all_conditions_pooled,0,0,-81.13767805474333,0
overall_harmful,end_of_user_message,contract_rental_029,4,4,all_conditions_pooled,0,1,223.13118743963503,0
overall_harmful,end_of_user_message,contract_service_030,5,4,all_conditions_pooled,0,1,6.931297906588785,0
overall_harmful,end_of_user_message,contract_service_030,5,4,all_conditions_pooled,0,0,-87.27045568684042,0
overall_harmful,end_of_user_message,contract_service_030,5,4,all_conditions_pooled,0,1,241.23535530431724,0
overall_harmful,end_of_user_message,contract_ticket_032,6,4,all_conditions_pooled,0,0,-44.952756278022086,0
overall_harmful,end_of_user_message,contract_ticket_032,6,4,all_conditions_pooled,0,0,-185.04347399448267,0
overall_harmful,end_of_user_message,contract_ticket_032,6,4,all_conditions_pooled,0,1,173.36431362159698,0
overall_harmful,end_of_user_message,contract_warranty_031,7,4,all_conditions_pooled,0,0,-61.63927893347224,0
overall_harmful,end_of_user_message,contract_warranty_031,7,4,all_conditions_pooled,0,0,-80.74851018736716,0
overall_harmful,end_of_user_message,contract_warranty_031,7,4,all_conditions_pooled,0,1,222.0737641277004,0
overall_harmful,end_of_user_message,finance_budget_007,8,4,all_conditions_pooled,0,0,-287.430918770091,0
overall_harmful,end_of_user_message,finance_budget_007,8,4,all_conditions_pooled,0,0,-389.8841114567937,0
overall_harmful,end_of_user_message,finance_budget_007,8,4,all_conditions_pooled,0,0,-106.50655197351324,0
overall_harmful,end_of_user_message,finance_coupon_006,9,4,all_conditions_pooled,0,1,61.53260941052929,0
overall_harmful,end_of_user_message,finance_coupon_006,9,4,all_conditions_pooled,0,0,-75.88116472120777,0
overall_harmful,end_of_user_message,finance_coupon_006,9,4,all_conditions_pooled,0,1,277.6249311106322,0
overall_harmful,end_of_user_message,finance_membership_008,10,4,all_conditions_pooled,0,0,-62.9499802034046,0
overall_harmful,end_of_user_message,finance_membership_008,10,4,all_conditions_pooled,0,0,-119.95110930089447,0
overall_harmful,end_of_user_message,finance_membership_008,10,4,all_conditions_pooled,0,1,177.13364958707774,0
overall_harmful,end_of_user_message,finance_refund_005,11,4,all_conditions_pooled,0,0,-136.65315778382453,0
overall_harmful,end_of_user_message,finance_refund_005,11,4,all_conditions_pooled,0,0,-287.65025614547847,0
overall_harmful,end_of_user_message,finance_refund_005,11,4,all_conditions_pooled,0,1,90.45515452049881,0
overall_harmful,end_of_user_message,logic_access_033,12,4,all_conditions_pooled,0,1,26.05455766073341,0
overall_harmful,end_of_user_message,logic_access_033,12,4,all_conditions_pooled,0,0,-75.9646780618734,0
overall_harmful,end_of_user_message,logic_access_033,12,4,all_conditions_pooled,0,1,289.7555755824981,0
overall_harmful,end_of_user_message,logic_eligibility_034,13,4,all_conditions_pooled,0,0,-16.32097474616551,0
overall_harmful,end_of_user_message,logic_eligibility_034,13,4,all_conditions_pooled,0,0,-102.60994665047235,0
overall_harmful,end_of_user_message,logic_eligibility_034,13,4,all_conditions_pooled,0,1,226.1849288269292,0
overall_harmful,end_of_user_message,logic_shipping_035,14,4,all_conditions_pooled,0,0,-78.03534010729867,0
overall_harmful,end_of_user_message,logic_shipping_035,14,4,all_conditions_pooled,0,1,23.6491412437812,0
overall_harmful,end_of_user_message,logic_shipping_035,14,4,all_conditions_pooled,0,0,-104.63034629062908,1
overall_harmful,end_of_user_message,logic_tournament_036,15,4,all_conditions_pooled,0,0,-91.20897111843095,0
overall_harmful,end_of_user_message,logic_tournament_036,15,4,all_conditions_pooled,0,0,-185.84558366588342,0
overall_harmful,end_of_user_message,logic_tournament_036,15,4,all_conditions_pooled,0,1,67.76682655077622,0
overall_harmful,end_of_user_message,policy_lab_access_002,16,4,all_conditions_pooled,0,1,99.98004765419228,0
overall_harmful,end_of_user_message,policy_lab_access_002,16,4,all_conditions_pooled,0,0,-61.955555677334814,0
overall_harmful,end_of_user_message,policy_lab_access_002,16,4,all_conditions_pooled,0,1,292.31783361521843,0
overall_harmful,end_of_user_message,policy_library_checkout_003,17,4,all_conditions_pooled,0,0,-52.421764574259754,0
overall_harmful,end_of_user_message,policy_library_checkout_003,17,4,all_conditions_pooled,0,0,-153.77086347783376,0
overall_harmful,end_of_user_message,policy_library_checkout_003,17,4,all_conditions_pooled,0,1,196.78724500969878,0
overall_harmful,end_of_user_message,policy_lunch_pass_001,18,4,all_conditions_pooled,0,1,23.96228344198962,0
overall_harmful,end_of_user_message,policy_lunch_pass_001,18,4,all_conditions_pooled,0,0,-112.36766460058223,0
overall_harmful,end_of_user_message,policy_lunch_pass_001,18,4,all_conditions_pooled,0,1,246.18273426876908,0
overall_harmful,end_of_user_message,policy_rec_center_004,19,4,all_conditions_pooled,0,0,-506.11566832622117,1
overall_harmful,end_of_user_message,policy_rec_center_004,19,4,all_conditions_pooled,0,0,-125.87428682206662,0
overall_harmful,end_of_user_message,policy_rec_center_004,19,4,all_conditions_pooled,0,1,185.0446653845355,0
overall_harmful,end_of_user_message,product_specs_025,20,4,all_conditions_pooled,0,0,-46.955123951578855,0
overall_harmful,end_of_user_message,product_specs_025,20,4,all_conditions_pooled,0,0,-141.01485363838393,0
overall_harmful,end_of_user_message,product_specs_025,20,4,all_conditions_pooled,0,1,183.94626561120802,0
overall_harmful,end_of_user_message,product_specs_026,21,4,all_conditions_pooled,0,0,-227.63283550150794,0
overall_harmful,end_of_user_message,product_specs_026,21,4,all_conditions_pooled,0,0,-267.0023127068668,0
overall_harmful,end_of_user_message,product_specs_026,21,4,all_conditions_pooled,0,0,-13.81632147067818,0
overall_harmful,end_of_user_message,product_specs_027,22,4,all_conditions_pooled,0,0,-7.237694900136049,0
overall_harmful,end_of_user_message,product_specs_027,22,4,all_conditions_pooled,0,0,-78.80083384777987,0
overall_harmful,end_of_user_message,product_specs_027,22,4,all_conditions_pooled,0,1,239.0221358168668,0
overall_harmful,end_of_user_message,product_specs_028,23,4,all_conditions_pooled,0,0,-73.6325574636929,0
overall_harmful,end_of_user_message,product_specs_028,23,4,all_conditions_pooled,0,0,-140.64610469836046,0
overall_harmful,end_of_user_message,product_specs_028,23,4,all_conditions_pooled,0,1,160.21482640860546,0
overall_harmful,end_of_user_message,schedule_clinic_011,24,4,all_conditions_pooled,0,0,-43.62717166419874,0
overall_harmful,end_of_user_message,schedule_clinic_011,24,4,all_conditions_pooled,0,0,-131.4854637496129,0
overall_harmful,end_of_user_message,schedule_clinic_011,24,4,all_conditions_pooled,0,1,154.8043186435928,0
overall_harmful,end_of_user_message,schedule_exam_010,25,4,all_conditions_pooled,0,0,-187.55228698346986,0
overall_harmful,end_of_user_message,schedule_exam_010,25,4,all_conditions_pooled,0,0,-81.19266615689637,0
overall_harmful,end_of_user_message,schedule_exam_010,25,4,all_conditions_pooled,0,0,-179.1172504229236,1
overall_harmful,end_of_user_message,schedule_train_009,26,4,all_conditions_pooled,0,0,-17.09922840747371,0
overall_harmful,end_of_user_message,schedule_train_009,26,4,all_conditions_pooled,0,0,-81.68243321550213,0
overall_harmful,end_of_user_message,schedule_train_009,26,4,all_conditions_pooled,0,1,163.29081696779957,0
overall_harmful,end_of_user_message,schedule_workshop_012,27,4,all_conditions_pooled,0,0,-198.70234351087697,0
overall_harmful,end_of_user_message,schedule_workshop_012,27,4,all_conditions_pooled,0,0,-232.57696683419047,0
overall_harmful,end_of_user_message,schedule_workshop_012,27,4,all_conditions_pooled,0,1,13.44369946917827,0
overall_harmful,end_of_user_message,science_battery_016,28,4,all_conditions_pooled,0,0,-137.50455549096796,0
overall_harmful,end_of_user_message,science_battery_016,28,4,all_conditions_pooled,0,0,-227.5429274224781,0
overall_harmful,end_of_user_message,science_battery_016,28,4,all_conditions_pooled,0,1,22.46325468669064,0
overall_harmful,end_of_user_message,science_mineral_014,29,4,all_conditions_pooled,0,0,-89.127013704038,0
overall_harmful,end_of_user_message,science_mineral_014,29,4,all_conditions_pooled,0,0,-123.44499852173004,0
overall_harmful,end_of_user_message,science_mineral_014,29,4,all_conditions_pooled,0,1,178.34829790643013,0
overall_harmful,end_of_user_message,science_plant_013,30,4,all_conditions_pooled,0,0,-88.2655518292997,0
overall_harmful,end_of_user_message,science_plant_013,30,4,all_conditions_pooled,0,0,-189.1087725179063,0
overall_harmful,end_of_user_message,science_plant_013,30,4,all_conditions_pooled,0,1,69.42941321833285,0
overall_harmful,end_of_user_message,science_weather_015,31,4,all_conditions_pooled,0,0,-21.554841086907206,0
overall_harmful,end_of_user_message,science_weather_015,31,4,all_conditions_pooled,0,0,-111.16508282727486,0
overall_harmful,end_of_user_message,science_weather_015,31,4,all_conditions_pooled,0,1,204.4115920871541,0
overall_harmful,end_of_user_message,technical_api_022,32,4,all_conditions_pooled,0,1,105.58653124137984,0
overall_harmful,end_of_user_message,technical_api_022,32,4,all_conditions_pooled,0,0,-71.36420682513376,0
overall_harmful,end_of_user_message,technical_api_022,32,4,all_conditions_pooled,0,1,313.1887215938394,0
overall_harmful,end_of_user_message,technical_backup_023,33,4,all_conditions_pooled,0,0,-262.8737850812385,0
overall_harmful,end_of_user_message,technical_backup_023,33,4,all_conditions_pooled,0,0,-359.2377201528189,0
overall_harmful,end_of_user_message,technical_backup_023,33,4,all_conditions_pooled,0,0,-88.8446663942045,0
overall_harmful,end_of_user_message,technical_config_021,34,4,all_conditions_pooled,0,0,-72.01334596600873,0
overall_harmful,end_of_user_message,technical_config_021,34,4,all_conditions_pooled,0,0,-215.98326002798757,0
overall_harmful,end_of_user_message,technical_config_021,34,4,all_conditions_pooled,0,1,98.15367888223177,0
overall_harmful,end_of_user_message,technical_feature_flag_024,35,4,all_conditions_pooled,0,1,221.18778485260543,0
overall_harmful,end_of_user_message,technical_feature_flag_024,35,4,all_conditions_pooled,0,1,45.83821908944131,0
overall_harmful,end_of_user_message,technical_feature_flag_024,35,4,all_conditions_pooled,0,1,404.5335526480129,0
overall_harmful,end_of_user_message,academic_attendance_019,0,5,all_conditions_pooled,0,1,253.5727318863203,0
overall_harmful,end_of_user_message,academic_attendance_019,0,5,all_conditions_pooled,0,0,-752.1753706540909,1
overall_harmful,end_of_user_message,academic_attendance_019,0,5,all_conditions_pooled,0,1,498.3078114296136,0
overall_harmful,end_of_user_message,academic_grading_018,1,5,all_conditions_pooled,0,0,-80.57670140695787,0
overall_harmful,end_of_user_message,academic_grading_018,1,5,all_conditions_pooled,0,0,-75.68766218593167,0
overall_harmful,end_of_user_message,academic_grading_018,1,5,all_conditions_pooled,0,1,203.97164892319194,0
overall_harmful,end_of_user_message,academic_latework_020,2,5,all_conditions_pooled,0,1,21.1181898354358,0
overall_harmful,end_of_user_message,academic_latework_020,2,5,all_conditions_pooled,0,0,-49.29058438816149,0
overall_harmful,end_of_user_message,academic_latework_020,2,5,all_conditions_pooled,0,1,297.9910837063453,0
overall_harmful,end_of_user_message,academic_prereq_017,3,5,all_conditions_pooled,0,0,-119.88888265302089,0
overall_harmful,end_of_user_message,academic_prereq_017,3,5,all_conditions_pooled,0,0,-186.54579413806348,0
overall_harmful,end_of_user_message,academic_prereq_017,3,5,all_conditions_pooled,0,1,101.36829745889554,0
overall_harmful,end_of_user_message,contract_rental_029,4,5,all_conditions_pooled,0,0,-20.38516921755577,0
overall_harmful,end_of_user_message,contract_rental_029,4,5,all_conditions_pooled,0,0,-55.18612029870781,0
overall_harmful,end_of_user_message,contract_rental_029,4,5,all_conditions_pooled,0,1,234.4117346072236,0
overall_harmful,end_of_user_message,contract_service_030,5,5,all_conditions_pooled,0,0,-34.27410485194922,0
overall_harmful,end_of_user_message,contract_service_030,5,5,all_conditions_pooled,0,0,-102.28729395770594,0
overall_harmful,end_of_user_message,contract_service_030,5,5,all_conditions_pooled,0,1,224.82567448362275,0
overall_harmful,end_of_user_message,contract_ticket_032,6,5,all_conditions_pooled,0,0,-46.93473869930756,0
overall_harmful,end_of_user_message,contract_ticket_032,6,5,all_conditions_pooled,0,0,-136.75656056510405,0
overall_harmful,end_of_user_message,contract_ticket_032,6,5,all_conditions_pooled,0,1,198.95973130579821,0
overall_harmful,end_of_user_message,contract_warranty_031,7,5,all_conditions_pooled,0,0,-54.62499538620698,0
overall_harmful,end_of_user_message,contract_warranty_031,7,5,all_conditions_pooled,0,0,-110.95335427663414,0
overall_harmful,end_of_user_message,contract_warranty_031,7,5,all_conditions_pooled,0,1,245.84393316320558,0
overall_harmful,end_of_user_message,finance_budget_007,8,5,all_conditions_pooled,0,0,-302.40490039503607,0
overall_harmful,end_of_user_message,finance_budget_007,8,5,all_conditions_pooled,0,0,-350.54770820748877,0
overall_harmful,end_of_user_message,finance_budget_007,8,5,all_conditions_pooled,0,0,-80.98060455078252,0
overall_harmful,end_of_user_message,finance_coupon_006,9,5,all_conditions_pooled,0,1,18.855726458088874,0
overall_harmful,end_of_user_message,finance_coupon_006,9,5,all_conditions_pooled,0,0,-78.28771247997184,0
overall_harmful,end_of_user_message,finance_coupon_006,9,5,all_conditions_pooled,0,1,264.1637052263268,0
overall_harmful,end_of_user_message,finance_membership_008,10,5,all_conditions_pooled,0,0,-44.86017186542372,0
overall_harmful,end_of_user_message,finance_membership_008,10,5,all_conditions_pooled,0,0,-86.12170956181689,0
overall_harmful,end_of_user_message,finance_membership_008,10,5,all_conditions_pooled,0,1,212.2603407873412,0
overall_harmful,end_of_user_message,finance_refund_005,11,5,all_conditions_pooled,0,0,-151.82866851352728,0
overall_harmful,end_of_user_message,finance_refund_005,11,5,all_conditions_pooled,0,0,-288.3148287249357,0
overall_harmful,end_of_user_message,finance_refund_005,11,5,all_conditions_pooled,0,1,61.21235691923472,0
overall_harmful,end_of_user_message,logic_access_033,12,5,all_conditions_pooled,0,1,26.723342840239553,0
overall_harmful,end_of_user_message,logic_access_033,12,5,all_conditions_pooled,0,0,-52.128622022940355,0
overall_harmful,end_of_user_message,logic_access_033,12,5,all_conditions_pooled,0,1,275.68712781611896,0
overall_harmful,end_of_user_message,logic_eligibility_034,13,5,all_conditions_pooled,0,0,-44.294307398043024,0
overall_harmful,end_of_user_message,logic_eligibility_034,13,5,all_conditions_pooled,0,0,-122.12255983746334,0
overall_harmful,end_of_user_message,logic_eligibility_034,13,5,all_conditions_pooled,0,1,219.45127512588155,0
overall_harmful,end_of_user_message,logic_shipping_035,14,5,all_conditions_pooled,0,0,-45.986318801920305,0
overall_harmful,end_of_user_message,logic_shipping_035,14,5,all_conditions_pooled,0,1,50.716567602153006,0
overall_harmful,end_of_user_message,logic_shipping_035,14,5,all_conditions_pooled,0,0,-55.89819055632691,1
overall_harmful,end_of_user_message,logic_tournament_036,15,5,all_conditions_pooled,0,0,-98.80129300477671,0
overall_harmful,end_of_user_message,logic_tournament_036,15,5,all_conditions_pooled,0,0,-228.36237425219795,0
overall_harmful,end_of_user_message,logic_tournament_036,15,5,all_conditions_pooled,0,1,82.75667297734361,0
overall_harmful,end_of_user_message,policy_lab_access_002,16,5,all_conditions_pooled,0,1,117.73756907603811,0
overall_harmful,end_of_user_message,policy_lab_access_002,16,5,all_conditions_pooled,0,1,76.88087474361986,0
overall_harmful,end_of_user_message,policy_lab_access_002,16,5,all_conditions_pooled,0,1,375.7044099286245,0
overall_harmful,end_of_user_message,policy_library_checkout_003,17,5,all_conditions_pooled,0,0,-82.94132149263112,0
overall_harmful,end_of_user_message,policy_library_checkout_003,17,5,all_conditions_pooled,0,0,-117.48774918929897,0
overall_harmful,end_of_user_message,policy_library_checkout_003,17,5,all_conditions_pooled,0,1,201.11174738382786,0
overall_harmful,end_of_user_message,policy_lunch_pass_001,18,5,all_conditions_pooled,0,0,-45.82808592621528,0
overall_harmful,end_of_user_message,policy_lunch_pass_001,18,5,all_conditions_pooled,0,0,-72.23702976467645,0
overall_harmful,end_of_user_message,policy_lunch_pass_001,18,5,all_conditions_pooled,0,1,234.66298486163714,0
overall_harmful,end_of_user_message,policy_rec_center_004,19,5,all_conditions_pooled,0,0,-537.0358116406755,1
overall_harmful,end_of_user_message,policy_rec_center_004,19,5,all_conditions_pooled,0,1,19.627829927327568,0
overall_harmful,end_of_user_message,policy_rec_center_004,19,5,all_conditions_pooled,0,1,233.78165979112782,0
overall_harmful,end_of_user_message,product_specs_025,20,5,all_conditions_pooled,0,0,-102.51121621603428,0
overall_harmful,end_of_user_message,product_specs_025,20,5,all_conditions_pooled,0,0,-174.93973812647243,0
overall_harmful,end_of_user_message,product_specs_025,20,5,all_conditions_pooled,0,1,151.4650401423633,0
overall_harmful,end_of_user_message,product_specs_026,21,5,all_conditions_pooled,0,0,-235.37926792114575,0
overall_harmful,end_of_user_message,product_specs_026,21,5,all_conditions_pooled,0,0,-252.6493674646246,0
overall_harmful,end_of_user_message,product_specs_026,21,5,all_conditions_pooled,0,1,27.53186869189642,0
overall_harmful,end_of_user_message,product_specs_027,22,5,all_conditions_pooled,0,0,-83.81503730089405,0
overall_harmful,end_of_user_message,product_specs_027,22,5,all_conditions_pooled,0,0,-152.1272912777309,0
overall_harmful,end_of_user_message,product_specs_027,22,5,all_conditions_pooled,0,1,172.5684442323958,0
overall_harmful,end_of_user_message,product_specs_028,23,5,all_conditions_pooled,0,0,-116.01011325196941,0
overall_harmful,end_of_user_message,product_specs_028,23,5,all_conditions_pooled,0,0,-159.0701665634126,0
overall_harmful,end_of_user_message,product_specs_028,23,5,all_conditions_pooled,0,1,134.66367560128288,0
overall_harmful,end_of_user_message,schedule_clinic_011,24,5,all_conditions_pooled,0,0,-104.57206754629584,0
overall_harmful,end_of_user_message,schedule_clinic_011,24,5,all_conditions_pooled,0,0,-162.92335480941105,0
overall_harmful,end_of_user_message,schedule_clinic_011,24,5,all_conditions_pooled,0,1,138.5317102718214,0
overall_harmful,end_of_user_message,schedule_exam_010,25,5,all_conditions_pooled,0,0,-231.00965166811662,0
overall_harmful,end_of_user_message,schedule_exam_010,25,5,all_conditions_pooled,0,0,-72.79586712381287,0
overall_harmful,end_of_user_message,schedule_exam_010,25,5,all_conditions_pooled,0,0,-180.85047736592475,1
overall_harmful,end_of_user_message,schedule_train_009,26,5,all_conditions_pooled,0,0,-64.11236454510694,0
overall_harmful,end_of_user_message,schedule_train_009,26,5,all_conditions_pooled,0,0,-113.91136398811328,0
overall_harmful,end_of_user_message,schedule_train_009,26,5,all_conditions_pooled,0,1,171.17949016232023,0
overall_harmful,end_of_user_message,schedule_workshop_012,27,5,all_conditions_pooled,0,0,-201.43126236385297,0
overall_harmful,end_of_user_message,schedule_workshop_012,27,5,all_conditions_pooled,0,0,-201.14358007287902,0
overall_harmful,end_of_user_message,schedule_workshop_012,27,5,all_conditions_pooled,0,1,59.86734899295121,0
overall_harmful,end_of_user_message,science_battery_016,28,5,all_conditions_pooled,0,0,-139.2979861483077,0
overall_harmful,end_of_user_message,science_battery_016,28,5,all_conditions_pooled,0,0,-263.71026664992377,0
overall_harmful,end_of_user_message,science_battery_016,28,5,all_conditions_pooled,0,1,16.560050425055948,0
overall_harmful,end_of_user_message,science_mineral_014,29,5,all_conditions_pooled,0,0,-115.33801190940025,0
overall_harmful,end_of_user_message,science_mineral_014,29,5,all_conditions_pooled,0,0,-175.20063400628123,0
overall_harmful,end_of_user_message,science_mineral_014,29,5,all_conditions_pooled,0,1,156.9158217562696,0
overall_harmful,end_of_user_message,science_plant_013,30,5,all_conditions_pooled,0,0,-130.28364631006338,0
overall_harmful,end_of_user_message,science_plant_013,30,5,all_conditions_pooled,0,0,-293.9785992580676,0
overall_harmful,end_of_user_message,science_plant_013,30,5,all_conditions_pooled,0,0,-1.1608515768238767,0
overall_harmful,end_of_user_message,science_weather_015,31,5,all_conditions_pooled,0,0,-19.249963205295778,0
overall_harmful,end_of_user_message,science_weather_015,31,5,all_conditions_pooled,0,0,-99.04938467761966,0
overall_harmful,end_of_user_message,science_weather_015,31,5,all_conditions_pooled,0,1,226.3457329530069,0
overall_harmful,end_of_user_message,technical_api_022,32,5,all_conditions_pooled,0,1,55.78970528905461,0
overall_harmful,end_of_user_message,technical_api_022,32,5,all_conditions_pooled,0,0,-45.220013375312234,0
overall_harmful,end_of_user_message,technical_api_022,32,5,all_conditions_pooled,0,1,302.6147043852696,0
overall_harmful,end_of_user_message,technical_backup_023,33,5,all_conditions_pooled,0,0,-232.33429689428252,0
overall_harmful,end_of_user_message,technical_backup_023,33,5,all_conditions_pooled,0,0,-250.0309384975506,0
overall_harmful,end_of_user_message,technical_backup_023,33,5,all_conditions_pooled,0,1,60.475879913478224,0
overall_harmful,end_of_user_message,technical_config_021,34,5,all_conditions_pooled,0,0,-123.3801390185487,0
overall_harmful,end_of_user_message,technical_config_021,34,5,all_conditions_pooled,0,0,-121.89485243710728,0
overall_harmful,end_of_user_message,technical_config_021,34,5,all_conditions_pooled,0,1,130.65767287130578,0
overall_harmful,end_of_user_message,technical_feature_flag_024,35,5,all_conditions_pooled,0,1,208.95644118984356,0
overall_harmful,end_of_user_message,technical_feature_flag_024,35,5,all_conditions_pooled,0,1,94.48572549650137,0
overall_harmful,end_of_user_message,technical_feature_flag_024,35,5,all_conditions_pooled,0,1,460.34736975812234,0
overall_harmful,end_of_user_message,academic_attendance_019,0,6,all_conditions_pooled,0,1,352.5657232502233,0
overall_harmful,end_of_user_message,academic_attendance_019,0,6,all_conditions_pooled,0,0,-945.0295928729176,1
overall_harmful,end_of_user_message,academic_attendance_019,0,6,all_conditions_pooled,0,1,571.9113585251127,0
overall_harmful,end_of_user_message,academic_grading_018,1,6,all_conditions_pooled,0,1,9.537550436496069,0
overall_harmful,end_of_user_message,academic_grading_018,1,6,all_conditions_pooled,0,0,-197.3008206682481,0
overall_harmful,end_of_user_message,academic_grading_018,1,6,all_conditions_pooled,0,1,185.8223363513869,0
overall_harmful,end_of_user_message,academic_latework_020,2,6,all_conditions_pooled,0,1,103.14810536434764,0
overall_harmful,end_of_user_message,academic_latework_020,2,6,all_conditions_pooled,0,0,-169.2303568933375,0
overall_harmful,end_of_user_message,academic_latework_020,2,6,all_conditions_pooled,0,1,259.2532359626809,0
overall_harmful,end_of_user_message,academic_prereq_017,3,6,all_conditions_pooled,0,1,25.381914068237336,0
overall_harmful,end_of_user_message,academic_prereq_017,3,6,all_conditions_pooled,0,0,-262.66780129638,0
overall_harmful,end_of_user_message,academic_prereq_017,3,6,all_conditions_pooled,0,1,137.79378822129217,0
overall_harmful,end_of_user_message,contract_rental_029,4,6,all_conditions_pooled,0,1,50.15015073730406,0
overall_harmful,end_of_user_message,contract_rental_029,4,6,all_conditions_pooled,0,0,-155.17999281539943,0
overall_harmful,end_of_user_message,contract_rental_029,4,6,all_conditions_pooled,0,1,195.30197842497287,0
overall_harmful,end_of_user_message,contract_service_030,5,6,all_conditions_pooled,0,1,18.89207602620121,0
overall_harmful,end_of_user_message,contract_service_030,5,6,all_conditions_pooled,0,0,-221.1310635991973,0
overall_harmful,end_of_user_message,contract_service_030,5,6,all_conditions_pooled,0,1,160.85844222886595,0
overall_harmful,end_of_user_message,contract_ticket_032,6,6,all_conditions_pooled,0,1,2.9003309682557337,0
overall_harmful,end_of_user_message,contract_ticket_032,6,6,all_conditions_pooled,0,0,-241.79224497221946,0
overall_harmful,end_of_user_message,contract_ticket_032,6,6,all_conditions_pooled,0,1,135.8955589724681,0
overall_harmful,end_of_user_message,contract_warranty_031,7,6,all_conditions_pooled,0,1,45.37681096883293,0
overall_harmful,end_of_user_message,contract_warranty_031,7,6,all_conditions_pooled,0,0,-185.31704194659272,0
overall_harmful,end_of_user_message,contract_warranty_031,7,6,all_conditions_pooled,0,1,209.03501486763366,0
overall_harmful,end_of_user_message,finance_budget_007,8,6,all_conditions_pooled,0,0,-117.50474131777524,0
overall_harmful,end_of_user_message,finance_budget_007,8,6,all_conditions_pooled,0,0,-323.89215997922196,0
overall_harmful,end_of_user_message,finance_budget_007,8,6,all_conditions_pooled,0,1,47.06704428621181,0
overall_harmful,end_of_user_message,finance_coupon_006,9,6,all_conditions_pooled,0,0,-11.37240413470369,0
overall_harmful,end_of_user_message,finance_coupon_006,9,6,all_conditions_pooled,0,0,-242.0066665219312,0
overall_harmful,end_of_user_message,finance_coupon_006,9,6,all_conditions_pooled,0,1,132.34746381410122,0
overall_harmful,end_of_user_message,finance_membership_008,10,6,all_conditions_pooled,0,1,13.689111181800882,0
overall_harmful,end_of_user_message,finance_membership_008,10,6,all_conditions_pooled,0,0,-204.94658896073088,0
overall_harmful,end_of_user_message,finance_membership_008,10,6,all_conditions_pooled,0,1,185.64824868578344,0
overall_harmful,end_of_user_message,finance_refund_005,11,6,all_conditions_pooled,0,0,-57.67514286283442,0
overall_harmful,end_of_user_message,finance_refund_005,11,6,all_conditions_pooled,0,0,-303.44620850106696,0
overall_harmful,end_of_user_message,finance_refund_005,11,6,all_conditions_pooled,0,1,76.11318532327009,0
overall_harmful,end_of_user_message,logic_access_033,12,6,all_conditions_pooled,0,1,120.3122869586499,0
overall_harmful,end_of_user_message,logic_access_033,12,6,all_conditions_pooled,0,0,-130.46530948666987,0
overall_harmful,end_of_user_message,logic_access_033,12,6,all_conditions_pooled,0,1,246.03875690591963,0
overall_harmful,end_of_user_message,logic_eligibility_034,13,6,all_conditions_pooled,0,1,64.57939700980867,0
overall_harmful,end_of_user_message,logic_eligibility_034,13,6,all_conditions_pooled,0,0,-186.12004806393378,0
overall_harmful,end_of_user_message,logic_eligibility_034,13,6,all_conditions_pooled,0,1,205.09695290434536,0
overall_harmful,end_of_user_message,logic_shipping_035,14,6,all_conditions_pooled,0,1,5.158523253942114,0
overall_harmful,end_of_user_message,logic_shipping_035,14,6,all_conditions_pooled,0,1,0.3393858846092428,0
overall_harmful,end_of_user_message,logic_shipping_035,14,6,all_conditions_pooled,0,0,-95.59415982315815,1
overall_harmful,end_of_user_message,logic_tournament_036,15,6,all_conditions_pooled,0,1,37.35359415552428,0
overall_harmful,end_of_user_message,logic_tournament_036,15,6,all_conditions_pooled,0,0,-230.4181528734914,0
overall_harmful,end_of_user_message,logic_tournament_036,15,6,all_conditions_pooled,0,1,163.14398567002297,0
overall_harmful,end_of_user_message,policy_lab_access_002,16,6,all_conditions_pooled,0,1,86.43776549582299,0
overall_harmful,end_of_user_message,policy_lab_access_002,16,6,all_conditions_pooled,0,0,-154.53535897467282,0
overall_harmful,end_of_user_message,policy_lab_access_002,16,6,all_conditions_pooled,0,1,223.06716145621868,0
overall_harmful,end_of_user_message,policy_library_checkout_003,17,6,all_conditions_pooled,0,0,-35.29537118313232,0
overall_harmful,end_of_user_message,policy_library_checkout_003,17,6,all_conditions_pooled,0,0,-259.8980264422911,0
overall_harmful,end_of_user_message,policy_library_checkout_003,17,6,all_conditions_pooled,0,1,139.8229823580349,0
overall_harmful,end_of_user_message,policy_lunch_pass_001,18,6,all_conditions_pooled,0,1,32.29365151573461,0
overall_harmful,end_of_user_message,policy_lunch_pass_001,18,6,all_conditions_pooled,0,0,-199.0411068449081,0
overall_harmful,end_of_user_message,policy_lunch_pass_001,18,6,all_conditions_pooled,0,1,181.63152214152544,0
overall_harmful,end_of_user_message,policy_rec_center_004,19,6,all_conditions_pooled,0,0,-367.1672774991809,1
overall_harmful,end_of_user_message,policy_rec_center_004,19,6,all_conditions_pooled,0,0,-98.27915516904203,0
overall_harmful,end_of_user_message,policy_rec_center_004,19,6,all_conditions_pooled,0,1,125.86050787560583,0
overall_harmful,end_of_user_message,product_specs_025,20,6,all_conditions_pooled,0,1,5.785685262450819,0
overall_harmful,end_of_user_message,product_specs_025,20,6,all_conditions_pooled,0,0,-252.43341600879444,0
overall_harmful,end_of_user_message,product_specs_025,20,6,all_conditions_pooled,0,1,134.27084469977308,0
overall_harmful,end_of_user_message,product_specs_026,21,6,all_conditions_pooled,0,0,-61.30138675907032,0
overall_harmful,end_of_user_message,product_specs_026,21,6,all_conditions_pooled,0,0,-280.7204421762991,0
overall_harmful,end_of_user_message,product_specs_026,21,6,all_conditions_pooled,0,1,78.37741918861289,0
overall_harmful,end_of_user_message,product_specs_027,22,6,all_conditions_pooled,0,1,20.175337839461335,0
overall_harmful,end_of_user_message,product_specs_027,22,6,all_conditions_pooled,0,0,-226.80481976464552,0
overall_harmful,end_of_user_message,product_specs_027,22,6,all_conditions_pooled,0,1,159.19001877221484,0
overall_harmful,end_of_user_message,product_specs_028,23,6,all_conditions_pooled,0,0,-15.752220982742479,0
overall_harmful,end_of_user_message,product_specs_028,23,6,all_conditions_pooled,0,0,-244.907225625198,0
overall_harmful,end_of_user_message,product_specs_028,23,6,all_conditions_pooled,0,1,119.15043511477478,0
overall_harmful,end_of_user_message,schedule_clinic_011,24,6,all_conditions_pooled,0,1,74.88733592948168,0
overall_harmful,end_of_user_message,schedule_clinic_011,24,6,all_conditions_pooled,0,0,-168.9121580604006,0
overall_harmful,end_of_user_message,schedule_clinic_011,24,6,all_conditions_pooled,0,1,217.33702494870442,0
overall_harmful,end_of_user_message,schedule_exam_010,25,6,all_conditions_pooled,0,0,-152.52449514674595,0
overall_harmful,end_of_user_message,schedule_exam_010,25,6,all_conditions_pooled,0,0,-39.82225645474222,0
overall_harmful,end_of_user_message,schedule_exam_010,25,6,all_conditions_pooled,0,0,-184.3378851357902,1
overall_harmful,end_of_user_message,schedule_train_009,26,6,all_conditions_pooled,0,1,87.58204559966518,0
overall_harmful,end_of_user_message,schedule_train_009,26,6,all_conditions_pooled,0,0,-151.95968796269435,0
overall_harmful,end_of_user_message,schedule_train_009,26,6,all_conditions_pooled,0,1,214.81775623533812,0
overall_harmful,end_of_user_message,schedule_workshop_012,27,6,all_conditions_pooled,0,0,-3.891623291861908,0
overall_harmful,end_of_user_message,schedule_workshop_012,27,6,all_conditions_pooled,0,0,-201.0109659800707,0
overall_harmful,end_of_user_message,schedule_workshop_012,27,6,all_conditions_pooled,0,1,149.94358169697585,0
overall_harmful,end_of_user_message,science_battery_016,28,6,all_conditions_pooled,0,0,-14.072968674322748,0
overall_harmful,end_of_user_message,science_battery_016,28,6,all_conditions_pooled,0,0,-291.9285836280186,0
overall_harmful,end_of_user_message,science_battery_016,28,6,all_conditions_pooled,0,1,102.1873148184967,0
overall_harmful,end_of_user_message,science_mineral_014,29,6,all_conditions_pooled,0,1,76.37213768663852,0
overall_harmful,end_of_user_message,science_mineral_014,29,6,all_conditions_pooled,0,0,-178.14211163428735,0
overall_harmful,end_of_user_message,science_mineral_014,29,6,all_conditions_pooled,0,1,215.35216146022992,0
overall_harmful,end_of_user_message,science_plant_013,30,6,all_conditions_pooled,0,1,22.135334971892213,0
overall_harmful,end_of_user_message,science_plant_013,30,6,all_conditions_pooled,0,0,-310.58437565302665,0
overall_harmful,end_of_user_message,science_plant_013,30,6,all_conditions_pooled,0,1,131.62614954513154,0
overall_harmful,end_of_user_message,science_weather_015,31,6,all_conditions_pooled,0,1,152.2708072533496,0
overall_harmful,end_of_user_message,science_weather_015,31,6,all_conditions_pooled,0,0,-128.73414881416676,0
overall_harmful,end_of_user_message,science_weather_015,31,6,all_conditions_pooled,0,1,283.46123917024715,0
overall_harmful,end_of_user_message,technical_api_022,32,6,all_conditions_pooled,0,1,80.4352279110906,0
overall_harmful,end_of_user_message,technical_api_022,32,6,all_conditions_pooled,0,0,-203.1265409498917,0
overall_harmful,end_of_user_message,technical_api_022,32,6,all_conditions_pooled,0,1,218.9218322152781,0
overall_harmful,end_of_user_message,technical_backup_023,33,6,all_conditions_pooled,0,0,-73.88814139191757,0
overall_harmful,end_of_user_message,technical_backup_023,33,6,all_conditions_pooled,0,0,-320.63951097970585,0
overall_harmful,end_of_user_message,technical_backup_023,33,6,all_conditions_pooled,0,1,119.01184231963171,0
overall_harmful,end_of_user_message,technical_config_021,34,6,all_conditions_pooled,0,0,-123.75193083470313,0
overall_harmful,end_of_user_message,technical_config_021,34,6,all_conditions_pooled,0,0,-320.30204340944533,0
overall_harmful,end_of_user_message,technical_config_021,34,6,all_conditions_pooled,0,1,19.53631721280165,0
overall_harmful,end_of_user_message,technical_feature_flag_024,35,6,all_conditions_pooled,0,1,205.00133122676453,0
overall_harmful,end_of_user_message,technical_feature_flag_024,35,6,all_conditions_pooled,0,0,-82.66829410493145,0
overall_harmful,end_of_user_message,technical_feature_flag_024,35,6,all_conditions_pooled,0,1,329.42653015036046,0
overall_harmful,end_of_user_message,academic_attendance_019,0,7,all_conditions_pooled,0,1,322.10605784380766,0
overall_harmful,end_of_user_message,academic_attendance_019,0,7,all_conditions_pooled,0,0,-998.6790818495414,1
overall_harmful,end_of_user_message,academic_attendance_019,0,7,all_conditions_pooled,0,1,697.6405314936393,0
overall_harmful,end_of_user_message,academic_grading_018,1,7,all_conditions_pooled,0,1,65.53261305717152,0
overall_harmful,end_of_user_message,academic_grading_018,1,7,all_conditions_pooled,0,0,-133.79149395627343,0
overall_harmful,end_of_user_message,academic_grading_018,1,7,all_conditions_pooled,0,1,355.8757430634983,0
overall_harmful,end_of_user_message,academic_latework_020,2,7,all_conditions_pooled,0,1,97.42045968885341,0
overall_harmful,end_of_user_message,academic_latework_020,2,7,all_conditions_pooled,0,0,-150.7083776024664,0
overall_harmful,end_of_user_message,academic_latework_020,2,7,all_conditions_pooled,0,1,363.77966103058105,0
overall_harmful,end_of_user_message,academic_prereq_017,3,7,all_conditions_pooled,0,1,39.62427781545834,0
overall_harmful,end_of_user_message,academic_prereq_017,3,7,all_conditions_pooled,0,0,-209.0676988671588,0
overall_harmful,end_of_user_message,academic_prereq_017,3,7,all_conditions_pooled,0,1,293.539433574078,0
overall_harmful,end_of_user_message,contract_rental_029,4,7,all_conditions_pooled,0,1,18.023793072419238,0
overall_harmful,end_of_user_message,contract_rental_029,4,7,all_conditions_pooled,0,0,-177.15391259818986,0
overall_harmful,end_of_user_message,contract_rental_029,4,7,all_conditions_pooled,0,1,266.4968302903353,0
overall_harmful,end_of_user_message,contract_service_030,5,7,all_conditions_pooled,0,0,-65.48475891200746,0
overall_harmful,end_of_user_message,contract_service_030,5,7,all_conditions_pooled,0,0,-310.1342058623753,0
overall_harmful,end_of_user_message,contract_service_030,5,7,all_conditions_pooled,0,1,201.92942779668357,0
overall_harmful,end_of_user_message,contract_ticket_032,6,7,all_conditions_pooled,0,0,-22.85595704651562,0
overall_harmful,end_of_user_message,contract_ticket_032,6,7,all_conditions_pooled,0,0,-236.93356404265705,0
overall_harmful,end_of_user_message,contract_ticket_032,6,7,all_conditions_pooled,0,1,222.36390674145156,0
overall_harmful,end_of_user_message,contract_warranty_031,7,7,all_conditions_pooled,0,0,-44.58208770423492,0
overall_harmful,end_of_user_message,contract_warranty_031,7,7,all_conditions_pooled,0,0,-243.125217274521,0
overall_harmful,end_of_user_message,contract_warranty_031,7,7,all_conditions_pooled,0,1,254.9547449454455,0
overall_harmful,end_of_user_message,finance_budget_007,8,7,all_conditions_pooled,0,0,-163.65807554070403,0
overall_harmful,end_of_user_message,finance_budget_007,8,7,all_conditions_pooled,0,0,-388.4817774982729,0
overall_harmful,end_of_user_message,finance_budget_007,8,7,all_conditions_pooled,0,1,73.82801074590554,0
overall_harmful,end_of_user_message,finance_coupon_006,9,7,all_conditions_pooled,0,0,-47.71102482891769,0
overall_harmful,end_of_user_message,finance_coupon_006,9,7,all_conditions_pooled,0,0,-252.71265549730998,0
overall_harmful,end_of_user_message,finance_coupon_006,9,7,all_conditions_pooled,0,1,206.46382998249362,0
overall_harmful,end_of_user_message,finance_membership_008,10,7,all_conditions_pooled,0,0,-9.257680973071452,0
overall_harmful,end_of_user_message,finance_membership_008,10,7,all_conditions_pooled,0,0,-210.10929106602384,0
overall_harmful,end_of_user_message,finance_membership_008,10,7,all_conditions_pooled,0,1,255.79321487299353,0
overall_harmful,end_of_user_message,finance_refund_005,11,7,all_conditions_pooled,0,0,-161.79080259844625,0
overall_harmful,end_of_user_message,finance_refund_005,11,7,all_conditions_pooled,0,0,-381.8737508317281,0
overall_harmful,end_of_user_message,finance_refund_005,11,7,all_conditions_pooled,0,1,79.73529358980957,0
overall_harmful,end_of_user_message,logic_access_033,12,7,all_conditions_pooled,0,1,76.53737130422756,0
overall_harmful,end_of_user_message,logic_access_033,12,7,all_conditions_pooled,0,0,-197.7296073634585,0
overall_harmful,end_of_user_message,logic_access_033,12,7,all_conditions_pooled,0,1,288.9884257594225,0
overall_harmful,end_of_user_message,logic_eligibility_034,13,7,all_conditions_pooled,0,1,34.160124509174096,0
overall_harmful,end_of_user_message,logic_eligibility_034,13,7,all_conditions_pooled,0,0,-208.67551178843155,0
overall_harmful,end_of_user_message,logic_eligibility_034,13,7,all_conditions_pooled,0,1,272.2622796630412,0
overall_harmful,end_of_user_message,logic_shipping_035,14,7,all_conditions_pooled,0,0,-43.312844575206825,0
overall_harmful,end_of_user_message,logic_shipping_035,14,7,all_conditions_pooled,0,1,46.0669740722098,0
overall_harmful,end_of_user_message,logic_shipping_035,14,7,all_conditions_pooled,0,0,-60.52128384981548,1
overall_harmful,end_of_user_message,logic_tournament_036,15,7,all_conditions_pooled,0,1,1.4865404889725795,0
overall_harmful,end_of_user_message,logic_tournament_036,15,7,all_conditions_pooled,0,0,-291.62747223492147,0
overall_harmful,end_of_user_message,logic_tournament_036,15,7,all_conditions_pooled,0,1,214.72919194378306,0
overall_harmful,end_of_user_message,policy_lab_access_002,16,7,all_conditions_pooled,0,1,51.827813347656544,0
overall_harmful,end_of_user_message,policy_lab_access_002,16,7,all_conditions_pooled,0,0,-182.289822934149,0
overall_harmful,end_of_user_message,policy_lab_access_002,16,7,all_conditions_pooled,0,1,274.58461454385167,0
overall_harmful,end_of_user_message,policy_library_checkout_003,17,7,all_conditions_pooled,0,0,-61.996198432452886,0
overall_harmful,end_of_user_message,policy_library_checkout_003,17,7,all_conditions_pooled,0,0,-239.90492157887707,0
overall_harmful,end_of_user_message,policy_library_checkout_003,17,7,all_conditions_pooled,0,1,218.9949653946212,0
overall_harmful,end_of_user_message,policy_lunch_pass_001,18,7,all_conditions_pooled,0,0,-39.0301608613429,0
overall_harmful,end_of_user_message,policy_lunch_pass_001,18,7,all_conditions_pooled,0,0,-256.4254946904981,0
overall_harmful,end_of_user_message,policy_lunch_pass_001,18,7,all_conditions_pooled,0,1,196.53460799063316,0
overall_harmful,end_of_user_message,policy_rec_center_004,19,7,all_conditions_pooled,0,0,-421.9912445046469,1
overall_harmful,end_of_user_message,policy_rec_center_004,19,7,all_conditions_pooled,0,0,-167.3984305514698,0
overall_harmful,end_of_user_message,policy_rec_center_004,19,7,all_conditions_pooled,0,1,204.27193503605216,0
overall_harmful,end_of_user_message,product_specs_025,20,7,all_conditions_pooled,0,0,-69.32212531939894,0
overall_harmful,end_of_user_message,product_specs_025,20,7,all_conditions_pooled,0,0,-342.79703637661066,0
overall_harmful,end_of_user_message,product_specs_025,20,7,all_conditions_pooled,0,1,153.12856875272234,0
overall_harmful,end_of_user_message,product_specs_026,21,7,all_conditions_pooled,0,0,-17.748105924300386,0
overall_harmful,end_of_user_message,product_specs_026,21,7,all_conditions_pooled,0,0,-256.9980426485281,0
overall_harmful,end_of_user_message,product_specs_026,21,7,all_conditions_pooled,0,1,198.57672178015082,0
overall_harmful,end_of_user_message,product_specs_027,22,7,all_conditions_pooled,0,0,-57.51421176861042,0
overall_harmful,end_of_user_message,product_specs_027,22,7,all_conditions_pooled,0,0,-304.66714463585504,0
overall_harmful,end_of_user_message,product_specs_027,22,7,all_conditions_pooled,0,1,204.52314643116154,0
overall_harmful,end_of_user_message,product_specs_028,23,7,all_conditions_pooled,0,0,-33.164564783643,0
overall_harmful,end_of_user_message,product_specs_028,23,7,all_conditions_pooled,0,0,-287.1998454112293,0
overall_harmful,end_of_user_message,product_specs_028,23,7,all_conditions_pooled,0,1,208.01212892643343,0
overall_harmful,end_of_user_message,schedule_clinic_011,24,7,all_conditions_pooled,0,1,33.58939323400712,0
overall_harmful,end_of_user_message,schedule_clinic_011,24,7,all_conditions_pooled,0,0,-232.9023727226717,0
overall_harmful,end_of_user_message,schedule_clinic_011,24,7,all_conditions_pooled,0,1,251.803911067655,0
overall_harmful,end_of_user_message,schedule_exam_010,25,7,all_conditions_pooled,0,0,-143.2308694712633,0
overall_harmful,end_of_user_message,schedule_exam_010,25,7,all_conditions_pooled,0,0,-12.530447680386114,0
overall_harmful,end_of_user_message,schedule_exam_010,25,7,all_conditions_pooled,0,0,-112.58331891808908,1
overall_harmful,end_of_user_message,schedule_train_009,26,7,all_conditions_pooled,0,1,41.75082325698885,0
overall_harmful,end_of_user_message,schedule_train_009,26,7,all_conditions_pooled,0,0,-212.5612353552807,0
overall_harmful,end_of_user_message,schedule_train_009,26,7,all_conditions_pooled,0,1,267.1861156228927,0
overall_harmful,end_of_user_message,schedule_workshop_012,27,7,all_conditions_pooled,0,0,-14.536136661936741,0
overall_harmful,end_of_user_message,schedule_workshop_012,27,7,all_conditions_pooled,0,0,-230.56351141423497,0
overall_harmful,end_of_user_message,schedule_workshop_012,27,7,all_conditions_pooled,0,1,220.85182621205814,0
overall_harmful,end_of_user_message,science_battery_016,28,7,all_conditions_pooled,0,0,-105.24949600802685,0
overall_harmful,end_of_user_message,science_battery_016,28,7,all_conditions_pooled,0,0,-384.0283415838876,0
overall_harmful,end_of_user_message,science_battery_016,28,7,all_conditions_pooled,0,1,109.73394699246876,0
overall_harmful,end_of_user_message,science_mineral_014,29,7,all_conditions_pooled,0,1,75.37358032352,0
overall_harmful,end_of_user_message,science_mineral_014,29,7,all_conditions_pooled,0,0,-177.56685468132713,0
overall_harmful,end_of_user_message,science_mineral_014,29,7,all_conditions_pooled,0,1,352.2684157239099,0
overall_harmful,end_of_user_message,science_plant_013,30,7,all_conditions_pooled,0,0,-12.107380130240625,0
overall_harmful,end_of_user_message,science_plant_013,30,7,all_conditions_pooled,0,0,-357.19557735635453,0
overall_harmful,end_of_user_message,science_plant_013,30,7,all_conditions_pooled,0,1,177.50648697812613,0
overall_harmful,end_of_user_message,science_weather_015,31,7,all_conditions_pooled,0,1,91.18426970808899,0
overall_harmful,end_of_user_message,science_weather_015,31,7,all_conditions_pooled,0,0,-173.37030670801312,0
overall_harmful,end_of_user_message,science_weather_015,31,7,all_conditions_pooled,0,1,328.4181779084422,0
overall_harmful,end_of_user_message,technical_api_022,32,7,all_conditions_pooled,0,1,40.46701122334014,0
overall_harmful,end_of_user_message,technical_api_022,32,7,all_conditions_pooled,0,0,-242.6397909995072,0
overall_harmful,end_of_user_message,technical_api_022,32,7,all_conditions_pooled,0,1,297.5642926625303,0
overall_harmful,end_of_user_message,technical_backup_023,33,7,all_conditions_pooled,0,0,-20.305464884637633,0
overall_harmful,end_of_user_message,technical_backup_023,33,7,all_conditions_pooled,0,0,-306.8344676635529,0
overall_harmful,end_of_user_message,technical_backup_023,33,7,all_conditions_pooled,0,1,231.80075112940614,0
overall_harmful,end_of_user_message,technical_config_021,34,7,all_conditions_pooled,0,0,-142.31150880212087,0
overall_harmful,end_of_user_message,technical_config_021,34,7,all_conditions_pooled,0,0,-320.84070762299785,0
overall_harmful,end_of_user_message,technical_config_021,34,7,all_conditions_pooled,0,1,113.06670654552269,0
overall_harmful,end_of_user_message,technical_feature_flag_024,35,7,all_conditions_pooled,0,1,121.17015443985815,0
overall_harmful,end_of_user_message,technical_feature_flag_024,35,7,all_conditions_pooled,0,0,-158.24025793420947,0
overall_harmful,end_of_user_message,technical_feature_flag_024,35,7,all_conditions_pooled,0,1,349.50360276148865,0
overall_harmful,end_of_user_message,academic_attendance_019,0,8,all_conditions_pooled,0,1,342.1560457910706,0
overall_harmful,end_of_user_message,academic_attendance_019,0,8,all_conditions_pooled,0,0,-849.0997757610797,1
overall_harmful,end_of_user_message,academic_attendance_019,0,8,all_conditions_pooled,0,1,659.8541515260054,0
overall_harmful,end_of_user_message,academic_grading_018,1,8,all_conditions_pooled,0,0,-25.148271294956267,0
overall_harmful,end_of_user_message,academic_grading_018,1,8,all_conditions_pooled,0,0,-306.89263351653506,0
overall_harmful,end_of_user_message,academic_grading_018,1,8,all_conditions_pooled,0,1,288.322825802826,0
overall_harmful,end_of_user_message,academic_latework_020,2,8,all_conditions_pooled,0,1,65.86089677262979,0
overall_harmful,end_of_user_message,academic_latework_020,2,8,all_conditions_pooled,0,0,-179.02065591302218,0
overall_harmful,end_of_user_message,academic_latework_020,2,8,all_conditions_pooled,0,1,348.11247821872075,0
overall_harmful,end_of_user_message,academic_prereq_017,3,8,all_conditions_pooled,0,1,5.317909170696545,0
overall_harmful,end_of_user_message,academic_prereq_017,3,8,all_conditions_pooled,0,0,-277.2978644403631,0
overall_harmful,end_of_user_message,academic_prereq_017,3,8,all_conditions_pooled,0,1,242.64292537019242,0
overall_harmful,end_of_user_message,contract_rental_029,4,8,all_conditions_pooled,0,1,80.04862301228042,0
overall_harmful,end_of_user_message,contract_rental_029,4,8,all_conditions_pooled,0,0,-120.99227812535685,0
overall_harmful,end_of_user_message,contract_rental_029,4,8,all_conditions_pooled,0,1,311.9262508161957,0
overall_harmful,end_of_user_message,contract_service_030,5,8,all_conditions_pooled,0,1,16.69418069474763,0
overall_harmful,end_of_user_message,contract_service_030,5,8,all_conditions_pooled,0,0,-298.46042255115526,0
overall_harmful,end_of_user_message,contract_service_030,5,8,all_conditions_pooled,0,1,246.6917538968168,0
overall_harmful,end_of_user_message,contract_ticket_032,6,8,all_conditions_pooled,0,1,51.616726357400495,0
overall_harmful,end_of_user_message,contract_ticket_032,6,8,all_conditions_pooled,0,0,-211.76171187575568,0
overall_harmful,end_of_user_message,contract_ticket_032,6,8,all_conditions_pooled,0,1,269.1612373847071,0
overall_harmful,end_of_user_message,contract_warranty_031,7,8,all_conditions_pooled,0,0,-73.98620456404657,0
overall_harmful,end_of_user_message,contract_warranty_031,7,8,all_conditions_pooled,0,0,-260.65439897465035,0
overall_harmful,end_of_user_message,contract_warranty_031,7,8,all_conditions_pooled,0,1,221.16667222811043,0
overall_harmful,end_of_user_message,finance_budget_007,8,8,all_conditions_pooled,0,0,-161.90837126120886,0
overall_harmful,end_of_user_message,finance_budget_007,8,8,all_conditions_pooled,0,0,-431.06006811864523,0
overall_harmful,end_of_user_message,finance_budget_007,8,8,all_conditions_pooled,0,1,109.38306430959983,0
overall_harmful,end_of_user_message,finance_coupon_006,9,8,all_conditions_pooled,0,1,6.270529768880252,0
overall_harmful,end_of_user_message,finance_coupon_006,9,8,all_conditions_pooled,0,0,-237.87891738942977,0
overall_harmful,end_of_user_message,finance_coupon_006,9,8,all_conditions_pooled,0,1,219.55868307404856,0
overall_harmful,end_of_user_message,finance_membership_008,10,8,all_conditions_pooled,0,1,9.203923271599567,0
overall_harmful,end_of_user_message,finance_membership_008,10,8,all_conditions_pooled,0,0,-218.36828049363294,0
overall_harmful,end_of_user_message,finance_membership_008,10,8,all_conditions_pooled,0,1,287.43911331434805,0
overall_harmful,end_of_user_message,finance_refund_005,11,8,all_conditions_pooled,0,0,-135.35966367789734,0
overall_harmful,end_of_user_message,finance_refund_005,11,8,all_conditions_pooled,0,0,-401.0949588294646,0
overall_harmful,end_of_user_message,finance_refund_005,11,8,all_conditions_pooled,0,1,106.7148167425031,0
overall_harmful,end_of_user_message,logic_access_033,12,8,all_conditions_pooled,0,1,246.3599263832952,0
overall_harmful,end_of_user_message,logic_access_033,12,8,all_conditions_pooled,0,0,-105.96283905388023,0
overall_harmful,end_of_user_message,logic_access_033,12,8,all_conditions_pooled,0,1,428.52526358709724,0
overall_harmful,end_of_user_message,logic_eligibility_034,13,8,all_conditions_pooled,0,1,198.9553866392219,0
overall_harmful,end_of_user_message,logic_eligibility_034,13,8,all_conditions_pooled,0,0,-100.57145099313651,0
overall_harmful,end_of_user_message,logic_eligibility_034,13,8,all_conditions_pooled,0,1,364.25984212466517,0
overall_harmful,end_of_user_message,logic_shipping_035,14,8,all_conditions_pooled,0,0,-8.240678988942925,0
overall_harmful,end_of_user_message,logic_shipping_035,14,8,all_conditions_pooled,0,0,-33.57952265071729,0
overall_harmful,end_of_user_message,logic_shipping_035,14,8,all_conditions_pooled,0,0,-1.09037370760608,1
overall_harmful,end_of_user_message,logic_tournament_036,15,8,all_conditions_pooled,0,1,34.49206264717805,0
overall_harmful,end_of_user_message,logic_tournament_036,15,8,all_conditions_pooled,0,0,-300.9133706819233,0
overall_harmful,end_of_user_message,logic_tournament_036,15,8,all_conditions_pooled,0,1,268.2363870056655,0
overall_harmful,end_of_user_message,policy_lab_access_002,16,8,all_conditions_pooled,0,0,-11.257026298251052,0
overall_harmful,end_of_user_message,policy_lab_access_002,16,8,all_conditions_pooled,0,0,-321.4467430054617,0
overall_harmful,end_of_user_message,policy_lab_access_002,16,8,all_conditions_pooled,0,1,218.13143108445308,0
overall_harmful,end_of_user_message,policy_library_checkout_003,17,8,all_conditions_pooled,0,0,-98.2949991337387,0
overall_harmful,end_of_user_message,policy_library_checkout_003,17,8,all_conditions_pooled,0,0,-306.55253446209247,0
overall_harmful,end_of_user_message,policy_library_checkout_003,17,8,all_conditions_pooled,0,1,178.4319325330801,0
overall_harmful,end_of_user_message,policy_lunch_pass_001,18,8,all_conditions_pooled,0,0,-83.29156687723726,0
overall_harmful,end_of_user_message,policy_lunch_pass_001,18,8,all_conditions_pooled,0,0,-328.88791541798577,0
overall_harmful,end_of_user_message,policy_lunch_pass_001,18,8,all_conditions_pooled,0,1,177.8712280355447,0
overall_harmful,end_of_user_message,policy_rec_center_004,19,8,all_conditions_pooled,0,0,-354.5466106861138,1
overall_harmful,end_of_user_message,policy_rec_center_004,19,8,all_conditions_pooled,0,0,-215.2447325163867,0
overall_harmful,end_of_user_message,policy_rec_center_004,19,8,all_conditions_pooled,0,1,305.1344164663486,0
overall_harmful,end_of_user_message,product_specs_025,20,8,all_conditions_pooled,0,0,-55.58673507600386,0
overall_harmful,end_of_user_message,product_specs_025,20,8,all_conditions_pooled,0,0,-393.18496663988725,0
overall_harmful,end_of_user_message,product_specs_025,20,8,all_conditions_pooled,0,1,167.11016597657033,0
overall_harmful,end_of_user_message,product_specs_026,21,8,all_conditions_pooled,0,0,-8.541594980079115,0
overall_harmful,end_of_user_message,product_specs_026,21,8,all_conditions_pooled,0,0,-275.51222092833996,0
overall_harmful,end_of_user_message,product_specs_026,21,8,all_conditions_pooled,0,1,259.40177734172187,0
overall_harmful,end_of_user_message,product_specs_027,22,8,all_conditions_pooled,0,0,-27.839077862729994,0
overall_harmful,end_of_user_message,product_specs_027,22,8,all_conditions_pooled,0,0,-336.6132183867618,0
overall_harmful,end_of_user_message,product_specs_027,22,8,all_conditions_pooled,0,1,214.76965809469192,0
overall_harmful,end_of_user_message,product_specs_028,23,8,all_conditions_pooled,0,1,1.1964423153408497,0
overall_harmful,end_of_user_message,product_specs_028,23,8,all_conditions_pooled,0,0,-279.42409845471695,0
overall_harmful,end_of_user_message,product_specs_028,23,8,all_conditions_pooled,0,1,257.6170828342099,0
overall_harmful,end_of_user_message,schedule_clinic_011,24,8,all_conditions_pooled,0,1,84.48352516142299,0
overall_harmful,end_of_user_message,schedule_clinic_011,24,8,all_conditions_pooled,0,0,-177.00340364012382,0
overall_harmful,end_of_user_message,schedule_clinic_011,24,8,all_conditions_pooled,0,1,318.0600002966729,0
overall_harmful,end_of_user_message,schedule_exam_010,25,8,all_conditions_pooled,0,0,-123.86623816299041,0
overall_harmful,end_of_user_message,schedule_exam_010,25,8,all_conditions_pooled,0,0,-57.512707256655546,0
overall_harmful,end_of_user_message,schedule_exam_010,25,8,all_conditions_pooled,0,0,-56.270460498373296,1
overall_harmful,end_of_user_message,schedule_train_009,26,8,all_conditions_pooled,0,1,31.203569624613948,0
overall_harmful,end_of_user_message,schedule_train_009,26,8,all_conditions_pooled,0,0,-269.98190178380037,0
overall_harmful,end_of_user_message,schedule_train_009,26,8,all_conditions_pooled,0,1,239.65238604354545,0
overall_harmful,end_of_user_message,schedule_workshop_012,27,8,all_conditions_pooled,0,0,-12.824698543114145,0
overall_harmful,end_of_user_message,schedule_workshop_012,27,8,all_conditions_pooled,0,0,-248.83670538704308,0
overall_harmful,end_of_user_message,schedule_workshop_012,27,8,all_conditions_pooled,0,1,263.8534029181396,0
overall_harmful,end_of_user_message,science_battery_016,28,8,all_conditions_pooled,0,0,-123.96614806096022,0
overall_harmful,end_of_user_message,science_battery_016,28,8,all_conditions_pooled,0,0,-430.5488375333487,0
overall_harmful,end_of_user_message,science_battery_016,28,8,all_conditions_pooled,0,1,143.52760166129474,0
overall_harmful,end_of_user_message,science_mineral_014,29,8,all_conditions_pooled,0,1,99.54236169381775,0
overall_harmful,end_of_user_message,science_mineral_014,29,8,all_conditions_pooled,0,0,-173.2307201264643,0
overall_harmful,end_of_user_message,science_mineral_014,29,8,all_conditions_pooled,0,1,378.84080277908106,0
overall_harmful,end_of_user_message,science_plant_013,30,8,all_conditions_pooled,0,0,-61.69396078114691,0
overall_harmful,end_of_user_message,science_plant_013,30,8,all_conditions_pooled,0,0,-438.0984596021151,0
overall_harmful,end_of_user_message,science_plant_013,30,8,all_conditions_pooled,0,1,168.73696349155358,0
overall_harmful,end_of_user_message,science_weather_015,31,8,all_conditions_pooled,0,1,157.2107447365148,0
overall_harmful,end_of_user_message,science_weather_015,31,8,all_conditions_pooled,0,0,-188.5024463374187,0
overall_harmful,end_of_user_message,science_weather_015,31,8,all_conditions_pooled,0,1,384.79548461810225,0
overall_harmful,end_of_user_message,technical_api_022,32,8,all_conditions_pooled,0,1,12.208102970665408,0
overall_harmful,end_of_user_message,technical_api_022,32,8,all_conditions_pooled,0,0,-296.33489978383227,0
overall_harmful,end_of_user_message,technical_api_022,32,8,all_conditions_pooled,0,1,244.30323802716174,0
overall_harmful,end_of_user_message,technical_backup_023,33,8,all_conditions_pooled,0,0,-235.19432279996914,0
overall_harmful,end_of_user_message,technical_backup_023,33,8,all_conditions_pooled,0,0,-464.1163348019461,0
overall_harmful,end_of_user_message,technical_backup_023,33,8,all_conditions_pooled,0,1,72.07066868863939,0
overall_harmful,end_of_user_message,technical_config_021,34,8,all_conditions_pooled,0,0,-234.61086256995185,0
overall_harmful,end_of_user_message,technical_config_021,34,8,all_conditions_pooled,0,0,-433.2951000599236,0
overall_harmful,end_of_user_message,technical_config_021,34,8,all_conditions_pooled,0,1,50.49559921009538,0
overall_harmful,end_of_user_message,technical_feature_flag_024,35,8,all_conditions_pooled,0,1,263.5465889344132,0
overall_harmful,end_of_user_message,technical_feature_flag_024,35,8,all_conditions_pooled,0,0,-59.62373439961631,0
overall_harmful,end_of_user_message,technical_feature_flag_024,35,8,all_conditions_pooled,0,1,434.47273669458485,0
overall_harmful,end_of_user_message,academic_attendance_019,0,9,all_conditions_pooled,0,1,303.9016703791982,0
overall_harmful,end_of_user_message,academic_attendance_019,0,9,all_conditions_pooled,0,0,-784.0064311238441,1
overall_harmful,end_of_user_message,academic_attendance_019,0,9,all_conditions_pooled,0,1,606.1124088370482,0
overall_harmful,end_of_user_message,academic_grading_018,1,9,all_conditions_pooled,0,1,24.680199540190216,0
overall_harmful,end_of_user_message,academic_grading_018,1,9,all_conditions_pooled,0,0,-203.0738877926131,0
overall_harmful,end_of_user_message,academic_grading_018,1,9,all_conditions_pooled,0,1,255.63369078598362,0
overall_harmful,end_of_user_message,academic_latework_020,2,9,all_conditions_pooled,0,1,80.80230721202025,0
overall_harmful,end_of_user_message,academic_latework_020,2,9,all_conditions_pooled,0,0,-114.71806233185139,0
overall_harmful,end_of_user_message,academic_latework_020,2,9,all_conditions_pooled,0,1,338.9999685197738,0
overall_harmful,end_of_user_message,academic_prereq_017,3,9,all_conditions_pooled,0,1,30.05420698094322,0
overall_harmful,end_of_user_message,academic_prereq_017,3,9,all_conditions_pooled,0,0,-188.40378546952294,0
overall_harmful,end_of_user_message,academic_prereq_017,3,9,all_conditions_pooled,0,1,258.82256992804366,0
overall_harmful,end_of_user_message,contract_rental_029,4,9,all_conditions_pooled,0,1,60.76997845691977,0
overall_harmful,end_of_user_message,contract_rental_029,4,9,all_conditions_pooled,0,0,-95.5326355342541,0
overall_harmful,end_of_user_message,contract_rental_029,4,9,all_conditions_pooled,0,1,298.12546232966133,0
overall_harmful,end_of_user_message,contract_service_030,5,9,all_conditions_pooled,0,0,-0.6092801302981385,0
overall_harmful,end_of_user_message,contract_service_030,5,9,all_conditions_pooled,0,0,-225.81229712058365,0
overall_harmful,end_of_user_message,contract_service_030,5,9,all_conditions_pooled,0,1,264.23307799644374,0
overall_harmful,end_of_user_message,contract_ticket_032,6,9,all_conditions_pooled,0,1,7.340246953272818,0
overall_harmful,end_of_user_message,contract_ticket_032,6,9,all_conditions_pooled,0,0,-189.077706768986,0
overall_harmful,end_of_user_message,contract_ticket_032,6,9,all_conditions_pooled,0,1,222.73665503014098,0
overall_harmful,end_of_user_message,contract_warranty_031,7,9,all_conditions_pooled,0,0,-65.36781293379755,0
overall_harmful,end_of_user_message,contract_warranty_031,7,9,all_conditions_pooled,0,0,-206.94993760291567,0
overall_harmful,end_of_user_message,contract_warranty_031,7,9,all_conditions_pooled,0,1,216.38548190723523,0
overall_harmful,end_of_user_message,finance_budget_007,8,9,all_conditions_pooled,0,0,-111.99504442240804,0
overall_harmful,end_of_user_message,finance_budget_007,8,9,all_conditions_pooled,0,0,-357.703541750871,0
overall_harmful,end_of_user_message,finance_budget_007,8,9,all_conditions_pooled,0,1,98.10025475060064,0
overall_harmful,end_of_user_message,finance_coupon_006,9,9,all_conditions_pooled,0,0,-13.782324142685997,0
overall_harmful,end_of_user_message,finance_coupon_006,9,9,all_conditions_pooled,0,0,-213.53217968232997,0
overall_harmful,end_of_user_message,finance_coupon_006,9,9,all_conditions_pooled,0,1,201.19525441210524,0
overall_harmful,end_of_user_message,finance_membership_008,10,9,all_conditions_pooled,0,1,2.0367929813590955,0
overall_harmful,end_of_user_message,finance_membership_008,10,9,all_conditions_pooled,0,0,-200.90212361124057,0
overall_harmful,end_of_user_message,finance_membership_008,10,9,all_conditions_pooled,0,1,242.9046151421519,0
overall_harmful,end_of_user_message,finance_refund_005,11,9,all_conditions_pooled,0,0,-108.23457564247968,0
overall_harmful,end_of_user_message,finance_refund_005,11,9,all_conditions_pooled,0,0,-309.568360678732,0
overall_harmful,end_of_user_message,finance_refund_005,11,9,all_conditions_pooled,0,1,121.92423187872541,0
overall_harmful,end_of_user_message,logic_access_033,12,9,all_conditions_pooled,0,1,166.66183648444843,0
overall_harmful,end_of_user_message,logic_access_033,12,9,all_conditions_pooled,0,0,-136.45123493247053,0
overall_harmful,end_of_user_message,logic_access_033,12,9,all_conditions_pooled,0,1,368.50405794860865,0
overall_harmful,end_of_user_message,logic_eligibility_034,13,9,all_conditions_pooled,0,1,170.92136610483215,0
overall_harmful,end_of_user_message,logic_eligibility_034,13,9,all_conditions_pooled,0,0,-103.91644341654812,0
overall_harmful,end_of_user_message,logic_eligibility_034,13,9,all_conditions_pooled,0,1,363.22971651124453,0
overall_harmful,end_of_user_message,logic_shipping_035,14,9,all_conditions_pooled,0,0,-41.602669622752074,0
overall_harmful,end_of_user_message,logic_shipping_035,14,9,all_conditions_pooled,0,0,-45.55316578536605,0
overall_harmful,end_of_user_message,logic_shipping_035,14,9,all_conditions_pooled,0,0,-76.38538581916835,1
overall_harmful,end_of_user_message,logic_tournament_036,15,9,all_conditions_pooled,0,1,78.67421013339077,0
overall_harmful,end_of_user_message,logic_tournament_036,15,9,all_conditions_pooled,0,0,-177.39580226602325,0
overall_harmful,end_of_user_message,logic_tournament_036,15,9,all_conditions_pooled,0,1,294.0661095736889,0
overall_harmful,end_of_user_message,policy_lab_access_002,16,9,all_conditions_pooled,0,1,28.404205636319844,0
overall_harmful,end_of_user_message,policy_lab_access_002,16,9,all_conditions_pooled,0,0,-230.92970682069367,0
overall_harmful,end_of_user_message,policy_lab_access_002,16,9,all_conditions_pooled,0,1,212.67556118386673,0
overall_harmful,end_of_user_message,policy_library_checkout_003,17,9,all_conditions_pooled,0,0,-35.02405547558266,0
overall_harmful,end_of_user_message,policy_library_checkout_003,17,9,all_conditions_pooled,0,0,-214.28884520120874,0
overall_harmful,end_of_user_message,policy_library_checkout_003,17,9,all_conditions_pooled,0,1,201.11990926715816,0
overall_harmful,end_of_user_message,policy_lunch_pass_001,18,9,all_conditions_pooled,0,0,-60.72884022837319,0
overall_harmful,end_of_user_message,policy_lunch_pass_001,18,9,all_conditions_pooled,0,0,-288.31537556383165,0
overall_harmful,end_of_user_message,policy_lunch_pass_001,18,9,all_conditions_pooled,0,1,151.54589048856312,0
overall_harmful,end_of_user_message,policy_rec_center_004,19,9,all_conditions_pooled,0,0,-570.3365246155473,1
overall_harmful,end_of_user_message,policy_rec_center_004,19,9,all_conditions_pooled,0,0,-366.8621283909941,0
overall_harmful,end_of_user_message,policy_rec_center_004,19,9,all_conditions_pooled,0,1,210.22327677871903,0
overall_harmful,end_of_user_message,product_specs_025,20,9,all_conditions_pooled,0,0,-68.02506221664676,0
overall_harmful,end_of_user_message,product_specs_025,20,9,all_conditions_pooled,0,0,-322.0516986095471,0
overall_harmful,end_of_user_message,product_specs_025,20,9,all_conditions_pooled,0,1,177.8746795574947,0
overall_harmful,end_of_user_message,product_specs_026,21,9,all_conditions_pooled,0,0,-56.85440597127237,0
overall_harmful,end_of_user_message,product_specs_026,21,9,all_conditions_pooled,0,0,-308.72705328413895,0
overall_harmful,end_of_user_message,product_specs_026,21,9,all_conditions_pooled,0,1,155.82628088701364,0
overall_harmful,end_of_user_message,product_specs_027,22,9,all_conditions_pooled,0,0,-65.07681235573371,0
overall_harmful,end_of_user_message,product_specs_027,22,9,all_conditions_pooled,0,0,-309.2514541592565,0
overall_harmful,end_of_user_message,product_specs_027,22,9,all_conditions_pooled,0,1,175.53490052541704,0
overall_harmful,end_of_user_message,product_specs_028,23,9,all_conditions_pooled,0,0,-46.69724257211067,0
overall_harmful,end_of_user_message,product_specs_028,23,9,all_conditions_pooled,0,0,-265.8223242966342,0
overall_harmful,end_of_user_message,product_specs_028,23,9,all_conditions_pooled,0,1,222.36190133135423,0
overall_harmful,end_of_user_message,schedule_clinic_011,24,9,all_conditions_pooled,0,1,52.68493581026729,0
overall_harmful,end_of_user_message,schedule_clinic_011,24,9,all_conditions_pooled,0,0,-162.0678394532005,0
overall_harmful,end_of_user_message,schedule_clinic_011,24,9,all_conditions_pooled,0,1,303.151030203803,0
overall_harmful,end_of_user_message,schedule_exam_010,25,9,all_conditions_pooled,0,0,-154.00496944686694,0
overall_harmful,end_of_user_message,schedule_exam_010,25,9,all_conditions_pooled,0,0,-137.80910359759167,0
overall_harmful,end_of_user_message,schedule_exam_010,25,9,all_conditions_pooled,0,0,-147.121376127221,1
overall_harmful,end_of_user_message,schedule_train_009,26,9,all_conditions_pooled,0,0,-6.215744314060803,0
overall_harmful,end_of_user_message,schedule_train_009,26,9,all_conditions_pooled,0,0,-222.75351596775232,0
overall_harmful,end_of_user_message,schedule_train_009,26,9,all_conditions_pooled,0,1,230.0368883508246,0
overall_harmful,end_of_user_message,schedule_workshop_012,27,9,all_conditions_pooled,0,0,-10.103595557506976,0
overall_harmful,end_of_user_message,schedule_workshop_012,27,9,all_conditions_pooled,0,0,-219.55712820138777,0
overall_harmful,end_of_user_message,schedule_workshop_012,27,9,all_conditions_pooled,0,1,230.47451134326673,0
overall_harmful,end_of_user_message,science_battery_016,28,9,all_conditions_pooled,0,0,-117.801361521447,0
overall_harmful,end_of_user_message,science_battery_016,28,9,all_conditions_pooled,0,0,-364.6022539396958,0
overall_harmful,end_of_user_message,science_battery_016,28,9,all_conditions_pooled,0,1,126.49527130826326,0
overall_harmful,end_of_user_message,science_mineral_014,29,9,all_conditions_pooled,0,1,42.5700315755421,0
overall_harmful,end_of_user_message,science_mineral_014,29,9,all_conditions_pooled,0,0,-212.09658328762515,0
overall_harmful,end_of_user_message,science_mineral_014,29,9,all_conditions_pooled,0,1,303.4800511222727,0
overall_harmful,end_of_user_message,science_plant_013,30,9,all_conditions_pooled,0,0,-74.84183978300055,0
overall_harmful,end_of_user_message,science_plant_013,30,9,all_conditions_pooled,0,0,-346.87766845628323,0
overall_harmful,end_of_user_message,science_plant_013,30,9,all_conditions_pooled,0,1,138.52720311681406,0
overall_harmful,end_of_user_message,science_weather_015,31,9,all_conditions_pooled,0,1,128.88069315337827,0
overall_harmful,end_of_user_message,science_weather_015,31,9,all_conditions_pooled,0,0,-155.98604163889047,0
overall_harmful,end_of_user_message,science_weather_015,31,9,all_conditions_pooled,0,1,358.1217524277139,0
overall_harmful,end_of_user_message,technical_api_022,32,9,all_conditions_pooled,0,0,-35.838868113106486,0
overall_harmful,end_of_user_message,technical_api_022,32,9,all_conditions_pooled,0,0,-265.9075105512211,0
overall_harmful,end_of_user_message,technical_api_022,32,9,all_conditions_pooled,0,1,221.6358890346055,0
overall_harmful,end_of_user_message,technical_backup_023,33,9,all_conditions_pooled,0,0,-183.08240499373176,0
overall_harmful,end_of_user_message,technical_backup_023,33,9,all_conditions_pooled,0,0,-374.5107549717971,0
overall_harmful,end_of_user_message,technical_backup_023,33,9,all_conditions_pooled,0,1,63.77430749606398,0
overall_harmful,end_of_user_message,technical_config_021,34,9,all_conditions_pooled,0,0,-255.1584086060239,0
overall_harmful,end_of_user_message,technical_config_021,34,9,all_conditions_pooled,0,0,-432.48196794954174,0
overall_harmful,end_of_user_message,technical_config_021,34,9,all_conditions_pooled,0,0,-27.061265214106907,0
overall_harmful,end_of_user_message,technical_feature_flag_024,35,9,all_conditions_pooled,0,1,187.6023113067355,0
overall_harmful,end_of_user_message,technical_feature_flag_024,35,9,all_conditions_pooled,0,0,-76.84082188163222,0
overall_harmful,end_of_user_message,technical_feature_flag_024,35,9,all_conditions_pooled,0,1,376.97016289280555,0
overall_harmful,end_of_user_message,academic_attendance_019,0,10,all_conditions_pooled,0,1,353.9624576961754,0
overall_harmful,end_of_user_message,academic_attendance_019,0,10,all_conditions_pooled,0,0,-1074.5636878606238,1
overall_harmful,end_of_user_message,academic_attendance_019,0,10,all_conditions_pooled,0,1,690.2199242237336,0
overall_harmful,end_of_user_message,academic_grading_018,1,10,all_conditions_pooled,0,1,17.87577296836497,0
overall_harmful,end_of_user_message,academic_grading_018,1,10,all_conditions_pooled,0,0,-248.1337500478294,0
overall_harmful,end_of_user_message,academic_grading_018,1,10,all_conditions_pooled,0,1,238.7466149604728,0
overall_harmful,end_of_user_message,academic_latework_020,2,10,all_conditions_pooled,0,1,96.70816254161059,0
overall_harmful,end_of_user_message,academic_latework_020,2,10,all_conditions_pooled,0,0,-221.32671386426404,0
overall_harmful,end_of_user_message,academic_latework_020,2,10,all_conditions_pooled,0,1,333.5337673715566,0
overall_harmful,end_of_user_message,academic_prereq_017,3,10,all_conditions_pooled,0,1,128.97089688438967,0
overall_harmful,end_of_user_message,academic_prereq_017,3,10,all_conditions_pooled,0,0,-174.65211275380446,0
overall_harmful,end_of_user_message,academic_prereq_017,3,10,all_conditions_pooled,0,1,358.9995580630809,0
overall_harmful,end_of_user_message,contract_rental_029,4,10,all_conditions_pooled,0,1,84.67059722557583,0
overall_harmful,end_of_user_message,contract_rental_029,4,10,all_conditions_pooled,0,0,-208.93197526370125,0
overall_harmful,end_of_user_message,contract_rental_029,4,10,all_conditions_pooled,0,1,284.55975941754605,0
overall_harmful,end_of_user_message,contract_service_030,5,10,all_conditions_pooled,0,1,16.489237191781513,0
overall_harmful,end_of_user_message,contract_service_030,5,10,all_conditions_pooled,0,0,-288.9263763589671,0
overall_harmful,end_of_user_message,contract_service_030,5,10,all_conditions_pooled,0,1,285.75385969988406,0
overall_harmful,end_of_user_message,contract_ticket_032,6,10,all_conditions_pooled,0,1,70.1672012224247,0
overall_harmful,end_of_user_message,contract_ticket_032,6,10,all_conditions_pooled,0,0,-272.66155126708105,0
overall_harmful,end_of_user_message,contract_ticket_032,6,10,all_conditions_pooled,0,1,279.57524310324607,0
overall_harmful,end_of_user_message,contract_warranty_031,7,10,all_conditions_pooled,0,1,17.76927410032151,0
overall_harmful,end_of_user_message,contract_warranty_031,7,10,all_conditions_pooled,0,0,-281.73446555917644,0
overall_harmful,end_of_user_message,contract_warranty_031,7,10,all_conditions_pooled,0,1,266.1216035980206,0
overall_harmful,end_of_user_message,finance_budget_007,8,10,all_conditions_pooled,0,0,-118.96691191943583,0
overall_harmful,end_of_user_message,finance_budget_007,8,10,all_conditions_pooled,0,0,-426.5270094367446,0
overall_harmful,end_of_user_message,finance_budget_007,8,10,all_conditions_pooled,0,1,76.813480596333,0
overall_harmful,end_of_user_message,finance_coupon_006,9,10,all_conditions_pooled,0,1,39.67218434413819,0
overall_harmful,end_of_user_message,finance_coupon_006,9,10,all_conditions_pooled,0,0,-291.9350066105876,0
overall_harmful,end_of_user_message,finance_coupon_006,9,10,all_conditions_pooled,0,1,234.49154450190505,0
overall_harmful,end_of_user_message,finance_membership_008,10,10,all_conditions_pooled,0,0,-28.688547780693497,0
overall_harmful,end_of_user_message,finance_membership_008,10,10,all_conditions_pooled,0,0,-344.8983014900056,0
overall_harmful,end_of_user_message,finance_membership_008,10,10,all_conditions_pooled,0,1,217.8156235546063,0
overall_harmful,end_of_user_message,finance_refund_005,11,10,all_conditions_pooled,0,1,16.711873123850467,0
overall_harmful,end_of_user_message,finance_refund_005,11,10,all_conditions_pooled,0,0,-301.572370174237,0
overall_harmful,end_of_user_message,finance_refund_005,11,10,all_conditions_pooled,0,1,244.42576115494523,0
overall_harmful,end_of_user_message,logic_access_033,12,10,all_conditions_pooled,0,1,173.48347525742884,0
overall_harmful,end_of_user_message,logic_access_033,12,10,all_conditions_pooled,0,0,-239.99656265495202,0
overall_harmful,end_of_user_message,logic_access_033,12,10,all_conditions_pooled,0,1,426.72507358970057,0
overall_harmful,end_of_user_message,logic_eligibility_034,13,10,all_conditions_pooled,0,1,74.21997372747788,0
overall_harmful,end_of_user_message,logic_eligibility_034,13,10,all_conditions_pooled,0,0,-271.7067768793361,0
overall_harmful,end_of_user_message,logic_eligibility_034,13,10,all_conditions_pooled,0,1,323.01516318105587,0
overall_harmful,end_of_user_message,logic_shipping_035,14,10,all_conditions_pooled,0,0,-8.796040370990879,0
overall_harmful,end_of_user_message,logic_shipping_035,14,10,all_conditions_pooled,0,0,-54.13370958528185,0
overall_harmful,end_of_user_message,logic_shipping_035,14,10,all_conditions_pooled,0,0,-37.351445111128584,1
overall_harmful,end_of_user_message,logic_tournament_036,15,10,all_conditions_pooled,0,1,42.62315986675716,0
overall_harmful,end_of_user_message,logic_tournament_036,15,10,all_conditions_pooled,0,0,-252.67173895734842,0
overall_harmful,end_of_user_message,logic_tournament_036,15,10,all_conditions_pooled,0,1,314.80809091604135,0
overall_harmful,end_of_user_message,policy_lab_access_002,16,10,all_conditions_pooled,0,1,93.95564676354425,0
overall_harmful,end_of_user_message,policy_lab_access_002,16,10,all_conditions_pooled,0,0,-208.16707959309088,0
overall_harmful,end_of_user_message,policy_lab_access_002,16,10,all_conditions_pooled,0,1,276.45846898452317,0
overall_harmful,end_of_user_message,policy_library_checkout_003,17,10,all_conditions_pooled,0,1,10.839641353255178,0
overall_harmful,end_of_user_message,policy_library_checkout_003,17,10,all_conditions_pooled,0,0,-288.59726319868537,0
overall_harmful,end_of_user_message,policy_library_checkout_003,17,10,all_conditions_pooled,0,1,246.2247842457084,0
overall_harmful,end_of_user_message,policy_lunch_pass_001,18,10,all_conditions_pooled,0,0,-18.94559957793015,0
overall_harmful,end_of_user_message,policy_lunch_pass_001,18,10,all_conditions_pooled,0,0,-336.64745567208763,0
overall_harmful,end_of_user_message,policy_lunch_pass_001,18,10,all_conditions_pooled,0,1,193.07161559788756,0
overall_harmful,end_of_user_message,policy_rec_center_004,19,10,all_conditions_pooled,0,0,-616.072899097957,1
overall_harmful,end_of_user_message,policy_rec_center_004,19,10,all_conditions_pooled,0,0,-477.80087595233005,0
overall_harmful,end_of_user_message,policy_rec_center_004,19,10,all_conditions_pooled,0,1,195.2483037255174,0
overall_harmful,end_of_user_message,product_specs_025,20,10,all_conditions_pooled,0,0,-58.57799572874523,0
overall_harmful,end_of_user_message,product_specs_025,20,10,all_conditions_pooled,0,0,-371.3892758558059,0
overall_harmful,end_of_user_message,product_specs_025,20,10,all_conditions_pooled,0,1,221.7399966095968,0
overall_harmful,end_of_user_message,product_specs_026,21,10,all_conditions_pooled,0,0,-84.7044701431126,0
overall_harmful,end_of_user_message,product_specs_026,21,10,all_conditions_pooled,0,0,-388.79104194889055,0
overall_harmful,end_of_user_message,product_specs_026,21,10,all_conditions_pooled,0,1,169.15677356338176,0
overall_harmful,end_of_user_message,product_specs_027,22,10,all_conditions_pooled,0,0,-82.23678966724586,0
overall_harmful,end_of_user_message,product_specs_027,22,10,all_conditions_pooled,0,0,-394.5199580560576,0
overall_harmful,end_of_user_message,product_specs_027,22,10,all_conditions_pooled,0,1,186.04928298959658,0
overall_harmful,end_of_user_message,product_specs_028,23,10,all_conditions_pooled,0,0,-36.00256815405763,0
overall_harmful,end_of_user_message,product_specs_028,23,10,all_conditions_pooled,0,0,-364.15608287298363,0
overall_harmful,end_of_user_message,product_specs_028,23,10,all_conditions_pooled,0,1,268.86345171484277,0
overall_harmful,end_of_user_message,schedule_clinic_011,24,10,all_conditions_pooled,0,1,98.80518682752168,0
overall_harmful,end_of_user_message,schedule_clinic_011,24,10,all_conditions_pooled,0,0,-241.4905310803473,0
overall_harmful,end_of_user_message,schedule_clinic_011,24,10,all_conditions_pooled,0,1,354.2323979323902,0
overall_harmful,end_of_user_message,schedule_exam_010,25,10,all_conditions_pooled,0,0,-156.00036942502373,0
overall_harmful,end_of_user_message,schedule_exam_010,25,10,all_conditions_pooled,0,0,-131.7745445883278,0
overall_harmful,end_of_user_message,schedule_exam_010,25,10,all_conditions_pooled,0,0,-171.36827648667662,1
overall_harmful,end_of_user_message,schedule_train_009,26,10,all_conditions_pooled,0,1,14.474280536333914,0
overall_harmful,end_of_user_message,schedule_train_009,26,10,all_conditions_pooled,0,0,-314.0281690662343,0
overall_harmful,end_of_user_message,schedule_train_009,26,10,all_conditions_pooled,0,1,292.44353234662515,0
overall_harmful,end_of_user_message,schedule_workshop_012,27,10,all_conditions_pooled,0,1,2.1731714473225097,0
overall_harmful,end_of_user_message,schedule_workshop_012,27,10,all_conditions_pooled,0,0,-332.1408746025555,0
overall_harmful,end_of_user_message,schedule_workshop_012,27,10,all_conditions_pooled,0,1,257.3816984596964,0
overall_harmful,end_of_user_message,science_battery_016,28,10,all_conditions_pooled,0,0,-98.46722133100468,0
overall_harmful,end_of_user_message,science_battery_016,28,10,all_conditions_pooled,0,0,-379.0199327985661,0
overall_harmful,end_of_user_message,science_battery_016,28,10,all_conditions_pooled,0,1,221.49835094787795,0
overall_harmful,end_of_user_message,science_mineral_014,29,10,all_conditions_pooled,0,1,42.563784706745565,0
overall_harmful,end_of_user_message,science_mineral_014,29,10,all_conditions_pooled,0,0,-279.2418911830496,0
overall_harmful,end_of_user_message,science_mineral_014,29,10,all_conditions_pooled,0,1,321.1426554115976,0
overall_harmful,end_of_user_message,science_plant_013,30,10,all_conditions_pooled,0,0,-63.99243886369547,0
overall_harmful,end_of_user_message,science_plant_013,30,10,all_conditions_pooled,0,0,-342.4060359026264,0
overall_harmful,end_of_user_message,science_plant_013,30,10,all_conditions_pooled,0,1,220.77009794594974,0
overall_harmful,end_of_user_message,science_weather_015,31,10,all_conditions_pooled,0,1,161.54715414105902,0
overall_harmful,end_of_user_message,science_weather_015,31,10,all_conditions_pooled,0,0,-210.2432216140657,0
overall_harmful,end_of_user_message,science_weather_015,31,10,all_conditions_pooled,0,1,425.86155911064463,0
overall_harmful,end_of_user_message,technical_api_022,32,10,all_conditions_pooled,0,1,36.96706628560041,0
overall_harmful,end_of_user_message,technical_api_022,32,10,all_conditions_pooled,0,0,-323.11292586605975,0
overall_harmful,end_of_user_message,technical_api_022,32,10,all_conditions_pooled,0,1,318.22542762022596,0
overall_harmful,end_of_user_message,technical_backup_023,33,10,all_conditions_pooled,0,0,-137.5085116258515,0
overall_harmful,end_of_user_message,technical_backup_023,33,10,all_conditions_pooled,0,0,-424.00065917602365,0
overall_harmful,end_of_user_message,technical_backup_023,33,10,all_conditions_pooled,0,1,113.10813634830134,0
overall_harmful,end_of_user_message,technical_config_021,34,10,all_conditions_pooled,0,0,-166.35252795600383,0
overall_harmful,end_of_user_message,technical_config_021,34,10,all_conditions_pooled,0,0,-449.2762785194469,0
overall_harmful,end_of_user_message,technical_config_021,34,10,all_conditions_pooled,0,1,70.70771910373975,0
overall_harmful,end_of_user_message,technical_feature_flag_024,35,10,all_conditions_pooled,0,1,194.97257724900044,0
overall_harmful,end_of_user_message,technical_feature_flag_024,35,10,all_conditions_pooled,0,0,-199.5076817773373,0
overall_harmful,end_of_user_message,technical_feature_flag_024,35,10,all_conditions_pooled,0,1,435.7566078492244,0
overall_harmful,end_of_user_message,academic_attendance_019,0,11,all_conditions_pooled,0,1,324.3366391539314,0
overall_harmful,end_of_user_message,academic_attendance_019,0,11,all_conditions_pooled,0,0,-1054.512884682487,1
overall_harmful,end_of_user_message,academic_attendance_019,0,11,all_conditions_pooled,0,1,724.6518066841447,0
overall_harmful,end_of_user_message,academic_grading_018,1,11,all_conditions_pooled,0,0,-3.8794870959773355,0
overall_harmful,end_of_user_message,academic_grading_018,1,11,all_conditions_pooled,0,0,-270.65152600527443,0
overall_harmful,end_of_user_message,academic_grading_018,1,11,all_conditions_pooled,0,1,247.5445604152444,0
overall_harmful,end_of_user_message,academic_latework_020,2,11,all_conditions_pooled,0,1,104.98100710251293,0
overall_harmful,end_of_user_message,academic_latework_020,2,11,all_conditions_pooled,0,0,-187.60477601070997,0
overall_harmful,end_of_user_message,academic_latework_020,2,11,all_conditions_pooled,0,1,395.19765557141034,0
overall_harmful,end_of_user_message,academic_prereq_017,3,11,all_conditions_pooled,0,1,131.6407102810621,0
overall_harmful,end_of_user_message,academic_prereq_017,3,11,all_conditions_pooled,0,0,-152.58537672632912,0
overall_harmful,end_of_user_message,academic_prereq_017,3,11,all_conditions_pooled,0,1,442.70000322856083,0
overall_harmful,end_of_user_message,contract_rental_029,4,11,all_conditions_pooled,0,1,22.36797088736884,0
overall_harmful,end_of_user_message,contract_rental_029,4,11,all_conditions_pooled,0,0,-215.92254081703692,0
overall_harmful,end_of_user_message,contract_rental_029,4,11,all_conditions_pooled,0,1,330.2964649928892,0
overall_harmful,end_of_user_message,contract_service_030,5,11,all_conditions_pooled,0,0,-18.543564019623737,0
overall_harmful,end_of_user_message,contract_service_030,5,11,all_conditions_pooled,0,0,-295.31243789341806,0
overall_harmful,end_of_user_message,contract_service_030,5,11,all_conditions_pooled,0,1,288.26646544054967,0
overall_harmful,end_of_user_message,contract_ticket_032,6,11,all_conditions_pooled,0,1,112.56665122328928,0
overall_harmful,end_of_user_message,contract_ticket_032,6,11,all_conditions_pooled,0,0,-211.67858923850758,0
overall_harmful,end_of_user_message,contract_ticket_032,6,11,all_conditions_pooled,0,1,399.18582209257704,0
overall_harmful,end_of_user_message,contract_warranty_031,7,11,all_conditions_pooled,0,0,-38.396933260941594,0
overall_harmful,end_of_user_message,contract_warranty_031,7,11,all_conditions_pooled,0,0,-302.863395039042,0
overall_harmful,end_of_user_message,contract_warranty_031,7,11,all_conditions_pooled,0,1,307.49828213805233,0
overall_harmful,end_of_user_message,finance_budget_007,8,11,all_conditions_pooled,0,0,-90.46709942530012,0
overall_harmful,end_of_user_message,finance_budget_007,8,11,all_conditions_pooled,0,0,-382.6355506936051,0
overall_harmful,end_of_user_message,finance_budget_007,8,11,all_conditions_pooled,0,1,166.84547297105658,0
overall_harmful,end_of_user_message,finance_coupon_006,9,11,all_conditions_pooled,0,1,45.2043170364216,0
overall_harmful,end_of_user_message,finance_coupon_006,9,11,all_conditions_pooled,0,0,-278.2630398276642,0
overall_harmful,end_of_user_message,finance_coupon_006,9,11,all_conditions_pooled,0,1,283.0052527849541,0
overall_harmful,end_of_user_message,finance_membership_008,10,11,all_conditions_pooled,0,0,-41.55574287668079,0
overall_harmful,end_of_user_message,finance_membership_008,10,11,all_conditions_pooled,0,0,-317.2034302355465,0
overall_harmful,end_of_user_message,finance_membership_008,10,11,all_conditions_pooled,0,1,243.96113216212154,0
overall_harmful,end_of_user_message,finance_refund_005,11,11,all_conditions_pooled,0,1,13.788561097086635,0
overall_harmful,end_of_user_message,finance_refund_005,11,11,all_conditions_pooled,0,0,-296.11345107104546,0
overall_harmful,end_of_user_message,finance_refund_005,11,11,all_conditions_pooled,0,1,334.53074159689015,0
overall_harmful,end_of_user_message,logic_access_033,12,11,all_conditions_pooled,0,1,173.24962409749918,0
overall_harmful,end_of_user_message,logic_access_033,12,11,all_conditions_pooled,0,0,-216.520076111621,0
overall_harmful,end_of_user_message,logic_access_033,12,11,all_conditions_pooled,0,1,442.3360864829188,0
overall_harmful,end_of_user_message,logic_eligibility_034,13,11,all_conditions_pooled,0,1,41.18615426566497,0
overall_harmful,end_of_user_message,logic_eligibility_034,13,11,all_conditions_pooled,0,0,-303.77680308783226,0
overall_harmful,end_of_user_message,logic_eligibility_034,13,11,all_conditions_pooled,0,1,327.56009344649055,0
overall_harmful,end_of_user_message,logic_shipping_035,14,11,all_conditions_pooled,0,0,-81.69879236105697,0
overall_harmful,end_of_user_message,logic_shipping_035,14,11,all_conditions_pooled,0,0,-93.78246966263828,0
overall_harmful,end_of_user_message,logic_shipping_035,14,11,all_conditions_pooled,0,0,-29.144387322685624,1
overall_harmful,end_of_user_message,logic_tournament_036,15,11,all_conditions_pooled,0,0,-5.6434171616283795,0
overall_harmful,end_of_user_message,logic_tournament_036,15,11,all_conditions_pooled,0,0,-311.887585380778,0
overall_harmful,end_of_user_message,logic_tournament_036,15,11,all_conditions_pooled,0,1,328.8486688638991,0
overall_harmful,end_of_user_message,policy_lab_access_002,16,11,all_conditions_pooled,0,0,-15.382196557974304,0
overall_harmful,end_of_user_message,policy_lab_access_002,16,11,all_conditions_pooled,0,0,-292.6364746587882,0
overall_harmful,end_of_user_message,policy_lab_access_002,16,11,all_conditions_pooled,0,1,229.707878910371,0
overall_harmful,end_of_user_message,policy_library_checkout_003,17,11,all_conditions_pooled,0,0,-67.99682472280868,0
overall_harmful,end_of_user_message,policy_library_checkout_003,17,11,all_conditions_pooled,0,0,-307.58052511857215,0
overall_harmful,end_of_user_message,policy_library_checkout_003,17,11,all_conditions_pooled,0,1,263.9697402411981,0
overall_harmful,end_of_user_message,policy_lunch_pass_001,18,11,all_conditions_pooled,0,0,-128.17376760308736,0
overall_harmful,end_of_user_message,policy_lunch_pass_001,18,11,all_conditions_pooled,0,0,-404.68568986596114,0
overall_harmful,end_of_user_message,policy_lunch_pass_001,18,11,all_conditions_pooled,0,1,163.1629633574118,0
overall_harmful,end_of_user_message,policy_rec_center_004,19,11,all_conditions_pooled,0,0,-619.3837738723205,1
overall_harmful,end_of_user_message,policy_rec_center_004,19,11,all_conditions_pooled,0,0,-331.5023811617018,0
overall_harmful,end_of_user_message,policy_rec_center_004,19,11,all_conditions_pooled,0,1,246.5783369586287,0
overall_harmful,end_of_user_message,product_specs_025,20,11,all_conditions_pooled,0,0,-84.2734905851422,0
overall_harmful,end_of_user_message,product_specs_025,20,11,all_conditions_pooled,0,0,-345.74734559286696,0
overall_harmful,end_of_user_message,product_specs_025,20,11,all_conditions_pooled,0,1,234.54316385048736,0
overall_harmful,end_of_user_message,product_specs_026,21,11,all_conditions_pooled,0,0,-145.386553344957,0
overall_harmful,end_of_user_message,product_specs_026,21,11,all_conditions_pooled,0,0,-416.85700089724355,0
overall_harmful,end_of_user_message,product_specs_026,21,11,all_conditions_pooled,0,1,142.67665810510016,0
overall_harmful,end_of_user_message,product_specs_027,22,11,all_conditions_pooled,0,0,-90.35165166066436,0
overall_harmful,end_of_user_message,product_specs_027,22,11,all_conditions_pooled,0,0,-390.1002133105486,0
overall_harmful,end_of_user_message,product_specs_027,22,11,all_conditions_pooled,0,1,207.27168709216974,0
overall_harmful,end_of_user_message,product_specs_028,23,11,all_conditions_pooled,0,0,-70.6360280960332,0
overall_harmful,end_of_user_message,product_specs_028,23,11,all_conditions_pooled,0,0,-323.80181274973154,0
overall_harmful,end_of_user_message,product_specs_028,23,11,all_conditions_pooled,0,1,290.9472383837923,0
overall_harmful,end_of_user_message,schedule_clinic_011,24,11,all_conditions_pooled,0,1,23.936207610135618,0
overall_harmful,end_of_user_message,schedule_clinic_011,24,11,all_conditions_pooled,0,0,-262.7929008169961,0
overall_harmful,end_of_user_message,schedule_clinic_011,24,11,all_conditions_pooled,0,1,369.5718282711342,0
overall_harmful,end_of_user_message,schedule_exam_010,25,11,all_conditions_pooled,0,0,-106.36770991630155,0
overall_harmful,end_of_user_message,schedule_exam_010,25,11,all_conditions_pooled,0,0,-140.53405402744292,0
overall_harmful,end_of_user_message,schedule_exam_010,25,11,all_conditions_pooled,0,0,-67.31145135181045,1
overall_harmful,end_of_user_message,schedule_train_009,26,11,all_conditions_pooled,0,0,-15.655603051176367,0
overall_harmful,end_of_user_message,schedule_train_009,26,11,all_conditions_pooled,0,0,-312.10649131499724,0
overall_harmful,end_of_user_message,schedule_train_009,26,11,all_conditions_pooled,0,1,326.1453704196307,0
overall_harmful,end_of_user_message,schedule_workshop_012,27,11,all_conditions_pooled,0,0,-11.223989006991323,0
overall_harmful,end_of_user_message,schedule_workshop_012,27,11,all_conditions_pooled,0,0,-303.44956110010537,0
overall_harmful,end_of_user_message,schedule_workshop_012,27,11,all_conditions_pooled,0,1,324.21448041862277,0
overall_harmful,end_of_user_message,science_battery_016,28,11,all_conditions_pooled,0,0,-32.108697498009874,0
overall_harmful,end_of_user_message,science_battery_016,28,11,all_conditions_pooled,0,0,-350.43271736572353,0
overall_harmful,end_of_user_message,science_battery_016,28,11,all_conditions_pooled,0,1,291.3176966550741,0
overall_harmful,end_of_user_message,science_mineral_014,29,11,all_conditions_pooled,0,1,17.54042652830062,0
overall_harmful,end_of_user_message,science_mineral_014,29,11,all_conditions_pooled,0,0,-279.05045843398386,0
overall_harmful,end_of_user_message,science_mineral_014,29,11,all_conditions_pooled,0,1,343.1472906000839,0
overall_harmful,end_of_user_message,science_plant_013,30,11,all_conditions_pooled,0,0,-100.04266495004413,0
overall_harmful,end_of_user_message,science_plant_013,30,11,all_conditions_pooled,0,0,-372.38091445292105,0
overall_harmful,end_of_user_message,science_plant_013,30,11,all_conditions_pooled,0,1,229.62444373042274,0
overall_harmful,end_of_user_message,science_weather_015,31,11,all_conditions_pooled,0,1,123.26075803669545,0
overall_harmful,end_of_user_message,science_weather_015,31,11,all_conditions_pooled,0,0,-210.75782344897104,0
overall_harmful,end_of_user_message,science_weather_015,31,11,all_conditions_pooled,0,1,437.9511507785128,0
overall_harmful,end_of_user_message,technical_api_022,32,11,all_conditions_pooled,0,0,-11.091997946613073,0
overall_harmful,end_of_user_message,technical_api_022,32,11,all_conditions_pooled,0,0,-303.31345203321985,0
overall_harmful,end_of_user_message,technical_api_022,32,11,all_conditions_pooled,0,1,334.7285357509413,0
overall_harmful,end_of_user_message,technical_backup_023,33,11,all_conditions_pooled,0,0,-165.1195264485611,0
overall_harmful,end_of_user_message,technical_backup_023,33,11,all_conditions_pooled,0,0,-435.15146641263976,0
overall_harmful,end_of_user_message,technical_backup_023,33,11,all_conditions_pooled,0,1,112.66633575701582,0
overall_harmful,end_of_user_message,technical_config_021,34,11,all_conditions_pooled,0,0,-179.77825781933348,0
overall_harmful,end_of_user_message,technical_config_021,34,11,all_conditions_pooled,0,0,-411.9222625272407,0
overall_harmful,end_of_user_message,technical_config_021,34,11,all_conditions_pooled,0,1,84.68426553676454,0
overall_harmful,end_of_user_message,technical_feature_flag_024,35,11,all_conditions_pooled,0,1,168.1617467589268,0
overall_harmful,end_of_user_message,technical_feature_flag_024,35,11,all_conditions_pooled,0,0,-160.94684084718997,0
overall_harmful,end_of_user_message,technical_feature_flag_024,35,11,all_conditions_pooled,0,1,447.46995315215236,0
overall_harmful,end_of_user_message,academic_attendance_019,0,12,all_conditions_pooled,0,1,332.0527160778787,0
overall_harmful,end_of_user_message,academic_attendance_019,0,12,all_conditions_pooled,0,0,-1255.1929200035004,1
overall_harmful,end_of_user_message,academic_attendance_019,0,12,all_conditions_pooled,0,1,792.696896750173,0
overall_harmful,end_of_user_message,academic_grading_018,1,12,all_conditions_pooled,0,1,30.078628141942474,0
overall_harmful,end_of_user_message,academic_grading_018,1,12,all_conditions_pooled,0,0,-281.8537097526106,0
overall_harmful,end_of_user_message,academic_grading_018,1,12,all_conditions_pooled,0,1,291.6840251983366,0
overall_harmful,end_of_user_message,academic_latework_020,2,12,all_conditions_pooled,0,1,163.6921674085117,0
overall_harmful,end_of_user_message,academic_latework_020,2,12,all_conditions_pooled,0,0,-205.73321645623008,0
overall_harmful,end_of_user_message,academic_latework_020,2,12,all_conditions_pooled,0,1,459.1874796217618,0
overall_harmful,end_of_user_message,academic_prereq_017,3,12,all_conditions_pooled,0,1,164.32780020004873,0
overall_harmful,end_of_user_message,academic_prereq_017,3,12,all_conditions_pooled,0,0,-204.39998724099382,0
overall_harmful,end_of_user_message,academic_prereq_017,3,12,all_conditions_pooled,0,1,455.96439027940414,0
overall_harmful,end_of_user_message,contract_rental_029,4,12,all_conditions_pooled,0,1,92.3477054610183,0
overall_harmful,end_of_user_message,contract_rental_029,4,12,all_conditions_pooled,0,0,-280.26670976103213,0
overall_harmful,end_of_user_message,contract_rental_029,4,12,all_conditions_pooled,0,1,397.470324409685,0
overall_harmful,end_of_user_message,contract_service_030,5,12,all_conditions_pooled,0,1,16.753821215002958,0
overall_harmful,end_of_user_message,contract_service_030,5,12,all_conditions_pooled,0,0,-370.22382119984,0
overall_harmful,end_of_user_message,contract_service_030,5,12,all_conditions_pooled,0,1,334.98647916960874,0
overall_harmful,end_of_user_message,contract_ticket_032,6,12,all_conditions_pooled,0,1,198.23917973133643,0
overall_harmful,end_of_user_message,contract_ticket_032,6,12,all_conditions_pooled,0,0,-185.48473339201882,0
overall_harmful,end_of_user_message,contract_ticket_032,6,12,all_conditions_pooled,0,1,532.0543191380216,0
overall_harmful,end_of_user_message,contract_warranty_031,7,12,all_conditions_pooled,0,1,14.561678024754194,0
overall_harmful,end_of_user_message,contract_warranty_031,7,12,all_conditions_pooled,0,0,-385.70950166400513,0
overall_harmful,end_of_user_message,contract_warranty_031,7,12,all_conditions_pooled,0,1,338.0939330712936,0
overall_harmful,end_of_user_message,finance_budget_007,8,12,all_conditions_pooled,0,0,-7.098147834516379,0
overall_harmful,end_of_user_message,finance_budget_007,8,12,all_conditions_pooled,0,0,-391.2306223080983,0
overall_harmful,end_of_user_message,finance_budget_007,8,12,all_conditions_pooled,0,1,244.10574683692812,0
overall_harmful,end_of_user_message,finance_coupon_006,9,12,all_conditions_pooled,0,1,98.49922189524747,0
overall_harmful,end_of_user_message,finance_coupon_006,9,12,all_conditions_pooled,0,0,-314.80527828859954,0
overall_harmful,end_of_user_message,finance_coupon_006,9,12,all_conditions_pooled,0,1,344.20793519945227,0
overall_harmful,end_of_user_message,finance_membership_008,10,12,all_conditions_pooled,0,0,-48.807628830504996,0
overall_harmful,end_of_user_message,finance_membership_008,10,12,all_conditions_pooled,0,0,-375.2100846351597,0
overall_harmful,end_of_user_message,finance_membership_008,10,12,all_conditions_pooled,0,1,254.2453778251193,0
overall_harmful,end_of_user_message,finance_refund_005,11,12,all_conditions_pooled,0,1,89.65734940059372,0
overall_harmful,end_of_user_message,finance_refund_005,11,12,all_conditions_pooled,0,0,-329.2919656261793,0
overall_harmful,end_of_user_message,finance_refund_005,11,12,all_conditions_pooled,0,1,409.8052226615886,0
overall_harmful,end_of_user_message,logic_access_033,12,12,all_conditions_pooled,0,1,174.21917489883924,0
overall_harmful,end_of_user_message,logic_access_033,12,12,all_conditions_pooled,0,0,-283.3817004418408,0
overall_harmful,end_of_user_message,logic_access_033,12,12,all_conditions_pooled,0,1,496.00329404609556,0
overall_harmful,end_of_user_message,logic_eligibility_034,13,12,all_conditions_pooled,0,1,50.06322751231504,0
overall_harmful,end_of_user_message,logic_eligibility_034,13,12,all_conditions_pooled,0,0,-404.28308186414927,0
overall_harmful,end_of_user_message,logic_eligibility_034,13,12,all_conditions_pooled,0,1,357.0243368979798,0
overall_harmful,end_of_user_message,logic_shipping_035,14,12,all_conditions_pooled,0,0,-88.68310803737847,0
overall_harmful,end_of_user_message,logic_shipping_035,14,12,all_conditions_pooled,0,0,-126.75721644251817,0
overall_harmful,end_of_user_message,logic_shipping_035,14,12,all_conditions_pooled,0,0,-9.780543435260387,1
overall_harmful,end_of_user_message,logic_tournament_036,15,12,all_conditions_pooled,0,0,-5.57995986404663,0
overall_harmful,end_of_user_message,logic_tournament_036,15,12,all_conditions_pooled,0,0,-394.94131433121896,0
overall_harmful,end_of_user_message,logic_tournament_036,15,12,all_conditions_pooled,0,1,334.5025144227365,0
overall_harmful,end_of_user_message,policy_lab_access_002,16,12,all_conditions_pooled,0,1,12.061630060165847,0
overall_harmful,end_of_user_message,policy_lab_access_002,16,12,all_conditions_pooled,0,0,-317.9899862561597,0
overall_harmful,end_of_user_message,policy_lab_access_002,16,12,all_conditions_pooled,0,1,269.43989274269575,0
overall_harmful,end_of_user_message,policy_library_checkout_003,17,12,all_conditions_pooled,0,0,-13.4442911675715,0
overall_harmful,end_of_user_message,policy_library_checkout_003,17,12,all_conditions_pooled,0,0,-338.96004733192547,0
overall_harmful,end_of_user_message,policy_library_checkout_003,17,12,all_conditions_pooled,0,1,330.546799131135,0
overall_harmful,end_of_user_message,policy_lunch_pass_001,18,12,all_conditions_pooled,0,0,-36.823587137005816,0
overall_harmful,end_of_user_message,policy_lunch_pass_001,18,12,all_conditions_pooled,0,0,-383.5064792183958,0
overall_harmful,end_of_user_message,policy_lunch_pass_001,18,12,all_conditions_pooled,0,1,258.0108371245842,0
overall_harmful,end_of_user_message,policy_rec_center_004,19,12,all_conditions_pooled,0,0,-422.1254739969036,1
overall_harmful,end_of_user_message,policy_rec_center_004,19,12,all_conditions_pooled,0,0,-294.29849120480367,0
overall_harmful,end_of_user_message,policy_rec_center_004,19,12,all_conditions_pooled,0,1,314.00912675806467,0
overall_harmful,end_of_user_message,product_specs_025,20,12,all_conditions_pooled,0,0,-87.5021062854733,0
overall_harmful,end_of_user_message,product_specs_025,20,12,all_conditions_pooled,0,0,-433.91393392465636,0
overall_harmful,end_of_user_message,product_specs_025,20,12,all_conditions_pooled,0,1,223.17571540675917,0
overall_harmful,end_of_user_message,product_specs_026,21,12,all_conditions_pooled,0,0,-160.91802894632227,0
overall_harmful,end_of_user_message,product_specs_026,21,12,all_conditions_pooled,0,0,-469.5079828416741,0
overall_harmful,end_of_user_message,product_specs_026,21,12,all_conditions_pooled,0,1,124.55153412953212,0
overall_harmful,end_of_user_message,product_specs_027,22,12,all_conditions_pooled,0,0,-75.80838605842585,0
overall_harmful,end_of_user_message,product_specs_027,22,12,all_conditions_pooled,0,0,-464.7927224152832,0
overall_harmful,end_of_user_message,product_specs_027,22,12,all_conditions_pooled,0,1,208.49170341567913,0
overall_harmful,end_of_user_message,product_specs_028,23,12,all_conditions_pooled,0,0,-32.596260007775996,0
overall_harmful,end_of_user_message,product_specs_028,23,12,all_conditions_pooled,0,0,-401.5844060968693,0
overall_harmful,end_of_user_message,product_specs_028,23,12,all_conditions_pooled,0,1,326.1508279047831,0
overall_harmful,end_of_user_message,schedule_clinic_011,24,12,all_conditions_pooled,0,1,57.11759132993001,0
overall_harmful,end_of_user_message,schedule_clinic_011,24,12,all_conditions_pooled,0,0,-335.06505121789286,0
overall_harmful,end_of_user_message,schedule_clinic_011,24,12,all_conditions_pooled,0,1,403.15424232730925,0
overall_harmful,end_of_user_message,schedule_exam_010,25,12,all_conditions_pooled,0,0,-152.29048799909208,0
overall_harmful,end_of_user_message,schedule_exam_010,25,12,all_conditions_pooled,0,0,-189.20220972412727,0
overall_harmful,end_of_user_message,schedule_exam_010,25,12,all_conditions_pooled,0,0,-81.35986709307315,1
overall_harmful,end_of_user_message,schedule_train_009,26,12,all_conditions_pooled,0,1,26.99805268259921,0
overall_harmful,end_of_user_message,schedule_train_009,26,12,all_conditions_pooled,0,0,-386.4349218363472,0
overall_harmful,end_of_user_message,schedule_train_009,26,12,all_conditions_pooled,0,1,357.2043384819022,0
overall_harmful,end_of_user_message,schedule_workshop_012,27,12,all_conditions_pooled,0,0,-9.345229623090695,0
overall_harmful,end_of_user_message,schedule_workshop_012,27,12,all_conditions_pooled,0,0,-376.22319256685216,0
overall_harmful,end_of_user_message,schedule_workshop_012,27,12,all_conditions_pooled,0,1,321.9516399508133,0
overall_harmful,end_of_user_message,science_battery_016,28,12,all_conditions_pooled,0,0,-61.39032872508898,0
overall_harmful,end_of_user_message,science_battery_016,28,12,all_conditions_pooled,0,0,-442.7363752656122,0
overall_harmful,end_of_user_message,science_battery_016,28,12,all_conditions_pooled,0,1,277.27697165412576,0
overall_harmful,end_of_user_message,science_mineral_014,29,12,all_conditions_pooled,0,0,-1.5430142031678962,0
overall_harmful,end_of_user_message,science_mineral_014,29,12,all_conditions_pooled,0,0,-378.03652086396767,0
overall_harmful,end_of_user_message,science_mineral_014,29,12,all_conditions_pooled,0,1,316.193484130773,0
overall_harmful,end_of_user_message,science_plant_013,30,12,all_conditions_pooled,0,0,-160.83158589515108,0
overall_harmful,end_of_user_message,science_plant_013,30,12,all_conditions_pooled,0,0,-489.6440831835773,0
overall_harmful,end_of_user_message,science_plant_013,30,12,all_conditions_pooled,0,1,177.18334112558824,0
overall_harmful,end_of_user_message,science_weather_015,31,12,all_conditions_pooled,0,1,100.71667944670281,0
overall_harmful,end_of_user_message,science_weather_015,31,12,all_conditions_pooled,0,0,-305.15278404403807,0
overall_harmful,end_of_user_message,science_weather_015,31,12,all_conditions_pooled,0,1,437.10398323544666,0
overall_harmful,end_of_user_message,technical_api_022,32,12,all_conditions_pooled,0,0,-6.323434023258244,0
overall_harmful,end_of_user_message,technical_api_022,32,12,all_conditions_pooled,0,0,-393.33315059964525,0
overall_harmful,end_of_user_message,technical_api_022,32,12,all_conditions_pooled,0,1,333.9380116441547,0
overall_harmful,end_of_user_message,technical_backup_023,33,12,all_conditions_pooled,0,0,-158.54617146094796,0
overall_harmful,end_of_user_message,technical_backup_023,33,12,all_conditions_pooled,0,0,-490.39229500336035,0
overall_harmful,end_of_user_message,technical_backup_023,33,12,all_conditions_pooled,0,1,104.02411348841919,0
overall_harmful,end_of_user_message,technical_config_021,34,12,all_conditions_pooled,0,0,-141.41879364254072,0
overall_harmful,end_of_user_message,technical_config_021,34,12,all_conditions_pooled,0,0,-437.79694333303536,0
overall_harmful,end_of_user_message,technical_config_021,34,12,all_conditions_pooled,0,1,154.43798276248395,0
overall_harmful,end_of_user_message,technical_feature_flag_024,35,12,all_conditions_pooled,0,1,141.16183842130837,0
overall_harmful,end_of_user_message,technical_feature_flag_024,35,12,all_conditions_pooled,0,0,-284.2527316605436,0
overall_harmful,end_of_user_message,technical_feature_flag_024,35,12,all_conditions_pooled,0,1,461.82301070933147,0
overall_harmful,end_of_user_message,academic_attendance_019,0,13,all_conditions_pooled,0,1,421.6914897670428,0
overall_harmful,end_of_user_message,academic_attendance_019,0,13,all_conditions_pooled,0,0,-1332.1010877951162,1
overall_harmful,end_of_user_message,academic_attendance_019,0,13,all_conditions_pooled,0,1,793.2569774465424,0
overall_harmful,end_of_user_message,academic_grading_018,1,13,all_conditions_pooled,0,1,40.30104619857723,0
overall_harmful,end_of_user_message,academic_grading_018,1,13,all_conditions_pooled,0,0,-347.9455544490135,0
overall_harmful,end_of_user_message,academic_grading_018,1,13,all_conditions_pooled,0,1,244.20570989349312,0
overall_harmful,end_of_user_message,academic_latework_020,2,13,all_conditions_pooled,0,1,193.357273623294,0
overall_harmful,end_of_user_message,academic_latework_020,2,13,all_conditions_pooled,0,0,-277.1726536687662,0
overall_harmful,end_of_user_message,academic_latework_020,2,13,all_conditions_pooled,0,1,429.7674081341225,0
overall_harmful,end_of_user_message,academic_prereq_017,3,13,all_conditions_pooled,0,1,149.967610090291,0
overall_harmful,end_of_user_message,academic_prereq_017,3,13,all_conditions_pooled,0,0,-291.26293175889435,0
overall_harmful,end_of_user_message,academic_prereq_017,3,13,all_conditions_pooled,0,1,396.5679499181301,0
overall_harmful,end_of_user_message,contract_rental_029,4,13,all_conditions_pooled,0,1,136.36888064098258,0
overall_harmful,end_of_user_message,contract_rental_029,4,13,all_conditions_pooled,0,0,-339.9222364815376,0
overall_harmful,end_of_user_message,contract_rental_029,4,13,all_conditions_pooled,0,1,391.53199724506675,0
overall_harmful,end_of_user_message,contract_service_030,5,13,all_conditions_pooled,0,1,47.17768245010676,0
overall_harmful,end_of_user_message,contract_service_030,5,13,all_conditions_pooled,0,0,-417.3638534539685,0
overall_harmful,end_of_user_message,contract_service_030,5,13,all_conditions_pooled,0,1,306.2029024556182,0
overall_harmful,end_of_user_message,contract_ticket_032,6,13,all_conditions_pooled,0,1,202.95359459748857,0
overall_harmful,end_of_user_message,contract_ticket_032,6,13,all_conditions_pooled,0,0,-281.7010953351947,0
overall_harmful,end_of_user_message,contract_ticket_032,6,13,all_conditions_pooled,0,1,434.49729986690613,0
overall_harmful,end_of_user_message,contract_warranty_031,7,13,all_conditions_pooled,0,1,38.13291217577775,0
overall_harmful,end_of_user_message,contract_warranty_031,7,13,all_conditions_pooled,0,0,-402.92514645020543,0
overall_harmful,end_of_user_message,contract_warranty_031,7,13,all_conditions_pooled,0,1,311.7993333554988,0
overall_harmful,end_of_user_message,finance_budget_007,8,13,all_conditions_pooled,0,1,104.74492639524063,0
overall_harmful,end_of_user_message,finance_budget_007,8,13,all_conditions_pooled,0,0,-372.4111632717478,0
overall_harmful,end_of_user_message,finance_budget_007,8,13,all_conditions_pooled,0,1,294.9659456542062,0
overall_harmful,end_of_user_message,finance_coupon_006,9,13,all_conditions_pooled,0,1,151.44083816660412,0
overall_harmful,end_of_user_message,finance_coupon_006,9,13,all_conditions_pooled,0,0,-358.9278583758996,0
overall_harmful,end_of_user_message,finance_coupon_006,9,13,all_conditions_pooled,0,1,337.15173228556375,0
overall_harmful,end_of_user_message,finance_membership_008,10,13,all_conditions_pooled,0,1,48.05024673475802,0
overall_harmful,end_of_user_message,finance_membership_008,10,13,all_conditions_pooled,0,0,-398.4861276725478,0
overall_harmful,end_of_user_message,finance_membership_008,10,13,all_conditions_pooled,0,1,264.4915508093228,0
overall_harmful,end_of_user_message,finance_refund_005,11,13,all_conditions_pooled,0,1,131.04893813119898,0
overall_harmful,end_of_user_message,finance_refund_005,11,13,all_conditions_pooled,0,0,-358.18819448233523,0
overall_harmful,end_of_user_message,finance_refund_005,11,13,all_conditions_pooled,0,1,373.29285023802674,0
overall_harmful,end_of_user_message,logic_access_033,12,13,all_conditions_pooled,0,1,194.46473628205212,0
overall_harmful,end_of_user_message,logic_access_033,12,13,all_conditions_pooled,0,0,-354.5376710606768,0
overall_harmful,end_of_user_message,logic_access_033,12,13,all_conditions_pooled,0,1,438.3260464924973,0
overall_harmful,end_of_user_message,logic_eligibility_034,13,13,all_conditions_pooled,0,1,135.93871289514783,0
overall_harmful,end_of_user_message,logic_eligibility_034,13,13,all_conditions_pooled,0,0,-379.29915107263434,0
overall_harmful,end_of_user_message,logic_eligibility_034,13,13,all_conditions_pooled,0,1,393.0718209743752,0
overall_harmful,end_of_user_message,logic_shipping_035,14,13,all_conditions_pooled,0,0,-47.97097001182989,0
overall_harmful,end_of_user_message,logic_shipping_035,14,13,all_conditions_pooled,0,0,-142.64505259172705,0
overall_harmful,end_of_user_message,logic_shipping_035,14,13,all_conditions_pooled,0,0,-37.42632791323849,1
overall_harmful,end_of_user_message,logic_tournament_036,15,13,all_conditions_pooled,0,1,27.13971081008541,0
overall_harmful,end_of_user_message,logic_tournament_036,15,13,all_conditions_pooled,0,0,-395.08103028569997,0
overall_harmful,end_of_user_message,logic_tournament_036,15,13,all_conditions_pooled,0,1,314.5729228556503,0
overall_harmful,end_of_user_message,policy_lab_access_002,16,13,all_conditions_pooled,0,1,80.26403849489542,0
overall_harmful,end_of_user_message,policy_lab_access_002,16,13,all_conditions_pooled,0,0,-343.65145093467504,0
overall_harmful,end_of_user_message,policy_lab_access_002,16,13,all_conditions_pooled,0,1,259.42031589076146,0
overall_harmful,end_of_user_message,policy_library_checkout_003,17,13,all_conditions_pooled,0,1,42.45990299671248,0
overall_harmful,end_of_user_message,policy_library_checkout_003,17,13,all_conditions_pooled,0,0,-376.2360070736869,0
overall_harmful,end_of_user_message,policy_library_checkout_003,17,13,all_conditions_pooled,0,1,310.786595684502,0
overall_harmful,end_of_user_message,policy_lunch_pass_001,18,13,all_conditions_pooled,0,1,76.59646258900511,0
overall_harmful,end_of_user_message,policy_lunch_pass_001,18,13,all_conditions_pooled,0,0,-360.3026434894607,0
overall_harmful,end_of_user_message,policy_lunch_pass_001,18,13,all_conditions_pooled,0,1,303.456956759263,0
overall_harmful,end_of_user_message,policy_rec_center_004,19,13,all_conditions_pooled,0,0,-443.5295489646402,1
overall_harmful,end_of_user_message,policy_rec_center_004,19,13,all_conditions_pooled,0,0,-352.26579594037634,0
overall_harmful,end_of_user_message,policy_rec_center_004,19,13,all_conditions_pooled,0,1,265.6912174306427,0
overall_harmful,end_of_user_message,product_specs_025,20,13,all_conditions_pooled,0,0,-63.00187870928743,0
overall_harmful,end_of_user_message,product_specs_025,20,13,all_conditions_pooled,0,0,-493.8914594242899,0
overall_harmful,end_of_user_message,product_specs_025,20,13,all_conditions_pooled,0,1,194.2757956588278,0
overall_harmful,end_of_user_message,product_specs_026,21,13,all_conditions_pooled,0,0,-90.03822192208432,0
overall_harmful,end_of_user_message,product_specs_026,21,13,all_conditions_pooled,0,0,-474.91680108590884,0
overall_harmful,end_of_user_message,product_specs_026,21,13,all_conditions_pooled,0,1,115.03425795499038,0
overall_harmful,end_of_user_message,product_specs_027,22,13,all_conditions_pooled,0,0,-57.060307052394336,0
overall_harmful,end_of_user_message,product_specs_027,22,13,all_conditions_pooled,0,0,-490.4995824213463,0
overall_harmful,end_of_user_message,product_specs_027,22,13,all_conditions_pooled,0,1,195.2202713481476,0
overall_harmful,end_of_user_message,product_specs_028,23,13,all_conditions_pooled,0,1,12.179966514601375,0
overall_harmful,end_of_user_message,product_specs_028,23,13,all_conditions_pooled,0,0,-454.297472768911,0
overall_harmful,end_of_user_message,product_specs_028,23,13,all_conditions_pooled,0,1,308.49080382592956,0
overall_harmful,end_of_user_message,schedule_clinic_011,24,13,all_conditions_pooled,0,1,124.8071130705153,0
overall_harmful,end_of_user_message,schedule_clinic_011,24,13,all_conditions_pooled,0,0,-373.21863415121027,0
overall_harmful,end_of_user_message,schedule_clinic_011,24,13,all_conditions_pooled,0,1,427.309242800596,0
overall_harmful,end_of_user_message,schedule_exam_010,25,13,all_conditions_pooled,0,0,-128.23759617586737,0
overall_harmful,end_of_user_message,schedule_exam_010,25,13,all_conditions_pooled,0,0,-176.26542376119997,0
overall_harmful,end_of_user_message,schedule_exam_010,25,13,all_conditions_pooled,0,0,-59.73645981545302,1
overall_harmful,end_of_user_message,schedule_train_009,26,13,all_conditions_pooled,0,1,75.30583580240933,0
overall_harmful,end_of_user_message,schedule_train_009,26,13,all_conditions_pooled,0,0,-405.22865864245716,0
overall_harmful,end_of_user_message,schedule_train_009,26,13,all_conditions_pooled,0,1,358.4008475326473,0
overall_harmful,end_of_user_message,schedule_workshop_012,27,13,all_conditions_pooled,0,1,38.17853390593794,0
overall_harmful,end_of_user_message,schedule_workshop_012,27,13,all_conditions_pooled,0,0,-426.2433553613569,0
overall_harmful,end_of_user_message,schedule_workshop_012,27,13,all_conditions_pooled,0,1,278.45603230673873,0
overall_harmful,end_of_user_message,science_battery_016,28,13,all_conditions_pooled,0,0,-25.587309995484695,0
overall_harmful,end_of_user_message,science_battery_016,28,13,all_conditions_pooled,0,0,-451.92888166906596,0
overall_harmful,end_of_user_message,science_battery_016,28,13,all_conditions_pooled,0,1,256.2552509662613,0
overall_harmful,end_of_user_message,science_mineral_014,29,13,all_conditions_pooled,0,1,1.773250733788359,0
overall_harmful,end_of_user_message,science_mineral_014,29,13,all_conditions_pooled,0,0,-416.3192471817677,0
overall_harmful,end_of_user_message,science_mineral_014,29,13,all_conditions_pooled,0,1,271.49036194590246,0
overall_harmful,end_of_user_message,science_plant_013,30,13,all_conditions_pooled,0,0,-113.51467591639047,0
overall_harmful,end_of_user_message,science_plant_013,30,13,all_conditions_pooled,0,0,-471.1604466158475,0
overall_harmful,end_of_user_message,science_plant_013,30,13,all_conditions_pooled,0,1,175.54400208491148,0
overall_harmful,end_of_user_message,science_weather_015,31,13,all_conditions_pooled,0,1,102.51997788103532,0
overall_harmful,end_of_user_message,science_weather_015,31,13,all_conditions_pooled,0,0,-359.85409487389984,0
overall_harmful,end_of_user_message,science_weather_015,31,13,all_conditions_pooled,0,1,406.8057605510543,0
overall_harmful,end_of_user_message,technical_api_022,32,13,all_conditions_pooled,0,1,55.14201286310991,0
overall_harmful,end_of_user_message,technical_api_022,32,13,all_conditions_pooled,0,0,-449.0710304929935,0
overall_harmful,end_of_user_message,technical_api_022,32,13,all_conditions_pooled,0,1,307.26330975735937,0
overall_harmful,end_of_user_message,technical_backup_023,33,13,all_conditions_pooled,0,0,-43.38501544303524,0
overall_harmful,end_of_user_message,technical_backup_023,33,13,all_conditions_pooled,0,0,-479.09461003511956,0
overall_harmful,end_of_user_message,technical_backup_023,33,13,all_conditions_pooled,0,1,128.4132238160115,0
overall_harmful,end_of_user_message,technical_config_021,34,13,all_conditions_pooled,0,0,-2.3805223250505847,0
overall_harmful,end_of_user_message,technical_config_021,34,13,all_conditions_pooled,0,0,-434.36915959269515,0
overall_harmful,end_of_user_message,technical_config_021,34,13,all_conditions_pooled,0,1,182.81200587318995,0
overall_harmful,end_of_user_message,technical_feature_flag_024,35,13,all_conditions_pooled,0,1,154.16642563190976,0
overall_harmful,end_of_user_message,technical_feature_flag_024,35,13,all_conditions_pooled,0,0,-405.4210620750036,0
overall_harmful,end_of_user_message,technical_feature_flag_024,35,13,all_conditions_pooled,0,1,410.703508645331,0
overall_harmful,end_of_user_message,academic_attendance_019,0,14,all_conditions_pooled,0,1,478.83522510433147,0
overall_harmful,end_of_user_message,academic_attendance_019,0,14,all_conditions_pooled,0,0,-1361.7736162328779,1
overall_harmful,end_of_user_message,academic_attendance_019,0,14,all_conditions_pooled,0,1,707.3644372656127,0
overall_harmful,end_of_user_message,academic_grading_018,1,14,all_conditions_pooled,0,1,54.44878473946298,0
overall_harmful,end_of_user_message,academic_grading_018,1,14,all_conditions_pooled,0,0,-343.612159539808,0
overall_harmful,end_of_user_message,academic_grading_018,1,14,all_conditions_pooled,0,1,211.19378537721087,0
overall_harmful,end_of_user_message,academic_latework_020,2,14,all_conditions_pooled,0,1,205.29731516224547,0
overall_harmful,end_of_user_message,academic_latework_020,2,14,all_conditions_pooled,0,0,-262.01975038471454,0
overall_harmful,end_of_user_message,academic_latework_020,2,14,all_conditions_pooled,0,1,388.2798811237179,0
overall_harmful,end_of_user_message,academic_prereq_017,3,14,all_conditions_pooled,0,1,183.74206374726725,0
overall_harmful,end_of_user_message,academic_prereq_017,3,14,all_conditions_pooled,0,0,-295.910550068308,0
overall_harmful,end_of_user_message,academic_prereq_017,3,14,all_conditions_pooled,0,1,372.1073250010513,0
overall_harmful,end_of_user_message,contract_rental_029,4,14,all_conditions_pooled,0,1,153.5465177478079,0
overall_harmful,end_of_user_message,contract_rental_029,4,14,all_conditions_pooled,0,0,-337.40326475246746,0
overall_harmful,end_of_user_message,contract_rental_029,4,14,all_conditions_pooled,0,1,353.00751920173377,0
overall_harmful,end_of_user_message,contract_service_030,5,14,all_conditions_pooled,0,1,57.41380526225075,0
overall_harmful,end_of_user_message,contract_service_030,5,14,all_conditions_pooled,0,0,-455.0965497176749,0
overall_harmful,end_of_user_message,contract_service_030,5,14,all_conditions_pooled,0,1,253.41464846771908,0
overall_harmful,end_of_user_message,contract_ticket_032,6,14,all_conditions_pooled,0,1,247.44550217278936,0
overall_harmful,end_of_user_message,contract_ticket_032,6,14,all_conditions_pooled,0,0,-271.2910663670503,0
overall_harmful,end_of_user_message,contract_ticket_032,6,14,all_conditions_pooled,0,1,405.20503896428096,0
overall_harmful,end_of_user_message,contract_warranty_031,7,14,all_conditions_pooled,0,1,51.320978596064776,0
overall_harmful,end_of_user_message,contract_warranty_031,7,14,all_conditions_pooled,0,0,-391.21815933491104,0
overall_harmful,end_of_user_message,contract_warranty_031,7,14,all_conditions_pooled,0,1,249.1168856346453,0
overall_harmful,end_of_user_message,finance_budget_007,8,14,all_conditions_pooled,0,1,107.49945298718316,0
overall_harmful,end_of_user_message,finance_budget_007,8,14,all_conditions_pooled,0,0,-366.1713643914823,0
overall_harmful,end_of_user_message,finance_budget_007,8,14,all_conditions_pooled,0,1,272.6667000157851,0
overall_harmful,end_of_user_message,finance_coupon_006,9,14,all_conditions_pooled,0,1,189.7672104527162,0
overall_harmful,end_of_user_message,finance_coupon_006,9,14,all_conditions_pooled,0,0,-337.6387959540165,0
overall_harmful,end_of_user_message,finance_coupon_006,9,14,all_conditions_pooled,0,1,332.68076536799197,0
overall_harmful,end_of_user_message,finance_membership_008,10,14,all_conditions_pooled,0,1,83.3953147627498,0
overall_harmful,end_of_user_message,finance_membership_008,10,14,all_conditions_pooled,0,0,-384.58188428161696,0
overall_harmful,end_of_user_message,finance_membership_008,10,14,all_conditions_pooled,0,1,258.0072545903246,0
overall_harmful,end_of_user_message,finance_refund_005,11,14,all_conditions_pooled,0,1,148.4865374490205,0
overall_harmful,end_of_user_message,finance_refund_005,11,14,all_conditions_pooled,0,0,-360.1168148999134,0
overall_harmful,end_of_user_message,finance_refund_005,11,14,all_conditions_pooled,0,1,329.6068399439541,0
overall_harmful,end_of_user_message,logic_access_033,12,14,all_conditions_pooled,0,1,226.28986986391948,0
overall_harmful,end_of_user_message,logic_access_033,12,14,all_conditions_pooled,0,0,-342.5418465309594,0
overall_harmful,end_of_user_message,logic_access_033,12,14,all_conditions_pooled,0,1,424.38470662288876,0
overall_harmful,end_of_user_message,logic_eligibility_034,13,14,all_conditions_pooled,0,1,171.59262626723745,0
overall_harmful,end_of_user_message,logic_eligibility_034,13,14,all_conditions_pooled,0,0,-347.78546026080744,0
overall_harmful,end_of_user_message,logic_eligibility_034,13,14,all_conditions_pooled,0,1,372.71959951968506,0
overall_harmful,end_of_user_message,logic_shipping_035,14,14,all_conditions_pooled,0,0,-30.520546099108223,0
overall_harmful,end_of_user_message,logic_shipping_035,14,14,all_conditions_pooled,0,0,-137.79606525415824,0
overall_harmful,end_of_user_message,logic_shipping_035,14,14,all_conditions_pooled,0,0,-22.67426228002674,1
overall_harmful,end_of_user_message,logic_tournament_036,15,14,all_conditions_pooled,0,1,109.21802867489211,0
overall_harmful,end_of_user_message,logic_tournament_036,15,14,all_conditions_pooled,0,0,-333.4715272871596,0
overall_harmful,end_of_user_message,logic_tournament_036,15,14,all_conditions_pooled,0,1,327.9638188072424,0
overall_harmful,end_of_user_message,policy_lab_access_002,16,14,all_conditions_pooled,0,1,102.02642151421878,0
overall_harmful,end_of_user_message,policy_lab_access_002,16,14,all_conditions_pooled,0,0,-368.00174933049516,0
overall_harmful,end_of_user_message,policy_lab_access_002,16,14,all_conditions_pooled,0,1,238.36251643249574,0
overall_harmful,end_of_user_message,policy_library_checkout_003,17,14,all_conditions_pooled,0,1,55.74940551257845,0
overall_harmful,end_of_user_message,policy_library_checkout_003,17,14,all_conditions_pooled,0,0,-381.25336429626054,0
overall_harmful,end_of_user_message,policy_library_checkout_003,17,14,all_conditions_pooled,0,1,257.8946206077449,0
overall_harmful,end_of_user_message,policy_lunch_pass_001,18,14,all_conditions_pooled,0,1,70.10046631080793,0
overall_harmful,end_of_user_message,policy_lunch_pass_001,18,14,all_conditions_pooled,0,0,-372.29370645367925,0
overall_harmful,end_of_user_message,policy_lunch_pass_001,18,14,all_conditions_pooled,0,1,240.04261723877545,0
overall_harmful,end_of_user_message,policy_rec_center_004,19,14,all_conditions_pooled,0,0,-394.3094569639453,1
overall_harmful,end_of_user_message,policy_rec_center_004,19,14,all_conditions_pooled,0,0,-239.90965188254538,0
overall_harmful,end_of_user_message,policy_rec_center_004,19,14,all_conditions_pooled,0,1,151.38575021423432,0
overall_harmful,end_of_user_message,product_specs_025,20,14,all_conditions_pooled,0,0,-33.06727571386435,0
overall_harmful,end_of_user_message,product_specs_025,20,14,all_conditions_pooled,0,0,-475.2489816155584,0
overall_harmful,end_of_user_message,product_specs_025,20,14,all_conditions_pooled,0,1,158.37417152431703,0
overall_harmful,end_of_user_message,product_specs_026,21,14,all_conditions_pooled,0,0,-68.74800538804587,0
overall_harmful,end_of_user_message,product_specs_026,21,14,all_conditions_pooled,0,0,-467.29675280529926,0
overall_harmful,end_of_user_message,product_specs_026,21,14,all_conditions_pooled,0,1,103.52569280033532,0
overall_harmful,end_of_user_message,product_specs_027,22,14,all_conditions_pooled,0,1,8.839508021580073,0
overall_harmful,end_of_user_message,product_specs_027,22,14,all_conditions_pooled,0,0,-442.52633768109916,0
overall_harmful,end_of_user_message,product_specs_027,22,14,all_conditions_pooled,0,1,196.73982424349822,0
overall_harmful,end_of_user_message,product_specs_028,23,14,all_conditions_pooled,0,1,29.191109789067646,0
overall_harmful,end_of_user_message,product_specs_028,23,14,all_conditions_pooled,0,0,-443.5194150031394,0
overall_harmful,end_of_user_message,product_specs_028,23,14,all_conditions_pooled,0,1,248.17950137989249,0
overall_harmful,end_of_user_message,schedule_clinic_011,24,14,all_conditions_pooled,0,1,133.17115743084238,0
overall_harmful,end_of_user_message,schedule_clinic_011,24,14,all_conditions_pooled,0,0,-373.1551994181984,0
overall_harmful,end_of_user_message,schedule_clinic_011,24,14,all_conditions_pooled,0,1,366.0508181915821,0
overall_harmful,end_of_user_message,schedule_exam_010,25,14,all_conditions_pooled,0,0,-145.83428967930323,0
overall_harmful,end_of_user_message,schedule_exam_010,25,14,all_conditions_pooled,0,0,-215.6499528156096,0
overall_harmful,end_of_user_message,schedule_exam_010,25,14,all_conditions_pooled,0,0,-72.01198096660471,1
overall_harmful,end_of_user_message,schedule_train_009,26,14,all_conditions_pooled,0,1,94.39815511512717,0
overall_harmful,end_of_user_message,schedule_train_009,26,14,all_conditions_pooled,0,0,-391.25633432510017,0
overall_harmful,end_of_user_message,schedule_train_009,26,14,all_conditions_pooled,0,1,324.1644864087564,0
overall_harmful,end_of_user_message,schedule_workshop_012,27,14,all_conditions_pooled,0,1,26.980256022393796,0
overall_harmful,end_of_user_message,schedule_workshop_012,27,14,all_conditions_pooled,0,0,-427.087457569186,0
overall_harmful,end_of_user_message,schedule_workshop_012,27,14,all_conditions_pooled,0,1,224.7050413021216,0
overall_harmful,end_of_user_message,science_battery_016,28,14,all_conditions_pooled,0,1,38.271998017522264,0
overall_harmful,end_of_user_message,science_battery_016,28,14,all_conditions_pooled,0,0,-413.0681668705781,0
overall_harmful,end_of_user_message,science_battery_016,28,14,all_conditions_pooled,0,1,255.78599637042385,0
overall_harmful,end_of_user_message,science_mineral_014,29,14,all_conditions_pooled,0,1,26.610211758771015,0
overall_harmful,end_of_user_message,science_mineral_014,29,14,all_conditions_pooled,0,0,-403.48509688971455,0
overall_harmful,end_of_user_message,science_mineral_014,29,14,all_conditions_pooled,0,1,218.29824807394223,0
overall_harmful,end_of_user_message,science_plant_013,30,14,all_conditions_pooled,0,0,-48.26910952959321,0
overall_harmful,end_of_user_message,science_plant_013,30,14,all_conditions_pooled,0,0,-442.0513558541735,0
overall_harmful,end_of_user_message,science_plant_013,30,14,all_conditions_pooled,0,1,163.90577030754648,0
overall_harmful,end_of_user_message,science_weather_015,31,14,all_conditions_pooled,0,1,89.03858057929057,0
overall_harmful,end_of_user_message,science_weather_015,31,14,all_conditions_pooled,0,0,-358.81228473963296,0
overall_harmful,end_of_user_message,science_weather_015,31,14,all_conditions_pooled,0,1,318.28407963128825,0
overall_harmful,end_of_user_message,technical_api_022,32,14,all_conditions_pooled,0,1,121.45813866149615,0
overall_harmful,end_of_user_message,technical_api_022,32,14,all_conditions_pooled,0,0,-397.85546222367196,0
overall_harmful,end_of_user_message,technical_api_022,32,14,all_conditions_pooled,0,1,316.1959077372328,0
overall_harmful,end_of_user_message,technical_backup_023,33,14,all_conditions_pooled,0,0,-14.601041077565123,0
overall_harmful,end_of_user_message,technical_backup_023,33,14,all_conditions_pooled,0,0,-478.06042993150345,0
overall_harmful,end_of_user_message,technical_backup_023,33,14,all_conditions_pooled,0,1,143.44157401707005,0
overall_harmful,end_of_user_message,technical_config_021,34,14,all_conditions_pooled,0,0,-8.437952460168036,0
overall_harmful,end_of_user_message,technical_config_021,34,14,all_conditions_pooled,0,0,-476.11079885504364,0
overall_harmful,end_of_user_message,technical_config_021,34,14,all_conditions_pooled,0,1,140.6135255649944,0
overall_harmful,end_of_user_message,technical_feature_flag_024,35,14,all_conditions_pooled,0,1,166.74928754217657,0
overall_harmful,end_of_user_message,technical_feature_flag_024,35,14,all_conditions_pooled,0,0,-414.96497768736214,0
overall_harmful,end_of_user_message,technical_feature_flag_024,35,14,all_conditions_pooled,0,1,368.48727885099976,0
overall_harmful,end_of_user_message,academic_attendance_019,0,15,all_conditions_pooled,0,1,464.1638718533844,0
overall_harmful,end_of_user_message,academic_attendance_019,0,15,all_conditions_pooled,0,0,-1369.2309779761467,1
overall_harmful,end_of_user_message,academic_attendance_019,0,15,all_conditions_pooled,0,1,671.3507646214435,0
overall_harmful,end_of_user_message,academic_grading_018,1,15,all_conditions_pooled,0,1,71.1552856013557,0
overall_harmful,end_of_user_message,academic_grading_018,1,15,all_conditions_pooled,0,0,-292.6356271327682,0
overall_harmful,end_of_user_message,academic_grading_018,1,15,all_conditions_pooled,0,1,205.90670475299717,0
overall_harmful,end_of_user_message,academic_latework_020,2,15,all_conditions_pooled,0,1,206.63975972355274,0
overall_harmful,end_of_user_message,academic_latework_020,2,15,all_conditions_pooled,0,0,-219.60562928561436,0
overall_harmful,end_of_user_message,academic_latework_020,2,15,all_conditions_pooled,0,1,380.3178594658594,0
overall_harmful,end_of_user_message,academic_prereq_017,3,15,all_conditions_pooled,0,1,220.0258778800404,0
overall_harmful,end_of_user_message,academic_prereq_017,3,15,all_conditions_pooled,0,0,-224.25744419763006,0
overall_harmful,end_of_user_message,academic_prereq_017,3,15,all_conditions_pooled,0,1,393.8329466358417,0
overall_harmful,end_of_user_message,contract_rental_029,4,15,all_conditions_pooled,0,1,91.94101298293066,0
overall_harmful,end_of_user_message,contract_rental_029,4,15,all_conditions_pooled,0,0,-308.35547237847754,0
overall_harmful,end_of_user_message,contract_rental_029,4,15,all_conditions_pooled,0,1,298.6374342402491,0
overall_harmful,end_of_user_message,contract_service_030,5,15,all_conditions_pooled,0,1,42.37136005453745,0
overall_harmful,end_of_user_message,contract_service_030,5,15,all_conditions_pooled,0,0,-410.5111661466147,0
overall_harmful,end_of_user_message,contract_service_030,5,15,all_conditions_pooled,0,1,223.33942631746743,0
overall_harmful,end_of_user_message,contract_ticket_032,6,15,all_conditions_pooled,0,1,264.74934773191626,0
overall_harmful,end_of_user_message,contract_ticket_032,6,15,all_conditions_pooled,0,0,-221.67505518964617,0
overall_harmful,end_of_user_message,contract_ticket_032,6,15,all_conditions_pooled,0,1,410.3174047338358,0
overall_harmful,end_of_user_message,contract_warranty_031,7,15,all_conditions_pooled,0,1,13.490463950331893,0
overall_harmful,end_of_user_message,contract_warranty_031,7,15,all_conditions_pooled,0,0,-354.37909432849955,0
overall_harmful,end_of_user_message,contract_warranty_031,7,15,all_conditions_pooled,0,1,192.50736511213822,0
overall_harmful,end_of_user_message,finance_budget_007,8,15,all_conditions_pooled,0,1,82.11638627207336,0
overall_harmful,end_of_user_message,finance_budget_007,8,15,all_conditions_pooled,0,0,-321.83537307910956,0
overall_harmful,end_of_user_message,finance_budget_007,8,15,all_conditions_pooled,0,1,237.75906072597866,0
overall_harmful,end_of_user_message,finance_coupon_006,9,15,all_conditions_pooled,0,1,173.36467469919486,0
overall_harmful,end_of_user_message,finance_coupon_006,9,15,all_conditions_pooled,0,0,-310.55387073834675,0
overall_harmful,end_of_user_message,finance_coupon_006,9,15,all_conditions_pooled,0,1,322.8496841487338,0
overall_harmful,end_of_user_message,finance_membership_008,10,15,all_conditions_pooled,0,1,72.72123212272817,0
overall_harmful,end_of_user_message,finance_membership_008,10,15,all_conditions_pooled,0,0,-363.41967472147695,0
overall_harmful,end_of_user_message,finance_membership_008,10,15,all_conditions_pooled,0,1,238.1832639524165,0
overall_harmful,end_of_user_message,finance_refund_005,11,15,all_conditions_pooled,0,1,144.28478395756724,0
overall_harmful,end_of_user_message,finance_refund_005,11,15,all_conditions_pooled,0,0,-313.3956379496884,0
overall_harmful,end_of_user_message,finance_refund_005,11,15,all_conditions_pooled,0,1,309.72568154223757,0
overall_harmful,end_of_user_message,logic_access_033,12,15,all_conditions_pooled,0,1,173.850703731269,0
overall_harmful,end_of_user_message,logic_access_033,12,15,all_conditions_pooled,0,0,-323.12794401827875,0
overall_harmful,end_of_user_message,logic_access_033,12,15,all_conditions_pooled,0,1,369.07721249372923,0
overall_harmful,end_of_user_message,logic_eligibility_034,13,15,all_conditions_pooled,0,1,170.1364258301748,0
overall_harmful,end_of_user_message,logic_eligibility_034,13,15,all_conditions_pooled,0,0,-313.11926979578254,0
overall_harmful,end_of_user_message,logic_eligibility_034,13,15,all_conditions_pooled,0,1,356.76596659985256,0
overall_harmful,end_of_user_message,logic_shipping_035,14,15,all_conditions_pooled,0,0,-77.2418149355536,0
overall_harmful,end_of_user_message,logic_shipping_035,14,15,all_conditions_pooled,0,0,-83.06129764262383,0
overall_harmful,end_of_user_message,logic_shipping_035,14,15,all_conditions_pooled,0,0,-39.46323440842742,1
overall_harmful,end_of_user_message,logic_tournament_036,15,15,all_conditions_pooled,0,1,90.57064713410692,0
overall_harmful,end_of_user_message,logic_tournament_036,15,15,all_conditions_pooled,0,0,-303.105425062206,0
overall_harmful,end_of_user_message,logic_tournament_036,15,15,all_conditions_pooled,0,1,285.5036794746896,0
overall_harmful,end_of_user_message,policy_lab_access_002,16,15,all_conditions_pooled,0,1,72.29399185431232,0
overall_harmful,end_of_user_message,policy_lab_access_002,16,15,all_conditions_pooled,0,0,-335.4364138395796,0
overall_harmful,end_of_user_message,policy_lab_access_002,16,15,all_conditions_pooled,0,1,204.63107835807492,0
overall_harmful,end_of_user_message,policy_library_checkout_003,17,15,all_conditions_pooled,0,1,89.8400390037475,0
overall_harmful,end_of_user_message,policy_library_checkout_003,17,15,all_conditions_pooled,0,0,-321.384900503115,0
overall_harmful,end_of_user_message,policy_library_checkout_003,17,15,all_conditions_pooled,0,1,280.8258389372373,0
overall_harmful,end_of_user_message,policy_lunch_pass_001,18,15,all_conditions_pooled,0,1,65.46265115548617,0
overall_harmful,end_of_user_message,policy_lunch_pass_001,18,15,all_conditions_pooled,0,0,-337.5824571521281,0
overall_harmful,end_of_user_message,policy_lunch_pass_001,18,15,all_conditions_pooled,0,1,205.05201361399753,0
overall_harmful,end_of_user_message,policy_rec_center_004,19,15,all_conditions_pooled,0,0,-370.1898753509787,1
overall_harmful,end_of_user_message,policy_rec_center_004,19,15,all_conditions_pooled,0,0,-184.18691750758603,0
overall_harmful,end_of_user_message,policy_rec_center_004,19,15,all_conditions_pooled,0,1,135.21322457058884,0
overall_harmful,end_of_user_message,product_specs_025,20,15,all_conditions_pooled,0,0,-45.17926388907249,0
overall_harmful,end_of_user_message,product_specs_025,20,15,all_conditions_pooled,0,0,-438.5833081591268,0
overall_harmful,end_of_user_message,product_specs_025,20,15,all_conditions_pooled,0,1,134.74131926312032,0
overall_harmful,end_of_user_message,product_specs_026,21,15,all_conditions_pooled,0,0,-70.85541548519345,0
overall_harmful,end_of_user_message,product_specs_026,21,15,all_conditions_pooled,0,0,-429.5194779437402,0
overall_harmful,end_of_user_message,product_specs_026,21,15,all_conditions_pooled,0,1,70.31042923256346,0
overall_harmful,end_of_user_message,product_specs_027,22,15,all_conditions_pooled,0,0,-3.4871761358736073,0
overall_harmful,end_of_user_message,product_specs_027,22,15,all_conditions_pooled,0,0,-404.65357536718193,0
overall_harmful,end_of_user_message,product_specs_027,22,15,all_conditions_pooled,0,1,167.4393601355264,0
overall_harmful,end_of_user_message,product_specs_028,23,15,all_conditions_pooled,0,1,13.541386529906681,0
overall_harmful,end_of_user_message,product_specs_028,23,15,all_conditions_pooled,0,0,-407.3097397687464,0
overall_harmful,end_of_user_message,product_specs_028,23,15,all_conditions_pooled,0,1,211.20783189771802,0
overall_harmful,end_of_user_message,schedule_clinic_011,24,15,all_conditions_pooled,0,1,123.45757401220163,0
overall_harmful,end_of_user_message,schedule_clinic_011,24,15,all_conditions_pooled,0,0,-332.0557111709414,0
overall_harmful,end_of_user_message,schedule_clinic_011,24,15,all_conditions_pooled,0,1,344.9367955571637,0
overall_harmful,end_of_user_message,schedule_exam_010,25,15,all_conditions_pooled,0,0,-115.20745904230009,0
overall_harmful,end_of_user_message,schedule_exam_010,25,15,all_conditions_pooled,0,0,-151.4099049012097,0
overall_harmful,end_of_user_message,schedule_exam_010,25,15,all_conditions_pooled,0,0,-48.68473708501115,1
overall_harmful,end_of_user_message,schedule_train_009,26,15,all_conditions_pooled,0,1,90.02166236440635,0
overall_harmful,end_of_user_message,schedule_train_009,26,15,all_conditions_pooled,0,0,-355.8267648141423,0
overall_harmful,end_of_user_message,schedule_train_009,26,15,all_conditions_pooled,0,1,320.8175056208343,0
overall_harmful,end_of_user_message,schedule_workshop_012,27,15,all_conditions_pooled,0,1,34.506990991099684,0
overall_harmful,end_of_user_message,schedule_workshop_012,27,15,all_conditions_pooled,0,0,-373.0485894041344,0
overall_harmful,end_of_user_message,schedule_workshop_012,27,15,all_conditions_pooled,0,1,210.23968112821987,0
overall_harmful,end_of_user_message,science_battery_016,28,15,all_conditions_pooled,0,1,25.175086806414896,0
overall_harmful,end_of_user_message,science_battery_016,28,15,all_conditions_pooled,0,0,-408.82088721008165,0
overall_harmful,end_of_user_message,science_battery_016,28,15,all_conditions_pooled,0,1,208.79862858214432,0
overall_harmful,end_of_user_message,science_mineral_014,29,15,all_conditions_pooled,0,1,1.0384100279981574,0
overall_harmful,end_of_user_message,science_mineral_014,29,15,all_conditions_pooled,0,0,-393.9939068874389,0
overall_harmful,end_of_user_message,science_mineral_014,29,15,all_conditions_pooled,0,1,175.19694016817024,0
overall_harmful,end_of_user_message,science_plant_013,30,15,all_conditions_pooled,0,0,-77.2458766373967,0
overall_harmful,end_of_user_message,science_plant_013,30,15,all_conditions_pooled,0,0,-451.309378729346,0
overall_harmful,end_of_user_message,science_plant_013,30,15,all_conditions_pooled,0,1,111.12595960383993,0
overall_harmful,end_of_user_message,science_weather_015,31,15,all_conditions_pooled,0,1,65.68203726041226,0
overall_harmful,end_of_user_message,science_weather_015,31,15,all_conditions_pooled,0,0,-348.1472504875642,0
overall_harmful,end_of_user_message,science_weather_015,31,15,all_conditions_pooled,0,1,264.9756881932087,0
overall_harmful,end_of_user_message,technical_api_022,32,15,all_conditions_pooled,0,1,90.97646502672218,0
overall_harmful,end_of_user_message,technical_api_022,32,15,all_conditions_pooled,0,0,-347.1402151398124,0
overall_harmful,end_of_user_message,technical_api_022,32,15,all_conditions_pooled,0,1,291.2303783424386,0
overall_harmful,end_of_user_message,technical_backup_023,33,15,all_conditions_pooled,0,1,34.78044031226591,0
overall_harmful,end_of_user_message,technical_backup_023,33,15,all_conditions_pooled,0,0,-398.8284684246718,0
overall_harmful,end_of_user_message,technical_backup_023,33,15,all_conditions_pooled,0,1,204.9883093941918,0
overall_harmful,end_of_user_message,technical_config_021,34,15,all_conditions_pooled,0,0,-57.97749120287503,0
overall_harmful,end_of_user_message,technical_config_021,34,15,all_conditions_pooled,0,0,-463.91450180094824,0
overall_harmful,end_of_user_message,technical_config_021,34,15,all_conditions_pooled,0,1,90.28305024551966,0
overall_harmful,end_of_user_message,technical_feature_flag_024,35,15,all_conditions_pooled,0,1,80.64536896615826,0
overall_harmful,end_of_user_message,technical_feature_flag_024,35,15,all_conditions_pooled,0,0,-393.86504387524326,0
overall_harmful,end_of_user_message,technical_feature_flag_024,35,15,all_conditions_pooled,0,1,285.68888811718074,0
overall_harmful,end_of_user_message,academic_attendance_019,0,16,all_conditions_pooled,0,1,473.23066738482623,0
overall_harmful,end_of_user_message,academic_attendance_019,0,16,all_conditions_pooled,0,0,-1459.8070263392137,1
overall_harmful,end_of_user_message,academic_attendance_019,0,16,all_conditions_pooled,0,1,729.2679429379548,0
overall_harmful,end_of_user_message,academic_grading_018,1,16,all_conditions_pooled,0,1,67.4990057444069,0
overall_harmful,end_of_user_message,academic_grading_018,1,16,all_conditions_pooled,0,0,-265.89004425907405,0
overall_harmful,end_of_user_message,academic_grading_018,1,16,all_conditions_pooled,0,1,196.54832963388537,0
overall_harmful,end_of_user_message,academic_latework_020,2,16,all_conditions_pooled,0,1,191.32269084296865,0
overall_harmful,end_of_user_message,academic_latework_020,2,16,all_conditions_pooled,0,0,-214.40019875967994,0
overall_harmful,end_of_user_message,academic_latework_020,2,16,all_conditions_pooled,0,1,360.4153258315921,0
overall_harmful,end_of_user_message,academic_prereq_017,3,16,all_conditions_pooled,0,1,246.3945899756966,0
overall_harmful,end_of_user_message,academic_prereq_017,3,16,all_conditions_pooled,0,0,-183.61168931604703,0
overall_harmful,end_of_user_message,academic_prereq_017,3,16,all_conditions_pooled,0,1,412.84656621376956,0
overall_harmful,end_of_user_message,contract_rental_029,4,16,all_conditions_pooled,0,1,89.54627820933429,0
overall_harmful,end_of_user_message,contract_rental_029,4,16,all_conditions_pooled,0,0,-321.0498734409387,0
overall_harmful,end_of_user_message,contract_rental_029,4,16,all_conditions_pooled,0,1,282.783347584278,0
overall_harmful,end_of_user_message,contract_service_030,5,16,all_conditions_pooled,0,1,48.55633096441933,0
overall_harmful,end_of_user_message,contract_service_030,5,16,all_conditions_pooled,0,0,-410.16301082717337,0
overall_harmful,end_of_user_message,contract_service_030,5,16,all_conditions_pooled,0,1,225.6136452440877,0
overall_harmful,end_of_user_message,contract_ticket_032,6,16,all_conditions_pooled,0,1,275.2076446534252,0
overall_harmful,end_of_user_message,contract_ticket_032,6,16,all_conditions_pooled,0,0,-209.85997900534704,0
overall_harmful,end_of_user_message,contract_ticket_032,6,16,all_conditions_pooled,0,1,427.5164258608719,0
overall_harmful,end_of_user_message,contract_warranty_031,7,16,all_conditions_pooled,0,1,21.41953268473184,0
overall_harmful,end_of_user_message,contract_warranty_031,7,16,all_conditions_pooled,0,0,-363.91036445259954,0
overall_harmful,end_of_user_message,contract_warranty_031,7,16,all_conditions_pooled,0,1,181.6124274757635,0
overall_harmful,end_of_user_message,finance_budget_007,8,16,all_conditions_pooled,0,1,72.61015944649942,0
overall_harmful,end_of_user_message,finance_budget_007,8,16,all_conditions_pooled,0,0,-323.98106130149006,0
overall_harmful,end_of_user_message,finance_budget_007,8,16,all_conditions_pooled,0,1,227.73561881806899,0
overall_harmful,end_of_user_message,finance_coupon_006,9,16,all_conditions_pooled,0,1,188.75876464038996,0
overall_harmful,end_of_user_message,finance_coupon_006,9,16,all_conditions_pooled,0,0,-271.4230023058908,0
overall_harmful,end_of_user_message,finance_coupon_006,9,16,all_conditions_pooled,0,1,351.8777142189059,0
overall_harmful,end_of_user_message,finance_membership_008,10,16,all_conditions_pooled,0,1,37.790041798720296,0
overall_harmful,end_of_user_message,finance_membership_008,10,16,all_conditions_pooled,0,0,-364.4465818879022,0
overall_harmful,end_of_user_message,finance_membership_008,10,16,all_conditions_pooled,0,1,202.6541840503478,0
overall_harmful,end_of_user_message,finance_refund_005,11,16,all_conditions_pooled,0,1,162.1487949091381,0
overall_harmful,end_of_user_message,finance_refund_005,11,16,all_conditions_pooled,0,0,-276.72011301068267,0
overall_harmful,end_of_user_message,finance_refund_005,11,16,all_conditions_pooled,0,1,338.88260005978765,0
overall_harmful,end_of_user_message,logic_access_033,12,16,all_conditions_pooled,0,1,105.28347488826566,0
overall_harmful,end_of_user_message,logic_access_033,12,16,all_conditions_pooled,0,0,-317.3929399574939,0
overall_harmful,end_of_user_message,logic_access_033,12,16,all_conditions_pooled,0,1,303.06544626114476,0
overall_harmful,end_of_user_message,logic_eligibility_034,13,16,all_conditions_pooled,0,1,128.7905148860259,0
overall_harmful,end_of_user_message,logic_eligibility_034,13,16,all_conditions_pooled,0,0,-326.69900372184935,0
overall_harmful,end_of_user_message,logic_eligibility_034,13,16,all_conditions_pooled,0,1,327.01747033243305,0
overall_harmful,end_of_user_message,logic_shipping_035,14,16,all_conditions_pooled,0,0,-94.18603854241087,0
overall_harmful,end_of_user_message,logic_shipping_035,14,16,all_conditions_pooled,0,0,-59.83947490805055,0
overall_harmful,end_of_user_message,logic_shipping_035,14,16,all_conditions_pooled,0,0,-55.93977094269539,1
overall_harmful,end_of_user_message,logic_tournament_036,15,16,all_conditions_pooled,0,1,107.5436813967317,0
overall_harmful,end_of_user_message,logic_tournament_036,15,16,all_conditions_pooled,0,0,-281.7799808565701,0
overall_harmful,end_of_user_message,logic_tournament_036,15,16,all_conditions_pooled,0,1,286.07526100801465,0
overall_harmful,end_of_user_message,policy_lab_access_002,16,16,all_conditions_pooled,0,1,111.03369031268508,0
overall_harmful,end_of_user_message,policy_lab_access_002,16,16,all_conditions_pooled,0,0,-302.6366223845099,0
overall_harmful,end_of_user_message,policy_lab_access_002,16,16,all_conditions_pooled,0,1,232.61602955402964,0
overall_harmful,end_of_user_message,policy_library_checkout_003,17,16,all_conditions_pooled,0,1,103.3784221612245,0
overall_harmful,end_of_user_message,policy_library_checkout_003,17,16,all_conditions_pooled,0,0,-295.07546821639335,0
overall_harmful,end_of_user_message,policy_library_checkout_003,17,16,all_conditions_pooled,0,1,280.2137917519459,0
overall_harmful,end_of_user_message,policy_lunch_pass_001,18,16,all_conditions_pooled,0,1,76.82514178118713,0
overall_harmful,end_of_user_message,policy_lunch_pass_001,18,16,all_conditions_pooled,0,0,-318.27566759319745,0
overall_harmful,end_of_user_message,policy_lunch_pass_001,18,16,all_conditions_pooled,0,1,198.53094667251918,0
overall_harmful,end_of_user_message,policy_rec_center_004,19,16,all_conditions_pooled,0,0,-362.6858975090249,1
overall_harmful,end_of_user_message,policy_rec_center_004,19,16,all_conditions_pooled,0,0,-128.36945741361626,0
overall_harmful,end_of_user_message,policy_rec_center_004,19,16,all_conditions_pooled,0,1,94.86484248741854,0
overall_harmful,end_of_user_message,product_specs_025,20,16,all_conditions_pooled,0,0,-42.77665985059736,0
overall_harmful,end_of_user_message,product_specs_025,20,16,all_conditions_pooled,0,0,-436.4363489541574,0
overall_harmful,end_of_user_message,product_specs_025,20,16,all_conditions_pooled,0,1,130.51251401348992,0
overall_harmful,end_of_user_message,product_specs_026,21,16,all_conditions_pooled,0,0,-73.83393096871234,0
overall_harmful,end_of_user_message,product_specs_026,21,16,all_conditions_pooled,0,0,-416.9979534611384,0
overall_harmful,end_of_user_message,product_specs_026,21,16,all_conditions_pooled,0,1,35.95261918945327,0
overall_harmful,end_of_user_message,product_specs_027,22,16,all_conditions_pooled,0,0,-3.401960594571854,0
overall_harmful,end_of_user_message,product_specs_027,22,16,all_conditions_pooled,0,0,-426.0050099164952,0
overall_harmful,end_of_user_message,product_specs_027,22,16,all_conditions_pooled,0,1,156.89674779008774,0
overall_harmful,end_of_user_message,product_specs_028,23,16,all_conditions_pooled,0,0,-26.015064223466993,0
overall_harmful,end_of_user_message,product_specs_028,23,16,all_conditions_pooled,0,0,-432.1155546215916,0
overall_harmful,end_of_user_message,product_specs_028,23,16,all_conditions_pooled,0,1,169.1404022840601,0
overall_harmful,end_of_user_message,schedule_clinic_011,24,16,all_conditions_pooled,0,1,94.05035085515435,0
overall_harmful,end_of_user_message,schedule_clinic_011,24,16,all_conditions_pooled,0,0,-353.665935728349,0
overall_harmful,end_of_user_message,schedule_clinic_011,24,16,all_conditions_pooled,0,1,314.61715833762935,0
overall_harmful,end_of_user_message,schedule_exam_010,25,16,all_conditions_pooled,0,0,-151.66325043389753,0
overall_harmful,end_of_user_message,schedule_exam_010,25,16,all_conditions_pooled,0,0,-158.78510004773202,0
overall_harmful,end_of_user_message,schedule_exam_010,25,16,all_conditions_pooled,0,0,-81.94687986687703,1
overall_harmful,end_of_user_message,schedule_train_009,26,16,all_conditions_pooled,0,1,109.24873963917855,0
overall_harmful,end_of_user_message,schedule_train_009,26,16,all_conditions_pooled,0,0,-329.1805622387051,0
overall_harmful,end_of_user_message,schedule_train_009,26,16,all_conditions_pooled,0,1,343.5620447474648,0
overall_harmful,end_of_user_message,schedule_workshop_012,27,16,all_conditions_pooled,0,1,8.661549505130047,0
overall_harmful,end_of_user_message,schedule_workshop_012,27,16,all_conditions_pooled,0,0,-367.89369200563857,0
overall_harmful,end_of_user_message,schedule_workshop_012,27,16,all_conditions_pooled,0,1,176.26478998550675,0
overall_harmful,end_of_user_message,science_battery_016,28,16,all_conditions_pooled,0,1,56.71777856274623,0
overall_harmful,end_of_user_message,science_battery_016,28,16,all_conditions_pooled,0,0,-393.65456286948506,0
overall_harmful,end_of_user_message,science_battery_016,28,16,all_conditions_pooled,0,1,227.81885174945884,0
overall_harmful,end_of_user_message,science_mineral_014,29,16,all_conditions_pooled,0,1,3.3546681729070755,0
overall_harmful,end_of_user_message,science_mineral_014,29,16,all_conditions_pooled,0,0,-408.1409699594753,0
overall_harmful,end_of_user_message,science_mineral_014,29,16,all_conditions_pooled,0,1,164.4500143270394,0
overall_harmful,end_of_user_message,science_plant_013,30,16,all_conditions_pooled,0,0,-60.84707773855099,0
overall_harmful,end_of_user_message,science_plant_013,30,16,all_conditions_pooled,0,0,-473.09122501217496,0
overall_harmful,end_of_user_message,science_plant_013,30,16,all_conditions_pooled,0,1,102.23059574836782,0
overall_harmful,end_of_user_message,science_weather_015,31,16,all_conditions_pooled,0,1,81.18958177530135,0
overall_harmful,end_of_user_message,science_weather_015,31,16,all_conditions_pooled,0,0,-326.4733494657918,0
overall_harmful,end_of_user_message,science_weather_015,31,16,all_conditions_pooled,0,1,277.9178168173129,0
overall_harmful,end_of_user_message,technical_api_022,32,16,all_conditions_pooled,0,1,51.24499066056714,0
overall_harmful,end_of_user_message,technical_api_022,32,16,all_conditions_pooled,0,0,-358.7904912029652,0
overall_harmful,end_of_user_message,technical_api_022,32,16,all_conditions_pooled,0,1,257.4472615122958,0
overall_harmful,end_of_user_message,technical_backup_023,33,16,all_conditions_pooled,0,1,72.28360009435434,0
overall_harmful,end_of_user_message,technical_backup_023,33,16,all_conditions_pooled,0,0,-381.95270818607776,0
overall_harmful,end_of_user_message,technical_backup_023,33,16,all_conditions_pooled,0,1,265.52630590925855,0
overall_harmful,end_of_user_message,technical_config_021,34,16,all_conditions_pooled,0,0,-44.09776657987004,0
overall_harmful,end_of_user_message,technical_config_021,34,16,all_conditions_pooled,0,0,-418.84244451651824,0
overall_harmful,end_of_user_message,technical_config_021,34,16,all_conditions_pooled,0,1,102.48974344032194,0
overall_harmful,end_of_user_message,technical_feature_flag_024,35,16,all_conditions_pooled,0,1,61.35182804928118,0
overall_harmful,end_of_user_message,technical_feature_flag_024,35,16,all_conditions_pooled,0,0,-376.85224924556735,0
overall_harmful,end_of_user_message,technical_feature_flag_024,35,16,all_conditions_pooled,0,1,272.73455217760215,0
overall_harmful,end_of_user_message,academic_attendance_019,0,17,all_conditions_pooled,0,1,484.5658370639401,0
overall_harmful,end_of_user_message,academic_attendance_019,0,17,all_conditions_pooled,0,0,-1490.0228467834752,1
overall_harmful,end_of_user_message,academic_attendance_019,0,17,all_conditions_pooled,0,1,721.196292187663,0
overall_harmful,end_of_user_message,academic_grading_018,1,17,all_conditions_pooled,0,1,82.84066961916699,0
overall_harmful,end_of_user_message,academic_grading_018,1,17,all_conditions_pooled,0,0,-265.9175052092357,0
overall_harmful,end_of_user_message,academic_grading_018,1,17,all_conditions_pooled,0,1,194.88373073712563,0
overall_harmful,end_of_user_message,academic_latework_020,2,17,all_conditions_pooled,0,1,192.03027932088358,0
overall_harmful,end_of_user_message,academic_latework_020,2,17,all_conditions_pooled,0,0,-250.68537915345183,0
overall_harmful,end_of_user_message,academic_latework_020,2,17,all_conditions_pooled,0,1,332.09209468562585,0
overall_harmful,end_of_user_message,academic_prereq_017,3,17,all_conditions_pooled,0,1,260.9354093439614,0
overall_harmful,end_of_user_message,academic_prereq_017,3,17,all_conditions_pooled,0,0,-177.9818571057911,0
overall_harmful,end_of_user_message,academic_prereq_017,3,17,all_conditions_pooled,0,1,398.94482797923007,0
overall_harmful,end_of_user_message,contract_rental_029,4,17,all_conditions_pooled,0,1,87.18612393080095,0
overall_harmful,end_of_user_message,contract_rental_029,4,17,all_conditions_pooled,0,0,-330.57215932698557,0
overall_harmful,end_of_user_message,contract_rental_029,4,17,all_conditions_pooled,0,1,260.145940657825,0
overall_harmful,end_of_user_message,contract_service_030,5,17,all_conditions_pooled,0,1,59.124965868616485,0
overall_harmful,end_of_user_message,contract_service_030,5,17,all_conditions_pooled,0,0,-402.8906078777258,0
overall_harmful,end_of_user_message,contract_service_030,5,17,all_conditions_pooled,0,1,215.5935186615643,0
overall_harmful,end_of_user_message,contract_ticket_032,6,17,all_conditions_pooled,0,1,288.50619157894965,0
overall_harmful,end_of_user_message,contract_ticket_032,6,17,all_conditions_pooled,0,0,-246.38578869739928,0
overall_harmful,end_of_user_message,contract_ticket_032,6,17,all_conditions_pooled,0,1,431.21836795001843,0
overall_harmful,end_of_user_message,contract_warranty_031,7,17,all_conditions_pooled,0,1,30.553214073722266,0
overall_harmful,end_of_user_message,contract_warranty_031,7,17,all_conditions_pooled,0,0,-366.82338474360716,0
overall_harmful,end_of_user_message,contract_warranty_031,7,17,all_conditions_pooled,0,1,156.90694319875678,0
overall_harmful,end_of_user_message,finance_budget_007,8,17,all_conditions_pooled,0,1,127.038588084189,0
overall_harmful,end_of_user_message,finance_budget_007,8,17,all_conditions_pooled,0,0,-322.291042407339,0
overall_harmful,end_of_user_message,finance_budget_007,8,17,all_conditions_pooled,0,1,249.69075734436308,0
overall_harmful,end_of_user_message,finance_coupon_006,9,17,all_conditions_pooled,0,1,216.44622344001584,0
overall_harmful,end_of_user_message,finance_coupon_006,9,17,all_conditions_pooled,0,0,-272.9561016227217,0
overall_harmful,end_of_user_message,finance_coupon_006,9,17,all_conditions_pooled,0,1,352.37560898999516,0
overall_harmful,end_of_user_message,finance_membership_008,10,17,all_conditions_pooled,0,1,47.825221319968776,0
overall_harmful,end_of_user_message,finance_membership_008,10,17,all_conditions_pooled,0,0,-393.4947944255948,0
overall_harmful,end_of_user_message,finance_membership_008,10,17,all_conditions_pooled,0,1,198.31780105834392,0
overall_harmful,end_of_user_message,finance_refund_005,11,17,all_conditions_pooled,0,1,170.47703874440265,0
overall_harmful,end_of_user_message,finance_refund_005,11,17,all_conditions_pooled,0,0,-280.9170705911504,0
overall_harmful,end_of_user_message,finance_refund_005,11,17,all_conditions_pooled,0,1,322.76928226838857,0
overall_harmful,end_of_user_message,logic_access_033,12,17,all_conditions_pooled,0,1,89.60992777816716,0
overall_harmful,end_of_user_message,logic_access_033,12,17,all_conditions_pooled,0,0,-342.25492674612826,0
overall_harmful,end_of_user_message,logic_access_033,12,17,all_conditions_pooled,0,1,274.9929710695783,0
overall_harmful,end_of_user_message,logic_eligibility_034,13,17,all_conditions_pooled,0,1,170.20582710318124,0
overall_harmful,end_of_user_message,logic_eligibility_034,13,17,all_conditions_pooled,0,0,-337.90721432274665,0
overall_harmful,end_of_user_message,logic_eligibility_034,13,17,all_conditions_pooled,0,1,329.7329834535582,0
overall_harmful,end_of_user_message,logic_shipping_035,14,17,all_conditions_pooled,0,0,-73.42095043967693,0
overall_harmful,end_of_user_message,logic_shipping_035,14,17,all_conditions_pooled,0,0,-99.05818335933299,0
overall_harmful,end_of_user_message,logic_shipping_035,14,17,all_conditions_pooled,0,0,-46.35112703603761,1
overall_harmful,end_of_user_message,logic_tournament_036,15,17,all_conditions_pooled,0,1,127.95369139047983,0
overall_harmful,end_of_user_message,logic_tournament_036,15,17,all_conditions_pooled,0,0,-309.176063070675,0
overall_harmful,end_of_user_message,logic_tournament_036,15,17,all_conditions_pooled,0,1,271.0761097875918,0
overall_harmful,end_of_user_message,policy_lab_access_002,16,17,all_conditions_pooled,0,1,184.98897915858424,0
overall_harmful,end_of_user_message,policy_lab_access_002,16,17,all_conditions_pooled,0,0,-310.5133501104948,0
overall_harmful,end_of_user_message,policy_lab_access_002,16,17,all_conditions_pooled,0,1,269.84758381007407,0
overall_harmful,end_of_user_message,policy_library_checkout_003,17,17,all_conditions_pooled,0,1,177.74641640003182,0
overall_harmful,end_of_user_message,policy_library_checkout_003,17,17,all_conditions_pooled,0,0,-281.8715034917702,0
overall_harmful,end_of_user_message,policy_library_checkout_003,17,17,all_conditions_pooled,0,1,337.8821205065076,0
overall_harmful,end_of_user_message,policy_lunch_pass_001,18,17,all_conditions_pooled,0,1,121.67834205245043,0
overall_harmful,end_of_user_message,policy_lunch_pass_001,18,17,all_conditions_pooled,0,0,-324.033259132847,0
overall_harmful,end_of_user_message,policy_lunch_pass_001,18,17,all_conditions_pooled,0,1,231.54969822665265,0
overall_harmful,end_of_user_message,policy_rec_center_004,19,17,all_conditions_pooled,0,0,-389.0485362105486,1
overall_harmful,end_of_user_message,policy_rec_center_004,19,17,all_conditions_pooled,0,0,-97.84069158103932,0
overall_harmful,end_of_user_message,policy_rec_center_004,19,17,all_conditions_pooled,0,1,4.788693202951684,0
overall_harmful,end_of_user_message,product_specs_025,20,17,all_conditions_pooled,0,0,-14.209912579414697,0
overall_harmful,end_of_user_message,product_specs_025,20,17,all_conditions_pooled,0,0,-434.9080943950727,0
overall_harmful,end_of_user_message,product_specs_025,20,17,all_conditions_pooled,0,1,134.79640120106376,0
overall_harmful,end_of_user_message,product_specs_026,21,17,all_conditions_pooled,0,0,-73.51710698513706,0
overall_harmful,end_of_user_message,product_specs_026,21,17,all_conditions_pooled,0,0,-461.2318403840837,0
overall_harmful,end_of_user_message,product_specs_026,21,17,all_conditions_pooled,0,1,25.202463875985252,0
overall_harmful,end_of_user_message,product_specs_027,22,17,all_conditions_pooled,0,1,14.82824203828401,0
overall_harmful,end_of_user_message,product_specs_027,22,17,all_conditions_pooled,0,0,-411.7210554742058,0
overall_harmful,end_of_user_message,product_specs_027,22,17,all_conditions_pooled,0,1,155.10648390404336,0
overall_harmful,end_of_user_message,product_specs_028,23,17,all_conditions_pooled,0,1,3.740343564470969,0
overall_harmful,end_of_user_message,product_specs_028,23,17,all_conditions_pooled,0,0,-424.39721645489186,0
overall_harmful,end_of_user_message,product_specs_028,23,17,all_conditions_pooled,0,1,178.4113804754587,0
overall_harmful,end_of_user_message,schedule_clinic_011,24,17,all_conditions_pooled,0,1,139.11549852532227,0
overall_harmful,end_of_user_message,schedule_clinic_011,24,17,all_conditions_pooled,0,0,-372.52910385155064,0
overall_harmful,end_of_user_message,schedule_clinic_011,24,17,all_conditions_pooled,0,1,324.61001828393324,0
overall_harmful,end_of_user_message,schedule_exam_010,25,17,all_conditions_pooled,0,0,-150.20871606116438,0
overall_harmful,end_of_user_message,schedule_exam_010,25,17,all_conditions_pooled,0,0,-191.62002628272694,0
overall_harmful,end_of_user_message,schedule_exam_010,25,17,all_conditions_pooled,0,0,-94.05721644816373,1
overall_harmful,end_of_user_message,schedule_train_009,26,17,all_conditions_pooled,0,1,112.3000172649702,0
overall_harmful,end_of_user_message,schedule_train_009,26,17,all_conditions_pooled,0,0,-364.54187140062606,0
overall_harmful,end_of_user_message,schedule_train_009,26,17,all_conditions_pooled,0,1,326.1835401069669,0
overall_harmful,end_of_user_message,schedule_workshop_012,27,17,all_conditions_pooled,0,1,48.28909946559685,0
overall_harmful,end_of_user_message,schedule_workshop_012,27,17,all_conditions_pooled,0,0,-380.35450850837424,0
overall_harmful,end_of_user_message,schedule_workshop_012,27,17,all_conditions_pooled,0,1,197.92422163943132,0
overall_harmful,end_of_user_message,science_battery_016,28,17,all_conditions_pooled,0,1,25.018264598923793,0
overall_harmful,end_of_user_message,science_battery_016,28,17,all_conditions_pooled,0,0,-434.12409731286834,0
overall_harmful,end_of_user_message,science_battery_016,28,17,all_conditions_pooled,0,1,166.2162234659274,0
overall_harmful,end_of_user_message,science_mineral_014,29,17,all_conditions_pooled,0,1,33.967604844891156,0
overall_harmful,end_of_user_message,science_mineral_014,29,17,all_conditions_pooled,0,0,-400.1732878924927,0
overall_harmful,end_of_user_message,science_mineral_014,29,17,all_conditions_pooled,0,1,167.33043384458207,0
overall_harmful,end_of_user_message,science_plant_013,30,17,all_conditions_pooled,0,0,-62.05510812555667,0
overall_harmful,end_of_user_message,science_plant_013,30,17,all_conditions_pooled,0,0,-498.59541849277684,0
overall_harmful,end_of_user_message,science_plant_013,30,17,all_conditions_pooled,0,1,51.37797589140834,0
overall_harmful,end_of_user_message,science_weather_015,31,17,all_conditions_pooled,0,1,43.16475013818675,0
overall_harmful,end_of_user_message,science_weather_015,31,17,all_conditions_pooled,0,0,-378.9171589979352,0
overall_harmful,end_of_user_message,science_weather_015,31,17,all_conditions_pooled,0,1,207.39494047131484,0
overall_harmful,end_of_user_message,technical_api_022,32,17,all_conditions_pooled,0,1,24.919438493270512,0
overall_harmful,end_of_user_message,technical_api_022,32,17,all_conditions_pooled,0,0,-404.39673569423786,0
overall_harmful,end_of_user_message,technical_api_022,32,17,all_conditions_pooled,0,1,222.6895446969035,0
overall_harmful,end_of_user_message,technical_backup_023,33,17,all_conditions_pooled,0,1,152.97885598483688,0
overall_harmful,end_of_user_message,technical_backup_023,33,17,all_conditions_pooled,0,0,-368.45695396070965,0
overall_harmful,end_of_user_message,technical_backup_023,33,17,all_conditions_pooled,0,1,334.90084715515354,0
overall_harmful,end_of_user_message,technical_config_021,34,17,all_conditions_pooled,0,0,-45.41609998685148,0
overall_harmful,end_of_user_message,technical_config_021,34,17,all_conditions_pooled,0,0,-463.1069284488156,0
overall_harmful,end_of_user_message,technical_config_021,34,17,all_conditions_pooled,0,1,102.10212429100054,0
overall_harmful,end_of_user_message,technical_feature_flag_024,35,17,all_conditions_pooled,0,1,78.79969242815321,0
overall_harmful,end_of_user_message,technical_feature_flag_024,35,17,all_conditions_pooled,0,0,-383.45089125622746,0
overall_harmful,end_of_user_message,technical_feature_flag_024,35,17,all_conditions_pooled,0,1,273.3352991796209,0
overall_harmful,end_of_user_message,academic_attendance_019,0,18,all_conditions_pooled,0,1,432.47219302690735,0
overall_harmful,end_of_user_message,academic_attendance_019,0,18,all_conditions_pooled,0,0,-1498.3508545379545,1
overall_harmful,end_of_user_message,academic_attendance_019,0,18,all_conditions_pooled,0,1,685.6611263059856,0
overall_harmful,end_of_user_message,academic_grading_018,1,18,all_conditions_pooled,0,1,41.39433371510976,0
overall_harmful,end_of_user_message,academic_grading_018,1,18,all_conditions_pooled,0,0,-281.4238289069618,0
overall_harmful,end_of_user_message,academic_grading_018,1,18,all_conditions_pooled,0,1,180.67434008955263,0
overall_harmful,end_of_user_message,academic_latework_020,2,18,all_conditions_pooled,0,1,166.68089032230057,0
overall_harmful,end_of_user_message,academic_latework_020,2,18,all_conditions_pooled,0,0,-256.7360601652603,0
overall_harmful,end_of_user_message,academic_latework_020,2,18,all_conditions_pooled,0,1,335.9546533467175,0
overall_harmful,end_of_user_message,academic_prereq_017,3,18,all_conditions_pooled,0,1,227.20413711113997,0
overall_harmful,end_of_user_message,academic_prereq_017,3,18,all_conditions_pooled,0,0,-216.64172728037283,0
overall_harmful,end_of_user_message,academic_prereq_017,3,18,all_conditions_pooled,0,1,377.7895771107188,0
overall_harmful,end_of_user_message,contract_rental_029,4,18,all_conditions_pooled,0,1,35.15909165870471,0
overall_harmful,end_of_user_message,contract_rental_029,4,18,all_conditions_pooled,0,0,-320.749623354671,0
overall_harmful,end_of_user_message,contract_rental_029,4,18,all_conditions_pooled,0,1,230.91975428047965,0
overall_harmful,end_of_user_message,contract_service_030,5,18,all_conditions_pooled,0,1,34.698525467700335,0
overall_harmful,end_of_user_message,contract_service_030,5,18,all_conditions_pooled,0,0,-397.4407635961381,0
overall_harmful,end_of_user_message,contract_service_030,5,18,all_conditions_pooled,0,1,198.02686615481537,0
overall_harmful,end_of_user_message,contract_ticket_032,6,18,all_conditions_pooled,0,1,274.502879901015,0
overall_harmful,end_of_user_message,contract_ticket_032,6,18,all_conditions_pooled,0,0,-246.27044631512535,0
overall_harmful,end_of_user_message,contract_ticket_032,6,18,all_conditions_pooled,0,1,394.20720648105555,0
overall_harmful,end_of_user_message,contract_warranty_031,7,18,all_conditions_pooled,0,1,24.387405461518753,0
overall_harmful,end_of_user_message,contract_warranty_031,7,18,all_conditions_pooled,0,0,-356.2296976037211,0
overall_harmful,end_of_user_message,contract_warranty_031,7,18,all_conditions_pooled,0,1,157.3228391386663,0
overall_harmful,end_of_user_message,finance_budget_007,8,18,all_conditions_pooled,0,1,130.6233798542045,0
overall_harmful,end_of_user_message,finance_budget_007,8,18,all_conditions_pooled,0,0,-322.064848202555,0
overall_harmful,end_of_user_message,finance_budget_007,8,18,all_conditions_pooled,0,1,278.26874101207954,0
overall_harmful,end_of_user_message,finance_coupon_006,9,18,all_conditions_pooled,0,1,216.3352165670282,0
overall_harmful,end_of_user_message,finance_coupon_006,9,18,all_conditions_pooled,0,0,-282.0010835202506,0
overall_harmful,end_of_user_message,finance_coupon_006,9,18,all_conditions_pooled,0,1,353.1569093848634,0
overall_harmful,end_of_user_message,finance_membership_008,10,18,all_conditions_pooled,0,1,35.83978228711268,0
overall_harmful,end_of_user_message,finance_membership_008,10,18,all_conditions_pooled,0,0,-428.1043823180247,0
overall_harmful,end_of_user_message,finance_membership_008,10,18,all_conditions_pooled,0,1,222.15693260182755,0
overall_harmful,end_of_user_message,finance_refund_005,11,18,all_conditions_pooled,0,1,149.06923669247186,0
overall_harmful,end_of_user_message,finance_refund_005,11,18,all_conditions_pooled,0,0,-302.4229446580864,0
overall_harmful,end_of_user_message,finance_refund_005,11,18,all_conditions_pooled,0,1,328.3409166467205,0
overall_harmful,end_of_user_message,logic_access_033,12,18,all_conditions_pooled,0,1,17.961066002434997,0
overall_harmful,end_of_user_message,logic_access_033,12,18,all_conditions_pooled,0,0,-384.55011685536425,0
overall_harmful,end_of_user_message,logic_access_033,12,18,all_conditions_pooled,0,1,231.5257758163503,0
overall_harmful,end_of_user_message,logic_eligibility_034,13,18,all_conditions_pooled,0,1,155.21121945196285,0
overall_harmful,end_of_user_message,logic_eligibility_034,13,18,all_conditions_pooled,0,0,-359.7275254076003,0
overall_harmful,end_of_user_message,logic_eligibility_034,13,18,all_conditions_pooled,0,1,336.9592997824781,0
overall_harmful,end_of_user_message,logic_shipping_035,14,18,all_conditions_pooled,0,0,-91.25591318629967,0
overall_harmful,end_of_user_message,logic_shipping_035,14,18,all_conditions_pooled,0,0,-86.52106949875635,0
overall_harmful,end_of_user_message,logic_shipping_035,14,18,all_conditions_pooled,0,0,-35.241000415110975,1
overall_harmful,end_of_user_message,logic_tournament_036,15,18,all_conditions_pooled,0,1,117.0850816564973,0
overall_harmful,end_of_user_message,logic_tournament_036,15,18,all_conditions_pooled,0,0,-358.29856834474265,0
overall_harmful,end_of_user_message,logic_tournament_036,15,18,all_conditions_pooled,0,1,274.98531011184014,0
overall_harmful,end_of_user_message,policy_lab_access_002,16,18,all_conditions_pooled,0,1,197.2896013349269,0
overall_harmful,end_of_user_message,policy_lab_access_002,16,18,all_conditions_pooled,0,0,-303.31433595117943,0
overall_harmful,end_of_user_message,policy_lab_access_002,16,18,all_conditions_pooled,0,1,302.9655687542958,0
overall_harmful,end_of_user_message,policy_library_checkout_003,17,18,all_conditions_pooled,0,1,211.5381954433046,0
overall_harmful,end_of_user_message,policy_library_checkout_003,17,18,all_conditions_pooled,0,0,-261.0888391337313,0
overall_harmful,end_of_user_message,policy_library_checkout_003,17,18,all_conditions_pooled,0,1,381.2100299175355,0
overall_harmful,end_of_user_message,policy_lunch_pass_001,18,18,all_conditions_pooled,0,1,134.2239214408484,0
overall_harmful,end_of_user_message,policy_lunch_pass_001,18,18,all_conditions_pooled,0,0,-321.931032267967,0
overall_harmful,end_of_user_message,policy_lunch_pass_001,18,18,all_conditions_pooled,0,1,261.1269825719621,0
overall_harmful,end_of_user_message,policy_rec_center_004,19,18,all_conditions_pooled,0,0,-377.49341308892554,1
overall_harmful,end_of_user_message,policy_rec_center_004,19,18,all_conditions_pooled,0,0,-59.82968407495858,0
overall_harmful,end_of_user_message,policy_rec_center_004,19,18,all_conditions_pooled,0,1,37.99811568212538,0
overall_harmful,end_of_user_message,product_specs_025,20,18,all_conditions_pooled,0,0,-10.28292079548423,0
overall_harmful,end_of_user_message,product_specs_025,20,18,all_conditions_pooled,0,0,-400.42233296928123,0
overall_harmful,end_of_user_message,product_specs_025,20,18,all_conditions_pooled,0,1,155.3766102044101,0
overall_harmful,end_of_user_message,product_specs_026,21,18,all_conditions_pooled,0,0,-74.51896339706389,0
overall_harmful,end_of_user_message,product_specs_026,21,18,all_conditions_pooled,0,0,-439.8440263781357,0
overall_harmful,end_of_user_message,product_specs_026,21,18,all_conditions_pooled,0,1,75.5242933417642,0
overall_harmful,end_of_user_message,product_specs_027,22,18,all_conditions_pooled,0,1,13.844528406310985,0
overall_harmful,end_of_user_message,product_specs_027,22,18,all_conditions_pooled,0,0,-398.0928279664936,0
overall_harmful,end_of_user_message,product_specs_027,22,18,all_conditions_pooled,0,1,177.90791098920664,0
overall_harmful,end_of_user_message,product_specs_028,23,18,all_conditions_pooled,0,1,24.90376589312237,0
overall_harmful,end_of_user_message,product_specs_028,23,18,all_conditions_pooled,0,0,-379.7766590294842,0
overall_harmful,end_of_user_message,product_specs_028,23,18,all_conditions_pooled,0,1,223.31081681133065,0
overall_harmful,end_of_user_message,schedule_clinic_011,24,18,all_conditions_pooled,0,1,132.9633809967113,0
overall_harmful,end_of_user_message,schedule_clinic_011,24,18,all_conditions_pooled,0,0,-370.492724400229,0
overall_harmful,end_of_user_message,schedule_clinic_011,24,18,all_conditions_pooled,0,1,343.4336256426923,0
overall_harmful,end_of_user_message,schedule_exam_010,25,18,all_conditions_pooled,0,0,-146.7989032191154,0
overall_harmful,end_of_user_message,schedule_exam_010,25,18,all_conditions_pooled,0,0,-217.8735249523291,0
overall_harmful,end_of_user_message,schedule_exam_010,25,18,all_conditions_pooled,0,0,-61.295720050459785,1
overall_harmful,end_of_user_message,schedule_train_009,26,18,all_conditions_pooled,0,1,104.29095153905413,0
overall_harmful,end_of_user_message,schedule_train_009,26,18,all_conditions_pooled,0,0,-374.4411978347915,0
overall_harmful,end_of_user_message,schedule_train_009,26,18,all_conditions_pooled,0,1,344.7416469608213,0
overall_harmful,end_of_user_message,schedule_workshop_012,27,18,all_conditions_pooled,0,1,46.57803519180453,0
overall_harmful,end_of_user_message,schedule_workshop_012,27,18,all_conditions_pooled,0,0,-377.840279640718,0
overall_harmful,end_of_user_message,schedule_workshop_012,27,18,all_conditions_pooled,0,1,231.46487394977711,0
overall_harmful,end_of_user_message,science_battery_016,28,18,all_conditions_pooled,0,1,21.631287707403295,0
overall_harmful,end_of_user_message,science_battery_016,28,18,all_conditions_pooled,0,0,-445.5943028631217,0
overall_harmful,end_of_user_message,science_battery_016,28,18,all_conditions_pooled,0,1,176.474583240993,0
overall_harmful,end_of_user_message,science_mineral_014,29,18,all_conditions_pooled,0,1,31.55923468590744,0
overall_harmful,end_of_user_message,science_mineral_014,29,18,all_conditions_pooled,0,0,-368.7711319900347,0
overall_harmful,end_of_user_message,science_mineral_014,29,18,all_conditions_pooled,0,1,191.54111467969187,0
overall_harmful,end_of_user_message,science_plant_013,30,18,all_conditions_pooled,0,0,-42.00751157744148,0
overall_harmful,end_of_user_message,science_plant_013,30,18,all_conditions_pooled,0,0,-472.86704094832646,0
overall_harmful,end_of_user_message,science_plant_013,30,18,all_conditions_pooled,0,1,91.47899424471359,0
overall_harmful,end_of_user_message,science_weather_015,31,18,all_conditions_pooled,0,1,47.48703499992112,0
overall_harmful,end_of_user_message,science_weather_015,31,18,all_conditions_pooled,0,0,-373.3248658011632,0
overall_harmful,end_of_user_message,science_weather_015,31,18,all_conditions_pooled,0,1,231.7633063595199,0
overall_harmful,end_of_user_message,technical_api_022,32,18,all_conditions_pooled,0,0,-0.6226259609858218,0
overall_harmful,end_of_user_message,technical_api_022,32,18,all_conditions_pooled,0,0,-393.4087939956835,0
overall_harmful,end_of_user_message,technical_api_022,32,18,all_conditions_pooled,0,1,230.1422076124968,0
overall_harmful,end_of_user_message,technical_backup_023,33,18,all_conditions_pooled,0,1,134.54296865321265,0
overall_harmful,end_of_user_message,technical_backup_023,33,18,all_conditions_pooled,0,0,-377.41093600734087,0
overall_harmful,end_of_user_message,technical_backup_023,33,18,all_conditions_pooled,0,1,312.5147218031926,0
overall_harmful,end_of_user_message,technical_config_021,34,18,all_conditions_pooled,0,0,-50.38892693952198,0
overall_harmful,end_of_user_message,technical_config_021,34,18,all_conditions_pooled,0,0,-443.79887298227095,0
overall_harmful,end_of_user_message,technical_config_021,34,18,all_conditions_pooled,0,1,147.83520263168202,0
overall_harmful,end_of_user_message,technical_feature_flag_024,35,18,all_conditions_pooled,0,1,32.85481902737739,0
overall_harmful,end_of_user_message,technical_feature_flag_024,35,18,all_conditions_pooled,0,0,-399.04313132545855,0
overall_harmful,end_of_user_message,technical_feature_flag_024,35,18,all_conditions_pooled,0,1,257.10044932945766,0
overall_harmful,end_of_user_message,academic_attendance_019,0,19,all_conditions_pooled,0,1,262.34030960390237,0
overall_harmful,end_of_user_message,academic_attendance_019,0,19,all_conditions_pooled,0,0,-1507.1866746976445,1
overall_harmful,end_of_user_message,academic_attendance_019,0,19,all_conditions_pooled,0,1,492.67118096565423,0
overall_harmful,end_of_user_message,academic_grading_018,1,19,all_conditions_pooled,0,1,55.376816299502025,0
overall_harmful,end_of_user_message,academic_grading_018,1,19,all_conditions_pooled,0,0,-304.0341698432834,0
overall_harmful,end_of_user_message,academic_grading_018,1,19,all_conditions_pooled,0,1,167.40047123352096,0
overall_harmful,end_of_user_message,academic_latework_020,2,19,all_conditions_pooled,0,1,98.06654842072675,0
overall_harmful,end_of_user_message,academic_latework_020,2,19,all_conditions_pooled,0,0,-249.75306542881856,0
overall_harmful,end_of_user_message,academic_latework_020,2,19,all_conditions_pooled,0,1,246.11471707641977,0
overall_harmful,end_of_user_message,academic_prereq_017,3,19,all_conditions_pooled,0,1,192.2023038308228,0
overall_harmful,end_of_user_message,academic_prereq_017,3,19,all_conditions_pooled,0,0,-264.0432717602353,0
overall_harmful,end_of_user_message,academic_prereq_017,3,19,all_conditions_pooled,0,1,303.0543554600057,0
overall_harmful,end_of_user_message,contract_rental_029,4,19,all_conditions_pooled,0,1,113.53131578989624,0
overall_harmful,end_of_user_message,contract_rental_029,4,19,all_conditions_pooled,0,0,-334.93793065267766,0
overall_harmful,end_of_user_message,contract_rental_029,4,19,all_conditions_pooled,0,1,265.0262357091291,0
overall_harmful,end_of_user_message,contract_service_030,5,19,all_conditions_pooled,0,1,16.400713375171676,0
overall_harmful,end_of_user_message,contract_service_030,5,19,all_conditions_pooled,0,0,-416.21758121475386,0
overall_harmful,end_of_user_message,contract_service_030,5,19,all_conditions_pooled,0,1,157.0659644097973,0
overall_harmful,end_of_user_message,contract_ticket_032,6,19,all_conditions_pooled,0,1,214.80276544808203,0
overall_harmful,end_of_user_message,contract_ticket_032,6,19,all_conditions_pooled,0,0,-296.18459660310236,0
overall_harmful,end_of_user_message,contract_ticket_032,6,19,all_conditions_pooled,0,1,352.23558109135183,0
overall_harmful,end_of_user_message,contract_warranty_031,7,19,all_conditions_pooled,0,1,258.4945814959319,0
overall_harmful,end_of_user_message,contract_warranty_031,7,19,all_conditions_pooled,0,0,-339.6101368240116,0
overall_harmful,end_of_user_message,contract_warranty_031,7,19,all_conditions_pooled,0,1,380.69969210461716,0
overall_harmful,end_of_user_message,finance_budget_007,8,19,all_conditions_pooled,0,1,98.55018258373111,0
overall_harmful,end_of_user_message,finance_budget_007,8,19,all_conditions_pooled,0,0,-317.63834991044035,0
overall_harmful,end_of_user_message,finance_budget_007,8,19,all_conditions_pooled,0,1,239.52761216638578,0
overall_harmful,end_of_user_message,finance_coupon_006,9,19,all_conditions_pooled,0,1,166.20120586133586,0
overall_harmful,end_of_user_message,finance_coupon_006,9,19,all_conditions_pooled,0,0,-318.30435119362085,0
overall_harmful,end_of_user_message,finance_coupon_006,9,19,all_conditions_pooled,0,1,301.9803481181108,0
overall_harmful,end_of_user_message,finance_membership_008,10,19,all_conditions_pooled,0,1,39.8749066217718,0
overall_harmful,end_of_user_message,finance_membership_008,10,19,all_conditions_pooled,0,0,-425.060678370436,0
overall_harmful,end_of_user_message,finance_membership_008,10,19,all_conditions_pooled,0,1,167.79374404533067,0
overall_harmful,end_of_user_message,finance_refund_005,11,19,all_conditions_pooled,0,1,169.4385268820232,0
overall_harmful,end_of_user_message,finance_refund_005,11,19,all_conditions_pooled,0,0,-301.66450910024855,0
overall_harmful,end_of_user_message,finance_refund_005,11,19,all_conditions_pooled,0,1,338.23335013612586,0
overall_harmful,end_of_user_message,logic_access_033,12,19,all_conditions_pooled,0,1,50.38478427560797,0
overall_harmful,end_of_user_message,logic_access_033,12,19,all_conditions_pooled,0,0,-402.5632717835266,0
overall_harmful,end_of_user_message,logic_access_033,12,19,all_conditions_pooled,0,1,229.6161210873626,0
overall_harmful,end_of_user_message,logic_eligibility_034,13,19,all_conditions_pooled,0,1,100.02334586537074,0
overall_harmful,end_of_user_message,logic_eligibility_034,13,19,all_conditions_pooled,0,0,-371.3413899482772,0
overall_harmful,end_of_user_message,logic_eligibility_034,13,19,all_conditions_pooled,0,1,248.36486928979502,0
overall_harmful,end_of_user_message,logic_shipping_035,14,19,all_conditions_pooled,0,0,-425.46238334000657,0
overall_harmful,end_of_user_message,logic_shipping_035,14,19,all_conditions_pooled,0,0,-243.58983483212631,0
overall_harmful,end_of_user_message,logic_shipping_035,14,19,all_conditions_pooled,0,0,-397.90442713155,1
overall_harmful,end_of_user_message,logic_tournament_036,15,19,all_conditions_pooled,0,1,12.5503444555737,0
overall_harmful,end_of_user_message,logic_tournament_036,15,19,all_conditions_pooled,0,0,-356.2521857331211,0
overall_harmful,end_of_user_message,logic_tournament_036,15,19,all_conditions_pooled,0,1,175.04039905811402,0
overall_harmful,end_of_user_message,policy_lab_access_002,16,19,all_conditions_pooled,0,1,250.44068482690392,0
overall_harmful,end_of_user_message,policy_lab_access_002,16,19,all_conditions_pooled,0,0,-307.76011898905176,0
overall_harmful,end_of_user_message,policy_lab_access_002,16,19,all_conditions_pooled,0,1,295.9313152667037,0
overall_harmful,end_of_user_message,policy_library_checkout_003,17,19,all_conditions_pooled,0,1,217.4896759615617,0
overall_harmful,end_of_user_message,policy_library_checkout_003,17,19,all_conditions_pooled,0,0,-242.86225982582872,0
overall_harmful,end_of_user_message,policy_library_checkout_003,17,19,all_conditions_pooled,0,1,331.88914266781234,0
overall_harmful,end_of_user_message,policy_lunch_pass_001,18,19,all_conditions_pooled,0,1,237.4049526552157,0
overall_harmful,end_of_user_message,policy_lunch_pass_001,18,19,all_conditions_pooled,0,0,-312.27771324579066,0
overall_harmful,end_of_user_message,policy_lunch_pass_001,18,19,all_conditions_pooled,0,1,308.55776711005933,0
overall_harmful,end_of_user_message,policy_rec_center_004,19,19,all_conditions_pooled,0,0,-518.9162685978232,1
overall_harmful,end_of_user_message,policy_rec_center_004,19,19,all_conditions_pooled,0,0,-95.94573085392888,0
overall_harmful,end_of_user_message,policy_rec_center_004,19,19,all_conditions_pooled,0,0,-224.62283622297002,0
overall_harmful,end_of_user_message,product_specs_025,20,19,all_conditions_pooled,0,1,31.804112577998083,0
overall_harmful,end_of_user_message,product_specs_025,20,19,all_conditions_pooled,0,0,-406.25894991274015,0
overall_harmful,end_of_user_message,product_specs_025,20,19,all_conditions_pooled,0,1,161.00701311996292,0
overall_harmful,end_of_user_message,product_specs_026,21,19,all_conditions_pooled,0,0,-96.41412274939742,0
overall_harmful,end_of_user_message,product_specs_026,21,19,all_conditions_pooled,0,0,-418.45562413668506,0
overall_harmful,end_of_user_message,product_specs_026,21,19,all_conditions_pooled,0,1,27.236257230617255,0
overall_harmful,end_of_user_message,product_specs_027,22,19,all_conditions_pooled,0,1,95.59588284722012,0
overall_harmful,end_of_user_message,product_specs_027,22,19,all_conditions_pooled,0,0,-405.0952136875021,0
overall_harmful,end_of_user_message,product_specs_027,22,19,all_conditions_pooled,0,1,202.61797208424582,0
overall_harmful,end_of_user_message,product_specs_028,23,19,all_conditions_pooled,0,1,28.03993714773187,0
overall_harmful,end_of_user_message,product_specs_028,23,19,all_conditions_pooled,0,0,-355.60863394258763,0
overall_harmful,end_of_user_message,product_specs_028,23,19,all_conditions_pooled,0,1,183.68638509894325,0
overall_harmful,end_of_user_message,schedule_clinic_011,24,19,all_conditions_pooled,0,1,267.96096095113444,0
overall_harmful,end_of_user_message,schedule_clinic_011,24,19,all_conditions_pooled,0,0,-338.7820339868718,0
overall_harmful,end_of_user_message,schedule_clinic_011,24,19,all_conditions_pooled,0,1,487.6059119733912,0
overall_harmful,end_of_user_message,schedule_exam_010,25,19,all_conditions_pooled,0,0,-70.75710888321952,0
overall_harmful,end_of_user_message,schedule_exam_010,25,19,all_conditions_pooled,0,0,-114.52764113865315,0
overall_harmful,end_of_user_message,schedule_exam_010,25,19,all_conditions_pooled,0,0,-2.508125303921787,1
overall_harmful,end_of_user_message,schedule_train_009,26,19,all_conditions_pooled,0,1,8.312165136118974,0
overall_harmful,end_of_user_message,schedule_train_009,26,19,all_conditions_pooled,0,0,-399.6475162897401,0
overall_harmful,end_of_user_message,schedule_train_009,26,19,all_conditions_pooled,0,1,229.88547288363512,0
overall_harmful,end_of_user_message,schedule_workshop_012,27,19,all_conditions_pooled,0,1,129.1796672610198,0
overall_harmful,end_of_user_message,schedule_workshop_012,27,19,all_conditions_pooled,0,0,-323.09358629690666,0
overall_harmful,end_of_user_message,schedule_workshop_012,27,19,all_conditions_pooled,0,1,295.62201640682525,0
overall_harmful,end_of_user_message,science_battery_016,28,19,all_conditions_pooled,0,0,-67.85494773877289,0
overall_harmful,end_of_user_message,science_battery_016,28,19,all_conditions_pooled,0,0,-472.0470081889682,0
overall_harmful,end_of_user_message,science_battery_016,28,19,all_conditions_pooled,0,1,78.94221017879366,0
overall_harmful,end_of_user_message,science_mineral_014,29,19,all_conditions_pooled,0,1,113.23378623799402,0
overall_harmful,end_of_user_message,science_mineral_014,29,19,all_conditions_pooled,0,0,-351.0084995729288,0
overall_harmful,end_of_user_message,science_mineral_014,29,19,all_conditions_pooled,0,1,222.67711595423347,0
overall_harmful,end_of_user_message,science_plant_013,30,19,all_conditions_pooled,0,0,-67.41392303859007,0
overall_harmful,end_of_user_message,science_plant_013,30,19,all_conditions_pooled,0,0,-468.51192000417643,0
overall_harmful,end_of_user_message,science_plant_013,30,19,all_conditions_pooled,0,1,45.10736827879245,0
overall_harmful,end_of_user_message,science_weather_015,31,19,all_conditions_pooled,0,0,-48.846603468649754,0
overall_harmful,end_of_user_message,science_weather_015,31,19,all_conditions_pooled,0,0,-398.21895338023114,0
overall_harmful,end_of_user_message,science_weather_015,31,19,all_conditions_pooled,0,1,126.80415011889093,0
overall_harmful,end_of_user_message,technical_api_022,32,19,all_conditions_pooled,0,0,-101.47141245069305,0
overall_harmful,end_of_user_message,technical_api_022,32,19,all_conditions_pooled,0,0,-416.69327542303404,0
overall_harmful,end_of_user_message,technical_api_022,32,19,all_conditions_pooled,0,1,120.1321063062993,0
overall_harmful,end_of_user_message,technical_backup_023,33,19,all_conditions_pooled,0,1,318.1819245663947,0
overall_harmful,end_of_user_message,technical_backup_023,33,19,all_conditions_pooled,0,0,-344.4652991087638,0
overall_harmful,end_of_user_message,technical_backup_023,33,19,all_conditions_pooled,0,1,435.6208739206462,0
overall_harmful,end_of_user_message,technical_config_021,34,19,all_conditions_pooled,0,0,-70.73690328984972,0
overall_harmful,end_of_user_message,technical_config_021,34,19,all_conditions_pooled,0,0,-470.48645055368524,0
overall_harmful,end_of_user_message,technical_config_021,34,19,all_conditions_pooled,0,1,121.6292257744002,0
overall_harmful,end_of_user_message,technical_feature_flag_024,35,19,all_conditions_pooled,0,1,43.88397425968712,0
overall_harmful,end_of_user_message,technical_feature_flag_024,35,19,all_conditions_pooled,0,0,-420.7820378637336,0
overall_harmful,end_of_user_message,technical_feature_flag_024,35,19,all_conditions_pooled,0,1,279.57584350436525,0
overall_harmful,end_of_user_message,academic_attendance_019,0,20,all_conditions_pooled,0,1,36.54297292871216,0
overall_harmful,end_of_user_message,academic_attendance_019,0,20,all_conditions_pooled,0,0,-1269.682294664424,1
overall_harmful,end_of_user_message,academic_attendance_019,0,20,all_conditions_pooled,0,1,267.05732970098757,0
overall_harmful,end_of_user_message,academic_grading_018,1,20,all_conditions_pooled,0,0,-19.088055802434596,0
overall_harmful,end_of_user_message,academic_grading_018,1,20,all_conditions_pooled,0,0,-254.28545961659188,0
overall_harmful,end_of_user_message,academic_grading_018,1,20,all_conditions_pooled,0,1,106.56005211670328,0
overall_harmful,end_of_user_message,academic_latework_020,2,20,all_conditions_pooled,0,1,63.15772728193046,0
overall_harmful,end_of_user_message,academic_latework_020,2,20,all_conditions_pooled,0,0,-147.50776181284905,0
overall_harmful,end_of_user_message,academic_latework_020,2,20,all_conditions_pooled,0,1,208.80824140938955,0
overall_harmful,end_of_user_message,academic_prereq_017,3,20,all_conditions_pooled,0,1,74.55838539090624,0
overall_harmful,end_of_user_message,academic_prereq_017,3,20,all_conditions_pooled,0,0,-256.2035867087908,0
overall_harmful,end_of_user_message,academic_prereq_017,3,20,all_conditions_pooled,0,1,179.49147214184165,0
overall_harmful,end_of_user_message,contract_rental_029,4,20,all_conditions_pooled,0,1,144.3302838955385,0
overall_harmful,end_of_user_message,contract_rental_029,4,20,all_conditions_pooled,0,0,-265.03688929858373,0
overall_harmful,end_of_user_message,contract_rental_029,4,20,all_conditions_pooled,0,1,303.39655693454665,0
overall_harmful,end_of_user_message,contract_service_030,5,20,all_conditions_pooled,0,0,-54.856965253622754,0
overall_harmful,end_of_user_message,contract_service_030,5,20,all_conditions_pooled,0,0,-333.25699549072806,0
overall_harmful,end_of_user_message,contract_service_030,5,20,all_conditions_pooled,0,1,84.8595442944612,0
overall_harmful,end_of_user_message,contract_ticket_032,6,20,all_conditions_pooled,0,1,109.79888716284145,0
overall_harmful,end_of_user_message,contract_ticket_032,6,20,all_conditions_pooled,0,0,-237.83635626986214,0
overall_harmful,end_of_user_message,contract_ticket_032,6,20,all_conditions_pooled,0,1,213.99227831979334,0
overall_harmful,end_of_user_message,contract_warranty_031,7,20,all_conditions_pooled,0,1,229.5085386967518,0
overall_harmful,end_of_user_message,contract_warranty_031,7,20,all_conditions_pooled,0,0,-290.6692551603002,0
overall_harmful,end_of_user_message,contract_warranty_031,7,20,all_conditions_pooled,0,1,428.55136403484477,0
overall_harmful,end_of_user_message,finance_budget_007,8,20,all_conditions_pooled,0,0,-9.768742672670962,0
overall_harmful,end_of_user_message,finance_budget_007,8,20,all_conditions_pooled,0,0,-248.55878287937873,0
overall_harmful,end_of_user_message,finance_budget_007,8,20,all_conditions_pooled,0,1,134.89835098637892,0
overall_harmful,end_of_user_message,finance_coupon_006,9,20,all_conditions_pooled,0,1,54.076452613760694,0
overall_harmful,end_of_user_message,finance_coupon_006,9,20,all_conditions_pooled,0,0,-273.98748963754315,0
overall_harmful,end_of_user_message,finance_coupon_006,9,20,all_conditions_pooled,0,1,202.96550483649693,0
overall_harmful,end_of_user_message,finance_membership_008,10,20,all_conditions_pooled,0,1,74.16184113386281,0
overall_harmful,end_of_user_message,finance_membership_008,10,20,all_conditions_pooled,0,0,-274.5714395676517,0
overall_harmful,end_of_user_message,finance_membership_008,10,20,all_conditions_pooled,0,1,169.42020596840626,0
overall_harmful,end_of_user_message,finance_refund_005,11,20,all_conditions_pooled,0,1,152.32276077825512,0
overall_harmful,end_of_user_message,finance_refund_005,11,20,all_conditions_pooled,0,0,-193.02524228234654,0
overall_harmful,end_of_user_message,finance_refund_005,11,20,all_conditions_pooled,0,1,307.5380963602066,0
overall_harmful,end_of_user_message,logic_access_033,12,20,all_conditions_pooled,0,1,107.87784313101173,0
overall_harmful,end_of_user_message,logic_access_033,12,20,all_conditions_pooled,0,0,-317.51642764470614,0
overall_harmful,end_of_user_message,logic_access_033,12,20,all_conditions_pooled,0,1,254.19060259592362,0
overall_harmful,end_of_user_message,logic_eligibility_034,13,20,all_conditions_pooled,0,1,30.596937782497548,0
overall_harmful,end_of_user_message,logic_eligibility_034,13,20,all_conditions_pooled,0,0,-340.77016879888254,0
overall_harmful,end_of_user_message,logic_eligibility_034,13,20,all_conditions_pooled,0,1,132.04458468094606,0
overall_harmful,end_of_user_message,logic_shipping_035,14,20,all_conditions_pooled,0,0,-615.5600841274505,0
overall_harmful,end_of_user_message,logic_shipping_035,14,20,all_conditions_pooled,0,0,-300.88225622987864,0
overall_harmful,end_of_user_message,logic_shipping_035,14,20,all_conditions_pooled,0,0,-670.8675144629852,1
overall_harmful,end_of_user_message,logic_tournament_036,15,20,all_conditions_pooled,0,1,99.5664695640168,0
overall_harmful,end_of_user_message,logic_tournament_036,15,20,all_conditions_pooled,0,0,-172.87643364922837,0
overall_harmful,end_of_user_message,logic_tournament_036,15,20,all_conditions_pooled,0,1,255.8288100369369,0
overall_harmful,end_of_user_message,policy_lab_access_002,16,20,all_conditions_pooled,0,1,163.28085370194768,0
overall_harmful,end_of_user_message,policy_lab_access_002,16,20,all_conditions_pooled,0,0,-312.28318973288106,0
overall_harmful,end_of_user_message,policy_lab_access_002,16,20,all_conditions_pooled,0,1,209.9414632857372,0
overall_harmful,end_of_user_message,policy_library_checkout_003,17,20,all_conditions_pooled,0,1,133.8933127308033,0
overall_harmful,end_of_user_message,policy_library_checkout_003,17,20,all_conditions_pooled,0,0,-188.19044657747315,0
overall_harmful,end_of_user_message,policy_library_checkout_003,17,20,all_conditions_pooled,0,1,215.85705634254273,0
overall_harmful,end_of_user_message,policy_lunch_pass_001,18,20,all_conditions_pooled,0,1,280.10734242404607,0
overall_harmful,end_of_user_message,policy_lunch_pass_001,18,20,all_conditions_pooled,0,0,-303.46699812966517,0
overall_harmful,end_of_user_message,policy_lunch_pass_001,18,20,all_conditions_pooled,0,1,356.95882990770724,0
overall_harmful,end_of_user_message,policy_rec_center_004,19,20,all_conditions_pooled,0,0,-434.6853058639482,1
overall_harmful,end_of_user_message,policy_rec_center_004,19,20,all_conditions_pooled,0,0,-152.33578440518772,0
overall_harmful,end_of_user_message,policy_rec_center_004,19,20,all_conditions_pooled,0,0,-140.0889602079325,0
overall_harmful,end_of_user_message,product_specs_025,20,20,all_conditions_pooled,0,0,-11.884048916655447,0
overall_harmful,end_of_user_message,product_specs_025,20,20,all_conditions_pooled,0,0,-357.8979824422844,0
overall_harmful,end_of_user_message,product_specs_025,20,20,all_conditions_pooled,0,1,96.63807282545673,0
overall_harmful,end_of_user_message,product_specs_026,21,20,all_conditions_pooled,0,0,-91.45245820062297,0
overall_harmful,end_of_user_message,product_specs_026,21,20,all_conditions_pooled,0,0,-308.53561530712483,0
overall_harmful,end_of_user_message,product_specs_026,21,20,all_conditions_pooled,0,1,22.17755106331699,0
overall_harmful,end_of_user_message,product_specs_027,22,20,all_conditions_pooled,0,1,25.11192788824623,0
overall_harmful,end_of_user_message,product_specs_027,22,20,all_conditions_pooled,0,0,-381.9585926614443,0
overall_harmful,end_of_user_message,product_specs_027,22,20,all_conditions_pooled,0,1,123.60256072620564,0
overall_harmful,end_of_user_message,product_specs_028,23,20,all_conditions_pooled,0,1,3.5840868111911597,0
overall_harmful,end_of_user_message,product_specs_028,23,20,all_conditions_pooled,0,0,-307.048170337741,0
overall_harmful,end_of_user_message,product_specs_028,23,20,all_conditions_pooled,0,1,99.75186390569351,0
overall_harmful,end_of_user_message,schedule_clinic_011,24,20,all_conditions_pooled,0,1,194.10659963957335,0
overall_harmful,end_of_user_message,schedule_clinic_011,24,20,all_conditions_pooled,0,0,-274.9433013519001,0
overall_harmful,end_of_user_message,schedule_clinic_011,24,20,all_conditions_pooled,0,1,450.64482181876355,0
overall_harmful,end_of_user_message,schedule_exam_010,25,20,all_conditions_pooled,0,0,-357.50450651199367,0
overall_harmful,end_of_user_message,schedule_exam_010,25,20,all_conditions_pooled,0,1,36.998984072956105,0
overall_harmful,end_of_user_message,schedule_exam_010,25,20,all_conditions_pooled,0,0,-664.8616402066134,1
overall_harmful,end_of_user_message,schedule_train_009,26,20,all_conditions_pooled,0,0,-39.37758438114548,0
overall_harmful,end_of_user_message,schedule_train_009,26,20,all_conditions_pooled,0,0,-307.8091705950737,0
overall_harmful,end_of_user_message,schedule_train_009,26,20,all_conditions_pooled,0,1,133.74648171950935,0
overall_harmful,end_of_user_message,schedule_workshop_012,27,20,all_conditions_pooled,0,1,123.15654764041162,0
overall_harmful,end_of_user_message,schedule_workshop_012,27,20,all_conditions_pooled,0,0,-288.78761038459066,0
overall_harmful,end_of_user_message,schedule_workshop_012,27,20,all_conditions_pooled,0,1,271.6958851686184,0
overall_harmful,end_of_user_message,science_battery_016,28,20,all_conditions_pooled,0,0,-117.27638140641015,0
overall_harmful,end_of_user_message,science_battery_016,28,20,all_conditions_pooled,0,0,-374.3941746981743,0
overall_harmful,end_of_user_message,science_battery_016,28,20,all_conditions_pooled,0,1,10.866981730334388,0
overall_harmful,end_of_user_message,science_mineral_014,29,20,all_conditions_pooled,0,1,295.2428008570999,0
overall_harmful,end_of_user_message,science_mineral_014,29,20,all_conditions_pooled,0,0,-355.26903579444644,0
overall_harmful,end_of_user_message,science_mineral_014,29,20,all_conditions_pooled,0,1,409.61661494903956,0
overall_harmful,end_of_user_message,science_plant_013,30,20,all_conditions_pooled,0,0,-71.04648156013772,0
overall_harmful,end_of_user_message,science_plant_013,30,20,all_conditions_pooled,0,0,-391.13357507192086,0
overall_harmful,end_of_user_message,science_plant_013,30,20,all_conditions_pooled,0,1,23.564511924020444,0
overall_harmful,end_of_user_message,science_weather_015,31,20,all_conditions_pooled,0,0,-23.85277831701805,0
overall_harmful,end_of_user_message,science_weather_015,31,20,all_conditions_pooled,0,0,-223.43741883086147,0
overall_harmful,end_of_user_message,science_weather_015,31,20,all_conditions_pooled,0,1,202.43479252487435,0
overall_harmful,end_of_user_message,technical_api_022,32,20,all_conditions_pooled,0,0,-134.686371244605,0
overall_harmful,end_of_user_message,technical_api_022,32,20,all_conditions_pooled,0,0,-304.0617140674871,0
overall_harmful,end_of_user_message,technical_api_022,32,20,all_conditions_pooled,0,1,36.97177693736364,0
overall_harmful,end_of_user_message,technical_backup_023,33,20,all_conditions_pooled,0,1,245.92585383483726,0
overall_harmful,end_of_user_message,technical_backup_023,33,20,all_conditions_pooled,0,0,-325.2092808135029,0
overall_harmful,end_of_user_message,technical_backup_023,33,20,all_conditions_pooled,0,1,372.2141863830948,0
overall_harmful,end_of_user_message,technical_config_021,34,20,all_conditions_pooled,0,0,-73.33683265441479,0
overall_harmful,end_of_user_message,technical_config_021,34,20,all_conditions_pooled,0,0,-302.0610747222528,0
overall_harmful,end_of_user_message,technical_config_021,34,20,all_conditions_pooled,0,1,97.76811763088105,0
overall_harmful,end_of_user_message,technical_feature_flag_024,35,20,all_conditions_pooled,0,0,-11.083611689454942,0
overall_harmful,end_of_user_message,technical_feature_flag_024,35,20,all_conditions_pooled,0,0,-347.546188594967,0
overall_harmful,end_of_user_message,technical_feature_flag_024,35,20,all_conditions_pooled,0,1,253.63312124787853,0
overall_harmful,end_of_user_message,academic_attendance_019,0,21,all_conditions_pooled,0,1,103.49605203808186,0
overall_harmful,end_of_user_message,academic_attendance_019,0,21,all_conditions_pooled,0,0,-1095.1246450251017,1
overall_harmful,end_of_user_message,academic_attendance_019,0,21,all_conditions_pooled,0,1,382.0941372349058,0
overall_harmful,end_of_user_message,academic_grading_018,1,21,all_conditions_pooled,0,0,-18.199380129314044,0
overall_harmful,end_of_user_message,academic_grading_018,1,21,all_conditions_pooled,0,0,-135.4675210343694,0
overall_harmful,end_of_user_message,academic_grading_018,1,21,all_conditions_pooled,0,1,100.71183363809733,0
overall_harmful,end_of_user_message,academic_latework_020,2,21,all_conditions_pooled,0,1,2.225890518013667,0
overall_harmful,end_of_user_message,academic_latework_020,2,21,all_conditions_pooled,0,0,-47.99913090403267,0
overall_harmful,end_of_user_message,academic_latework_020,2,21,all_conditions_pooled,0,1,136.65143528011504,0
overall_harmful,end_of_user_message,academic_prereq_017,3,21,all_conditions_pooled,0,1,65.75966404202842,0
overall_harmful,end_of_user_message,academic_prereq_017,3,21,all_conditions_pooled,0,0,-233.31967909104998,0
overall_harmful,end_of_user_message,academic_prereq_017,3,21,all_conditions_pooled,0,1,138.59877060259726,0
overall_harmful,end_of_user_message,contract_rental_029,4,21,all_conditions_pooled,0,1,162.0993451342842,0
overall_harmful,end_of_user_message,contract_rental_029,4,21,all_conditions_pooled,0,0,-253.26543355919364,0
overall_harmful,end_of_user_message,contract_rental_029,4,21,all_conditions_pooled,0,1,314.12194512658755,0
overall_harmful,end_of_user_message,contract_service_030,5,21,all_conditions_pooled,0,0,-143.82991874401037,0
overall_harmful,end_of_user_message,contract_service_030,5,21,all_conditions_pooled,0,0,-310.5148817987982,0
overall_harmful,end_of_user_message,contract_service_030,5,21,all_conditions_pooled,0,1,2.846463741291803,0
overall_harmful,end_of_user_message,contract_ticket_032,6,21,all_conditions_pooled,0,1,32.126716064263896,0
overall_harmful,end_of_user_message,contract_ticket_032,6,21,all_conditions_pooled,0,0,-127.73557803367656,0
overall_harmful,end_of_user_message,contract_ticket_032,6,21,all_conditions_pooled,0,1,114.84442545442886,0
overall_harmful,end_of_user_message,contract_warranty_031,7,21,all_conditions_pooled,0,1,215.3674871067643,0
overall_harmful,end_of_user_message,contract_warranty_031,7,21,all_conditions_pooled,0,0,-297.3208927974556,0
overall_harmful,end_of_user_message,contract_warranty_031,7,21,all_conditions_pooled,0,1,415.99335352513083,0
overall_harmful,end_of_user_message,finance_budget_007,8,21,all_conditions_pooled,0,0,-73.50720095559097,0
overall_harmful,end_of_user_message,finance_budget_007,8,21,all_conditions_pooled,0,0,-200.67589594867218,0
overall_harmful,end_of_user_message,finance_budget_007,8,21,all_conditions_pooled,0,1,51.07233361635153,0
overall_harmful,end_of_user_message,finance_coupon_006,9,21,all_conditions_pooled,0,0,-15.486014682472307,0
overall_harmful,end_of_user_message,finance_coupon_006,9,21,all_conditions_pooled,0,0,-223.7077479870751,0
overall_harmful,end_of_user_message,finance_coupon_006,9,21,all_conditions_pooled,0,1,134.02236072749594,0
overall_harmful,end_of_user_message,finance_membership_008,10,21,all_conditions_pooled,0,1,34.05969763955983,0
overall_harmful,end_of_user_message,finance_membership_008,10,21,all_conditions_pooled,0,0,-200.7895262851173,0
overall_harmful,end_of_user_message,finance_membership_008,10,21,all_conditions_pooled,0,1,117.65823197643192,0
overall_harmful,end_of_user_message,finance_refund_005,11,21,all_conditions_pooled,0,1,118.3494562776005,0
overall_harmful,end_of_user_message,finance_refund_005,11,21,all_conditions_pooled,0,0,-123.30119342641915,0
overall_harmful,end_of_user_message,finance_refund_005,11,21,all_conditions_pooled,0,1,270.0221133615835,0
overall_harmful,end_of_user_message,logic_access_033,12,21,all_conditions_pooled,0,1,57.336790552502805,0
overall_harmful,end_of_user_message,logic_access_033,12,21,all_conditions_pooled,0,0,-271.95190425471424,0
overall_harmful,end_of_user_message,logic_access_033,12,21,all_conditions_pooled,0,1,206.55522136018035,0
overall_harmful,end_of_user_message,logic_eligibility_034,13,21,all_conditions_pooled,0,1,22.258695803972003,0
overall_harmful,end_of_user_message,logic_eligibility_034,13,21,all_conditions_pooled,0,0,-298.63948298971786,0
overall_harmful,end_of_user_message,logic_eligibility_034,13,21,all_conditions_pooled,0,1,117.2853114184116,0
overall_harmful,end_of_user_message,logic_shipping_035,14,21,all_conditions_pooled,0,0,-593.746271288908,0
overall_harmful,end_of_user_message,logic_shipping_035,14,21,all_conditions_pooled,0,0,-164.70573687958762,0
overall_harmful,end_of_user_message,logic_shipping_035,14,21,all_conditions_pooled,0,0,-561.9691222678365,1
overall_harmful,end_of_user_message,logic_tournament_036,15,21,all_conditions_pooled,0,1,201.6379617326329,0
overall_harmful,end_of_user_message,logic_tournament_036,15,21,all_conditions_pooled,0,0,-8.916374803054238,0
overall_harmful,end_of_user_message,logic_tournament_036,15,21,all_conditions_pooled,0,1,367.13465982714,0
overall_harmful,end_of_user_message,policy_lab_access_002,16,21,all_conditions_pooled,0,1,114.14529853260848,0
overall_harmful,end_of_user_message,policy_lab_access_002,16,21,all_conditions_pooled,0,0,-302.8774698121756,0
overall_harmful,end_of_user_message,policy_lab_access_002,16,21,all_conditions_pooled,0,1,143.6791695293728,0
overall_harmful,end_of_user_message,policy_library_checkout_003,17,21,all_conditions_pooled,0,1,76.9601666976677,0
overall_harmful,end_of_user_message,policy_library_checkout_003,17,21,all_conditions_pooled,0,0,-120.62474903936487,0
overall_harmful,end_of_user_message,policy_library_checkout_003,17,21,all_conditions_pooled,0,1,143.1536235756642,0
overall_harmful,end_of_user_message,policy_lunch_pass_001,18,21,all_conditions_pooled,0,1,255.80611107730675,0
overall_harmful,end_of_user_message,policy_lunch_pass_001,18,21,all_conditions_pooled,0,0,-305.8856322911596,0
overall_harmful,end_of_user_message,policy_lunch_pass_001,18,21,all_conditions_pooled,0,1,336.35858666507227,0
overall_harmful,end_of_user_message,policy_rec_center_004,19,21,all_conditions_pooled,0,0,-365.3673287088279,1
overall_harmful,end_of_user_message,policy_rec_center_004,19,21,all_conditions_pooled,0,0,-250.6359755218757,0
overall_harmful,end_of_user_message,policy_rec_center_004,19,21,all_conditions_pooled,0,0,-113.43577001983587,0
overall_harmful,end_of_user_message,product_specs_025,20,21,all_conditions_pooled,0,0,-61.96509825198699,0
overall_harmful,end_of_user_message,product_specs_025,20,21,all_conditions_pooled,0,0,-336.028353107817,0
overall_harmful,end_of_user_message,product_specs_025,20,21,all_conditions_pooled,0,1,41.960849921145616,0
overall_harmful,end_of_user_message,product_specs_026,21,21,all_conditions_pooled,0,0,-112.97387015608808,0
overall_harmful,end_of_user_message,product_specs_026,21,21,all_conditions_pooled,0,0,-237.73297581018622,0
overall_harmful,end_of_user_message,product_specs_026,21,21,all_conditions_pooled,0,1,5.460587188728404,0
overall_harmful,end_of_user_message,product_specs_027,22,21,all_conditions_pooled,0,0,-17.288819506383028,0
overall_harmful,end_of_user_message,product_specs_027,22,21,all_conditions_pooled,0,0,-372.9681408507404,0
overall_harmful,end_of_user_message,product_specs_027,22,21,all_conditions_pooled,0,1,73.38625729337346,0
overall_harmful,end_of_user_message,product_specs_028,23,21,all_conditions_pooled,0,0,-13.683265996424604,0
overall_harmful,end_of_user_message,product_specs_028,23,21,all_conditions_pooled,0,0,-286.47886684897276,0
overall_harmful,end_of_user_message,product_specs_028,23,21,all_conditions_pooled,0,1,49.81915174074709,0
overall_harmful,end_of_user_message,schedule_clinic_011,24,21,all_conditions_pooled,0,1,200.17310119115473,0
overall_harmful,end_of_user_message,schedule_clinic_011,24,21,all_conditions_pooled,0,0,-252.06266885140704,0
overall_harmful,end_of_user_message,schedule_clinic_011,24,21,all_conditions_pooled,0,1,453.087598246257,0
overall_harmful,end_of_user_message,schedule_exam_010,25,21,all_conditions_pooled,0,0,-287.3965145090418,0
overall_harmful,end_of_user_message,schedule_exam_010,25,21,all_conditions_pooled,0,1,29.278622100550116,0
overall_harmful,end_of_user_message,schedule_exam_010,25,21,all_conditions_pooled,0,0,-512.3863890032704,1
overall_harmful,end_of_user_message,schedule_train_009,26,21,all_conditions_pooled,0,0,-156.73585896497187,0
overall_harmful,end_of_user_message,schedule_train_009,26,21,all_conditions_pooled,0,0,-261.39039827047355,0
overall_harmful,end_of_user_message,schedule_train_009,26,21,all_conditions_pooled,0,0,-7.189134754429773,0
overall_harmful,end_of_user_message,schedule_workshop_012,27,21,all_conditions_pooled,0,1,141.70254974604666,0
overall_harmful,end_of_user_message,schedule_workshop_012,27,21,all_conditions_pooled,0,0,-275.50514431502614,0
overall_harmful,end_of_user_message,schedule_workshop_012,27,21,all_conditions_pooled,0,1,296.46835291385764,0
overall_harmful,end_of_user_message,science_battery_016,28,21,all_conditions_pooled,0,0,-127.97888735251578,0
overall_harmful,end_of_user_message,science_battery_016,28,21,all_conditions_pooled,0,0,-320.4234054115916,0
overall_harmful,end_of_user_message,science_battery_016,28,21,all_conditions_pooled,0,0,-31.143282872639254,0
overall_harmful,end_of_user_message,science_mineral_014,29,21,all_conditions_pooled,0,1,335.8773920720131,0
overall_harmful,end_of_user_message,science_mineral_014,29,21,all_conditions_pooled,0,0,-339.84509462378264,0
overall_harmful,end_of_user_message,science_mineral_014,29,21,all_conditions_pooled,0,1,464.4000262967742,0
overall_harmful,end_of_user_message,science_plant_013,30,21,all_conditions_pooled,0,0,-73.74797671011068,0
overall_harmful,end_of_user_message,science_plant_013,30,21,all_conditions_pooled,0,0,-372.6498083702703,0
overall_harmful,end_of_user_message,science_plant_013,30,21,all_conditions_pooled,0,0,-2.8937091411418976,0
overall_harmful,end_of_user_message,science_weather_015,31,21,all_conditions_pooled,0,0,-42.95768897940712,0
overall_harmful,end_of_user_message,science_weather_015,31,21,all_conditions_pooled,0,0,-95.71480906104574,0
overall_harmful,end_of_user_message,science_weather_015,31,21,all_conditions_pooled,0,1,254.67246882719587,0
overall_harmful,end_of_user_message,technical_api_022,32,21,all_conditions_pooled,0,0,-181.56480257808062,0
overall_harmful,end_of_user_message,technical_api_022,32,21,all_conditions_pooled,0,0,-197.529265079366,0
overall_harmful,end_of_user_message,technical_api_022,32,21,all_conditions_pooled,0,0,-27.55685902158856,0
overall_harmful,end_of_user_message,technical_backup_023,33,21,all_conditions_pooled,0,1,239.39856422520438,0
overall_harmful,end_of_user_message,technical_backup_023,33,21,all_conditions_pooled,0,0,-313.50946895790514,0
overall_harmful,end_of_user_message,technical_backup_023,33,21,all_conditions_pooled,0,1,354.96251047509605,0
overall_harmful,end_of_user_message,technical_config_021,34,21,all_conditions_pooled,0,0,-116.76940002220375,0
overall_harmful,end_of_user_message,technical_config_021,34,21,all_conditions_pooled,0,0,-212.75170498599732,0
overall_harmful,end_of_user_message,technical_config_021,34,21,all_conditions_pooled,0,1,65.54910045690971,0
overall_harmful,end_of_user_message,technical_feature_flag_024,35,21,all_conditions_pooled,0,0,-64.85794627844231,0
overall_harmful,end_of_user_message,technical_feature_flag_024,35,21,all_conditions_pooled,0,0,-296.9200547573537,0
overall_harmful,end_of_user_message,technical_feature_flag_024,35,21,all_conditions_pooled,0,1,213.7552451338896,0
overall_harmful,end_of_user_message,academic_attendance_019,0,22,all_conditions_pooled,0,1,352.9515125631383,0
overall_harmful,end_of_user_message,academic_attendance_019,0,22,all_conditions_pooled,0,0,-1004.395851078135,1
overall_harmful,end_of_user_message,academic_attendance_019,0,22,all_conditions_pooled,0,1,737.8358084085479,0
overall_harmful,end_of_user_message,academic_grading_018,1,22,all_conditions_pooled,0,1,11.9762348804583,0
overall_harmful,end_of_user_message,academic_grading_018,1,22,all_conditions_pooled,0,0,-132.0647223030092,0
overall_harmful,end_of_user_message,academic_grading_018,1,22,all_conditions_pooled,0,1,155.42678753347835,0
overall_harmful,end_of_user_message,academic_latework_020,2,22,all_conditions_pooled,0,1,95.57560668569268,0
overall_harmful,end_of_user_message,academic_latework_020,2,22,all_conditions_pooled,0,0,-41.141548823058535,0
overall_harmful,end_of_user_message,academic_latework_020,2,22,all_conditions_pooled,0,1,270.86909049143344,0
overall_harmful,end_of_user_message,academic_prereq_017,3,22,all_conditions_pooled,0,1,92.14388595917957,0
overall_harmful,end_of_user_message,academic_prereq_017,3,22,all_conditions_pooled,0,0,-252.06813140243136,0
overall_harmful,end_of_user_message,academic_prereq_017,3,22,all_conditions_pooled,0,1,211.39875866341566,0
overall_harmful,end_of_user_message,contract_rental_029,4,22,all_conditions_pooled,0,1,105.59136855727775,0
overall_harmful,end_of_user_message,contract_rental_029,4,22,all_conditions_pooled,0,0,-271.05118454281495,0
overall_harmful,end_of_user_message,contract_rental_029,4,22,all_conditions_pooled,0,1,273.5626096962071,0
overall_harmful,end_of_user_message,contract_service_030,5,22,all_conditions_pooled,0,0,-151.37142374011836,0
overall_harmful,end_of_user_message,contract_service_030,5,22,all_conditions_pooled,0,0,-350.7141555082859,0
overall_harmful,end_of_user_message,contract_service_030,5,22,all_conditions_pooled,0,0,-17.007337918505844,0
overall_harmful,end_of_user_message,contract_ticket_032,6,22,all_conditions_pooled,0,1,102.59348640187929,0
overall_harmful,end_of_user_message,contract_ticket_032,6,22,all_conditions_pooled,0,0,-102.57594259996746,0
overall_harmful,end_of_user_message,contract_ticket_032,6,22,all_conditions_pooled,0,1,238.49963669020622,0
overall_harmful,end_of_user_message,contract_warranty_031,7,22,all_conditions_pooled,0,1,199.35123565070035,0
overall_harmful,end_of_user_message,contract_warranty_031,7,22,all_conditions_pooled,0,0,-277.8011960501429,0
overall_harmful,end_of_user_message,contract_warranty_031,7,22,all_conditions_pooled,0,1,368.41910449416844,0
overall_harmful,end_of_user_message,finance_budget_007,8,22,all_conditions_pooled,0,0,-7.958172963636093,0
overall_harmful,end_of_user_message,finance_budget_007,8,22,all_conditions_pooled,0,0,-182.56342207721968,0
overall_harmful,end_of_user_message,finance_budget_007,8,22,all_conditions_pooled,0,1,113.80410560845851,0
overall_harmful,end_of_user_message,finance_coupon_006,9,22,all_conditions_pooled,0,0,-1.6894617728842078,0
overall_harmful,end_of_user_message,finance_coupon_006,9,22,all_conditions_pooled,0,0,-214.31393777229567,0
overall_harmful,end_of_user_message,finance_coupon_006,9,22,all_conditions_pooled,0,1,149.13231901023667,0
overall_harmful,end_of_user_message,finance_membership_008,10,22,all_conditions_pooled,0,1,0.09541234843461055,0
overall_harmful,end_of_user_message,finance_membership_008,10,22,all_conditions_pooled,0,0,-202.89542847072124,0
overall_harmful,end_of_user_message,finance_membership_008,10,22,all_conditions_pooled,0,1,148.48806112365082,0
overall_harmful,end_of_user_message,finance_refund_005,11,22,all_conditions_pooled,0,1,135.84064360119038,0
overall_harmful,end_of_user_message,finance_refund_005,11,22,all_conditions_pooled,0,0,-98.89346808550528,0
overall_harmful,end_of_user_message,finance_refund_005,11,22,all_conditions_pooled,0,1,307.66769968428673,0
overall_harmful,end_of_user_message,logic_access_033,12,22,all_conditions_pooled,0,0,-66.72108470141218,0
overall_harmful,end_of_user_message,logic_access_033,12,22,all_conditions_pooled,0,0,-313.46070169194763,0
overall_harmful,end_of_user_message,logic_access_033,12,22,all_conditions_pooled,0,1,98.80929392983694,0
overall_harmful,end_of_user_message,logic_eligibility_034,13,22,all_conditions_pooled,0,0,-19.864926118170793,0
overall_harmful,end_of_user_message,logic_eligibility_034,13,22,all_conditions_pooled,0,0,-297.8208467732808,0
overall_harmful,end_of_user_message,logic_eligibility_034,13,22,all_conditions_pooled,0,1,116.18182012051415,0
overall_harmful,end_of_user_message,logic_shipping_035,14,22,all_conditions_pooled,0,0,-525.0533152192384,0
overall_harmful,end_of_user_message,logic_shipping_035,14,22,all_conditions_pooled,0,0,-96.2727406763648,0
overall_harmful,end_of_user_message,logic_shipping_035,14,22,all_conditions_pooled,0,0,-590.7451418154369,1
overall_harmful,end_of_user_message,logic_tournament_036,15,22,all_conditions_pooled,0,1,275.7839363583957,0
overall_harmful,end_of_user_message,logic_tournament_036,15,22,all_conditions_pooled,0,0,-44.51604605749711,0
overall_harmful,end_of_user_message,logic_tournament_036,15,22,all_conditions_pooled,0,1,424.82614584344094,0
overall_harmful,end_of_user_message,policy_lab_access_002,16,22,all_conditions_pooled,0,1,101.64293361014674,0
overall_harmful,end_of_user_message,policy_lab_access_002,16,22,all_conditions_pooled,0,0,-255.29087803936648,0
overall_harmful,end_of_user_message,policy_lab_access_002,16,22,all_conditions_pooled,0,1,185.07399657420228,0
overall_harmful,end_of_user_message,policy_library_checkout_003,17,22,all_conditions_pooled,0,1,123.14294410208385,0
overall_harmful,end_of_user_message,policy_library_checkout_003,17,22,all_conditions_pooled,0,0,-77.74827609955055,0
overall_harmful,end_of_user_message,policy_library_checkout_003,17,22,all_conditions_pooled,0,1,227.71283903342777,0
overall_harmful,end_of_user_message,policy_lunch_pass_001,18,22,all_conditions_pooled,0,1,182.8743225929889,0
overall_harmful,end_of_user_message,policy_lunch_pass_001,18,22,all_conditions_pooled,0,0,-244.29895958968567,0
overall_harmful,end_of_user_message,policy_lunch_pass_001,18,22,all_conditions_pooled,0,1,317.2913903531876,0
overall_harmful,end_of_user_message,policy_rec_center_004,19,22,all_conditions_pooled,0,0,-343.776046852641,1
overall_harmful,end_of_user_message,policy_rec_center_004,19,22,all_conditions_pooled,0,0,-254.21991634523766,0
overall_harmful,end_of_user_message,policy_rec_center_004,19,22,all_conditions_pooled,0,0,-77.08841572299539,0
overall_harmful,end_of_user_message,product_specs_025,20,22,all_conditions_pooled,0,0,-133.8030296341929,0
overall_harmful,end_of_user_message,product_specs_025,20,22,all_conditions_pooled,0,0,-352.779504145274,0
overall_harmful,end_of_user_message,product_specs_025,20,22,all_conditions_pooled,0,1,4.082025266742058,0
overall_harmful,end_of_user_message,product_specs_026,21,22,all_conditions_pooled,0,0,-120.67205991252979,0
overall_harmful,end_of_user_message,product_specs_026,21,22,all_conditions_pooled,0,0,-242.68047510555823,0
overall_harmful,end_of_user_message,product_specs_026,21,22,all_conditions_pooled,0,1,20.958603408102512,0
overall_harmful,end_of_user_message,product_specs_027,22,22,all_conditions_pooled,0,0,-112.6497925693722,0
overall_harmful,end_of_user_message,product_specs_027,22,22,all_conditions_pooled,0,0,-403.6994838723192,0
overall_harmful,end_of_user_message,product_specs_027,22,22,all_conditions_pooled,0,1,17.544138817959634,0
overall_harmful,end_of_user_message,product_specs_028,23,22,all_conditions_pooled,0,0,-54.31409730575889,0
overall_harmful,end_of_user_message,product_specs_028,23,22,all_conditions_pooled,0,0,-312.39825520224304,0
overall_harmful,end_of_user_message,product_specs_028,23,22,all_conditions_pooled,0,1,71.37256284994258,0
overall_harmful,end_of_user_message,schedule_clinic_011,24,22,all_conditions_pooled,0,1,154.9994662139544,0
overall_harmful,end_of_user_message,schedule_clinic_011,24,22,all_conditions_pooled,0,0,-235.53484575205542,0
overall_harmful,end_of_user_message,schedule_clinic_011,24,22,all_conditions_pooled,0,1,383.9660394050975,0
overall_harmful,end_of_user_message,schedule_exam_010,25,22,all_conditions_pooled,0,0,-318.22658471430384,0
overall_harmful,end_of_user_message,schedule_exam_010,25,22,all_conditions_pooled,0,0,-57.68130277231067,0
overall_harmful,end_of_user_message,schedule_exam_010,25,22,all_conditions_pooled,0,0,-381.9268092479282,1
overall_harmful,end_of_user_message,schedule_train_009,26,22,all_conditions_pooled,0,0,-157.858038616616,0
overall_harmful,end_of_user_message,schedule_train_009,26,22,all_conditions_pooled,0,0,-313.12854328174313,0
overall_harmful,end_of_user_message,schedule_train_009,26,22,all_conditions_pooled,0,1,11.899199323711745,0
overall_harmful,end_of_user_message,schedule_workshop_012,27,22,all_conditions_pooled,0,1,109.1781242944704,0
overall_harmful,end_of_user_message,schedule_workshop_012,27,22,all_conditions_pooled,0,0,-256.7262181812529,0
overall_harmful,end_of_user_message,schedule_workshop_012,27,22,all_conditions_pooled,0,1,281.9800467627025,0
overall_harmful,end_of_user_message,science_battery_016,28,22,all_conditions_pooled,0,0,-180.48495235558437,0
overall_harmful,end_of_user_message,science_battery_016,28,22,all_conditions_pooled,0,0,-335.5475140154881,0
overall_harmful,end_of_user_message,science_battery_016,28,22,all_conditions_pooled,0,0,-38.73938020898112,0
overall_harmful,end_of_user_message,science_mineral_014,29,22,all_conditions_pooled,0,1,157.03832417382347,0
overall_harmful,end_of_user_message,science_mineral_014,29,22,all_conditions_pooled,0,0,-346.4417487654098,0
overall_harmful,end_of_user_message,science_mineral_014,29,22,all_conditions_pooled,0,1,331.62163333908455,0
overall_harmful,end_of_user_message,science_plant_013,30,22,all_conditions_pooled,0,0,-140.03291109065367,0
overall_harmful,end_of_user_message,science_plant_013,30,22,all_conditions_pooled,0,0,-368.50861599813595,0
overall_harmful,end_of_user_message,science_plant_013,30,22,all_conditions_pooled,0,0,-2.3453858180243436,0
overall_harmful,end_of_user_message,science_weather_015,31,22,all_conditions_pooled,0,1,85.8866545911665,0
overall_harmful,end_of_user_message,science_weather_015,31,22,all_conditions_pooled,0,0,-134.56042334554832,0
overall_harmful,end_of_user_message,science_weather_015,31,22,all_conditions_pooled,0,1,520.0234140546686,0
overall_harmful,end_of_user_message,technical_api_022,32,22,all_conditions_pooled,0,0,-91.78069072024506,0
overall_harmful,end_of_user_message,technical_api_022,32,22,all_conditions_pooled,0,0,-227.10949077419872,0
overall_harmful,end_of_user_message,technical_api_022,32,22,all_conditions_pooled,0,1,58.470562827313515,0
overall_harmful,end_of_user_message,technical_backup_023,33,22,all_conditions_pooled,0,1,154.81041624341663,0
overall_harmful,end_of_user_message,technical_backup_023,33,22,all_conditions_pooled,0,0,-297.0530424549398,0
overall_harmful,end_of_user_message,technical_backup_023,33,22,all_conditions_pooled,0,1,299.28913616819733,0
overall_harmful,end_of_user_message,technical_config_021,34,22,all_conditions_pooled,0,0,-100.6332989962936,0
overall_harmful,end_of_user_message,technical_config_021,34,22,all_conditions_pooled,0,0,-209.9564192443368,0
overall_harmful,end_of_user_message,technical_config_021,34,22,all_conditions_pooled,0,1,83.859479531538,0
overall_harmful,end_of_user_message,technical_feature_flag_024,35,22,all_conditions_pooled,0,0,-101.72948745122969,0
overall_harmful,end_of_user_message,technical_feature_flag_024,35,22,all_conditions_pooled,0,0,-337.18813846153535,0
overall_harmful,end_of_user_message,technical_feature_flag_024,35,22,all_conditions_pooled,0,1,143.83291049900535,0
overall_harmful,end_of_user_message,academic_attendance_019,0,23,all_conditions_pooled,0,1,325.85633027730256,0
overall_harmful,end_of_user_message,academic_attendance_019,0,23,all_conditions_pooled,0,0,-1054.3073739539186,1
overall_harmful,end_of_user_message,academic_attendance_019,0,23,all_conditions_pooled,0,1,735.7401976568757,0
overall_harmful,end_of_user_message,academic_grading_018,1,23,all_conditions_pooled,0,1,91.01547779279261,0
overall_harmful,end_of_user_message,academic_grading_018,1,23,all_conditions_pooled,0,0,-145.5582559778221,0
overall_harmful,end_of_user_message,academic_grading_018,1,23,all_conditions_pooled,0,1,218.93550217452005,0
overall_harmful,end_of_user_message,academic_latework_020,2,23,all_conditions_pooled,0,1,114.49372856547708,0
overall_harmful,end_of_user_message,academic_latework_020,2,23,all_conditions_pooled,0,0,-90.27043416980888,0
overall_harmful,end_of_user_message,academic_latework_020,2,23,all_conditions_pooled,0,1,285.5850929991267,0
overall_harmful,end_of_user_message,academic_prereq_017,3,23,all_conditions_pooled,0,1,76.73991031173097,0
overall_harmful,end_of_user_message,academic_prereq_017,3,23,all_conditions_pooled,0,0,-314.206085263722,0
overall_harmful,end_of_user_message,academic_prereq_017,3,23,all_conditions_pooled,0,1,181.97574934102076,0
overall_harmful,end_of_user_message,contract_rental_029,4,23,all_conditions_pooled,0,1,134.59191575148657,0
overall_harmful,end_of_user_message,contract_rental_029,4,23,all_conditions_pooled,0,0,-279.2650412304715,0
overall_harmful,end_of_user_message,contract_rental_029,4,23,all_conditions_pooled,0,1,285.028809040645,0
overall_harmful,end_of_user_message,contract_service_030,5,23,all_conditions_pooled,0,0,-78.53284689854978,0
overall_harmful,end_of_user_message,contract_service_030,5,23,all_conditions_pooled,0,0,-371.8046345027965,0
overall_harmful,end_of_user_message,contract_service_030,5,23,all_conditions_pooled,0,1,20.7542464224412,0
overall_harmful,end_of_user_message,contract_ticket_032,6,23,all_conditions_pooled,0,1,142.9898411652722,0
overall_harmful,end_of_user_message,contract_ticket_032,6,23,all_conditions_pooled,0,0,-156.94038280530364,0
overall_harmful,end_of_user_message,contract_ticket_032,6,23,all_conditions_pooled,0,1,252.13258562411545,0
overall_harmful,end_of_user_message,contract_warranty_031,7,23,all_conditions_pooled,0,1,249.0193540992866,0
overall_harmful,end_of_user_message,contract_warranty_031,7,23,all_conditions_pooled,0,0,-274.20109228595777,0
overall_harmful,end_of_user_message,contract_warranty_031,7,23,all_conditions_pooled,0,1,396.9592019993368,0
overall_harmful,end_of_user_message,finance_budget_007,8,23,all_conditions_pooled,0,1,64.45662174838245,0
overall_harmful,end_of_user_message,finance_budget_007,8,23,all_conditions_pooled,0,0,-216.44090199672183,0
overall_harmful,end_of_user_message,finance_budget_007,8,23,all_conditions_pooled,0,1,148.04470287879258,0
overall_harmful,end_of_user_message,finance_coupon_006,9,23,all_conditions_pooled,0,1,8.076442096415771,0
overall_harmful,end_of_user_message,finance_coupon_006,9,23,all_conditions_pooled,0,0,-276.8973477997044,0
overall_harmful,end_of_user_message,finance_coupon_006,9,23,all_conditions_pooled,0,1,131.59441041637672,0
overall_harmful,end_of_user_message,finance_membership_008,10,23,all_conditions_pooled,0,1,77.6230877318413,0
overall_harmful,end_of_user_message,finance_membership_008,10,23,all_conditions_pooled,0,0,-205.12500688181984,0
overall_harmful,end_of_user_message,finance_membership_008,10,23,all_conditions_pooled,0,1,199.98202638505353,0
overall_harmful,end_of_user_message,finance_refund_005,11,23,all_conditions_pooled,0,1,208.1456473309069,0
overall_harmful,end_of_user_message,finance_refund_005,11,23,all_conditions_pooled,0,0,-99.75489146166532,0
overall_harmful,end_of_user_message,finance_refund_005,11,23,all_conditions_pooled,0,1,380.41381839630856,0
overall_harmful,end_of_user_message,logic_access_033,12,23,all_conditions_pooled,0,0,-55.38514022780577,0
overall_harmful,end_of_user_message,logic_access_033,12,23,all_conditions_pooled,0,0,-388.55277669537094,0
overall_harmful,end_of_user_message,logic_access_033,12,23,all_conditions_pooled,0,1,109.36999770044304,0
overall_harmful,end_of_user_message,logic_eligibility_034,13,23,all_conditions_pooled,0,0,-2.491534257661371,0
overall_harmful,end_of_user_message,logic_eligibility_034,13,23,all_conditions_pooled,0,0,-316.86663237022645,0
overall_harmful,end_of_user_message,logic_eligibility_034,13,23,all_conditions_pooled,0,1,135.62853557480264,0
overall_harmful,end_of_user_message,logic_shipping_035,14,23,all_conditions_pooled,0,0,-494.2662832828044,0
overall_harmful,end_of_user_message,logic_shipping_035,14,23,all_conditions_pooled,0,0,-172.3312746105458,0
overall_harmful,end_of_user_message,logic_shipping_035,14,23,all_conditions_pooled,0,0,-584.9109781692378,1
overall_harmful,end_of_user_message,logic_tournament_036,15,23,all_conditions_pooled,0,1,217.75788912791973,0
overall_harmful,end_of_user_message,logic_tournament_036,15,23,all_conditions_pooled,0,0,-120.7023144998685,0
overall_harmful,end_of_user_message,logic_tournament_036,15,23,all_conditions_pooled,0,1,357.5232810678024,0
overall_harmful,end_of_user_message,policy_lab_access_002,16,23,all_conditions_pooled,0,1,120.13336230687105,0
overall_harmful,end_of_user_message,policy_lab_access_002,16,23,all_conditions_pooled,0,0,-288.9366956358972,0
overall_harmful,end_of_user_message,policy_lab_access_002,16,23,all_conditions_pooled,0,1,183.04179125811106,0
overall_harmful,end_of_user_message,policy_library_checkout_003,17,23,all_conditions_pooled,0,1,125.87851395883703,0
overall_harmful,end_of_user_message,policy_library_checkout_003,17,23,all_conditions_pooled,0,0,-166.42370340840387,0
overall_harmful,end_of_user_message,policy_library_checkout_003,17,23,all_conditions_pooled,0,1,191.4218975328093,0
overall_harmful,end_of_user_message,policy_lunch_pass_001,18,23,all_conditions_pooled,0,1,166.80195195014213,0
overall_harmful,end_of_user_message,policy_lunch_pass_001,18,23,all_conditions_pooled,0,0,-318.56501048422206,0
overall_harmful,end_of_user_message,policy_lunch_pass_001,18,23,all_conditions_pooled,0,1,278.73653000818763,0
overall_harmful,end_of_user_message,policy_rec_center_004,19,23,all_conditions_pooled,0,0,-352.17540847251934,1
overall_harmful,end_of_user_message,policy_rec_center_004,19,23,all_conditions_pooled,0,0,-273.620796940742,0
overall_harmful,end_of_user_message,policy_rec_center_004,19,23,all_conditions_pooled,0,0,-83.48812230424623,0
overall_harmful,end_of_user_message,product_specs_025,20,23,all_conditions_pooled,0,0,-124.39165451472337,0
overall_harmful,end_of_user_message,product_specs_025,20,23,all_conditions_pooled,0,0,-426.2441282880754,0
overall_harmful,end_of_user_message,product_specs_025,20,23,all_conditions_pooled,0,1,3.686159648203599,0
overall_harmful,end_of_user_message,product_specs_026,21,23,all_conditions_pooled,0,0,-64.73610548830874,0
overall_harmful,end_of_user_message,product_specs_026,21,23,all_conditions_pooled,0,0,-320.2832960544122,0
overall_harmful,end_of_user_message,product_specs_026,21,23,all_conditions_pooled,0,1,45.48450714088942,0
overall_harmful,end_of_user_message,product_specs_027,22,23,all_conditions_pooled,0,0,-69.7829817363889,0
overall_harmful,end_of_user_message,product_specs_027,22,23,all_conditions_pooled,0,0,-414.1675649129583,0
overall_harmful,end_of_user_message,product_specs_027,22,23,all_conditions_pooled,0,1,44.42302577694264,0
overall_harmful,end_of_user_message,product_specs_028,23,23,all_conditions_pooled,0,0,-6.835491718960107,0
overall_harmful,end_of_user_message,product_specs_028,23,23,all_conditions_pooled,0,0,-309.0289292357447,0
overall_harmful,end_of_user_message,product_specs_028,23,23,all_conditions_pooled,0,1,115.32906508925714,0
overall_harmful,end_of_user_message,schedule_clinic_011,24,23,all_conditions_pooled,0,1,180.40363390518286,0
overall_harmful,end_of_user_message,schedule_clinic_011,24,23,all_conditions_pooled,0,0,-279.94125975487043,0
overall_harmful,end_of_user_message,schedule_clinic_011,24,23,all_conditions_pooled,0,1,361.1195567629768,0
overall_harmful,end_of_user_message,schedule_exam_010,25,23,all_conditions_pooled,0,0,-239.12445007276511,0
overall_harmful,end_of_user_message,schedule_exam_010,25,23,all_conditions_pooled,0,0,-120.12424579004987,0
overall_harmful,end_of_user_message,schedule_exam_010,25,23,all_conditions_pooled,0,0,-301.88272725557914,1
overall_harmful,end_of_user_message,schedule_train_009,26,23,all_conditions_pooled,0,0,-151.96859975817722,0
overall_harmful,end_of_user_message,schedule_train_009,26,23,all_conditions_pooled,0,0,-371.1230865889977,0
overall_harmful,end_of_user_message,schedule_train_009,26,23,all_conditions_pooled,0,1,21.694825835370807,0
overall_harmful,end_of_user_message,schedule_workshop_012,27,23,all_conditions_pooled,0,1,145.24557075185618,0
overall_harmful,end_of_user_message,schedule_workshop_012,27,23,all_conditions_pooled,0,0,-320.72110553847676,0
overall_harmful,end_of_user_message,schedule_workshop_012,27,23,all_conditions_pooled,0,1,272.44586505921353,0
overall_harmful,end_of_user_message,science_battery_016,28,23,all_conditions_pooled,0,0,-100.13530668772407,0
overall_harmful,end_of_user_message,science_battery_016,28,23,all_conditions_pooled,0,0,-327.01366009641197,0
overall_harmful,end_of_user_message,science_battery_016,28,23,all_conditions_pooled,0,1,58.386731582542,0
overall_harmful,end_of_user_message,science_mineral_014,29,23,all_conditions_pooled,0,1,147.07035782371477,0
overall_harmful,end_of_user_message,science_mineral_014,29,23,all_conditions_pooled,0,0,-388.6234471035323,0
overall_harmful,end_of_user_message,science_mineral_014,29,23,all_conditions_pooled,0,1,307.16364631792703,0
overall_harmful,end_of_user_message,science_plant_013,30,23,all_conditions_pooled,0,0,-93.62839862504678,0
overall_harmful,end_of_user_message,science_plant_013,30,23,all_conditions_pooled,0,0,-404.73907158496525,0
overall_harmful,end_of_user_message,science_plant_013,30,23,all_conditions_pooled,0,1,16.993244970358717,0
overall_harmful,end_of_user_message,science_weather_015,31,23,all_conditions_pooled,0,1,238.84087778747772,0
overall_harmful,end_of_user_message,science_weather_015,31,23,all_conditions_pooled,0,0,-208.97677791822906,0
overall_harmful,end_of_user_message,science_weather_015,31,23,all_conditions_pooled,0,1,617.1025215299077,0
overall_harmful,end_of_user_message,technical_api_022,32,23,all_conditions_pooled,0,0,-33.311032247419114,0
overall_harmful,end_of_user_message,technical_api_022,32,23,all_conditions_pooled,0,0,-250.930578933297,0
overall_harmful,end_of_user_message,technical_api_022,32,23,all_conditions_pooled,0,1,88.0763021595222,0
overall_harmful,end_of_user_message,technical_backup_023,33,23,all_conditions_pooled,0,1,163.0090370177486,0
overall_harmful,end_of_user_message,technical_backup_023,33,23,all_conditions_pooled,0,0,-310.899753677774,0
overall_harmful,end_of_user_message,technical_backup_023,33,23,all_conditions_pooled,0,1,276.5346992795155,0
overall_harmful,end_of_user_message,technical_config_021,34,23,all_conditions_pooled,0,0,-77.79742895060281,0
overall_harmful,end_of_user_message,technical_config_021,34,23,all_conditions_pooled,0,0,-308.6970902289046,0
overall_harmful,end_of_user_message,technical_config_021,34,23,all_conditions_pooled,0,1,52.445731122959415,0
overall_harmful,end_of_user_message,technical_feature_flag_024,35,23,all_conditions_pooled,0,0,-49.15653106201286,0
overall_harmful,end_of_user_message,technical_feature_flag_024,35,23,all_conditions_pooled,0,0,-407.3081118080505,0
overall_harmful,end_of_user_message,technical_feature_flag_024,35,23,all_conditions_pooled,0,1,142.18387984309993,0
overall_harmful,end_of_user_message,academic_attendance_019,0,24,all_conditions_pooled,0,1,258.05461186363175,0
overall_harmful,end_of_user_message,academic_attendance_019,0,24,all_conditions_pooled,0,0,-933.7605620763835,1
overall_harmful,end_of_user_message,academic_attendance_019,0,24,all_conditions_pooled,0,1,731.8701433613421,0
overall_harmful,end_of_user_message,academic_grading_018,1,24,all_conditions_pooled,0,1,173.8847310460231,0
overall_harmful,end_of_user_message,academic_grading_018,1,24,all_conditions_pooled,0,0,-10.862868217614531,0
overall_harmful,end_of_user_message,academic_grading_018,1,24,all_conditions_pooled,0,1,388.1170108594157,0
overall_harmful,end_of_user_message,academic_latework_020,2,24,all_conditions_pooled,0,1,73.99018032137027,0
overall_harmful,end_of_user_message,academic_latework_020,2,24,all_conditions_pooled,0,0,-111.28871856281137,0
overall_harmful,end_of_user_message,academic_latework_020,2,24,all_conditions_pooled,0,1,299.69049818249476,0
overall_harmful,end_of_user_message,academic_prereq_017,3,24,all_conditions_pooled,0,1,80.08602190938647,0
overall_harmful,end_of_user_message,academic_prereq_017,3,24,all_conditions_pooled,0,0,-276.9915690130716,0
overall_harmful,end_of_user_message,academic_prereq_017,3,24,all_conditions_pooled,0,1,240.29648914475587,0
overall_harmful,end_of_user_message,contract_rental_029,4,24,all_conditions_pooled,0,1,86.92036289536182,0
overall_harmful,end_of_user_message,contract_rental_029,4,24,all_conditions_pooled,0,0,-258.53616251983715,0
overall_harmful,end_of_user_message,contract_rental_029,4,24,all_conditions_pooled,0,1,308.65791060625565,0
overall_harmful,end_of_user_message,contract_service_030,5,24,all_conditions_pooled,0,0,-41.71539047047233,0
overall_harmful,end_of_user_message,contract_service_030,5,24,all_conditions_pooled,0,0,-298.1489713839636,0
overall_harmful,end_of_user_message,contract_service_030,5,24,all_conditions_pooled,0,1,115.92366095177692,0
overall_harmful,end_of_user_message,contract_ticket_032,6,24,all_conditions_pooled,0,1,127.73506918895109,0
overall_harmful,end_of_user_message,contract_ticket_032,6,24,all_conditions_pooled,0,0,-174.18858808840525,0
overall_harmful,end_of_user_message,contract_ticket_032,6,24,all_conditions_pooled,0,1,285.73766062811217,0
overall_harmful,end_of_user_message,contract_warranty_031,7,24,all_conditions_pooled,0,1,196.80934315319064,0
overall_harmful,end_of_user_message,contract_warranty_031,7,24,all_conditions_pooled,0,0,-244.03098839306602,0
overall_harmful,end_of_user_message,contract_warranty_031,7,24,all_conditions_pooled,0,1,410.5639278287522,0
overall_harmful,end_of_user_message,finance_budget_007,8,24,all_conditions_pooled,0,1,101.00315013149562,0
overall_harmful,end_of_user_message,finance_budget_007,8,24,all_conditions_pooled,0,0,-152.8054749037394,0
overall_harmful,end_of_user_message,finance_budget_007,8,24,all_conditions_pooled,0,1,274.695540065152,0
overall_harmful,end_of_user_message,finance_coupon_006,9,24,all_conditions_pooled,0,1,10.041420070252627,0
overall_harmful,end_of_user_message,finance_coupon_006,9,24,all_conditions_pooled,0,0,-254.81222751644458,0
overall_harmful,end_of_user_message,finance_coupon_006,9,24,all_conditions_pooled,0,1,199.10629213976142,0
overall_harmful,end_of_user_message,finance_membership_008,10,24,all_conditions_pooled,0,1,29.067363736853423,0
overall_harmful,end_of_user_message,finance_membership_008,10,24,all_conditions_pooled,0,0,-209.76520327271018,0
overall_harmful,end_of_user_message,finance_membership_008,10,24,all_conditions_pooled,0,1,232.70301454040487,0
overall_harmful,end_of_user_message,finance_refund_005,11,24,all_conditions_pooled,0,1,157.55138141133438,0
overall_harmful,end_of_user_message,finance_refund_005,11,24,all_conditions_pooled,0,0,-109.06279352257988,0
overall_harmful,end_of_user_message,finance_refund_005,11,24,all_conditions_pooled,0,1,412.8197439927825,0
overall_harmful,end_of_user_message,logic_access_033,12,24,all_conditions_pooled,0,0,-145.99655469808263,0
overall_harmful,end_of_user_message,logic_access_033,12,24,all_conditions_pooled,0,0,-456.5646246671994,0
overall_harmful,end_of_user_message,logic_access_033,12,24,all_conditions_pooled,0,1,61.00946643334947,0
overall_harmful,end_of_user_message,logic_eligibility_034,13,24,all_conditions_pooled,0,1,4.299168430456305,0
overall_harmful,end_of_user_message,logic_eligibility_034,13,24,all_conditions_pooled,0,0,-272.2764452769595,0
overall_harmful,end_of_user_message,logic_eligibility_034,13,24,all_conditions_pooled,0,1,185.7943374975926,0
overall_harmful,end_of_user_message,logic_shipping_035,14,24,all_conditions_pooled,0,0,-466.47898757715996,0
overall_harmful,end_of_user_message,logic_shipping_035,14,24,all_conditions_pooled,0,0,-194.8137383328652,0
overall_harmful,end_of_user_message,logic_shipping_035,14,24,all_conditions_pooled,0,0,-477.74833322456857,1
overall_harmful,end_of_user_message,logic_tournament_036,15,24,all_conditions_pooled,0,1,2.817324260065625,0
overall_harmful,end_of_user_message,logic_tournament_036,15,24,all_conditions_pooled,0,0,-270.03866548440624,0
overall_harmful,end_of_user_message,logic_tournament_036,15,24,all_conditions_pooled,0,1,179.3421626393801,0
overall_harmful,end_of_user_message,policy_lab_access_002,16,24,all_conditions_pooled,0,1,133.576764904385,0
overall_harmful,end_of_user_message,policy_lab_access_002,16,24,all_conditions_pooled,0,0,-203.2063518305631,0
overall_harmful,end_of_user_message,policy_lab_access_002,16,24,all_conditions_pooled,0,1,279.22783012632567,0
overall_harmful,end_of_user_message,policy_library_checkout_003,17,24,all_conditions_pooled,0,1,56.486854868139176,0
overall_harmful,end_of_user_message,policy_library_checkout_003,17,24,all_conditions_pooled,0,0,-170.55148087742316,0
overall_harmful,end_of_user_message,policy_library_checkout_003,17,24,all_conditions_pooled,0,1,199.23489070102568,0
overall_harmful,end_of_user_message,policy_lunch_pass_001,18,24,all_conditions_pooled,0,1,69.71914142342848,0
overall_harmful,end_of_user_message,policy_lunch_pass_001,18,24,all_conditions_pooled,0,0,-292.85012269731294,0
overall_harmful,end_of_user_message,policy_lunch_pass_001,18,24,all_conditions_pooled,0,1,280.9707919475508,0
overall_harmful,end_of_user_message,policy_rec_center_004,19,24,all_conditions_pooled,0,0,-367.0882668527263,1
overall_harmful,end_of_user_message,policy_rec_center_004,19,24,all_conditions_pooled,0,0,-254.70508730359597,0
overall_harmful,end_of_user_message,policy_rec_center_004,19,24,all_conditions_pooled,0,1,9.341097148544407,0
overall_harmful,end_of_user_message,product_specs_025,20,24,all_conditions_pooled,0,0,-161.62607839416603,0
overall_harmful,end_of_user_message,product_specs_025,20,24,all_conditions_pooled,0,0,-378.7308757165823,0
overall_harmful,end_of_user_message,product_specs_025,20,24,all_conditions_pooled,0,1,35.10435599285138,0
overall_harmful,end_of_user_message,product_specs_026,21,24,all_conditions_pooled,0,0,-132.9727629969606,0
overall_harmful,end_of_user_message,product_specs_026,21,24,all_conditions_pooled,0,0,-324.2144426284282,0
overall_harmful,end_of_user_message,product_specs_026,21,24,all_conditions_pooled,0,1,59.128032182081455,0
overall_harmful,end_of_user_message,product_specs_027,22,24,all_conditions_pooled,0,0,-69.68763859178017,0
overall_harmful,end_of_user_message,product_specs_027,22,24,all_conditions_pooled,0,0,-354.31582599568196,0
overall_harmful,end_of_user_message,product_specs_027,22,24,all_conditions_pooled,0,1,108.68398062202516,0
overall_harmful,end_of_user_message,product_specs_028,23,24,all_conditions_pooled,0,0,-11.997419812296933,0
overall_harmful,end_of_user_message,product_specs_028,23,24,all_conditions_pooled,0,0,-261.80763046173763,0
overall_harmful,end_of_user_message,product_specs_028,23,24,all_conditions_pooled,0,1,171.51068881139054,0
overall_harmful,end_of_user_message,schedule_clinic_011,24,24,all_conditions_pooled,0,1,132.90168894614374,0
overall_harmful,end_of_user_message,schedule_clinic_011,24,24,all_conditions_pooled,0,0,-230.22529604460257,0
overall_harmful,end_of_user_message,schedule_clinic_011,24,24,all_conditions_pooled,0,1,363.9177431344534,0
overall_harmful,end_of_user_message,schedule_exam_010,25,24,all_conditions_pooled,0,0,-175.92620213139529,0
overall_harmful,end_of_user_message,schedule_exam_010,25,24,all_conditions_pooled,0,0,-109.72573745671144,0
overall_harmful,end_of_user_message,schedule_exam_010,25,24,all_conditions_pooled,0,0,-154.77372651038115,1
overall_harmful,end_of_user_message,schedule_train_009,26,24,all_conditions_pooled,0,0,-172.8107113854689,0
overall_harmful,end_of_user_message,schedule_train_009,26,24,all_conditions_pooled,0,0,-351.90169382026374,0
overall_harmful,end_of_user_message,schedule_train_009,26,24,all_conditions_pooled,0,1,65.91508861922458,0
overall_harmful,end_of_user_message,schedule_workshop_012,27,24,all_conditions_pooled,0,1,143.3061861970875,0
overall_harmful,end_of_user_message,schedule_workshop_012,27,24,all_conditions_pooled,0,0,-215.45785898171954,0
overall_harmful,end_of_user_message,schedule_workshop_012,27,24,all_conditions_pooled,0,1,332.36837441904424,0
overall_harmful,end_of_user_message,science_battery_016,28,24,all_conditions_pooled,0,0,-186.72834261860683,0
overall_harmful,end_of_user_message,science_battery_016,28,24,all_conditions_pooled,0,0,-391.6814139239167,0
overall_harmful,end_of_user_message,science_battery_016,28,24,all_conditions_pooled,0,1,40.85887323034683,0
overall_harmful,end_of_user_message,science_mineral_014,29,24,all_conditions_pooled,0,1,91.76409156870002,0
overall_harmful,end_of_user_message,science_mineral_014,29,24,all_conditions_pooled,0,0,-374.11470217635275,0
overall_harmful,end_of_user_message,science_mineral_014,29,24,all_conditions_pooled,0,1,313.01216068446894,0
overall_harmful,end_of_user_message,science_plant_013,30,24,all_conditions_pooled,0,0,-204.44904864377872,0
overall_harmful,end_of_user_message,science_plant_013,30,24,all_conditions_pooled,0,0,-460.77777246293863,0
overall_harmful,end_of_user_message,science_plant_013,30,24,all_conditions_pooled,0,0,-27.75530949467503,0
overall_harmful,end_of_user_message,science_weather_015,31,24,all_conditions_pooled,0,1,224.13539725878348,0
overall_harmful,end_of_user_message,science_weather_015,31,24,all_conditions_pooled,0,0,-206.50501684868684,0
overall_harmful,end_of_user_message,science_weather_015,31,24,all_conditions_pooled,0,1,600.5769906013675,0
overall_harmful,end_of_user_message,technical_api_022,32,24,all_conditions_pooled,0,0,-130.99939270575635,0
overall_harmful,end_of_user_message,technical_api_022,32,24,all_conditions_pooled,0,0,-326.1797412979985,0
overall_harmful,end_of_user_message,technical_api_022,32,24,all_conditions_pooled,0,1,34.20535976892539,0
overall_harmful,end_of_user_message,technical_backup_023,33,24,all_conditions_pooled,0,1,157.90555929427518,0
overall_harmful,end_of_user_message,technical_backup_023,33,24,all_conditions_pooled,0,0,-220.34679306782044,0
overall_harmful,end_of_user_message,technical_backup_023,33,24,all_conditions_pooled,0,1,336.29375569493754,0
overall_harmful,end_of_user_message,technical_config_021,34,24,all_conditions_pooled,0,0,-124.19885672272841,0
overall_harmful,end_of_user_message,technical_config_021,34,24,all_conditions_pooled,0,0,-308.87512924836005,0
overall_harmful,end_of_user_message,technical_config_021,34,24,all_conditions_pooled,0,1,77.29401803000881,0
overall_harmful,end_of_user_message,technical_feature_flag_024,35,24,all_conditions_pooled,0,0,-37.960220719816235,0
overall_harmful,end_of_user_message,technical_feature_flag_024,35,24,all_conditions_pooled,0,0,-394.9938387408525,0
overall_harmful,end_of_user_message,technical_feature_flag_024,35,24,all_conditions_pooled,0,1,187.01057782699462,0
overall_harmful,end_of_user_message,academic_attendance_019,0,25,all_conditions_pooled,0,1,330.9260551886239,0
overall_harmful,end_of_user_message,academic_attendance_019,0,25,all_conditions_pooled,0,0,-893.1972185642322,1
overall_harmful,end_of_user_message,academic_attendance_019,0,25,all_conditions_pooled,0,1,732.1593002574582,0
overall_harmful,end_of_user_message,academic_grading_018,1,25,all_conditions_pooled,0,1,164.2218270201179,0
overall_harmful,end_of_user_message,academic_grading_018,1,25,all_conditions_pooled,0,0,-15.83042438556052,0
overall_harmful,end_of_user_message,academic_grading_018,1,25,all_conditions_pooled,0,1,370.47570777688236,0
overall_harmful,end_of_user_message,academic_latework_020,2,25,all_conditions_pooled,0,1,103.06641478741685,0
overall_harmful,end_of_user_message,academic_latework_020,2,25,all_conditions_pooled,0,0,-65.63147856280928,0
overall_harmful,end_of_user_message,academic_latework_020,2,25,all_conditions_pooled,0,1,342.74611631630785,0
overall_harmful,end_of_user_message,academic_prereq_017,3,25,all_conditions_pooled,0,1,93.50496598223305,0
overall_harmful,end_of_user_message,academic_prereq_017,3,25,all_conditions_pooled,0,0,-245.8576914456744,0
overall_harmful,end_of_user_message,academic_prereq_017,3,25,all_conditions_pooled,0,1,234.4555777256832,0
overall_harmful,end_of_user_message,contract_rental_029,4,25,all_conditions_pooled,0,1,78.2457933129497,0
overall_harmful,end_of_user_message,contract_rental_029,4,25,all_conditions_pooled,0,0,-265.08618645400026,0
overall_harmful,end_of_user_message,contract_rental_029,4,25,all_conditions_pooled,0,1,281.4301856178969,0
overall_harmful,end_of_user_message,contract_service_030,5,25,all_conditions_pooled,0,0,-22.622974259241346,0
overall_harmful,end_of_user_message,contract_service_030,5,25,all_conditions_pooled,0,0,-276.26121041973835,0
overall_harmful,end_of_user_message,contract_service_030,5,25,all_conditions_pooled,0,1,118.95967938292301,0
overall_harmful,end_of_user_message,contract_ticket_032,6,25,all_conditions_pooled,0,1,165.74256336366952,0
overall_harmful,end_of_user_message,contract_ticket_032,6,25,all_conditions_pooled,0,0,-147.20582639127898,0
overall_harmful,end_of_user_message,contract_ticket_032,6,25,all_conditions_pooled,0,1,299.4237994313156,0
overall_harmful,end_of_user_message,contract_warranty_031,7,25,all_conditions_pooled,0,1,190.46600354358435,0
overall_harmful,end_of_user_message,contract_warranty_031,7,25,all_conditions_pooled,0,0,-249.48723870504426,0
overall_harmful,end_of_user_message,contract_warranty_031,7,25,all_conditions_pooled,0,1,387.90245039206246,0
overall_harmful,end_of_user_message,finance_budget_007,8,25,all_conditions_pooled,0,1,38.95067523881325,0
overall_harmful,end_of_user_message,finance_budget_007,8,25,all_conditions_pooled,0,0,-190.04010552442207,0
overall_harmful,end_of_user_message,finance_budget_007,8,25,all_conditions_pooled,0,1,193.4011110750261,0
overall_harmful,end_of_user_message,finance_coupon_006,9,25,all_conditions_pooled,0,0,-15.480384840628236,0
overall_harmful,end_of_user_message,finance_coupon_006,9,25,all_conditions_pooled,0,0,-254.1647314555243,0
overall_harmful,end_of_user_message,finance_coupon_006,9,25,all_conditions_pooled,0,1,154.5050352570473,0
overall_harmful,end_of_user_message,finance_membership_008,10,25,all_conditions_pooled,0,1,19.67852839295268,0
overall_harmful,end_of_user_message,finance_membership_008,10,25,all_conditions_pooled,0,0,-198.9761591668019,0
overall_harmful,end_of_user_message,finance_membership_008,10,25,all_conditions_pooled,0,1,222.8451062987506,0
overall_harmful,end_of_user_message,finance_refund_005,11,25,all_conditions_pooled,0,1,166.4163642641206,0
overall_harmful,end_of_user_message,finance_refund_005,11,25,all_conditions_pooled,0,0,-97.13076924951716,0
overall_harmful,end_of_user_message,finance_refund_005,11,25,all_conditions_pooled,0,1,399.08243554748015,0
overall_harmful,end_of_user_message,logic_access_033,12,25,all_conditions_pooled,0,0,-134.92587429094684,0
overall_harmful,end_of_user_message,logic_access_033,12,25,all_conditions_pooled,0,0,-446.3947540646542,0
overall_harmful,end_of_user_message,logic_access_033,12,25,all_conditions_pooled,0,1,63.0027249678521,0
overall_harmful,end_of_user_message,logic_eligibility_034,13,25,all_conditions_pooled,0,0,-6.153555166505356,0
overall_harmful,end_of_user_message,logic_eligibility_034,13,25,all_conditions_pooled,0,0,-277.0225737851577,0
overall_harmful,end_of_user_message,logic_eligibility_034,13,25,all_conditions_pooled,0,1,184.69727279584598,0
overall_harmful,end_of_user_message,logic_shipping_035,14,25,all_conditions_pooled,0,0,-478.7126961906888,0
overall_harmful,end_of_user_message,logic_shipping_035,14,25,all_conditions_pooled,0,0,-193.9650557878283,0
overall_harmful,end_of_user_message,logic_shipping_035,14,25,all_conditions_pooled,0,0,-481.2019027262998,1
overall_harmful,end_of_user_message,logic_tournament_036,15,25,all_conditions_pooled,0,1,46.6450016287169,0
overall_harmful,end_of_user_message,logic_tournament_036,15,25,all_conditions_pooled,0,0,-237.827506355898,0
overall_harmful,end_of_user_message,logic_tournament_036,15,25,all_conditions_pooled,0,1,229.97847728400794,0
overall_harmful,end_of_user_message,policy_lab_access_002,16,25,all_conditions_pooled,0,1,84.37438833425077,0
overall_harmful,end_of_user_message,policy_lab_access_002,16,25,all_conditions_pooled,0,0,-246.1652484009337,0
overall_harmful,end_of_user_message,policy_lab_access_002,16,25,all_conditions_pooled,0,1,218.48908603838427,0
overall_harmful,end_of_user_message,policy_library_checkout_003,17,25,all_conditions_pooled,0,1,79.73215753241351,0
overall_harmful,end_of_user_message,policy_library_checkout_003,17,25,all_conditions_pooled,0,0,-125.9682487847744,0
overall_harmful,end_of_user_message,policy_library_checkout_003,17,25,all_conditions_pooled,0,1,201.43222433778135,0
overall_harmful,end_of_user_message,policy_lunch_pass_001,18,25,all_conditions_pooled,0,1,66.64210566001414,0
overall_harmful,end_of_user_message,policy_lunch_pass_001,18,25,all_conditions_pooled,0,0,-293.5944543220245,0
overall_harmful,end_of_user_message,policy_lunch_pass_001,18,25,all_conditions_pooled,0,1,268.2256242325104,0
overall_harmful,end_of_user_message,policy_rec_center_004,19,25,all_conditions_pooled,0,0,-385.1436155597923,1
overall_harmful,end_of_user_message,policy_rec_center_004,19,25,all_conditions_pooled,0,0,-255.97597786697912,0
overall_harmful,end_of_user_message,policy_rec_center_004,19,25,all_conditions_pooled,0,0,-11.753602401736373,0
overall_harmful,end_of_user_message,product_specs_025,20,25,all_conditions_pooled,0,0,-165.03892165140186,0
overall_harmful,end_of_user_message,product_specs_025,20,25,all_conditions_pooled,0,0,-389.3900390051251,0
overall_harmful,end_of_user_message,product_specs_025,20,25,all_conditions_pooled,0,1,29.624043701448386,0
overall_harmful,end_of_user_message,product_specs_026,21,25,all_conditions_pooled,0,0,-121.25544991129485,0
overall_harmful,end_of_user_message,product_specs_026,21,25,all_conditions_pooled,0,0,-283.8516013278962,0
overall_harmful,end_of_user_message,product_specs_026,21,25,all_conditions_pooled,0,1,62.55448824989304,0
overall_harmful,end_of_user_message,product_specs_027,22,25,all_conditions_pooled,0,0,-95.98692567912894,0
overall_harmful,end_of_user_message,product_specs_027,22,25,all_conditions_pooled,0,0,-350.92203344631804,0
overall_harmful,end_of_user_message,product_specs_027,22,25,all_conditions_pooled,0,1,85.55865460679827,0
overall_harmful,end_of_user_message,product_specs_028,23,25,all_conditions_pooled,0,1,7.251512547628842,0
overall_harmful,end_of_user_message,product_specs_028,23,25,all_conditions_pooled,0,0,-242.71097144365038,0
overall_harmful,end_of_user_message,product_specs_028,23,25,all_conditions_pooled,0,1,181.0807041313082,0
overall_harmful,end_of_user_message,schedule_clinic_011,24,25,all_conditions_pooled,0,1,106.98655019692025,0
overall_harmful,end_of_user_message,schedule_clinic_011,24,25,all_conditions_pooled,0,0,-270.34931090262364,0
overall_harmful,end_of_user_message,schedule_clinic_011,24,25,all_conditions_pooled,0,1,323.24092028898156,0
overall_harmful,end_of_user_message,schedule_exam_010,25,25,all_conditions_pooled,0,0,-180.87266232656725,0
overall_harmful,end_of_user_message,schedule_exam_010,25,25,all_conditions_pooled,0,0,-121.05672957981028,0
overall_harmful,end_of_user_message,schedule_exam_010,25,25,all_conditions_pooled,0,0,-140.69589044686703,1
overall_harmful,end_of_user_message,schedule_train_009,26,25,all_conditions_pooled,0,0,-186.84031466574618,0
overall_harmful,end_of_user_message,schedule_train_009,26,25,all_conditions_pooled,0,0,-352.033021831185,0
overall_harmful,end_of_user_message,schedule_train_009,26,25,all_conditions_pooled,0,1,54.250350060157075,0
overall_harmful,end_of_user_message,schedule_workshop_012,27,25,all_conditions_pooled,0,1,137.76149165850825,0
overall_harmful,end_of_user_message,schedule_workshop_012,27,25,all_conditions_pooled,0,0,-231.8229220207083,0
overall_harmful,end_of_user_message,schedule_workshop_012,27,25,all_conditions_pooled,0,1,321.98877735093293,0
overall_harmful,end_of_user_message,science_battery_016,28,25,all_conditions_pooled,0,0,-151.2279501491072,0
overall_harmful,end_of_user_message,science_battery_016,28,25,all_conditions_pooled,0,0,-352.2423489266521,0
overall_harmful,end_of_user_message,science_battery_016,28,25,all_conditions_pooled,0,1,75.49753535126885,0
overall_harmful,end_of_user_message,science_mineral_014,29,25,all_conditions_pooled,0,1,81.87412579876336,0
overall_harmful,end_of_user_message,science_mineral_014,29,25,all_conditions_pooled,0,0,-385.1856900389895,0
overall_harmful,end_of_user_message,science_mineral_014,29,25,all_conditions_pooled,0,1,294.90280841582376,0
overall_harmful,end_of_user_message,science_plant_013,30,25,all_conditions_pooled,0,0,-162.502799540439,0
overall_harmful,end_of_user_message,science_plant_013,30,25,all_conditions_pooled,0,0,-423.1009109397073,0
overall_harmful,end_of_user_message,science_plant_013,30,25,all_conditions_pooled,0,1,22.64163502813355,0
overall_harmful,end_of_user_message,science_weather_015,31,25,all_conditions_pooled,0,1,259.7484303428962,0
overall_harmful,end_of_user_message,science_weather_015,31,25,all_conditions_pooled,0,0,-189.4591840237225,0
overall_harmful,end_of_user_message,science_weather_015,31,25,all_conditions_pooled,0,1,610.2123835495184,0
overall_harmful,end_of_user_message,technical_api_022,32,25,all_conditions_pooled,0,0,-98.51245169669464,0
overall_harmful,end_of_user_message,technical_api_022,32,25,all_conditions_pooled,0,0,-282.3314770484508,0
overall_harmful,end_of_user_message,technical_api_022,32,25,all_conditions_pooled,0,1,52.78085168248654,0
overall_harmful,end_of_user_message,technical_backup_023,33,25,all_conditions_pooled,0,1,128.4386103012733,0
overall_harmful,end_of_user_message,technical_backup_023,33,25,all_conditions_pooled,0,0,-244.18180607166857,0
overall_harmful,end_of_user_message,technical_backup_023,33,25,all_conditions_pooled,0,1,299.90044236290555,0
overall_harmful,end_of_user_message,technical_config_021,34,25,all_conditions_pooled,0,0,-138.93134983751588,0
overall_harmful,end_of_user_message,technical_config_021,34,25,all_conditions_pooled,0,0,-308.9270452461312,0
overall_harmful,end_of_user_message,technical_config_021,34,25,all_conditions_pooled,0,1,51.59799836433402,0
overall_harmful,end_of_user_message,technical_feature_flag_024,35,25,all_conditions_pooled,0,0,-64.78082707939495,0
overall_harmful,end_of_user_message,technical_feature_flag_024,35,25,all_conditions_pooled,0,0,-412.8208023483307,0
overall_harmful,end_of_user_message,technical_feature_flag_024,35,25,all_conditions_pooled,0,1,151.17228938138743,0
overall_harmful,end_of_user_message,academic_attendance_019,0,26,all_conditions_pooled,0,1,405.7642443612759,0
overall_harmful,end_of_user_message,academic_attendance_019,0,26,all_conditions_pooled,0,0,-754.6899977441759,1
overall_harmful,end_of_user_message,academic_attendance_019,0,26,all_conditions_pooled,0,1,752.6112890788952,0
overall_harmful,end_of_user_message,academic_grading_018,1,26,all_conditions_pooled,0,1,125.57137625535978,0
overall_harmful,end_of_user_message,academic_grading_018,1,26,all_conditions_pooled,0,1,52.81613246439292,0
overall_harmful,end_of_user_message,academic_grading_018,1,26,all_conditions_pooled,0,1,285.46496057599506,0
overall_harmful,end_of_user_message,academic_latework_020,2,26,all_conditions_pooled,0,1,39.93833180201533,0
overall_harmful,end_of_user_message,academic_latework_020,2,26,all_conditions_pooled,0,0,-5.109182395817566,0
overall_harmful,end_of_user_message,academic_latework_020,2,26,all_conditions_pooled,0,1,266.27824572815933,0
overall_harmful,end_of_user_message,academic_prereq_017,3,26,all_conditions_pooled,0,1,27.16958556076728,0
overall_harmful,end_of_user_message,academic_prereq_017,3,26,all_conditions_pooled,0,0,-243.0508196247911,0
overall_harmful,end_of_user_message,academic_prereq_017,3,26,all_conditions_pooled,0,1,128.28849891970125,0
overall_harmful,end_of_user_message,contract_rental_029,4,26,all_conditions_pooled,0,1,29.018683715123785,0
overall_harmful,end_of_user_message,contract_rental_029,4,26,all_conditions_pooled,0,0,-266.79889330487623,0
overall_harmful,end_of_user_message,contract_rental_029,4,26,all_conditions_pooled,0,1,211.1319897138773,0
overall_harmful,end_of_user_message,contract_service_030,5,26,all_conditions_pooled,0,1,15.65468348671537,0
overall_harmful,end_of_user_message,contract_service_030,5,26,all_conditions_pooled,0,0,-210.14787619060473,0
overall_harmful,end_of_user_message,contract_service_030,5,26,all_conditions_pooled,0,1,91.57291088678356,0
overall_harmful,end_of_user_message,contract_ticket_032,6,26,all_conditions_pooled,0,1,171.27560204451976,0
overall_harmful,end_of_user_message,contract_ticket_032,6,26,all_conditions_pooled,0,0,-149.40927082164208,0
overall_harmful,end_of_user_message,contract_ticket_032,6,26,all_conditions_pooled,0,1,214.31257245934376,0
overall_harmful,end_of_user_message,contract_warranty_031,7,26,all_conditions_pooled,0,1,187.37748933596384,0
overall_harmful,end_of_user_message,contract_warranty_031,7,26,all_conditions_pooled,0,0,-219.5330858705545,0
overall_harmful,end_of_user_message,contract_warranty_031,7,26,all_conditions_pooled,0,1,387.8477179994302,0
overall_harmful,end_of_user_message,finance_budget_007,8,26,all_conditions_pooled,0,0,-19.588249269736217,0
overall_harmful,end_of_user_message,finance_budget_007,8,26,all_conditions_pooled,0,0,-197.13697664516863,0
overall_harmful,end_of_user_message,finance_budget_007,8,26,all_conditions_pooled,0,1,77.0318643108874,0
overall_harmful,end_of_user_message,finance_coupon_006,9,26,all_conditions_pooled,0,0,-88.96310355292411,0
overall_harmful,end_of_user_message,finance_coupon_006,9,26,all_conditions_pooled,0,0,-221.78180746196045,0
overall_harmful,end_of_user_message,finance_coupon_006,9,26,all_conditions_pooled,0,1,21.548920267071836,0
overall_harmful,end_of_user_message,finance_membership_008,10,26,all_conditions_pooled,0,1,10.618045489435026,0
overall_harmful,end_of_user_message,finance_membership_008,10,26,all_conditions_pooled,0,0,-83.58867644809577,0
overall_harmful,end_of_user_message,finance_membership_008,10,26,all_conditions_pooled,0,1,189.341065310526,0
overall_harmful,end_of_user_message,finance_refund_005,11,26,all_conditions_pooled,0,1,124.93814116760598,0
overall_harmful,end_of_user_message,finance_refund_005,11,26,all_conditions_pooled,0,0,-61.57742464718615,0
overall_harmful,end_of_user_message,finance_refund_005,11,26,all_conditions_pooled,0,1,319.4724174356827,0
overall_harmful,end_of_user_message,logic_access_033,12,26,all_conditions_pooled,0,0,-59.260332564553785,0
overall_harmful,end_of_user_message,logic_access_033,12,26,all_conditions_pooled,0,0,-366.476647732233,0
overall_harmful,end_of_user_message,logic_access_033,12,26,all_conditions_pooled,0,1,122.89901389692704,0
overall_harmful,end_of_user_message,logic_eligibility_034,13,26,all_conditions_pooled,0,0,-40.35906513512176,0
overall_harmful,end_of_user_message,logic_eligibility_034,13,26,all_conditions_pooled,0,0,-238.28956030887088,0
overall_harmful,end_of_user_message,logic_eligibility_034,13,26,all_conditions_pooled,0,1,149.44971704372878,0
overall_harmful,end_of_user_message,logic_shipping_035,14,26,all_conditions_pooled,0,0,-479.4240957910371,0
overall_harmful,end_of_user_message,logic_shipping_035,14,26,all_conditions_pooled,0,0,-144.00984618321507,0
overall_harmful,end_of_user_message,logic_shipping_035,14,26,all_conditions_pooled,0,0,-457.1669424892691,1
overall_harmful,end_of_user_message,logic_tournament_036,15,26,all_conditions_pooled,0,1,183.85576027764148,0
overall_harmful,end_of_user_message,logic_tournament_036,15,26,all_conditions_pooled,0,0,-81.9108535746304,0
overall_harmful,end_of_user_message,logic_tournament_036,15,26,all_conditions_pooled,0,1,358.3365372284941,0
overall_harmful,end_of_user_message,policy_lab_access_002,16,26,all_conditions_pooled,0,1,9.718542502788154,0
overall_harmful,end_of_user_message,policy_lab_access_002,16,26,all_conditions_pooled,0,0,-256.2000415740149,0
overall_harmful,end_of_user_message,policy_lab_access_002,16,26,all_conditions_pooled,0,1,121.00851459428156,0
overall_harmful,end_of_user_message,policy_library_checkout_003,17,26,all_conditions_pooled,0,1,11.95599395438456,0
overall_harmful,end_of_user_message,policy_library_checkout_003,17,26,all_conditions_pooled,0,0,-75.18903820594048,0
overall_harmful,end_of_user_message,policy_library_checkout_003,17,26,all_conditions_pooled,0,1,81.62496980493516,0
overall_harmful,end_of_user_message,policy_lunch_pass_001,18,26,all_conditions_pooled,0,0,-25.69499435744248,0
overall_harmful,end_of_user_message,policy_lunch_pass_001,18,26,all_conditions_pooled,0,0,-294.40865790082216,0
overall_harmful,end_of_user_message,policy_lunch_pass_001,18,26,all_conditions_pooled,0,1,192.20619282688452,0
overall_harmful,end_of_user_message,policy_rec_center_004,19,26,all_conditions_pooled,0,0,-416.3027526801145,1
overall_harmful,end_of_user_message,policy_rec_center_004,19,26,all_conditions_pooled,0,0,-244.21955730840077,0
overall_harmful,end_of_user_message,policy_rec_center_004,19,26,all_conditions_pooled,0,0,-139.35670185222145,0
overall_harmful,end_of_user_message,product_specs_025,20,26,all_conditions_pooled,0,0,-250.9210427513869,0
overall_harmful,end_of_user_message,product_specs_025,20,26,all_conditions_pooled,0,0,-356.8221382360857,0
overall_harmful,end_of_user_message,product_specs_025,20,26,all_conditions_pooled,0,0,-32.45384341140192,0
overall_harmful,end_of_user_message,product_specs_026,21,26,all_conditions_pooled,0,0,-124.94373739398557,0
overall_harmful,end_of_user_message,product_specs_026,21,26,all_conditions_pooled,0,0,-209.36335039708246,0
overall_harmful,end_of_user_message,product_specs_026,21,26,all_conditions_pooled,0,1,21.472593379323698,0
overall_harmful,end_of_user_message,product_specs_027,22,26,all_conditions_pooled,0,0,-172.73642731875245,0
overall_harmful,end_of_user_message,product_specs_027,22,26,all_conditions_pooled,0,0,-343.94235311943606,0
overall_harmful,end_of_user_message,product_specs_027,22,26,all_conditions_pooled,0,1,13.003504696217604,0
overall_harmful,end_of_user_message,product_specs_028,23,26,all_conditions_pooled,0,0,-5.8141683224888325,0
overall_harmful,end_of_user_message,product_specs_028,23,26,all_conditions_pooled,0,0,-191.8977725735822,0
overall_harmful,end_of_user_message,product_specs_028,23,26,all_conditions_pooled,0,1,160.52778653872292,0
overall_harmful,end_of_user_message,schedule_clinic_011,24,26,all_conditions_pooled,0,1,55.247318204477054,0
overall_harmful,end_of_user_message,schedule_clinic_011,24,26,all_conditions_pooled,0,0,-262.54839080485544,0
overall_harmful,end_of_user_message,schedule_clinic_011,24,26,all_conditions_pooled,0,1,252.48608262382277,0
overall_harmful,end_of_user_message,schedule_exam_010,25,26,all_conditions_pooled,0,0,-161.93185277837512,0
overall_harmful,end_of_user_message,schedule_exam_010,25,26,all_conditions_pooled,0,0,-88.05527952803538,0
overall_harmful,end_of_user_message,schedule_exam_010,25,26,all_conditions_pooled,0,0,-62.96586110967657,1
overall_harmful,end_of_user_message,schedule_train_009,26,26,all_conditions_pooled,0,0,-217.94844246744498,0
overall_harmful,end_of_user_message,schedule_train_009,26,26,all_conditions_pooled,0,0,-296.71670531552445,0
overall_harmful,end_of_user_message,schedule_train_009,26,26,all_conditions_pooled,0,1,23.27246399958574,0
overall_harmful,end_of_user_message,schedule_workshop_012,27,26,all_conditions_pooled,0,1,155.21697787059603,0
overall_harmful,end_of_user_message,schedule_workshop_012,27,26,all_conditions_pooled,0,0,-187.42060279401682,0
overall_harmful,end_of_user_message,schedule_workshop_012,27,26,all_conditions_pooled,0,1,331.81520446685784,0
overall_harmful,end_of_user_message,science_battery_016,28,26,all_conditions_pooled,0,0,-137.9673584453572,0
overall_harmful,end_of_user_message,science_battery_016,28,26,all_conditions_pooled,0,0,-275.01549910123276,0
overall_harmful,end_of_user_message,science_battery_016,28,26,all_conditions_pooled,0,1,78.72267161261053,0
overall_harmful,end_of_user_message,science_mineral_014,29,26,all_conditions_pooled,0,1,45.663418177996206,0
overall_harmful,end_of_user_message,science_mineral_014,29,26,all_conditions_pooled,0,0,-389.5829940640523,0
overall_harmful,end_of_user_message,science_mineral_014,29,26,all_conditions_pooled,0,1,295.1569128115117,0
overall_harmful,end_of_user_message,science_plant_013,30,26,all_conditions_pooled,0,0,-181.94902702062384,0
overall_harmful,end_of_user_message,science_plant_013,30,26,all_conditions_pooled,0,0,-378.44764348988326,0
overall_harmful,end_of_user_message,science_plant_013,30,26,all_conditions_pooled,0,1,23.32166364938918,0
overall_harmful,end_of_user_message,science_weather_015,31,26,all_conditions_pooled,0,1,402.47957126995533,0
overall_harmful,end_of_user_message,science_weather_015,31,26,all_conditions_pooled,0,0,-68.55428452953691,0
overall_harmful,end_of_user_message,science_weather_015,31,26,all_conditions_pooled,0,1,723.5803982273812,0
overall_harmful,end_of_user_message,technical_api_022,32,26,all_conditions_pooled,0,1,33.21333042431419,0
overall_harmful,end_of_user_message,technical_api_022,32,26,all_conditions_pooled,0,0,-172.86933045125656,0
overall_harmful,end_of_user_message,technical_api_022,32,26,all_conditions_pooled,0,1,86.21940373729143,0
overall_harmful,end_of_user_message,technical_backup_023,33,26,all_conditions_pooled,0,1,59.26611811770516,0
overall_harmful,end_of_user_message,technical_backup_023,33,26,all_conditions_pooled,0,0,-259.2117939683439,0
overall_harmful,end_of_user_message,technical_backup_023,33,26,all_conditions_pooled,0,1,196.22992401375188,0
overall_harmful,end_of_user_message,technical_config_021,34,26,all_conditions_pooled,0,0,-100.23402224732433,0
overall_harmful,end_of_user_message,technical_config_021,34,26,all_conditions_pooled,0,0,-230.42239949382278,0
overall_harmful,end_of_user_message,technical_config_021,34,26,all_conditions_pooled,0,1,42.8706842263488,0
overall_harmful,end_of_user_message,technical_feature_flag_024,35,26,all_conditions_pooled,0,1,16.023730187223492,0
overall_harmful,end_of_user_message,technical_feature_flag_024,35,26,all_conditions_pooled,0,0,-368.80364621552496,0
overall_harmful,end_of_user_message,technical_feature_flag_024,35,26,all_conditions_pooled,0,1,171.34326940268392,0
overall_harmful,end_of_user_message,academic_attendance_019,0,27,all_conditions_pooled,0,1,591.5011188706658,0
overall_harmful,end_of_user_message,academic_attendance_019,0,27,all_conditions_pooled,0,0,-750.3216785597924,1
overall_harmful,end_of_user_message,academic_attendance_019,0,27,all_conditions_pooled,0,1,897.90852161865,0
overall_harmful,end_of_user_message,academic_grading_018,1,27,all_conditions_pooled,0,1,149.74442830401665,0
overall_harmful,end_of_user_message,academic_grading_018,1,27,all_conditions_pooled,0,1,25.690191106040047,0
overall_harmful,end_of_user_message,academic_grading_018,1,27,all_conditions_pooled,0,1,277.04146747062936,0
overall_harmful,end_of_user_message,academic_latework_020,2,27,all_conditions_pooled,0,1,52.28074279822883,0
overall_harmful,end_of_user_message,academic_latework_020,2,27,all_conditions_pooled,0,0,-48.837975194992566,0
overall_harmful,end_of_user_message,academic_latework_020,2,27,all_conditions_pooled,0,1,258.7315753576974,0
overall_harmful,end_of_user_message,academic_prereq_017,3,27,all_conditions_pooled,0,0,-36.32219922807175,0
overall_harmful,end_of_user_message,academic_prereq_017,3,27,all_conditions_pooled,0,0,-303.7254313473178,0
overall_harmful,end_of_user_message,academic_prereq_017,3,27,all_conditions_pooled,0,1,54.873429461939594,0
overall_harmful,end_of_user_message,contract_rental_029,4,27,all_conditions_pooled,0,1,23.838569475894964,0
overall_harmful,end_of_user_message,contract_rental_029,4,27,all_conditions_pooled,0,0,-307.91736014598166,0
overall_harmful,end_of_user_message,contract_rental_029,4,27,all_conditions_pooled,0,1,169.6387469901059,0
overall_harmful,end_of_user_message,contract_service_030,5,27,all_conditions_pooled,0,1,86.64579988043052,0
overall_harmful,end_of_user_message,contract_service_030,5,27,all_conditions_pooled,0,0,-212.7288755500735,0
overall_harmful,end_of_user_message,contract_service_030,5,27,all_conditions_pooled,0,1,127.47211456630455,0
overall_harmful,end_of_user_message,contract_ticket_032,6,27,all_conditions_pooled,0,1,154.57253806080246,0
overall_harmful,end_of_user_message,contract_ticket_032,6,27,all_conditions_pooled,0,0,-187.11433806978545,0
overall_harmful,end_of_user_message,contract_ticket_032,6,27,all_conditions_pooled,0,1,207.32912744252013,0
overall_harmful,end_of_user_message,contract_warranty_031,7,27,all_conditions_pooled,0,1,243.0348906620111,0
overall_harmful,end_of_user_message,contract_warranty_031,7,27,all_conditions_pooled,0,0,-216.683822821945,0
overall_harmful,end_of_user_message,contract_warranty_031,7,27,all_conditions_pooled,0,1,419.8990056220257,0
overall_harmful,end_of_user_message,finance_budget_007,8,27,all_conditions_pooled,0,1,3.669573647734847,0
overall_harmful,end_of_user_message,finance_budget_007,8,27,all_conditions_pooled,0,0,-235.71843831310684,0
overall_harmful,end_of_user_message,finance_budget_007,8,27,all_conditions_pooled,0,1,77.70358895511683,0
overall_harmful,end_of_user_message,finance_coupon_006,9,27,all_conditions_pooled,0,0,-92.96474088891878,0
overall_harmful,end_of_user_message,finance_coupon_006,9,27,all_conditions_pooled,0,0,-241.9060683017854,0
overall_harmful,end_of_user_message,finance_coupon_006,9,27,all_conditions_pooled,0,0,-2.6503106142732946,0
overall_harmful,end_of_user_message,finance_membership_008,10,27,all_conditions_pooled,0,1,50.77470292624896,0
overall_harmful,end_of_user_message,finance_membership_008,10,27,all_conditions_pooled,0,0,-94.03199821801716,0
overall_harmful,end_of_user_message,finance_membership_008,10,27,all_conditions_pooled,0,1,198.5392832621954,0
overall_harmful,end_of_user_message,finance_refund_005,11,27,all_conditions_pooled,0,1,126.27969197256357,0
overall_harmful,end_of_user_message,finance_refund_005,11,27,all_conditions_pooled,0,0,-101.1474443479388,0
overall_harmful,end_of_user_message,finance_refund_005,11,27,all_conditions_pooled,0,1,305.650537619235,0
overall_harmful,end_of_user_message,logic_access_033,12,27,all_conditions_pooled,0,0,-67.68712173007124,0
overall_harmful,end_of_user_message,logic_access_033,12,27,all_conditions_pooled,0,0,-408.86763849627675,0
overall_harmful,end_of_user_message,logic_access_033,12,27,all_conditions_pooled,0,1,116.51051327225056,0
overall_harmful,end_of_user_message,logic_eligibility_034,13,27,all_conditions_pooled,0,0,-28.680649795629673,0
overall_harmful,end_of_user_message,logic_eligibility_034,13,27,all_conditions_pooled,0,0,-248.9412652427354,0
overall_harmful,end_of_user_message,logic_eligibility_034,13,27,all_conditions_pooled,0,1,139.23882102309915,0
overall_harmful,end_of_user_message,logic_shipping_035,14,27,all_conditions_pooled,0,0,-507.5354299993053,0
overall_harmful,end_of_user_message,logic_shipping_035,14,27,all_conditions_pooled,0,0,-132.65880012279644,0
overall_harmful,end_of_user_message,logic_shipping_035,14,27,all_conditions_pooled,0,0,-493.6718942238435,1
overall_harmful,end_of_user_message,logic_tournament_036,15,27,all_conditions_pooled,0,1,227.15880910875114,0
overall_harmful,end_of_user_message,logic_tournament_036,15,27,all_conditions_pooled,0,0,-135.18204473479057,0
overall_harmful,end_of_user_message,logic_tournament_036,15,27,all_conditions_pooled,0,1,384.99238949834887,0
overall_harmful,end_of_user_message,policy_lab_access_002,16,27,all_conditions_pooled,0,0,-21.45776050559328,0
overall_harmful,end_of_user_message,policy_lab_access_002,16,27,all_conditions_pooled,0,0,-273.4350563030214,0
overall_harmful,end_of_user_message,policy_lab_access_002,16,27,all_conditions_pooled,0,1,82.78559369742983,0
overall_harmful,end_of_user_message,policy_library_checkout_003,17,27,all_conditions_pooled,0,0,-8.17575469321904,0
overall_harmful,end_of_user_message,policy_library_checkout_003,17,27,all_conditions_pooled,0,0,-110.27592998592424,0
overall_harmful,end_of_user_message,policy_library_checkout_003,17,27,all_conditions_pooled,0,1,38.376112984081935,0
overall_harmful,end_of_user_message,policy_lunch_pass_001,18,27,all_conditions_pooled,0,0,-46.69838479642781,0
overall_harmful,end_of_user_message,policy_lunch_pass_001,18,27,all_conditions_pooled,0,0,-310.53498465564445,0
overall_harmful,end_of_user_message,policy_lunch_pass_001,18,27,all_conditions_pooled,0,1,143.36257917717046,0
overall_harmful,end_of_user_message,policy_rec_center_004,19,27,all_conditions_pooled,0,0,-398.494453789213,1
overall_harmful,end_of_user_message,policy_rec_center_004,19,27,all_conditions_pooled,0,0,-280.99079834041856,0
overall_harmful,end_of_user_message,policy_rec_center_004,19,27,all_conditions_pooled,0,0,-108.48473406912183,0
overall_harmful,end_of_user_message,product_specs_025,20,27,all_conditions_pooled,0,0,-245.5063246768033,0
overall_harmful,end_of_user_message,product_specs_025,20,27,all_conditions_pooled,0,0,-370.8155162927594,0
overall_harmful,end_of_user_message,product_specs_025,20,27,all_conditions_pooled,0,0,-13.186009983126555,0
overall_harmful,end_of_user_message,product_specs_026,21,27,all_conditions_pooled,0,0,-67.42155981838043,0
overall_harmful,end_of_user_message,product_specs_026,21,27,all_conditions_pooled,0,0,-213.87544264253034,0
overall_harmful,end_of_user_message,product_specs_026,21,27,all_conditions_pooled,0,1,73.08820685188383,0
overall_harmful,end_of_user_message,product_specs_027,22,27,all_conditions_pooled,0,0,-150.41314411897443,0
overall_harmful,end_of_user_message,product_specs_027,22,27,all_conditions_pooled,0,0,-363.2823380386674,0
overall_harmful,end_of_user_message,product_specs_027,22,27,all_conditions_pooled,0,1,19.1199452111183,0
overall_harmful,end_of_user_message,product_specs_028,23,27,all_conditions_pooled,0,1,55.29775802741389,0
overall_harmful,end_of_user_message,product_specs_028,23,27,all_conditions_pooled,0,0,-174.01620696984034,0
overall_harmful,end_of_user_message,product_specs_028,23,27,all_conditions_pooled,0,1,213.73260544670367,0
overall_harmful,end_of_user_message,schedule_clinic_011,24,27,all_conditions_pooled,0,1,96.90765133701242,0
overall_harmful,end_of_user_message,schedule_clinic_011,24,27,all_conditions_pooled,0,0,-286.06364643411894,0
overall_harmful,end_of_user_message,schedule_clinic_011,24,27,all_conditions_pooled,0,1,250.73270213017918,0
overall_harmful,end_of_user_message,schedule_exam_010,25,27,all_conditions_pooled,0,0,-126.6254104666762,0
overall_harmful,end_of_user_message,schedule_exam_010,25,27,all_conditions_pooled,0,0,-142.6562527311233,0
overall_harmful,end_of_user_message,schedule_exam_010,25,27,all_conditions_pooled,0,0,-64.14880296493801,1
overall_harmful,end_of_user_message,schedule_train_009,26,27,all_conditions_pooled,0,0,-210.52279179523867,0
overall_harmful,end_of_user_message,schedule_train_009,26,27,all_conditions_pooled,0,0,-352.2275153878992,0
overall_harmful,end_of_user_message,schedule_train_009,26,27,all_conditions_pooled,0,1,1.8548492083859713,0
overall_harmful,end_of_user_message,schedule_workshop_012,27,27,all_conditions_pooled,0,1,207.3847309164522,0
overall_harmful,end_of_user_message,schedule_workshop_012,27,27,all_conditions_pooled,0,0,-183.44612649694184,0
overall_harmful,end_of_user_message,schedule_workshop_012,27,27,all_conditions_pooled,0,1,324.09289398052056,0
overall_harmful,end_of_user_message,science_battery_016,28,27,all_conditions_pooled,0,0,-106.4307674081801,0
overall_harmful,end_of_user_message,science_battery_016,28,27,all_conditions_pooled,0,0,-281.5136848387384,0
overall_harmful,end_of_user_message,science_battery_016,28,27,all_conditions_pooled,0,1,111.75016093429417,0
overall_harmful,end_of_user_message,science_mineral_014,29,27,all_conditions_pooled,0,1,18.64859031141684,0
overall_harmful,end_of_user_message,science_mineral_014,29,27,all_conditions_pooled,0,0,-402.32179759847935,0
overall_harmful,end_of_user_message,science_mineral_014,29,27,all_conditions_pooled,0,1,253.1973913862049,0
overall_harmful,end_of_user_message,science_plant_013,30,27,all_conditions_pooled,0,0,-155.06238780434805,0
overall_harmful,end_of_user_message,science_plant_013,30,27,all_conditions_pooled,0,0,-392.2189678693567,0
overall_harmful,end_of_user_message,science_plant_013,30,27,all_conditions_pooled,0,1,52.21167881862851,0
overall_harmful,end_of_user_message,science_weather_015,31,27,all_conditions_pooled,0,1,495.0462375504428,0
overall_harmful,end_of_user_message,science_weather_015,31,27,all_conditions_pooled,0,0,-105.2220618387924,0
overall_harmful,end_of_user_message,science_weather_015,31,27,all_conditions_pooled,0,1,774.7844725027827,0
overall_harmful,end_of_user_message,technical_api_022,32,27,all_conditions_pooled,0,1,108.85726903860987,0
overall_harmful,end_of_user_message,technical_api_022,32,27,all_conditions_pooled,0,0,-189.04859950761124,0
overall_harmful,end_of_user_message,technical_api_022,32,27,all_conditions_pooled,0,1,124.9344250952704,0
overall_harmful,end_of_user_message,technical_backup_023,33,27,all_conditions_pooled,0,1,52.404295797625,0
overall_harmful,end_of_user_message,technical_backup_023,33,27,all_conditions_pooled,0,0,-308.04778691556714,0
overall_harmful,end_of_user_message,technical_backup_023,33,27,all_conditions_pooled,0,1,163.16786934754273,0
overall_harmful,end_of_user_message,technical_config_021,34,27,all_conditions_pooled,0,0,-15.496991505299803,0
overall_harmful,end_of_user_message,technical_config_021,34,27,all_conditions_pooled,0,0,-242.68429135933104,0
overall_harmful,end_of_user_message,technical_config_021,34,27,all_conditions_pooled,0,1,58.8558006108578,0
overall_harmful,end_of_user_message,technical_feature_flag_024,35,27,all_conditions_pooled,0,1,60.428964282592716,0
overall_harmful,end_of_user_message,technical_feature_flag_024,35,27,all_conditions_pooled,0,0,-395.8444287232198,0
overall_harmful,end_of_user_message,technical_feature_flag_024,35,27,all_conditions_pooled,0,1,177.9048453708296,0
overall_harmful,end_of_user_message,academic_attendance_019,0,28,all_conditions_pooled,0,1,460.43977764180227,0
overall_harmful,end_of_user_message,academic_attendance_019,0,28,all_conditions_pooled,0,0,-706.0129585294336,1
overall_harmful,end_of_user_message,academic_attendance_019,0,28,all_conditions_pooled,0,1,777.3470842026604,0
overall_harmful,end_of_user_message,academic_grading_018,1,28,all_conditions_pooled,0,1,90.19107602841751,0
overall_harmful,end_of_user_message,academic_grading_018,1,28,all_conditions_pooled,0,1,19.39771602951376,0
overall_harmful,end_of_user_message,academic_grading_018,1,28,all_conditions_pooled,0,1,233.58470167008554,0
overall_harmful,end_of_user_message,academic_latework_020,2,28,all_conditions_pooled,0,1,41.14973091635565,0
overall_harmful,end_of_user_message,academic_latework_020,2,28,all_conditions_pooled,0,0,-21.61600537408508,0
overall_harmful,end_of_user_message,academic_latework_020,2,28,all_conditions_pooled,0,1,259.85440539672834,0
overall_harmful,end_of_user_message,academic_prereq_017,3,28,all_conditions_pooled,0,0,-51.56436208603301,0
overall_harmful,end_of_user_message,academic_prereq_017,3,28,all_conditions_pooled,0,0,-280.8427474083125,0
overall_harmful,end_of_user_message,academic_prereq_017,3,28,all_conditions_pooled,0,1,47.79899944552355,0
overall_harmful,end_of_user_message,contract_rental_029,4,28,all_conditions_pooled,0,1,7.995936452445182,0
overall_harmful,end_of_user_message,contract_rental_029,4,28,all_conditions_pooled,0,0,-266.8264047000172,0
overall_harmful,end_of_user_message,contract_rental_029,4,28,all_conditions_pooled,0,1,166.78690813964445,0
overall_harmful,end_of_user_message,contract_service_030,5,28,all_conditions_pooled,0,1,78.43236027539041,0
overall_harmful,end_of_user_message,contract_service_030,5,28,all_conditions_pooled,0,0,-189.01128812567708,0
overall_harmful,end_of_user_message,contract_service_030,5,28,all_conditions_pooled,0,1,133.31052003925896,0
overall_harmful,end_of_user_message,contract_ticket_032,6,28,all_conditions_pooled,0,1,92.86980933062141,0
overall_harmful,end_of_user_message,contract_ticket_032,6,28,all_conditions_pooled,0,0,-234.51718705635602,0
overall_harmful,end_of_user_message,contract_ticket_032,6,28,all_conditions_pooled,0,1,145.4667972237321,0
overall_harmful,end_of_user_message,contract_warranty_031,7,28,all_conditions_pooled,0,1,213.38036903218224,0
overall_harmful,end_of_user_message,contract_warranty_031,7,28,all_conditions_pooled,0,0,-206.72804626958208,0
overall_harmful,end_of_user_message,contract_warranty_031,7,28,all_conditions_pooled,0,1,407.843817280455,0
overall_harmful,end_of_user_message,finance_budget_007,8,28,all_conditions_pooled,0,0,-58.291002591060675,0
overall_harmful,end_of_user_message,finance_budget_007,8,28,all_conditions_pooled,0,0,-237.38784252077406,0
overall_harmful,end_of_user_message,finance_budget_007,8,28,all_conditions_pooled,0,1,31.32353523288829,0
overall_harmful,end_of_user_message,finance_coupon_006,9,28,all_conditions_pooled,0,0,-90.7351640807867,0
overall_harmful,end_of_user_message,finance_coupon_006,9,28,all_conditions_pooled,0,0,-235.5496506682449,0
overall_harmful,end_of_user_message,finance_coupon_006,9,28,all_conditions_pooled,0,1,6.851602279590956,0
overall_harmful,end_of_user_message,finance_membership_008,10,28,all_conditions_pooled,0,1,7.1144222858095425,0
overall_harmful,end_of_user_message,finance_membership_008,10,28,all_conditions_pooled,0,0,-72.09611494848151,0
overall_harmful,end_of_user_message,finance_membership_008,10,28,all_conditions_pooled,0,1,174.5259148573499,0
overall_harmful,end_of_user_message,finance_refund_005,11,28,all_conditions_pooled,0,1,98.7732258218041,0
overall_harmful,end_of_user_message,finance_refund_005,11,28,all_conditions_pooled,0,0,-85.1517539904297,0
overall_harmful,end_of_user_message,finance_refund_005,11,28,all_conditions_pooled,0,1,277.547485405909,0
overall_harmful,end_of_user_message,logic_access_033,12,28,all_conditions_pooled,0,0,-31.382973169092644,0
overall_harmful,end_of_user_message,logic_access_033,12,28,all_conditions_pooled,0,0,-373.5742342332479,0
overall_harmful,end_of_user_message,logic_access_033,12,28,all_conditions_pooled,0,1,139.1202229392099,0
overall_harmful,end_of_user_message,logic_eligibility_034,13,28,all_conditions_pooled,0,0,-16.681411144193863,0
overall_harmful,end_of_user_message,logic_eligibility_034,13,28,all_conditions_pooled,0,0,-209.72579989408212,0
overall_harmful,end_of_user_message,logic_eligibility_034,13,28,all_conditions_pooled,0,1,146.23199359840157,0
overall_harmful,end_of_user_message,logic_shipping_035,14,28,all_conditions_pooled,0,0,-571.9313953173651,0
overall_harmful,end_of_user_message,logic_shipping_035,14,28,all_conditions_pooled,0,0,-75.69288132397892,0
overall_harmful,end_of_user_message,logic_shipping_035,14,28,all_conditions_pooled,0,0,-516.3975427964823,1
overall_harmful,end_of_user_message,logic_tournament_036,15,28,all_conditions_pooled,0,1,250.6332635795941,0
overall_harmful,end_of_user_message,logic_tournament_036,15,28,all_conditions_pooled,0,0,-65.0637546817947,0
overall_harmful,end_of_user_message,logic_tournament_036,15,28,all_conditions_pooled,0,1,400.7645582033015,0
overall_harmful,end_of_user_message,policy_lab_access_002,16,28,all_conditions_pooled,0,0,-53.37012130333763,0
overall_harmful,end_of_user_message,policy_lab_access_002,16,28,all_conditions_pooled,0,0,-269.18705591627463,0
overall_harmful,end_of_user_message,policy_lab_access_002,16,28,all_conditions_pooled,0,1,65.62360347273349,0
overall_harmful,end_of_user_message,policy_library_checkout_003,17,28,all_conditions_pooled,0,0,-38.9355596584433,0
overall_harmful,end_of_user_message,policy_library_checkout_003,17,28,all_conditions_pooled,0,0,-96.05246539944211,0
overall_harmful,end_of_user_message,policy_library_checkout_003,17,28,all_conditions_pooled,0,1,28.12833210919203,0
overall_harmful,end_of_user_message,policy_lunch_pass_001,18,28,all_conditions_pooled,0,0,-66.67133448379163,0
overall_harmful,end_of_user_message,policy_lunch_pass_001,18,28,all_conditions_pooled,0,0,-306.67704257795856,0
overall_harmful,end_of_user_message,policy_lunch_pass_001,18,28,all_conditions_pooled,0,1,142.11198183055942,0
overall_harmful,end_of_user_message,policy_rec_center_004,19,28,all_conditions_pooled,0,0,-411.47210776190053,1
overall_harmful,end_of_user_message,policy_rec_center_004,19,28,all_conditions_pooled,0,0,-344.176509681985,0
overall_harmful,end_of_user_message,policy_rec_center_004,19,28,all_conditions_pooled,0,0,-120.52445569766681,0
overall_harmful,end_of_user_message,product_specs_025,20,28,all_conditions_pooled,0,0,-254.11053648294097,0
overall_harmful,end_of_user_message,product_specs_025,20,28,all_conditions_pooled,0,0,-322.16706206356344,0
overall_harmful,end_of_user_message,product_specs_025,20,28,all_conditions_pooled,0,0,-9.610608459216433,0
overall_harmful,end_of_user_message,product_specs_026,21,28,all_conditions_pooled,0,0,-104.87638683351373,0
overall_harmful,end_of_user_message,product_specs_026,21,28,all_conditions_pooled,0,0,-187.28234527852567,0
overall_harmful,end_of_user_message,product_specs_026,21,28,all_conditions_pooled,0,1,47.39190784180495,0
overall_harmful,end_of_user_message,product_specs_027,22,28,all_conditions_pooled,0,0,-153.77969088415236,0
overall_harmful,end_of_user_message,product_specs_027,22,28,all_conditions_pooled,0,0,-325.49620592126826,0
overall_harmful,end_of_user_message,product_specs_027,22,28,all_conditions_pooled,0,1,29.220438734773516,0
overall_harmful,end_of_user_message,product_specs_028,23,28,all_conditions_pooled,0,1,28.273546567675922,0
overall_harmful,end_of_user_message,product_specs_028,23,28,all_conditions_pooled,0,0,-143.13371958615554,0
overall_harmful,end_of_user_message,product_specs_028,23,28,all_conditions_pooled,0,1,196.39697482661998,0
overall_harmful,end_of_user_message,schedule_clinic_011,24,28,all_conditions_pooled,0,1,59.13505731519665,0
overall_harmful,end_of_user_message,schedule_clinic_011,24,28,all_conditions_pooled,0,0,-265.5385989150903,0
overall_harmful,end_of_user_message,schedule_clinic_011,24,28,all_conditions_pooled,0,1,222.13964748113702,0
overall_harmful,end_of_user_message,schedule_exam_010,25,28,all_conditions_pooled,0,0,-147.77915307109564,0
overall_harmful,end_of_user_message,schedule_exam_010,25,28,all_conditions_pooled,0,0,-109.87165364413704,0
overall_harmful,end_of_user_message,schedule_exam_010,25,28,all_conditions_pooled,0,0,-80.90182930927048,1
overall_harmful,end_of_user_message,schedule_train_009,26,28,all_conditions_pooled,0,0,-224.79562961474323,0
overall_harmful,end_of_user_message,schedule_train_009,26,28,all_conditions_pooled,0,0,-279.21846464949164,0
overall_harmful,end_of_user_message,schedule_train_009,26,28,all_conditions_pooled,0,1,7.08480285913209,0
overall_harmful,end_of_user_message,schedule_workshop_012,27,28,all_conditions_pooled,0,1,153.41389906736694,0
overall_harmful,end_of_user_message,schedule_workshop_012,27,28,all_conditions_pooled,0,0,-204.07259884127257,0
overall_harmful,end_of_user_message,schedule_workshop_012,27,28,all_conditions_pooled,0,1,284.97765610585986,0
overall_harmful,end_of_user_message,science_battery_016,28,28,all_conditions_pooled,0,0,-55.61771958016781,0
overall_harmful,end_of_user_message,science_battery_016,28,28,all_conditions_pooled,0,0,-205.37392687513184,0
overall_harmful,end_of_user_message,science_battery_016,28,28,all_conditions_pooled,0,1,167.49756713894715,0
overall_harmful,end_of_user_message,science_mineral_014,29,28,all_conditions_pooled,0,1,60.48135594963925,0
overall_harmful,end_of_user_message,science_mineral_014,29,28,all_conditions_pooled,0,0,-369.2596665480829,0
overall_harmful,end_of_user_message,science_mineral_014,29,28,all_conditions_pooled,0,1,311.1762040222512,0
overall_harmful,end_of_user_message,science_plant_013,30,28,all_conditions_pooled,0,0,-87.01877376402092,0
overall_harmful,end_of_user_message,science_plant_013,30,28,all_conditions_pooled,0,0,-291.3041115152053,0
overall_harmful,end_of_user_message,science_plant_013,30,28,all_conditions_pooled,0,1,117.45950328680595,0
overall_harmful,end_of_user_message,science_weather_015,31,28,all_conditions_pooled,0,1,484.434392551159,0
overall_harmful,end_of_user_message,science_weather_015,31,28,all_conditions_pooled,0,0,-29.76779815077974,0
overall_harmful,end_of_user_message,science_weather_015,31,28,all_conditions_pooled,0,1,753.8185120506935,0
overall_harmful,end_of_user_message,technical_api_022,32,28,all_conditions_pooled,0,1,103.90109091818876,0
overall_harmful,end_of_user_message,technical_api_022,32,28,all_conditions_pooled,0,0,-156.45409704763648,0
overall_harmful,end_of_user_message,technical_api_022,32,28,all_conditions_pooled,0,1,146.50986939858365,0
overall_harmful,end_of_user_message,technical_backup_023,33,28,all_conditions_pooled,0,0,-3.6828414373485927,0
overall_harmful,end_of_user_message,technical_backup_023,33,28,all_conditions_pooled,0,0,-303.22722197244923,0
overall_harmful,end_of_user_message,technical_backup_023,33,28,all_conditions_pooled,0,1,126.13273260007134,0
overall_harmful,end_of_user_message,technical_config_021,34,28,all_conditions_pooled,0,0,-40.6845521082007,0
overall_harmful,end_of_user_message,technical_config_021,34,28,all_conditions_pooled,0,0,-211.1803772841192,0
overall_harmful,end_of_user_message,technical_config_021,34,28,all_conditions_pooled,0,1,47.59468854980378,0
overall_harmful,end_of_user_message,technical_feature_flag_024,35,28,all_conditions_pooled,0,1,59.89384813797061,0
overall_harmful,end_of_user_message,technical_feature_flag_024,35,28,all_conditions_pooled,0,0,-354.1778368338688,0
overall_harmful,end_of_user_message,technical_feature_flag_024,35,28,all_conditions_pooled,0,1,196.1161562030509,0
overall_harmful,end_of_user_message,academic_attendance_019,0,29,all_conditions_pooled,0,1,410.33036627194855,0
overall_harmful,end_of_user_message,academic_attendance_019,0,29,all_conditions_pooled,0,0,-726.5426609041849,1
overall_harmful,end_of_user_message,academic_attendance_019,0,29,all_conditions_pooled,0,1,702.9953866819206,0
overall_harmful,end_of_user_message,academic_grading_018,1,29,all_conditions_pooled,0,1,94.17590602186287,0
overall_harmful,end_of_user_message,academic_grading_018,1,29,all_conditions_pooled,0,1,45.450517016821436,0
overall_harmful,end_of_user_message,academic_grading_018,1,29,all_conditions_pooled,0,1,229.7228434172606,0
overall_harmful,end_of_user_message,academic_latework_020,2,29,all_conditions_pooled,0,1,41.440204904777836,0
overall_harmful,end_of_user_message,academic_latework_020,2,29,all_conditions_pooled,0,0,-9.287789531629706,0
overall_harmful,end_of_user_message,academic_latework_020,2,29,all_conditions_pooled,0,1,242.97853692822747,0
overall_harmful,end_of_user_message,academic_prereq_017,3,29,all_conditions_pooled,0,0,-46.41141366026053,0
overall_harmful,end_of_user_message,academic_prereq_017,3,29,all_conditions_pooled,0,0,-242.67583044305542,0
overall_harmful,end_of_user_message,academic_prereq_017,3,29,all_conditions_pooled,0,1,58.10431365276287,0
overall_harmful,end_of_user_message,contract_rental_029,4,29,all_conditions_pooled,0,1,2.5917328811128115,0
overall_harmful,end_of_user_message,contract_rental_029,4,29,all_conditions_pooled,0,0,-241.48859974613805,0
overall_harmful,end_of_user_message,contract_rental_029,4,29,all_conditions_pooled,0,1,168.2323223654688,0
overall_harmful,end_of_user_message,contract_service_030,5,29,all_conditions_pooled,0,1,55.20137318107304,0
overall_harmful,end_of_user_message,contract_service_030,5,29,all_conditions_pooled,0,0,-169.93729683956644,0
overall_harmful,end_of_user_message,contract_service_030,5,29,all_conditions_pooled,0,1,128.68472949540603,0
overall_harmful,end_of_user_message,contract_ticket_032,6,29,all_conditions_pooled,0,1,73.48080060680678,0
overall_harmful,end_of_user_message,contract_ticket_032,6,29,all_conditions_pooled,0,0,-232.9010861092288,0
overall_harmful,end_of_user_message,contract_ticket_032,6,29,all_conditions_pooled,0,1,124.38982663799959,0
overall_harmful,end_of_user_message,contract_warranty_031,7,29,all_conditions_pooled,0,1,198.66915202176685,0
overall_harmful,end_of_user_message,contract_warranty_031,7,29,all_conditions_pooled,0,0,-189.23344908517188,0
overall_harmful,end_of_user_message,contract_warranty_031,7,29,all_conditions_pooled,0,1,404.84904535281635,0
overall_harmful,end_of_user_message,finance_budget_007,8,29,all_conditions_pooled,0,0,-85.86258283271864,0
overall_harmful,end_of_user_message,finance_budget_007,8,29,all_conditions_pooled,0,0,-222.2438659960953,0
overall_harmful,end_of_user_message,finance_budget_007,8,29,all_conditions_pooled,0,1,11.09256969155632,0
overall_harmful,end_of_user_message,finance_coupon_006,9,29,all_conditions_pooled,0,0,-93.28761673288032,0
overall_harmful,end_of_user_message,finance_coupon_006,9,29,all_conditions_pooled,0,0,-222.10978110056143,0
overall_harmful,end_of_user_message,finance_coupon_006,9,29,all_conditions_pooled,0,1,19.726506806236664,0
overall_harmful,end_of_user_message,finance_membership_008,10,29,all_conditions_pooled,0,1,3.9055073940122362,0
overall_harmful,end_of_user_message,finance_membership_008,10,29,all_conditions_pooled,0,0,-52.877188646890794,0
overall_harmful,end_of_user_message,finance_membership_008,10,29,all_conditions_pooled,0,1,164.73113739237144,0
overall_harmful,end_of_user_message,finance_refund_005,11,29,all_conditions_pooled,0,1,97.74342551603704,0
overall_harmful,end_of_user_message,finance_refund_005,11,29,all_conditions_pooled,0,0,-77.2521837952897,0
overall_harmful,end_of_user_message,finance_refund_005,11,29,all_conditions_pooled,0,1,267.5851103837988,0
overall_harmful,end_of_user_message,logic_access_033,12,29,all_conditions_pooled,0,0,-33.29111809568217,0
overall_harmful,end_of_user_message,logic_access_033,12,29,all_conditions_pooled,0,0,-363.3346620972727,0
overall_harmful,end_of_user_message,logic_access_033,12,29,all_conditions_pooled,0,1,127.60805921580521,0
overall_harmful,end_of_user_message,logic_eligibility_034,13,29,all_conditions_pooled,0,0,-26.24565900553583,0
overall_harmful,end_of_user_message,logic_eligibility_034,13,29,all_conditions_pooled,0,0,-199.0062629332951,0
overall_harmful,end_of_user_message,logic_eligibility_034,13,29,all_conditions_pooled,0,1,124.41131669358003,0
overall_harmful,end_of_user_message,logic_shipping_035,14,29,all_conditions_pooled,0,0,-567.6131952460153,0
overall_harmful,end_of_user_message,logic_shipping_035,14,29,all_conditions_pooled,0,0,-28.93939689999319,0
overall_harmful,end_of_user_message,logic_shipping_035,14,29,all_conditions_pooled,0,0,-488.391319657276,1
overall_harmful,end_of_user_message,logic_tournament_036,15,29,all_conditions_pooled,0,1,197.78063495268333,0
overall_harmful,end_of_user_message,logic_tournament_036,15,29,all_conditions_pooled,0,0,-47.26931208881905,0
overall_harmful,end_of_user_message,logic_tournament_036,15,29,all_conditions_pooled,0,1,339.5327170598273,0
overall_harmful,end_of_user_message,policy_lab_access_002,16,29,all_conditions_pooled,0,0,-32.773719582383116,0
overall_harmful,end_of_user_message,policy_lab_access_002,16,29,all_conditions_pooled,0,0,-236.69139901375752,0
overall_harmful,end_of_user_message,policy_lab_access_002,16,29,all_conditions_pooled,0,1,80.94179489186186,0
overall_harmful,end_of_user_message,policy_library_checkout_003,17,29,all_conditions_pooled,0,0,-21.729135608942517,0
overall_harmful,end_of_user_message,policy_library_checkout_003,17,29,all_conditions_pooled,0,0,-75.81148969057918,0
overall_harmful,end_of_user_message,policy_library_checkout_003,17,29,all_conditions_pooled,0,1,47.45696492056163,0
overall_harmful,end_of_user_message,policy_lunch_pass_001,18,29,all_conditions_pooled,0,0,-33.0898783887785,0
overall_harmful,end_of_user_message,policy_lunch_pass_001,18,29,all_conditions_pooled,0,0,-273.08758263546207,0
overall_harmful,end_of_user_message,policy_lunch_pass_001,18,29,all_conditions_pooled,0,1,171.54805209528553,0
overall_harmful,end_of_user_message,policy_rec_center_004,19,29,all_conditions_pooled,0,0,-366.66959906740607,1
overall_harmful,end_of_user_message,policy_rec_center_004,19,29,all_conditions_pooled,0,0,-323.4736267022044,0
overall_harmful,end_of_user_message,policy_rec_center_004,19,29,all_conditions_pooled,0,0,-67.4746833795704,0
overall_harmful,end_of_user_message,product_specs_025,20,29,all_conditions_pooled,0,0,-250.73040017395903,0
overall_harmful,end_of_user_message,product_specs_025,20,29,all_conditions_pooled,0,0,-292.0896663748366,0
overall_harmful,end_of_user_message,product_specs_025,20,29,all_conditions_pooled,0,0,-15.446973073683871,0
overall_harmful,end_of_user_message,product_specs_026,21,29,all_conditions_pooled,0,0,-118.99468415640487,0
overall_harmful,end_of_user_message,product_specs_026,21,29,all_conditions_pooled,0,0,-163.81610808744028,0
overall_harmful,end_of_user_message,product_specs_026,21,29,all_conditions_pooled,0,1,26.06904292136832,0
overall_harmful,end_of_user_message,product_specs_027,22,29,all_conditions_pooled,0,0,-149.8604494445002,0
overall_harmful,end_of_user_message,product_specs_027,22,29,all_conditions_pooled,0,0,-295.715138860038,0
overall_harmful,end_of_user_message,product_specs_027,22,29,all_conditions_pooled,0,1,37.83402334728623,0
overall_harmful,end_of_user_message,product_specs_028,23,29,all_conditions_pooled,0,1,33.28106706086814,0
overall_harmful,end_of_user_message,product_specs_028,23,29,all_conditions_pooled,0,0,-102.99084813700878,0
overall_harmful,end_of_user_message,product_specs_028,23,29,all_conditions_pooled,0,1,199.24250317587337,0
overall_harmful,end_of_user_message,schedule_clinic_011,24,29,all_conditions_pooled,0,1,63.33133461598139,0
overall_harmful,end_of_user_message,schedule_clinic_011,24,29,all_conditions_pooled,0,0,-232.15375909041944,0
overall_harmful,end_of_user_message,schedule_clinic_011,24,29,all_conditions_pooled,0,1,242.81322543904548,0
overall_harmful,end_of_user_message,schedule_exam_010,25,29,all_conditions_pooled,0,0,-160.66388477865735,0
overall_harmful,end_of_user_message,schedule_exam_010,25,29,all_conditions_pooled,0,0,-92.48096390465355,0
overall_harmful,end_of_user_message,schedule_exam_010,25,29,all_conditions_pooled,0,0,-102.13020387977687,1
overall_harmful,end_of_user_message,schedule_train_009,26,29,all_conditions_pooled,0,0,-263.67830229527453,0
overall_harmful,end_of_user_message,schedule_train_009,26,29,all_conditions_pooled,0,0,-261.11286407352975,0
overall_harmful,end_of_user_message,schedule_train_009,26,29,all_conditions_pooled,0,0,-31.385872102362782,0
overall_harmful,end_of_user_message,schedule_workshop_012,27,29,all_conditions_pooled,0,1,132.64241155808003,0
overall_harmful,end_of_user_message,schedule_workshop_012,27,29,all_conditions_pooled,0,0,-185.1653315047835,0
overall_harmful,end_of_user_message,schedule_workshop_012,27,29,all_conditions_pooled,0,1,268.73706981951835,0
overall_harmful,end_of_user_message,science_battery_016,28,29,all_conditions_pooled,0,0,-25.894404400355878,0
overall_harmful,end_of_user_message,science_battery_016,28,29,all_conditions_pooled,0,0,-173.03249185741322,0
overall_harmful,end_of_user_message,science_battery_016,28,29,all_conditions_pooled,0,1,183.01266000979132,0
overall_harmful,end_of_user_message,science_mineral_014,29,29,all_conditions_pooled,0,1,88.04526651217692,0
overall_harmful,end_of_user_message,science_mineral_014,29,29,all_conditions_pooled,0,0,-327.67940883304834,0
overall_harmful,end_of_user_message,science_mineral_014,29,29,all_conditions_pooled,0,1,326.67619728240913,0
overall_harmful,end_of_user_message,science_plant_013,30,29,all_conditions_pooled,0,0,-58.99790762216264,0
overall_harmful,end_of_user_message,science_plant_013,30,29,all_conditions_pooled,0,0,-265.8845008490731,0
overall_harmful,end_of_user_message,science_plant_013,30,29,all_conditions_pooled,0,1,125.75967138667511,0
overall_harmful,end_of_user_message,science_weather_015,31,29,all_conditions_pooled,0,1,406.9823352809118,0
overall_harmful,end_of_user_message,science_weather_015,31,29,all_conditions_pooled,0,0,-38.888537653877606,0
overall_harmful,end_of_user_message,science_weather_015,31,29,all_conditions_pooled,0,1,660.8275403233171,0
overall_harmful,end_of_user_message,technical_api_022,32,29,all_conditions_pooled,0,1,74.32049358765786,0
overall_harmful,end_of_user_message,technical_api_022,32,29,all_conditions_pooled,0,0,-138.16614139215548,0
overall_harmful,end_of_user_message,technical_api_022,32,29,all_conditions_pooled,0,1,127.73631196719009,0
overall_harmful,end_of_user_message,technical_backup_023,33,29,all_conditions_pooled,0,0,-3.0348505855882024,0
overall_harmful,end_of_user_message,technical_backup_023,33,29,all_conditions_pooled,0,0,-265.6891248715626,0
overall_harmful,end_of_user_message,technical_backup_023,33,29,all_conditions_pooled,0,1,125.8960717316184,0
overall_harmful,end_of_user_message,technical_config_021,34,29,all_conditions_pooled,0,0,-76.5742682190596,0
overall_harmful,end_of_user_message,technical_config_021,34,29,all_conditions_pooled,0,0,-201.9376785371012,0
overall_harmful,end_of_user_message,technical_config_021,34,29,all_conditions_pooled,0,1,30.124418940594637,0
overall_harmful,end_of_user_message,technical_feature_flag_024,35,29,all_conditions_pooled,0,1,24.513980146752765,0
overall_harmful,end_of_user_message,technical_feature_flag_024,35,29,all_conditions_pooled,0,0,-329.45363767431263,0
overall_harmful,end_of_user_message,technical_feature_flag_024,35,29,all_conditions_pooled,0,1,175.80418939759585,0
overall_harmful,end_of_user_message,academic_attendance_019,0,30,all_conditions_pooled,0,1,376.1081526898862,0
overall_harmful,end_of_user_message,academic_attendance_019,0,30,all_conditions_pooled,0,0,-665.7416000718874,1
overall_harmful,end_of_user_message,academic_attendance_019,0,30,all_conditions_pooled,0,1,661.8638680365996,0
overall_harmful,end_of_user_message,academic_grading_018,1,30,all_conditions_pooled,0,1,117.21852748957491,0
overall_harmful,end_of_user_message,academic_grading_018,1,30,all_conditions_pooled,0,1,96.60771549854199,0
overall_harmful,end_of_user_message,academic_grading_018,1,30,all_conditions_pooled,0,1,281.34754043526044,0
overall_harmful,end_of_user_message,academic_latework_020,2,30,all_conditions_pooled,0,1,73.92436723362547,0
overall_harmful,end_of_user_message,academic_latework_020,2,30,all_conditions_pooled,0,1,30.549159533716107,0
overall_harmful,end_of_user_message,academic_latework_020,2,30,all_conditions_pooled,0,1,290.0938967098902,0
overall_harmful,end_of_user_message,academic_prereq_017,3,30,all_conditions_pooled,0,0,-53.05902823754006,0
overall_harmful,end_of_user_message,academic_prereq_017,3,30,all_conditions_pooled,0,0,-219.05188346633858,0
overall_harmful,end_of_user_message,academic_prereq_017,3,30,all_conditions_pooled,0,1,93.2087128198551,0
overall_harmful,end_of_user_message,contract_rental_029,4,30,all_conditions_pooled,0,0,-1.0489216014106333,0
overall_harmful,end_of_user_message,contract_rental_029,4,30,all_conditions_pooled,0,0,-196.93012656228484,0
overall_harmful,end_of_user_message,contract_rental_029,4,30,all_conditions_pooled,0,1,201.8484750213264,0
overall_harmful,end_of_user_message,contract_service_030,5,30,all_conditions_pooled,0,1,10.784786127049003,0
overall_harmful,end_of_user_message,contract_service_030,5,30,all_conditions_pooled,0,0,-179.62481282652976,0
overall_harmful,end_of_user_message,contract_service_030,5,30,all_conditions_pooled,0,1,133.45104277296315,0
overall_harmful,end_of_user_message,contract_ticket_032,6,30,all_conditions_pooled,0,1,53.60211923644617,0
overall_harmful,end_of_user_message,contract_ticket_032,6,30,all_conditions_pooled,0,0,-229.24820191212712,0
overall_harmful,end_of_user_message,contract_ticket_032,6,30,all_conditions_pooled,0,1,139.29820388103212,0
overall_harmful,end_of_user_message,contract_warranty_031,7,30,all_conditions_pooled,0,1,122.23754468326757,0
overall_harmful,end_of_user_message,contract_warranty_031,7,30,all_conditions_pooled,0,0,-205.05842303007444,0
overall_harmful,end_of_user_message,contract_warranty_031,7,30,all_conditions_pooled,0,1,365.58762299040427,0
overall_harmful,end_of_user_message,finance_budget_007,8,30,all_conditions_pooled,0,0,-169.83207616865778,0
overall_harmful,end_of_user_message,finance_budget_007,8,30,all_conditions_pooled,0,0,-213.38551509681145,0
overall_harmful,end_of_user_message,finance_budget_007,8,30,all_conditions_pooled,0,0,-0.8774656788305712,0
overall_harmful,end_of_user_message,finance_coupon_006,9,30,all_conditions_pooled,0,0,-114.06326055911856,0
overall_harmful,end_of_user_message,finance_coupon_006,9,30,all_conditions_pooled,0,0,-225.03212647890962,0
overall_harmful,end_of_user_message,finance_coupon_006,9,30,all_conditions_pooled,0,1,45.35881495387848,0
overall_harmful,end_of_user_message,finance_membership_008,10,30,all_conditions_pooled,0,0,-34.75807591555549,0
overall_harmful,end_of_user_message,finance_membership_008,10,30,all_conditions_pooled,0,0,-21.23802479697112,0
overall_harmful,end_of_user_message,finance_membership_008,10,30,all_conditions_pooled,0,1,176.42264363774916,0
overall_harmful,end_of_user_message,finance_refund_005,11,30,all_conditions_pooled,0,1,86.77800720587231,0
overall_harmful,end_of_user_message,finance_refund_005,11,30,all_conditions_pooled,0,0,-68.67968983283654,0
overall_harmful,end_of_user_message,finance_refund_005,11,30,all_conditions_pooled,0,1,286.4532609230162,0
overall_harmful,end_of_user_message,logic_access_033,12,30,all_conditions_pooled,0,0,-44.02774264451393,0
overall_harmful,end_of_user_message,logic_access_033,12,30,all_conditions_pooled,0,0,-376.0990342157132,0
overall_harmful,end_of_user_message,logic_access_033,12,30,all_conditions_pooled,0,1,137.60019058314828,0
overall_harmful,end_of_user_message,logic_eligibility_034,13,30,all_conditions_pooled,0,0,-44.92468992069282,0
overall_harmful,end_of_user_message,logic_eligibility_034,13,30,all_conditions_pooled,0,0,-188.84809874197936,0
overall_harmful,end_of_user_message,logic_eligibility_034,13,30,all_conditions_pooled,0,1,119.69397718973516,0
overall_harmful,end_of_user_message,logic_shipping_035,14,30,all_conditions_pooled,0,0,-605.3032791245877,0
overall_harmful,end_of_user_message,logic_shipping_035,14,30,all_conditions_pooled,0,0,-25.013000012138065,0
overall_harmful,end_of_user_message,logic_shipping_035,14,30,all_conditions_pooled,0,0,-482.9346191371159,1
overall_harmful,end_of_user_message,logic_tournament_036,15,30,all_conditions_pooled,0,1,148.45658696100918,0
overall_harmful,end_of_user_message,logic_tournament_036,15,30,all_conditions_pooled,0,0,-39.825194086596056,0
overall_harmful,end_of_user_message,logic_tournament_036,15,30,all_conditions_pooled,0,1,302.58916974478916,0
overall_harmful,end_of_user_message,policy_lab_access_002,16,30,all_conditions_pooled,0,0,-16.898315322937787,0
overall_harmful,end_of_user_message,policy_lab_access_002,16,30,all_conditions_pooled,0,0,-188.98949460562437,0
overall_harmful,end_of_user_message,policy_lab_access_002,16,30,all_conditions_pooled,0,1,145.54667697629756,0
overall_harmful,end_of_user_message,policy_library_checkout_003,17,30,all_conditions_pooled,0,0,-16.908553323290683,0
overall_harmful,end_of_user_message,policy_library_checkout_003,17,30,all_conditions_pooled,0,0,-36.16643449402909,0
overall_harmful,end_of_user_message,policy_library_checkout_003,17,30,all_conditions_pooled,0,1,105.09778053262613,0
overall_harmful,end_of_user_message,policy_lunch_pass_001,18,30,all_conditions_pooled,0,0,-32.9812747109232,0
overall_harmful,end_of_user_message,policy_lunch_pass_001,18,30,all_conditions_pooled,0,0,-248.6699053023264,0
overall_harmful,end_of_user_message,policy_lunch_pass_001,18,30,all_conditions_pooled,0,1,219.60873531991882,0
overall_harmful,end_of_user_message,policy_rec_center_004,19,30,all_conditions_pooled,0,0,-365.35730667077553,1
overall_harmful,end_of_user_message,policy_rec_center_004,19,30,all_conditions_pooled,0,0,-324.1423017614445,0
overall_harmful,end_of_user_message,policy_rec_center_004,19,30,all_conditions_pooled,0,0,-34.58227422551295,0
overall_harmful,end_of_user_message,product_specs_025,20,30,all_conditions_pooled,0,0,-283.3825466791019,0
overall_harmful,end_of_user_message,product_specs_025,20,30,all_conditions_pooled,0,0,-280.22412082777976,0
overall_harmful,end_of_user_message,product_specs_025,20,30,all_conditions_pooled,0,0,-25.330824148793482,0
overall_harmful,end_of_user_message,product_specs_026,21,30,all_conditions_pooled,0,0,-195.21641836281867,0
overall_harmful,end_of_user_message,product_specs_026,21,30,all_conditions_pooled,0,0,-142.1755683280508,0
overall_harmful,end_of_user_message,product_specs_026,21,30,all_conditions_pooled,0,1,8.993493729621928,0
overall_harmful,end_of_user_message,product_specs_027,22,30,all_conditions_pooled,0,0,-188.05347380033197,0
overall_harmful,end_of_user_message,product_specs_027,22,30,all_conditions_pooled,0,0,-284.58441402234524,0
overall_harmful,end_of_user_message,product_specs_027,22,30,all_conditions_pooled,0,1,50.59782134461402,0
overall_harmful,end_of_user_message,product_specs_028,23,30,all_conditions_pooled,0,1,1.1363594770894103,0
overall_harmful,end_of_user_message,product_specs_028,23,30,all_conditions_pooled,0,0,-97.43483095392867,0
overall_harmful,end_of_user_message,product_specs_028,23,30,all_conditions_pooled,0,1,185.69574398423256,0
overall_harmful,end_of_user_message,schedule_clinic_011,24,30,all_conditions_pooled,0,0,-39.25088596444847,0
overall_harmful,end_of_user_message,schedule_clinic_011,24,30,all_conditions_pooled,0,0,-242.00958361244346,0
overall_harmful,end_of_user_message,schedule_clinic_011,24,30,all_conditions_pooled,0,1,200.53753350594704,0
overall_harmful,end_of_user_message,schedule_exam_010,25,30,all_conditions_pooled,0,0,-185.2623803045796,0
overall_harmful,end_of_user_message,schedule_exam_010,25,30,all_conditions_pooled,0,0,-47.39027030339345,0
overall_harmful,end_of_user_message,schedule_exam_010,25,30,all_conditions_pooled,0,0,-81.22380223076324,1
overall_harmful,end_of_user_message,schedule_train_009,26,30,all_conditions_pooled,0,0,-307.53215886520263,0
overall_harmful,end_of_user_message,schedule_train_009,26,30,all_conditions_pooled,0,0,-241.03669175037572,0
overall_harmful,end_of_user_message,schedule_train_009,26,30,all_conditions_pooled,0,0,-43.238054769430335,0
overall_harmful,end_of_user_message,schedule_workshop_012,27,30,all_conditions_pooled,0,1,57.286644136112386,0
overall_harmful,end_of_user_message,schedule_workshop_012,27,30,all_conditions_pooled,0,0,-197.25775308284372,0
overall_harmful,end_of_user_message,schedule_workshop_012,27,30,all_conditions_pooled,0,1,252.91632969740238,0
overall_harmful,end_of_user_message,science_battery_016,28,30,all_conditions_pooled,0,0,-6.788138940614994,0
overall_harmful,end_of_user_message,science_battery_016,28,30,all_conditions_pooled,0,0,-124.35923232343958,0
overall_harmful,end_of_user_message,science_battery_016,28,30,all_conditions_pooled,0,1,230.7938424230416,0
overall_harmful,end_of_user_message,science_mineral_014,29,30,all_conditions_pooled,0,1,99.82378895983338,0
overall_harmful,end_of_user_message,science_mineral_014,29,30,all_conditions_pooled,0,0,-314.5408214279221,0
overall_harmful,end_of_user_message,science_mineral_014,29,30,all_conditions_pooled,0,1,361.1557161150161,0
overall_harmful,end_of_user_message,science_plant_013,30,30,all_conditions_pooled,0,0,-8.269112837288883,0
overall_harmful,end_of_user_message,science_plant_013,30,30,all_conditions_pooled,0,0,-212.13840822132968,0
overall_harmful,end_of_user_message,science_plant_013,30,30,all_conditions_pooled,0,1,182.38010955847662,0
overall_harmful,end_of_user_message,science_weather_015,31,30,all_conditions_pooled,0,1,389.0744820044994,0
overall_harmful,end_of_user_message,science_weather_015,31,30,all_conditions_pooled,0,0,-31.81080343533836,0
overall_harmful,end_of_user_message,science_weather_015,31,30,all_conditions_pooled,0,1,633.8473216798965,0
overall_harmful,end_of_user_message,technical_api_022,32,30,all_conditions_pooled,0,1,38.100026754169534,0
overall_harmful,end_of_user_message,technical_api_022,32,30,all_conditions_pooled,0,0,-144.7704604203357,0
overall_harmful,end_of_user_message,technical_api_022,32,30,all_conditions_pooled,0,1,138.54159948621157,0
overall_harmful,end_of_user_message,technical_backup_023,33,30,all_conditions_pooled,0,0,-25.483583335182338,0
overall_harmful,end_of_user_message,technical_backup_023,33,30,all_conditions_pooled,0,0,-225.06113515664913,0
overall_harmful,end_of_user_message,technical_backup_023,33,30,all_conditions_pooled,0,1,158.16845704151115,0
overall_harmful,end_of_user_message,technical_config_021,34,30,all_conditions_pooled,0,0,-117.02089793900741,0
overall_harmful,end_of_user_message,technical_config_021,34,30,all_conditions_pooled,0,0,-193.079717987286,0
overall_harmful,end_of_user_message,technical_config_021,34,30,all_conditions_pooled,0,1,52.20595861212172,0
overall_harmful,end_of_user_message,technical_feature_flag_024,35,30,all_conditions_pooled,0,0,-21.97903971785766,0
overall_harmful,end_of_user_message,technical_feature_flag_024,35,30,all_conditions_pooled,0,0,-341.02533377658597,0
overall_harmful,end_of_user_message,technical_feature_flag_024,35,30,all_conditions_pooled,0,1,174.12633094690293,0
overall_harmful,end_of_user_message,academic_attendance_019,0,31,all_conditions_pooled,0,1,332.84440466636147,0
overall_harmful,end_of_user_message,academic_attendance_019,0,31,all_conditions_pooled,0,0,-642.6909898152026,1
overall_harmful,end_of_user_message,academic_attendance_019,0,31,all_conditions_pooled,0,1,643.0057944739413,0
overall_harmful,end_of_user_message,academic_grading_018,1,31,all_conditions_pooled,0,1,79.09131678250984,0
overall_harmful,end_of_user_message,academic_grading_018,1,31,all_conditions_pooled,0,1,104.23998122572878,0
overall_harmful,end_of_user_message,academic_grading_018,1,31,all_conditions_pooled,0,1,246.3092484391393,0
overall_harmful,end_of_user_message,academic_latework_020,2,31,all_conditions_pooled,0,1,39.21516899878573,0
overall_harmful,end_of_user_message,academic_latework_020,2,31,all_conditions_pooled,0,1,41.42900013699695,0
overall_harmful,end_of_user_message,academic_latework_020,2,31,all_conditions_pooled,0,1,262.6998302195278,0
overall_harmful,end_of_user_message,academic_prereq_017,3,31,all_conditions_pooled,0,0,-56.585808635501856,0
overall_harmful,end_of_user_message,academic_prereq_017,3,31,all_conditions_pooled,0,0,-186.63874848114014,0
overall_harmful,end_of_user_message,academic_prereq_017,3,31,all_conditions_pooled,0,1,86.30475128469152,0
overall_harmful,end_of_user_message,contract_rental_029,4,31,all_conditions_pooled,0,0,-3.836412919034178,0
overall_harmful,end_of_user_message,contract_rental_029,4,31,all_conditions_pooled,0,0,-133.03616058834126,0
overall_harmful,end_of_user_message,contract_rental_029,4,31,all_conditions_pooled,0,1,206.32102524674994,0
overall_harmful,end_of_user_message,contract_service_030,5,31,all_conditions_pooled,0,0,-0.08708236672310932,0
overall_harmful,end_of_user_message,contract_service_030,5,31,all_conditions_pooled,0,0,-149.96612892919424,0
overall_harmful,end_of_user_message,contract_service_030,5,31,all_conditions_pooled,0,1,118.5468807811177,0
overall_harmful,end_of_user_message,contract_ticket_032,6,31,all_conditions_pooled,0,1,19.983519015009477,0
overall_harmful,end_of_user_message,contract_ticket_032,6,31,all_conditions_pooled,0,0,-210.76204967169426,0
overall_harmful,end_of_user_message,contract_ticket_032,6,31,all_conditions_pooled,0,1,109.32875726272775,0
overall_harmful,end_of_user_message,contract_warranty_031,7,31,all_conditions_pooled,0,1,68.90622838333027,0
overall_harmful,end_of_user_message,contract_warranty_031,7,31,all_conditions_pooled,0,0,-202.0012856029884,0
overall_harmful,end_of_user_message,contract_warranty_031,7,31,all_conditions_pooled,0,1,304.9510696866576,0
overall_harmful,end_of_user_message,finance_budget_007,8,31,all_conditions_pooled,0,0,-185.8631494581732,0
overall_harmful,end_of_user_message,finance_budget_007,8,31,all_conditions_pooled,0,0,-174.83129532172742,0
overall_harmful,end_of_user_message,finance_budget_007,8,31,all_conditions_pooled,0,0,-13.479741482792988,0
overall_harmful,end_of_user_message,finance_coupon_006,9,31,all_conditions_pooled,0,0,-101.41153007800922,0
overall_harmful,end_of_user_message,finance_coupon_006,9,31,all_conditions_pooled,0,0,-177.05142952143407,0
overall_harmful,end_of_user_message,finance_coupon_006,9,31,all_conditions_pooled,0,1,68.86451176138367,0
overall_harmful,end_of_user_message,finance_membership_008,10,31,all_conditions_pooled,0,0,-56.3816440144946,0
overall_harmful,end_of_user_message,finance_membership_008,10,31,all_conditions_pooled,0,0,-10.398820097617868,0
overall_harmful,end_of_user_message,finance_membership_008,10,31,all_conditions_pooled,0,1,144.6363094690471,0
overall_harmful,end_of_user_message,finance_refund_005,11,31,all_conditions_pooled,0,1,32.76050804268296,0
overall_harmful,end_of_user_message,finance_refund_005,11,31,all_conditions_pooled,0,0,-73.61903272359714,0
overall_harmful,end_of_user_message,finance_refund_005,11,31,all_conditions_pooled,0,1,241.40759154388962,0
overall_harmful,end_of_user_message,logic_access_033,12,31,all_conditions_pooled,0,1,0.8696546875044646,0
overall_harmful,end_of_user_message,logic_access_033,12,31,all_conditions_pooled,0,0,-334.9238027501218,0
overall_harmful,end_of_user_message,logic_access_033,12,31,all_conditions_pooled,0,1,151.09374417848392,0
overall_harmful,end_of_user_message,logic_eligibility_034,13,31,all_conditions_pooled,0,0,-23.719913959060978,0
overall_harmful,end_of_user_message,logic_eligibility_034,13,31,all_conditions_pooled,0,0,-152.91088837107714,0
overall_harmful,end_of_user_message,logic_eligibility_034,13,31,all_conditions_pooled,0,1,126.0680793628008,0
overall_harmful,end_of_user_message,logic_shipping_035,14,31,all_conditions_pooled,0,0,-601.235911532971,0
overall_harmful,end_of_user_message,logic_shipping_035,14,31,all_conditions_pooled,0,1,15.323713245608793,0
overall_harmful,end_of_user_message,logic_shipping_035,14,31,all_conditions_pooled,0,0,-484.0502554809607,1
overall_harmful,end_of_user_message,logic_tournament_036,15,31,all_conditions_pooled,0,1,142.68312339902428,0
overall_harmful,end_of_user_message,logic_tournament_036,15,31,all_conditions_pooled,0,0,-29.076798400180596,0
overall_harmful,end_of_user_message,logic_tournament_036,15,31,all_conditions_pooled,0,1,290.16234889187456,0
overall_harmful,end_of_user_message,policy_lab_access_002,16,31,all_conditions_pooled,0,0,-44.46786253118749,0
overall_harmful,end_of_user_message,policy_lab_access_002,16,31,all_conditions_pooled,0,0,-190.06274577061896,0
overall_harmful,end_of_user_message,policy_lab_access_002,16,31,all_conditions_pooled,0,1,129.98942319284725,0
overall_harmful,end_of_user_message,policy_library_checkout_003,17,31,all_conditions_pooled,0,0,-42.10758545142989,0
overall_harmful,end_of_user_message,policy_library_checkout_003,17,31,all_conditions_pooled,0,0,-16.640496147831243,0
overall_harmful,end_of_user_message,policy_library_checkout_003,17,31,all_conditions_pooled,0,1,91.90935979070534,0
overall_harmful,end_of_user_message,policy_lunch_pass_001,18,31,all_conditions_pooled,0,0,-31.627689175470895,0
overall_harmful,end_of_user_message,policy_lunch_pass_001,18,31,all_conditions_pooled,0,0,-226.02541726912781,0
overall_harmful,end_of_user_message,policy_lunch_pass_001,18,31,all_conditions_pooled,0,1,230.44348043123614,0
overall_harmful,end_of_user_message,policy_rec_center_004,19,31,all_conditions_pooled,0,0,-364.0538294868692,1
overall_harmful,end_of_user_message,policy_rec_center_004,19,31,all_conditions_pooled,0,0,-311.92682679418056,0
overall_harmful,end_of_user_message,policy_rec_center_004,19,31,all_conditions_pooled,0,0,-22.056977990591015,0
overall_harmful,end_of_user_message,product_specs_025,20,31,all_conditions_pooled,0,0,-301.3749449826222,0
overall_harmful,end_of_user_message,product_specs_025,20,31,all_conditions_pooled,0,0,-248.49490398465326,0
overall_harmful,end_of_user_message,product_specs_025,20,31,all_conditions_pooled,0,0,-50.15252383523531,0
overall_harmful,end_of_user_message,product_specs_026,21,31,all_conditions_pooled,0,0,-205.3632981086874,0
overall_harmful,end_of_user_message,product_specs_026,21,31,all_conditions_pooled,0,0,-118.0979292536398,0
overall_harmful,end_of_user_message,product_specs_026,21,31,all_conditions_pooled,0,0,-33.901115693004414,0
overall_harmful,end_of_user_message,product_specs_027,22,31,all_conditions_pooled,0,0,-180.9695690913139,0
overall_harmful,end_of_user_message,product_specs_027,22,31,all_conditions_pooled,0,0,-267.86080083961315,0
overall_harmful,end_of_user_message,product_specs_027,22,31,all_conditions_pooled,0,1,55.501336548211256,0
overall_harmful,end_of_user_message,product_specs_028,23,31,all_conditions_pooled,0,0,-32.74007781267248,0
overall_harmful,end_of_user_message,product_specs_028,23,31,all_conditions_pooled,0,0,-92.46134661447098,0
overall_harmful,end_of_user_message,product_specs_028,23,31,all_conditions_pooled,0,1,135.43491751505488,0
overall_harmful,end_of_user_message,schedule_clinic_011,24,31,all_conditions_pooled,0,0,-77.05644889688341,0
overall_harmful,end_of_user_message,schedule_clinic_011,24,31,all_conditions_pooled,0,0,-209.1795834116259,0
overall_harmful,end_of_user_message,schedule_clinic_011,24,31,all_conditions_pooled,0,1,170.18691936178587,0
overall_harmful,end_of_user_message,schedule_exam_010,25,31,all_conditions_pooled,0,0,-181.04204849022278,0
overall_harmful,end_of_user_message,schedule_exam_010,25,31,all_conditions_pooled,0,0,-13.36708513919248,0
overall_harmful,end_of_user_message,schedule_exam_010,25,31,all_conditions_pooled,0,0,-81.1255211881664,1
overall_harmful,end_of_user_message,schedule_train_009,26,31,all_conditions_pooled,0,0,-311.92959949141346,0
overall_harmful,end_of_user_message,schedule_train_009,26,31,all_conditions_pooled,0,0,-191.69198398669755,0
overall_harmful,end_of_user_message,schedule_train_009,26,31,all_conditions_pooled,0,0,-44.37820670532182,0
overall_harmful,end_of_user_message,schedule_workshop_012,27,31,all_conditions_pooled,0,1,33.84285494232813,0
overall_harmful,end_of_user_message,schedule_workshop_012,27,31,all_conditions_pooled,0,0,-185.51189547215967,0
overall_harmful,end_of_user_message,schedule_workshop_012,27,31,all_conditions_pooled,0,1,217.94189951204316,0
overall_harmful,end_of_user_message,science_battery_016,28,31,all_conditions_pooled,0,1,4.0240662658106885,0
overall_harmful,end_of_user_message,science_battery_016,28,31,all_conditions_pooled,0,0,-96.26271077108687,0
overall_harmful,end_of_user_message,science_battery_016,28,31,all_conditions_pooled,0,1,227.02483352209742,0
overall_harmful,end_of_user_message,science_mineral_014,29,31,all_conditions_pooled,0,1,142.75030453409056,0
overall_harmful,end_of_user_message,science_mineral_014,29,31,all_conditions_pooled,0,0,-276.379947654949,0
overall_harmful,end_of_user_message,science_mineral_014,29,31,all_conditions_pooled,0,1,402.5267894777155,0
overall_harmful,end_of_user_message,science_plant_013,30,31,all_conditions_pooled,0,1,6.947406378302077,0
overall_harmful,end_of_user_message,science_plant_013,30,31,all_conditions_pooled,0,0,-153.58489219748668,0
overall_harmful,end_of_user_message,science_plant_013,30,31,all_conditions_pooled,0,1,185.8351077721855,0
overall_harmful,end_of_user_message,science_weather_015,31,31,all_conditions_pooled,0,1,388.5736517949221,0
overall_harmful,end_of_user_message,science_weather_015,31,31,all_conditions_pooled,0,1,8.542882544776887,0
overall_harmful,end_of_user_message,science_weather_015,31,31,all_conditions_pooled,0,1,620.7111039474446,0
overall_harmful,end_of_user_message,technical_api_022,32,31,all_conditions_pooled,0,1,39.433238940816395,0
overall_harmful,end_of_user_message,technical_api_022,32,31,all_conditions_pooled,0,0,-120.30672221949246,0
overall_harmful,end_of_user_message,technical_api_022,32,31,all_conditions_pooled,0,1,116.55391840817856,0
overall_harmful,end_of_user_message,technical_backup_023,33,31,all_conditions_pooled,0,0,-45.63469537459804,0
overall_harmful,end_of_user_message,technical_backup_023,33,31,all_conditions_pooled,0,0,-189.68265432457684,0
overall_harmful,end_of_user_message,technical_backup_023,33,31,all_conditions_pooled,0,1,141.18413018700986,0
overall_harmful,end_of_user_message,technical_config_021,34,31,all_conditions_pooled,0,0,-113.05278834776396,0
overall_harmful,end_of_user_message,technical_config_021,34,31,all_conditions_pooled,0,0,-152.75815427463075,0
overall_harmful,end_of_user_message,technical_config_021,34,31,all_conditions_pooled,0,1,54.93001388838729,0
overall_harmful,end_of_user_message,technical_feature_flag_024,35,31,all_conditions_pooled,0,0,-7.432949130491675,0
overall_harmful,end_of_user_message,technical_feature_flag_024,35,31,all_conditions_pooled,0,0,-309.55815028293216,0
overall_harmful,end_of_user_message,technical_feature_flag_024,35,31,all_conditions_pooled,0,1,169.06926523661608,0
overall_harmful,end_of_user_message,academic_attendance_019,0,32,all_conditions_pooled,0,1,332.1104079647388,0
overall_harmful,end_of_user_message,academic_attendance_019,0,32,all_conditions_pooled,0,0,-592.3181282534564,1
overall_harmful,end_of_user_message,academic_attendance_019,0,32,all_conditions_pooled,0,1,624.6278722032359,0
overall_harmful,end_of_user_message,academic_grading_018,1,32,all_conditions_pooled,0,1,72.31374396494283,0
overall_harmful,end_of_user_message,academic_grading_018,1,32,all_conditions_pooled,0,1,117.01394574047612,0
overall_harmful,end_of_user_message,academic_grading_018,1,32,all_conditions_pooled,0,1,250.75276720637498,0
overall_harmful,end_of_user_message,academic_latework_020,2,32,all_conditions_pooled,0,1,69.21661885365575,0
overall_harmful,end_of_user_message,academic_latework_020,2,32,all_conditions_pooled,0,1,66.49764157459634,0
overall_harmful,end_of_user_message,academic_latework_020,2,32,all_conditions_pooled,0,1,281.8472948442353,0
overall_harmful,end_of_user_message,academic_prereq_017,3,32,all_conditions_pooled,0,0,-44.61635411859981,0
overall_harmful,end_of_user_message,academic_prereq_017,3,32,all_conditions_pooled,0,0,-151.31194931422021,0
overall_harmful,end_of_user_message,academic_prereq_017,3,32,all_conditions_pooled,0,1,105.97963667553677,0
overall_harmful,end_of_user_message,contract_rental_029,4,32,all_conditions_pooled,0,1,1.952217423091959,0
overall_harmful,end_of_user_message,contract_rental_029,4,32,all_conditions_pooled,0,0,-99.93715442817765,0
overall_harmful,end_of_user_message,contract_rental_029,4,32,all_conditions_pooled,0,1,213.21284874857002,0
overall_harmful,end_of_user_message,contract_service_030,5,32,all_conditions_pooled,0,0,-38.28527808830988,0
overall_harmful,end_of_user_message,contract_service_030,5,32,all_conditions_pooled,0,0,-148.14662962504593,0
overall_harmful,end_of_user_message,contract_service_030,5,32,all_conditions_pooled,0,1,85.15866920902971,0
overall_harmful,end_of_user_message,contract_ticket_032,6,32,all_conditions_pooled,0,1,13.397393894521926,0
overall_harmful,end_of_user_message,contract_ticket_032,6,32,all_conditions_pooled,0,0,-182.98543057483013,0
overall_harmful,end_of_user_message,contract_ticket_032,6,32,all_conditions_pooled,0,1,102.21122391068288,0
overall_harmful,end_of_user_message,contract_warranty_031,7,32,all_conditions_pooled,0,1,26.454044127986663,0
overall_harmful,end_of_user_message,contract_warranty_031,7,32,all_conditions_pooled,0,0,-205.97853509301675,0
overall_harmful,end_of_user_message,contract_warranty_031,7,32,all_conditions_pooled,0,1,250.72188313110155,0
overall_harmful,end_of_user_message,finance_budget_007,8,32,all_conditions_pooled,0,0,-214.8629512372413,0
overall_harmful,end_of_user_message,finance_budget_007,8,32,all_conditions_pooled,0,0,-157.83674951002632,0
overall_harmful,end_of_user_message,finance_budget_007,8,32,all_conditions_pooled,0,0,-26.962977164938852,0
overall_harmful,end_of_user_message,finance_coupon_006,9,32,all_conditions_pooled,0,0,-88.48488890240189,0
overall_harmful,end_of_user_message,finance_coupon_006,9,32,all_conditions_pooled,0,0,-153.71391395899082,0
overall_harmful,end_of_user_message,finance_coupon_006,9,32,all_conditions_pooled,0,1,94.3059022844844,0
overall_harmful,end_of_user_message,finance_membership_008,10,32,all_conditions_pooled,0,0,-68.33888442826796,0
overall_harmful,end_of_user_message,finance_membership_008,10,32,all_conditions_pooled,0,0,-7.499877131846535,0
overall_harmful,end_of_user_message,finance_membership_008,10,32,all_conditions_pooled,0,1,131.49518392303628,0
overall_harmful,end_of_user_message,finance_refund_005,11,32,all_conditions_pooled,0,1,24.295684034606836,0
overall_harmful,end_of_user_message,finance_refund_005,11,32,all_conditions_pooled,0,0,-56.90777705147421,0
overall_harmful,end_of_user_message,finance_refund_005,11,32,all_conditions_pooled,0,1,233.59467665646005,0
overall_harmful,end_of_user_message,logic_access_033,12,32,all_conditions_pooled,0,1,10.662211354720704,0
overall_harmful,end_of_user_message,logic_access_033,12,32,all_conditions_pooled,0,0,-313.8811878205198,0
overall_harmful,end_of_user_message,logic_access_033,12,32,all_conditions_pooled,0,1,142.2386758911885,0
overall_harmful,end_of_user_message,logic_eligibility_034,13,32,all_conditions_pooled,0,0,-3.992252067701717,0
overall_harmful,end_of_user_message,logic_eligibility_034,13,32,all_conditions_pooled,0,0,-128.79513446191424,0
overall_harmful,end_of_user_message,logic_eligibility_034,13,32,all_conditions_pooled,0,1,125.88207522116926,0
overall_harmful,end_of_user_message,logic_shipping_035,14,32,all_conditions_pooled,0,0,-589.7971130283263,0
overall_harmful,end_of_user_message,logic_shipping_035,14,32,all_conditions_pooled,0,1,31.396434708499292,0
overall_harmful,end_of_user_message,logic_shipping_035,14,32,all_conditions_pooled,0,0,-464.9117244667211,1
overall_harmful,end_of_user_message,logic_tournament_036,15,32,all_conditions_pooled,0,1,149.0573058209317,0
overall_harmful,end_of_user_message,logic_tournament_036,15,32,all_conditions_pooled,0,0,-38.95506930092926,0
overall_harmful,end_of_user_message,logic_tournament_036,15,32,all_conditions_pooled,0,1,278.63094598423106,0
overall_harmful,end_of_user_message,policy_lab_access_002,16,32,all_conditions_pooled,0,0,-28.959925108092158,0
overall_harmful,end_of_user_message,policy_lab_access_002,16,32,all_conditions_pooled,0,0,-162.44142004811619,0
overall_harmful,end_of_user_message,policy_lab_access_002,16,32,all_conditions_pooled,0,1,162.17895081513893,0
overall_harmful,end_of_user_message,policy_library_checkout_003,17,32,all_conditions_pooled,0,0,-37.28342379084751,0
overall_harmful,end_of_user_message,policy_library_checkout_003,17,32,all_conditions_pooled,0,1,0.9442581777624071,0
overall_harmful,end_of_user_message,policy_library_checkout_003,17,32,all_conditions_pooled,0,1,123.58461750691953,0
overall_harmful,end_of_user_message,policy_lunch_pass_001,18,32,all_conditions_pooled,0,0,-22.03818070201558,0
overall_harmful,end_of_user_message,policy_lunch_pass_001,18,32,all_conditions_pooled,0,0,-206.658391195554,0
overall_harmful,end_of_user_message,policy_lunch_pass_001,18,32,all_conditions_pooled,0,1,241.49625262565365,0
overall_harmful,end_of_user_message,policy_rec_center_004,19,32,all_conditions_pooled,0,0,-343.8018126542235,1
overall_harmful,end_of_user_message,policy_rec_center_004,19,32,all_conditions_pooled,0,0,-316.0229424833452,0
overall_harmful,end_of_user_message,policy_rec_center_004,19,32,all_conditions_pooled,0,0,-20.463001665638693,0
overall_harmful,end_of_user_message,product_specs_025,20,32,all_conditions_pooled,0,0,-303.60355509060844,0
overall_harmful,end_of_user_message,product_specs_025,20,32,all_conditions_pooled,0,0,-236.37090506986522,0
overall_harmful,end_of_user_message,product_specs_025,20,32,all_conditions_pooled,0,0,-72.44512637897448,0
overall_harmful,end_of_user_message,product_specs_026,21,32,all_conditions_pooled,0,0,-227.80965306750585,0
overall_harmful,end_of_user_message,product_specs_026,21,32,all_conditions_pooled,0,0,-106.77090287071067,0
overall_harmful,end_of_user_message,product_specs_026,21,32,all_conditions_pooled,0,0,-59.26135747918338,0
overall_harmful,end_of_user_message,product_specs_027,22,32,all_conditions_pooled,0,0,-194.58863818224657,0
overall_harmful,end_of_user_message,product_specs_027,22,32,all_conditions_pooled,0,0,-258.6140457228851,0
overall_harmful,end_of_user_message,product_specs_027,22,32,all_conditions_pooled,0,1,32.60205110044732,0
overall_harmful,end_of_user_message,product_specs_028,23,32,all_conditions_pooled,0,0,-30.54477107508918,0
overall_harmful,end_of_user_message,product_specs_028,23,32,all_conditions_pooled,0,0,-80.09557129439155,0
overall_harmful,end_of_user_message,product_specs_028,23,32,all_conditions_pooled,0,1,122.5120388346372,0
overall_harmful,end_of_user_message,schedule_clinic_011,24,32,all_conditions_pooled,0,0,-111.13377638473358,0
overall_harmful,end_of_user_message,schedule_clinic_011,24,32,all_conditions_pooled,0,0,-190.82325528571118,0
overall_harmful,end_of_user_message,schedule_clinic_011,24,32,all_conditions_pooled,0,1,136.6140934558053,0
overall_harmful,end_of_user_message,schedule_exam_010,25,32,all_conditions_pooled,0,0,-198.41569166118967,0
overall_harmful,end_of_user_message,schedule_exam_010,25,32,all_conditions_pooled,0,0,-7.032699384781743,0
overall_harmful,end_of_user_message,schedule_exam_010,25,32,all_conditions_pooled,0,0,-82.6164530412818,1
overall_harmful,end_of_user_message,schedule_train_009,26,32,all_conditions_pooled,0,0,-305.80036657497743,0
overall_harmful,end_of_user_message,schedule_train_009,26,32,all_conditions_pooled,0,0,-165.97265211349398,0
overall_harmful,end_of_user_message,schedule_train_009,26,32,all_conditions_pooled,0,0,-50.70698777811926,0
overall_harmful,end_of_user_message,schedule_workshop_012,27,32,all_conditions_pooled,0,0,-3.4639893955138774,0
overall_harmful,end_of_user_message,schedule_workshop_012,27,32,all_conditions_pooled,0,0,-177.92889630924913,0
overall_harmful,end_of_user_message,schedule_workshop_012,27,32,all_conditions_pooled,0,1,185.1242275495439,0
overall_harmful,end_of_user_message,science_battery_016,28,32,all_conditions_pooled,0,1,29.388819260102927,0
overall_harmful,end_of_user_message,science_battery_016,28,32,all_conditions_pooled,0,0,-67.56476034420983,0
overall_harmful,end_of_user_message,science_battery_016,28,32,all_conditions_pooled,0,1,239.57650141659468,0
overall_harmful,end_of_user_message,science_mineral_014,29,32,all_conditions_pooled,0,1,168.7090572384954,0
overall_harmful,end_of_user_message,science_mineral_014,29,32,all_conditions_pooled,0,0,-258.3406790855473,0
overall_harmful,end_of_user_message,science_mineral_014,29,32,all_conditions_pooled,0,1,412.22754615030965,0
overall_harmful,end_of_user_message,science_plant_013,30,32,all_conditions_pooled,0,1,25.23050651480071,0
overall_harmful,end_of_user_message,science_plant_013,30,32,all_conditions_pooled,0,0,-130.15361993905103,0
overall_harmful,end_of_user_message,science_plant_013,30,32,all_conditions_pooled,0,1,181.2910671567654,0
overall_harmful,end_of_user_message,science_weather_015,31,32,all_conditions_pooled,0,1,357.56693482430745,0
overall_harmful,end_of_user_message,science_weather_015,31,32,all_conditions_pooled,0,1,17.692449384232923,0
overall_harmful,end_of_user_message,science_weather_015,31,32,all_conditions_pooled,0,1,591.0921708983467,0
overall_harmful,end_of_user_message,technical_api_022,32,32,all_conditions_pooled,0,1,14.00734970403144,0
overall_harmful,end_of_user_message,technical_api_022,32,32,all_conditions_pooled,0,0,-119.72913217575467,0
overall_harmful,end_of_user_message,technical_api_022,32,32,all_conditions_pooled,0,1,80.84056762371034,0
overall_harmful,end_of_user_message,technical_backup_023,33,32,all_conditions_pooled,0,0,-45.0890522511911,0
overall_harmful,end_of_user_message,technical_backup_023,33,32,all_conditions_pooled,0,0,-159.43043418648674,0
overall_harmful,end_of_user_message,technical_backup_023,33,32,all_conditions_pooled,0,1,147.29644440314766,0
overall_harmful,end_of_user_message,technical_config_021,34,32,all_conditions_pooled,0,0,-139.73210464821258,0
overall_harmful,end_of_user_message,technical_config_021,34,32,all_conditions_pooled,0,0,-136.84929785080357,0
overall_harmful,end_of_user_message,technical_config_021,34,32,all_conditions_pooled,0,1,42.44985703968116,0
overall_harmful,end_of_user_message,technical_feature_flag_024,35,32,all_conditions_pooled,0,0,-33.23056830329108,0
overall_harmful,end_of_user_message,technical_feature_flag_024,35,32,all_conditions_pooled,0,0,-302.47186678190764,0
overall_harmful,end_of_user_message,technical_feature_flag_024,35,32,all_conditions_pooled,0,1,131.84051194914508,0
overall_harmful,end_of_user_message,academic_attendance_019,0,33,all_conditions_pooled,0,1,333.6592523804923,0
overall_harmful,end_of_user_message,academic_attendance_019,0,33,all_conditions_pooled,0,0,-587.3337682598537,1
overall_harmful,end_of_user_message,academic_attendance_019,0,33,all_conditions_pooled,0,1,632.278409537023,0
overall_harmful,end_of_user_message,academic_grading_018,1,33,all_conditions_pooled,0,1,83.27394164582913,0
overall_harmful,end_of_user_message,academic_grading_018,1,33,all_conditions_pooled,0,1,121.52211153627752,0
overall_harmful,end_of_user_message,academic_grading_018,1,33,all_conditions_pooled,0,1,268.1272037442114,0
overall_harmful,end_of_user_message,academic_latework_020,2,33,all_conditions_pooled,0,1,86.51149018597444,0
overall_harmful,end_of_user_message,academic_latework_020,2,33,all_conditions_pooled,0,1,77.93944322621684,0
overall_harmful,end_of_user_message,academic_latework_020,2,33,all_conditions_pooled,0,1,303.57247380100137,0
overall_harmful,end_of_user_message,academic_prereq_017,3,33,all_conditions_pooled,0,0,-41.051905587605305,0
overall_harmful,end_of_user_message,academic_prereq_017,3,33,all_conditions_pooled,0,0,-136.09306608841686,0
overall_harmful,end_of_user_message,academic_prereq_017,3,33,all_conditions_pooled,0,1,118.78014571958337,0
overall_harmful,end_of_user_message,contract_rental_029,4,33,all_conditions_pooled,0,1,18.4107549002549,0
overall_harmful,end_of_user_message,contract_rental_029,4,33,all_conditions_pooled,0,0,-78.81656166656408,0
overall_harmful,end_of_user_message,contract_rental_029,4,33,all_conditions_pooled,0,1,216.35796380779504,0
overall_harmful,end_of_user_message,contract_service_030,5,33,all_conditions_pooled,0,0,-17.2151541754885,0
overall_harmful,end_of_user_message,contract_service_030,5,33,all_conditions_pooled,0,0,-156.89073916174635,0
overall_harmful,end_of_user_message,contract_service_030,5,33,all_conditions_pooled,0,1,84.26304772256611,0
overall_harmful,end_of_user_message,contract_ticket_032,6,33,all_conditions_pooled,0,1,17.40828272742499,0
overall_harmful,end_of_user_message,contract_ticket_032,6,33,all_conditions_pooled,0,0,-181.7838191699572,0
overall_harmful,end_of_user_message,contract_ticket_032,6,33,all_conditions_pooled,0,1,93.1086480097642,0
overall_harmful,end_of_user_message,contract_warranty_031,7,33,all_conditions_pooled,0,1,25.180882977585547,0
overall_harmful,end_of_user_message,contract_warranty_031,7,33,all_conditions_pooled,0,0,-215.73113882330216,0
overall_harmful,end_of_user_message,contract_warranty_031,7,33,all_conditions_pooled,0,1,227.38111768706665,0
overall_harmful,end_of_user_message,finance_budget_007,8,33,all_conditions_pooled,0,0,-218.7359575786191,0
overall_harmful,end_of_user_message,finance_budget_007,8,33,all_conditions_pooled,0,0,-160.72576657130486,0
overall_harmful,end_of_user_message,finance_budget_007,8,33,all_conditions_pooled,0,0,-42.614898000343025,0
overall_harmful,end_of_user_message,finance_coupon_006,9,33,all_conditions_pooled,0,0,-75.92827466684332,0
overall_harmful,end_of_user_message,finance_coupon_006,9,33,all_conditions_pooled,0,0,-149.20229611897338,0
overall_harmful,end_of_user_message,finance_coupon_006,9,33,all_conditions_pooled,0,1,99.87659792228413,0
overall_harmful,end_of_user_message,finance_membership_008,10,33,all_conditions_pooled,0,0,-72.55890688457009,0
overall_harmful,end_of_user_message,finance_membership_008,10,33,all_conditions_pooled,0,0,-6.105775109294587,0
overall_harmful,end_of_user_message,finance_membership_008,10,33,all_conditions_pooled,0,1,133.32836748557685,0
overall_harmful,end_of_user_message,finance_refund_005,11,33,all_conditions_pooled,0,1,13.938543025421495,0
overall_harmful,end_of_user_message,finance_refund_005,11,33,all_conditions_pooled,0,0,-70.39106881784022,0
overall_harmful,end_of_user_message,finance_refund_005,11,33,all_conditions_pooled,0,1,216.0241217962052,0
overall_harmful,end_of_user_message,logic_access_033,12,33,all_conditions_pooled,0,1,25.787710156124383,0
overall_harmful,end_of_user_message,logic_access_033,12,33,all_conditions_pooled,0,0,-312.39994566853136,0
overall_harmful,end_of_user_message,logic_access_033,12,33,all_conditions_pooled,0,1,129.5063808680165,0
overall_harmful,end_of_user_message,logic_eligibility_034,13,33,all_conditions_pooled,0,0,-21.05012694832841,0
overall_harmful,end_of_user_message,logic_eligibility_034,13,33,all_conditions_pooled,0,0,-142.7132144873366,0
overall_harmful,end_of_user_message,logic_eligibility_034,13,33,all_conditions_pooled,0,1,104.10189024191583,0
overall_harmful,end_of_user_message,logic_shipping_035,14,33,all_conditions_pooled,0,0,-552.3889678347316,0
overall_harmful,end_of_user_message,logic_shipping_035,14,33,all_conditions_pooled,0,1,18.170997134624855,0
overall_harmful,end_of_user_message,logic_shipping_035,14,33,all_conditions_pooled,0,0,-430.5021493980105,1
overall_harmful,end_of_user_message,logic_tournament_036,15,33,all_conditions_pooled,0,1,91.55275414045077,0
overall_harmful,end_of_user_message,logic_tournament_036,15,33,all_conditions_pooled,0,0,-80.10700873021592,0
overall_harmful,end_of_user_message,logic_tournament_036,15,33,all_conditions_pooled,0,1,213.658321455877,0
overall_harmful,end_of_user_message,policy_lab_access_002,16,33,all_conditions_pooled,0,0,-23.83836319270206,0
overall_harmful,end_of_user_message,policy_lab_access_002,16,33,all_conditions_pooled,0,0,-145.78821837777684,0
overall_harmful,end_of_user_message,policy_lab_access_002,16,33,all_conditions_pooled,0,1,166.93480927984768,0
overall_harmful,end_of_user_message,policy_library_checkout_003,17,33,all_conditions_pooled,0,0,-24.847286699940355,0
overall_harmful,end_of_user_message,policy_library_checkout_003,17,33,all_conditions_pooled,0,0,-2.2356464023512927,0
overall_harmful,end_of_user_message,policy_library_checkout_003,17,33,all_conditions_pooled,0,1,136.943061055012,0
overall_harmful,end_of_user_message,policy_lunch_pass_001,18,33,all_conditions_pooled,0,0,-28.147371138456073,0
overall_harmful,end_of_user_message,policy_lunch_pass_001,18,33,all_conditions_pooled,0,0,-198.58740031497717,0
overall_harmful,end_of_user_message,policy_lunch_pass_001,18,33,all_conditions_pooled,0,1,235.1073991928616,0
overall_harmful,end_of_user_message,policy_rec_center_004,19,33,all_conditions_pooled,0,0,-367.12160689746725,1
overall_harmful,end_of_user_message,policy_rec_center_004,19,33,all_conditions_pooled,0,0,-330.11904665821686,0
overall_harmful,end_of_user_message,policy_rec_center_004,19,33,all_conditions_pooled,0,0,-41.37366825136526,0
overall_harmful,end_of_user_message,product_specs_025,20,33,all_conditions_pooled,0,0,-293.13527713234,0
overall_harmful,end_of_user_message,product_specs_025,20,33,all_conditions_pooled,0,0,-231.56485786002378,0
overall_harmful,end_of_user_message,product_specs_025,20,33,all_conditions_pooled,0,0,-70.31360312472998,0
overall_harmful,end_of_user_message,product_specs_026,21,33,all_conditions_pooled,0,0,-233.9473158482811,0
overall_harmful,end_of_user_message,product_specs_026,21,33,all_conditions_pooled,0,0,-123.63271216558029,0
overall_harmful,end_of_user_message,product_specs_026,21,33,all_conditions_pooled,0,0,-65.72629242160973,0
overall_harmful,end_of_user_message,product_specs_027,22,33,all_conditions_pooled,0,0,-184.71220865411735,0
overall_harmful,end_of_user_message,product_specs_027,22,33,all_conditions_pooled,0,0,-251.35584137923286,0
overall_harmful,end_of_user_message,product_specs_027,22,33,all_conditions_pooled,0,1,40.75397000444304,0
overall_harmful,end_of_user_message,product_specs_028,23,33,all_conditions_pooled,0,0,-22.383150790148406,0
overall_harmful,end_of_user_message,product_specs_028,23,33,all_conditions_pooled,0,0,-65.72983270664501,0
overall_harmful,end_of_user_message,product_specs_028,23,33,all_conditions_pooled,0,1,139.5910869217029,0
overall_harmful,end_of_user_message,schedule_clinic_011,24,33,all_conditions_pooled,0,0,-127.19142578717515,0
overall_harmful,end_of_user_message,schedule_clinic_011,24,33,all_conditions_pooled,0,0,-187.76097604333034,0
overall_harmful,end_of_user_message,schedule_clinic_011,24,33,all_conditions_pooled,0,1,106.64638285175553,0
overall_harmful,end_of_user_message,schedule_exam_010,25,33,all_conditions_pooled,0,0,-218.44471495196106,0
overall_harmful,end_of_user_message,schedule_exam_010,25,33,all_conditions_pooled,0,1,2.600835820823292,0
overall_harmful,end_of_user_message,schedule_exam_010,25,33,all_conditions_pooled,0,0,-110.33226536638111,1
overall_harmful,end_of_user_message,schedule_train_009,26,33,all_conditions_pooled,0,0,-282.54824057523365,0
overall_harmful,end_of_user_message,schedule_train_009,26,33,all_conditions_pooled,0,0,-150.45154135449522,0
overall_harmful,end_of_user_message,schedule_train_009,26,33,all_conditions_pooled,0,0,-40.20373589800329,0
overall_harmful,end_of_user_message,schedule_workshop_012,27,33,all_conditions_pooled,0,0,-12.669492062961503,0
overall_harmful,end_of_user_message,schedule_workshop_012,27,33,all_conditions_pooled,0,0,-185.8132427390706,0
overall_harmful,end_of_user_message,schedule_workshop_012,27,33,all_conditions_pooled,0,1,175.96392559027072,0
overall_harmful,end_of_user_message,science_battery_016,28,33,all_conditions_pooled,0,1,22.75497031317076,0
overall_harmful,end_of_user_message,science_battery_016,28,33,all_conditions_pooled,0,0,-83.63957167379847,0
overall_harmful,end_of_user_message,science_battery_016,28,33,all_conditions_pooled,0,1,238.9160769155012,0
overall_harmful,end_of_user_message,science_mineral_014,29,33,all_conditions_pooled,0,1,160.8349060506686,0
overall_harmful,end_of_user_message,science_mineral_014,29,33,all_conditions_pooled,0,0,-234.58156190346773,0
overall_harmful,end_of_user_message,science_mineral_014,29,33,all_conditions_pooled,0,1,399.358018590426,0
overall_harmful,end_of_user_message,science_plant_013,30,33,all_conditions_pooled,0,1,37.05136188173095,0
overall_harmful,end_of_user_message,science_plant_013,30,33,all_conditions_pooled,0,0,-130.11032666890287,0
overall_harmful,end_of_user_message,science_plant_013,30,33,all_conditions_pooled,0,1,196.48575332321684,0
overall_harmful,end_of_user_message,science_weather_015,31,33,all_conditions_pooled,0,1,352.40893056830976,0
overall_harmful,end_of_user_message,science_weather_015,31,33,all_conditions_pooled,0,0,-2.9996043732736695,0
overall_harmful,end_of_user_message,science_weather_015,31,33,all_conditions_pooled,0,1,555.9965110191433,0
overall_harmful,end_of_user_message,technical_api_022,32,33,all_conditions_pooled,0,1,53.304633718267354,0
overall_harmful,end_of_user_message,technical_api_022,32,33,all_conditions_pooled,0,0,-116.24605355929329,0
overall_harmful,end_of_user_message,technical_api_022,32,33,all_conditions_pooled,0,1,104.30666445921133,0
overall_harmful,end_of_user_message,technical_backup_023,33,33,all_conditions_pooled,0,0,-42.87173040294671,0
overall_harmful,end_of_user_message,technical_backup_023,33,33,all_conditions_pooled,0,0,-146.64007370693437,0
overall_harmful,end_of_user_message,technical_backup_023,33,33,all_conditions_pooled,0,1,145.82424893551513,0
overall_harmful,end_of_user_message,technical_config_021,34,33,all_conditions_pooled,0,0,-132.0231397809889,0
overall_harmful,end_of_user_message,technical_config_021,34,33,all_conditions_pooled,0,0,-140.24338972411368,0
overall_harmful,end_of_user_message,technical_config_021,34,33,all_conditions_pooled,0,1,47.187691015558784,0
overall_harmful,end_of_user_message,technical_feature_flag_024,35,33,all_conditions_pooled,0,1,2.295656746075153,0
overall_harmful,end_of_user_message,technical_feature_flag_024,35,33,all_conditions_pooled,0,0,-295.92414117802184,0
overall_harmful,end_of_user_message,technical_feature_flag_024,35,33,all_conditions_pooled,0,1,137.54210898216542,0
overall_harmful,end_of_user_message,academic_attendance_019,0,34,all_conditions_pooled,0,1,316.57963604820566,0
overall_harmful,end_of_user_message,academic_attendance_019,0,34,all_conditions_pooled,0,0,-555.324311241357,1
overall_harmful,end_of_user_message,academic_attendance_019,0,34,all_conditions_pooled,0,1,637.9279504250449,0
overall_harmful,end_of_user_message,academic_grading_018,1,34,all_conditions_pooled,0,1,97.4302742702271,0
overall_harmful,end_of_user_message,academic_grading_018,1,34,all_conditions_pooled,0,1,129.4948629966924,0
overall_harmful,end_of_user_message,academic_grading_018,1,34,all_conditions_pooled,0,1,278.67217168650683,0
overall_harmful,end_of_user_message,academic_latework_020,2,34,all_conditions_pooled,0,1,103.17232906057257,0
overall_harmful,end_of_user_message,academic_latework_020,2,34,all_conditions_pooled,0,1,76.75797000543334,0
overall_harmful,end_of_user_message,academic_latework_020,2,34,all_conditions_pooled,0,1,322.501381455745,0
overall_harmful,end_of_user_message,academic_prereq_017,3,34,all_conditions_pooled,0,0,-15.550480397048322,0
overall_harmful,end_of_user_message,academic_prereq_017,3,34,all_conditions_pooled,0,0,-120.81665608416684,0
overall_harmful,end_of_user_message,academic_prereq_017,3,34,all_conditions_pooled,0,1,145.35251405834958,0
overall_harmful,end_of_user_message,contract_rental_029,4,34,all_conditions_pooled,0,1,61.10822285132369,0
overall_harmful,end_of_user_message,contract_rental_029,4,34,all_conditions_pooled,0,0,-41.360280748572656,0
overall_harmful,end_of_user_message,contract_rental_029,4,34,all_conditions_pooled,0,1,271.6994422420104,0
overall_harmful,end_of_user_message,contract_service_030,5,34,all_conditions_pooled,0,0,-14.695413297917863,0
overall_harmful,end_of_user_message,contract_service_030,5,34,all_conditions_pooled,0,0,-171.7978685193059,0
overall_harmful,end_of_user_message,contract_service_030,5,34,all_conditions_pooled,0,1,90.6645584914898,0
overall_harmful,end_of_user_message,contract_ticket_032,6,34,all_conditions_pooled,0,1,36.96625959401196,0
overall_harmful,end_of_user_message,contract_ticket_032,6,34,all_conditions_pooled,0,0,-182.51196478660648,0
overall_harmful,end_of_user_message,contract_ticket_032,6,34,all_conditions_pooled,0,1,104.13045856810305,0
overall_harmful,end_of_user_message,contract_warranty_031,7,34,all_conditions_pooled,0,1,21.982091699639355,0
overall_harmful,end_of_user_message,contract_warranty_031,7,34,all_conditions_pooled,0,0,-230.87652463703444,0
overall_harmful,end_of_user_message,contract_warranty_031,7,34,all_conditions_pooled,0,1,226.23283738875517,0
overall_harmful,end_of_user_message,finance_budget_007,8,34,all_conditions_pooled,0,0,-216.02751436902255,0
overall_harmful,end_of_user_message,finance_budget_007,8,34,all_conditions_pooled,0,0,-152.3392563120172,0
overall_harmful,end_of_user_message,finance_budget_007,8,34,all_conditions_pooled,0,0,-27.809790067821694,0
overall_harmful,end_of_user_message,finance_coupon_006,9,34,all_conditions_pooled,0,0,-41.72672859280992,0
overall_harmful,end_of_user_message,finance_coupon_006,9,34,all_conditions_pooled,0,0,-140.6928206540416,0
overall_harmful,end_of_user_message,finance_coupon_006,9,34,all_conditions_pooled,0,1,139.1838628715882,0
overall_harmful,end_of_user_message,finance_membership_008,10,34,all_conditions_pooled,0,0,-98.4751983687955,0
overall_harmful,end_of_user_message,finance_membership_008,10,34,all_conditions_pooled,0,0,-26.56314875534224,0
overall_harmful,end_of_user_message,finance_membership_008,10,34,all_conditions_pooled,0,1,126.76050366129999,0
overall_harmful,end_of_user_message,finance_refund_005,11,34,all_conditions_pooled,0,1,17.767563911465494,0
overall_harmful,end_of_user_message,finance_refund_005,11,34,all_conditions_pooled,0,0,-95.15305506275905,0
overall_harmful,end_of_user_message,finance_refund_005,11,34,all_conditions_pooled,0,1,231.5942561900873,0
overall_harmful,end_of_user_message,logic_access_033,12,34,all_conditions_pooled,0,1,22.928078948510347,0
overall_harmful,end_of_user_message,logic_access_033,12,34,all_conditions_pooled,0,0,-346.08017489560075,0
overall_harmful,end_of_user_message,logic_access_033,12,34,all_conditions_pooled,0,1,120.68314874554207,0
overall_harmful,end_of_user_message,logic_eligibility_034,13,34,all_conditions_pooled,0,0,-14.644073979566933,0
overall_harmful,end_of_user_message,logic_eligibility_034,13,34,all_conditions_pooled,0,0,-149.20253932641245,0
overall_harmful,end_of_user_message,logic_eligibility_034,13,34,all_conditions_pooled,0,1,110.8483041493131,0
overall_harmful,end_of_user_message,logic_shipping_035,14,34,all_conditions_pooled,0,0,-601.7729664485236,0
overall_harmful,end_of_user_message,logic_shipping_035,14,34,all_conditions_pooled,0,0,-50.81728965656,0
overall_harmful,end_of_user_message,logic_shipping_035,14,34,all_conditions_pooled,0,0,-439.521798428071,1
overall_harmful,end_of_user_message,logic_tournament_036,15,34,all_conditions_pooled,0,0,-2.142327129368468,0
overall_harmful,end_of_user_message,logic_tournament_036,15,34,all_conditions_pooled,0,0,-155.47725794621556,0
overall_harmful,end_of_user_message,logic_tournament_036,15,34,all_conditions_pooled,0,1,114.65168430791167,0
overall_harmful,end_of_user_message,policy_lab_access_002,16,34,all_conditions_pooled,0,1,6.120315029572936,0
overall_harmful,end_of_user_message,policy_lab_access_002,16,34,all_conditions_pooled,0,0,-140.77653255443846,0
overall_harmful,end_of_user_message,policy_lab_access_002,16,34,all_conditions_pooled,0,1,200.0122713356273,0
overall_harmful,end_of_user_message,policy_library_checkout_003,17,34,all_conditions_pooled,0,1,3.342614518005899,0
overall_harmful,end_of_user_message,policy_library_checkout_003,17,34,all_conditions_pooled,0,1,9.780992150803815,0
overall_harmful,end_of_user_message,policy_library_checkout_003,17,34,all_conditions_pooled,0,1,171.62794320047539,0
overall_harmful,end_of_user_message,policy_lunch_pass_001,18,34,all_conditions_pooled,0,1,4.413069485156015,0
overall_harmful,end_of_user_message,policy_lunch_pass_001,18,34,all_conditions_pooled,0,0,-181.53445247633582,0
overall_harmful,end_of_user_message,policy_lunch_pass_001,18,34,all_conditions_pooled,0,1,276.618377320944,0
overall_harmful,end_of_user_message,policy_rec_center_004,19,34,all_conditions_pooled,0,0,-325.86351735184644,1
overall_harmful,end_of_user_message,policy_rec_center_004,19,34,all_conditions_pooled,0,0,-298.9845003052161,0
overall_harmful,end_of_user_message,policy_rec_center_004,19,34,all_conditions_pooled,0,0,-14.810278274128073,0
overall_harmful,end_of_user_message,product_specs_025,20,34,all_conditions_pooled,0,0,-300.62749888515606,0
overall_harmful,end_of_user_message,product_specs_025,20,34,all_conditions_pooled,0,0,-242.60554915424646,0
overall_harmful,end_of_user_message,product_specs_025,20,34,all_conditions_pooled,0,0,-64.34264456573729,0
overall_harmful,end_of_user_message,product_specs_026,21,34,all_conditions_pooled,0,0,-259.46875529915366,0
overall_harmful,end_of_user_message,product_specs_026,21,34,all_conditions_pooled,0,0,-142.21881282170176,0
overall_harmful,end_of_user_message,product_specs_026,21,34,all_conditions_pooled,0,0,-92.84317633574759,0
overall_harmful,end_of_user_message,product_specs_027,22,34,all_conditions_pooled,0,0,-185.1439431719719,0
overall_harmful,end_of_user_message,product_specs_027,22,34,all_conditions_pooled,0,0,-262.7155195374008,0
overall_harmful,end_of_user_message,product_specs_027,22,34,all_conditions_pooled,0,1,55.56453074108779,0
overall_harmful,end_of_user_message,product_specs_028,23,34,all_conditions_pooled,0,0,-31.802258800234362,0
overall_harmful,end_of_user_message,product_specs_028,23,34,all_conditions_pooled,0,0,-78.84484822351696,0
overall_harmful,end_of_user_message,product_specs_028,23,34,all_conditions_pooled,0,1,141.8843331569942,0
overall_harmful,end_of_user_message,schedule_clinic_011,24,34,all_conditions_pooled,0,0,-130.63705076949375,0
overall_harmful,end_of_user_message,schedule_clinic_011,24,34,all_conditions_pooled,0,0,-178.4232311723747,0
overall_harmful,end_of_user_message,schedule_clinic_011,24,34,all_conditions_pooled,0,1,116.11562729365897,0
overall_harmful,end_of_user_message,schedule_exam_010,25,34,all_conditions_pooled,0,0,-218.40606288972978,0
overall_harmful,end_of_user_message,schedule_exam_010,25,34,all_conditions_pooled,0,1,8.366868527795297,0
overall_harmful,end_of_user_message,schedule_exam_010,25,34,all_conditions_pooled,0,0,-75.41150505676448,1
overall_harmful,end_of_user_message,schedule_train_009,26,34,all_conditions_pooled,0,0,-294.10297231464403,0
overall_harmful,end_of_user_message,schedule_train_009,26,34,all_conditions_pooled,0,0,-154.13283529052373,0
overall_harmful,end_of_user_message,schedule_train_009,26,34,all_conditions_pooled,0,0,-32.516792671685664,0
overall_harmful,end_of_user_message,schedule_workshop_012,27,34,all_conditions_pooled,0,0,-16.379940831108975,0
overall_harmful,end_of_user_message,schedule_workshop_012,27,34,all_conditions_pooled,0,0,-185.75029417825678,0
overall_harmful,end_of_user_message,schedule_workshop_012,27,34,all_conditions_pooled,0,1,188.29934249438648,0
overall_harmful,end_of_user_message,science_battery_016,28,34,all_conditions_pooled,0,1,25.950002532287172,0
overall_harmful,end_of_user_message,science_battery_016,28,34,all_conditions_pooled,0,0,-120.1948693417281,0
overall_harmful,end_of_user_message,science_battery_016,28,34,all_conditions_pooled,0,1,240.0534551233303,0
overall_harmful,end_of_user_message,science_mineral_014,29,34,all_conditions_pooled,0,1,185.41056042237392,0
overall_harmful,end_of_user_message,science_mineral_014,29,34,all_conditions_pooled,0,0,-240.89792100428122,0
overall_harmful,end_of_user_message,science_mineral_014,29,34,all_conditions_pooled,0,1,437.6195166060814,0
overall_harmful,end_of_user_message,science_plant_013,30,34,all_conditions_pooled,0,1,21.74096206667255,0
overall_harmful,end_of_user_message,science_plant_013,30,34,all_conditions_pooled,0,0,-170.62460415678368,0
overall_harmful,end_of_user_message,science_plant_013,30,34,all_conditions_pooled,0,1,186.0479728964115,0
overall_harmful,end_of_user_message,science_weather_015,31,34,all_conditions_pooled,0,1,321.47519186775,0
overall_harmful,end_of_user_message,science_weather_015,31,34,all_conditions_pooled,0,0,-51.57352897399346,0
overall_harmful,end_of_user_message,science_weather_015,31,34,all_conditions_pooled,0,1,528.2471868964701,0
overall_harmful,end_of_user_message,technical_api_022,32,34,all_conditions_pooled,0,1,45.50140603725089,0
overall_harmful,end_of_user_message,technical_api_022,32,34,all_conditions_pooled,0,0,-139.0514657109669,0
overall_harmful,end_of_user_message,technical_api_022,32,34,all_conditions_pooled,0,1,100.74602832659266,0
overall_harmful,end_of_user_message,technical_backup_023,33,34,all_conditions_pooled,0,0,-23.595701982056887,0
overall_harmful,end_of_user_message,technical_backup_023,33,34,all_conditions_pooled,0,0,-134.90970958642225,0
overall_harmful,end_of_user_message,technical_backup_023,33,34,all_conditions_pooled,0,1,157.17627262403857,0
overall_harmful,end_of_user_message,technical_config_021,34,34,all_conditions_pooled,0,0,-141.62325895885328,0
overall_harmful,end_of_user_message,technical_config_021,34,34,all_conditions_pooled,0,0,-147.7661576733284,0
overall_harmful,end_of_user_message,technical_config_021,34,34,all_conditions_pooled,0,1,71.06781012685943,0
overall_harmful,end_of_user_message,technical_feature_flag_024,35,34,all_conditions_pooled,0,1,12.275123431319038,0
overall_harmful,end_of_user_message,technical_feature_flag_024,35,34,all_conditions_pooled,0,0,-302.71544913414,0
overall_harmful,end_of_user_message,technical_feature_flag_024,35,34,all_conditions_pooled,0,1,153.93963567735958,0
overall_harmful,end_of_user_message,academic_attendance_019,0,35,all_conditions_pooled,0,1,279.79658293364037,0
overall_harmful,end_of_user_message,academic_attendance_019,0,35,all_conditions_pooled,0,0,-502.65873668371256,1
overall_harmful,end_of_user_message,academic_attendance_019,0,35,all_conditions_pooled,0,1,632.4089199043093,0
overall_harmful,end_of_user_message,academic_grading_018,1,35,all_conditions_pooled,0,1,87.92438668355575,0
overall_harmful,end_of_user_message,academic_grading_018,1,35,all_conditions_pooled,0,1,143.03777879841022,0
overall_harmful,end_of_user_message,academic_grading_018,1,35,all_conditions_pooled,0,1,258.76200499475567,0
overall_harmful,end_of_user_message,academic_latework_020,2,35,all_conditions_pooled,0,1,124.69555207947738,0
overall_harmful,end_of_user_message,academic_latework_020,2,35,all_conditions_pooled,0,1,124.10032500641867,0
overall_harmful,end_of_user_message,academic_latework_020,2,35,all_conditions_pooled,0,1,377.3076049966761,0
overall_harmful,end_of_user_message,academic_prereq_017,3,35,all_conditions_pooled,0,1,5.544881536309674,0
overall_harmful,end_of_user_message,academic_prereq_017,3,35,all_conditions_pooled,0,0,-68.24656012406072,0
overall_harmful,end_of_user_message,academic_prereq_017,3,35,all_conditions_pooled,0,1,179.70907422705727,0
overall_harmful,end_of_user_message,contract_rental_029,4,35,all_conditions_pooled,0,1,87.12945832668298,0
overall_harmful,end_of_user_message,contract_rental_029,4,35,all_conditions_pooled,0,1,44.37820854878646,0
overall_harmful,end_of_user_message,contract_rental_029,4,35,all_conditions_pooled,0,1,302.23069445707426,0
overall_harmful,end_of_user_message,contract_service_030,5,35,all_conditions_pooled,0,0,-39.452393336647,0
overall_harmful,end_of_user_message,contract_service_030,5,35,all_conditions_pooled,0,0,-180.53905210786934,0
overall_harmful,end_of_user_message,contract_service_030,5,35,all_conditions_pooled,0,1,75.08931577482169,0
overall_harmful,end_of_user_message,contract_ticket_032,6,35,all_conditions_pooled,0,1,50.2147628305967,0
overall_harmful,end_of_user_message,contract_ticket_032,6,35,all_conditions_pooled,0,0,-191.23010988883942,0
overall_harmful,end_of_user_message,contract_ticket_032,6,35,all_conditions_pooled,0,1,74.64015998767874,0
overall_harmful,end_of_user_message,contract_warranty_031,7,35,all_conditions_pooled,0,0,-7.98313040604468,0
overall_harmful,end_of_user_message,contract_warranty_031,7,35,all_conditions_pooled,0,0,-257.1058528643571,0
overall_harmful,end_of_user_message,contract_warranty_031,7,35,all_conditions_pooled,0,1,151.64019590548077,0
overall_harmful,end_of_user_message,finance_budget_007,8,35,all_conditions_pooled,0,0,-244.1855485515644,0
overall_harmful,end_of_user_message,finance_budget_007,8,35,all_conditions_pooled,0,0,-155.74756507696907,0
overall_harmful,end_of_user_message,finance_budget_007,8,35,all_conditions_pooled,0,0,-29.621613384411084,0
overall_harmful,end_of_user_message,finance_coupon_006,9,35,all_conditions_pooled,0,0,-62.78464602203761,0
overall_harmful,end_of_user_message,finance_coupon_006,9,35,all_conditions_pooled,0,0,-157.7746049730855,0
overall_harmful,end_of_user_message,finance_coupon_006,9,35,all_conditions_pooled,0,1,119.80762931364478,0
overall_harmful,end_of_user_message,finance_membership_008,10,35,all_conditions_pooled,0,0,-141.7398117582788,0
overall_harmful,end_of_user_message,finance_membership_008,10,35,all_conditions_pooled,0,0,-42.034272946822,0
overall_harmful,end_of_user_message,finance_membership_008,10,35,all_conditions_pooled,0,1,89.11394944322525,0
overall_harmful,end_of_user_message,finance_refund_005,11,35,all_conditions_pooled,0,0,-9.056748769960803,0
overall_harmful,end_of_user_message,finance_refund_005,11,35,all_conditions_pooled,0,0,-152.1909338856172,0
overall_harmful,end_of_user_message,finance_refund_005,11,35,all_conditions_pooled,0,1,197.01642413921115,0
overall_harmful,end_of_user_message,logic_access_033,12,35,all_conditions_pooled,0,0,-1.1335371758068007,0
overall_harmful,end_of_user_message,logic_access_033,12,35,all_conditions_pooled,0,0,-379.9744697006958,0
overall_harmful,end_of_user_message,logic_access_033,12,35,all_conditions_pooled,0,1,82.25709444691942,0
overall_harmful,end_of_user_message,logic_eligibility_034,13,35,all_conditions_pooled,0,1,2.997756846683842,0
overall_harmful,end_of_user_message,logic_eligibility_034,13,35,all_conditions_pooled,0,0,-106.63021746979271,0
overall_harmful,end_of_user_message,logic_eligibility_034,13,35,all_conditions_pooled,0,1,138.99530674567097,0
overall_harmful,end_of_user_message,logic_shipping_035,14,35,all_conditions_pooled,0,0,-610.0330239491756,0
overall_harmful,end_of_user_message,logic_shipping_035,14,35,all_conditions_pooled,0,1,14.91683327332268,0
overall_harmful,end_of_user_message,logic_shipping_035,14,35,all_conditions_pooled,0,0,-411.8159238242014,1
overall_harmful,end_of_user_message,logic_tournament_036,15,35,all_conditions_pooled,0,0,-32.188010734166966,0
overall_harmful,end_of_user_message,logic_tournament_036,15,35,all_conditions_pooled,0,0,-151.2125328593596,0
overall_harmful,end_of_user_message,logic_tournament_036,15,35,all_conditions_pooled,0,1,117.27129520429298,0
overall_harmful,end_of_user_message,policy_lab_access_002,16,35,all_conditions_pooled,0,0,-9.644266945278623,0
overall_harmful,end_of_user_message,policy_lab_access_002,16,35,all_conditions_pooled,0,0,-152.118944951988,0
overall_harmful,end_of_user_message,policy_lab_access_002,16,35,all_conditions_pooled,0,1,179.08798721337484,0
overall_harmful,end_of_user_message,policy_library_checkout_003,17,35,all_conditions_pooled,0,1,3.5708630130215333,0
overall_harmful,end_of_user_message,policy_library_checkout_003,17,35,all_conditions_pooled,0,1,9.330219841918932,0
overall_harmful,end_of_user_message,policy_library_checkout_003,17,35,all_conditions_pooled,0,1,148.89156883441274,0
overall_harmful,end_of_user_message,policy_lunch_pass_001,18,35,all_conditions_pooled,0,0,-9.425786116409798,0
overall_harmful,end_of_user_message,policy_lunch_pass_001,18,35,all_conditions_pooled,0,0,-190.17464855908986,0
overall_harmful,end_of_user_message,policy_lunch_pass_001,18,35,all_conditions_pooled,0,1,231.25245129418826,0
overall_harmful,end_of_user_message,policy_rec_center_004,19,35,all_conditions_pooled,0,0,-333.2118822151582,1
overall_harmful,end_of_user_message,policy_rec_center_004,19,35,all_conditions_pooled,0,0,-348.21140060278015,0
overall_harmful,end_of_user_message,policy_rec_center_004,19,35,all_conditions_pooled,0,0,-74.74736625303265,0
overall_harmful,end_of_user_message,product_specs_025,20,35,all_conditions_pooled,0,0,-316.01580470393253,0
overall_harmful,end_of_user_message,product_specs_025,20,35,all_conditions_pooled,0,0,-247.63210538143062,0
overall_harmful,end_of_user_message,product_specs_025,20,35,all_conditions_pooled,0,0,-93.41202712102043,0
overall_harmful,end_of_user_message,product_specs_026,21,35,all_conditions_pooled,0,0,-270.9062832447055,0
overall_harmful,end_of_user_message,product_specs_026,21,35,all_conditions_pooled,0,0,-172.92066662323708,0
overall_harmful,end_of_user_message,product_specs_026,21,35,all_conditions_pooled,0,0,-126.57789356698623,0
overall_harmful,end_of_user_message,product_specs_027,22,35,all_conditions_pooled,0,0,-154.43896978879468,0
overall_harmful,end_of_user_message,product_specs_027,22,35,all_conditions_pooled,0,0,-229.77805626879584,0
overall_harmful,end_of_user_message,product_specs_027,22,35,all_conditions_pooled,0,1,67.65385713109711,0
overall_harmful,end_of_user_message,product_specs_028,23,35,all_conditions_pooled,0,0,-22.16088569597263,0
overall_harmful,end_of_user_message,product_specs_028,23,35,all_conditions_pooled,0,0,-34.54820095328338,0
overall_harmful,end_of_user_message,product_specs_028,23,35,all_conditions_pooled,0,1,150.48659738880042,0
overall_harmful,end_of_user_message,schedule_clinic_011,24,35,all_conditions_pooled,0,0,-151.68733838371404,0
overall_harmful,end_of_user_message,schedule_clinic_011,24,35,all_conditions_pooled,0,0,-157.02270462850174,0
overall_harmful,end_of_user_message,schedule_clinic_011,24,35,all_conditions_pooled,0,1,68.52323953413253,0
overall_harmful,end_of_user_message,schedule_exam_010,25,35,all_conditions_pooled,0,0,-201.10464944904874,0
overall_harmful,end_of_user_message,schedule_exam_010,25,35,all_conditions_pooled,0,1,45.14437938732057,0
overall_harmful,end_of_user_message,schedule_exam_010,25,35,all_conditions_pooled,0,0,-44.04423760900182,1
overall_harmful,end_of_user_message,schedule_train_009,26,35,all_conditions_pooled,0,0,-234.34517523965312,0
overall_harmful,end_of_user_message,schedule_train_009,26,35,all_conditions_pooled,0,0,-79.49810671891758,0
overall_harmful,end_of_user_message,schedule_train_009,26,35,all_conditions_pooled,0,1,20.68515905583947,0
overall_harmful,end_of_user_message,schedule_workshop_012,27,35,all_conditions_pooled,0,0,-66.59080783233874,0
overall_harmful,end_of_user_message,schedule_workshop_012,27,35,all_conditions_pooled,0,0,-203.85405188899142,0
overall_harmful,end_of_user_message,schedule_workshop_012,27,35,all_conditions_pooled,0,1,140.31817929148613,0
overall_harmful,end_of_user_message,science_battery_016,28,35,all_conditions_pooled,0,1,56.82771976131464,0
overall_harmful,end_of_user_message,science_battery_016,28,35,all_conditions_pooled,0,0,-110.96478292432025,0
overall_harmful,end_of_user_message,science_battery_016,28,35,all_conditions_pooled,0,1,287.0406470193674,0
overall_harmful,end_of_user_message,science_mineral_014,29,35,all_conditions_pooled,0,1,262.2877120507693,0
overall_harmful,end_of_user_message,science_mineral_014,29,35,all_conditions_pooled,0,0,-187.0529575672067,0
overall_harmful,end_of_user_message,science_mineral_014,29,35,all_conditions_pooled,0,1,507.5728494199275,0
overall_harmful,end_of_user_message,science_plant_013,30,35,all_conditions_pooled,0,1,27.93550329891987,0
overall_harmful,end_of_user_message,science_plant_013,30,35,all_conditions_pooled,0,0,-146.56275740716015,0
overall_harmful,end_of_user_message,science_plant_013,30,35,all_conditions_pooled,0,1,179.88878204760303,0
overall_harmful,end_of_user_message,science_weather_015,31,35,all_conditions_pooled,0,1,323.81139059259215,0
overall_harmful,end_of_user_message,science_weather_015,31,35,all_conditions_pooled,0,0,-31.075932896266472,0
overall_harmful,end_of_user_message,science_weather_015,31,35,all_conditions_pooled,0,1,573.7848163361062,0
overall_harmful,end_of_user_message,technical_api_022,32,35,all_conditions_pooled,0,1,16.44750686457362,0
overall_harmful,end_of_user_message,technical_api_022,32,35,all_conditions_pooled,0,0,-144.18576543993328,0
overall_harmful,end_of_user_message,technical_api_022,32,35,all_conditions_pooled,0,1,98.20052459379417,0
overall_harmful,end_of_user_message,technical_backup_023,33,35,all_conditions_pooled,0,0,-10.206175842224853,0
overall_harmful,end_of_user_message,technical_backup_023,33,35,all_conditions_pooled,0,0,-111.1825693180493,0
overall_harmful,end_of_user_message,technical_backup_023,33,35,all_conditions_pooled,0,1,145.10029611718358,0
overall_harmful,end_of_user_message,technical_config_021,34,35,all_conditions_pooled,0,0,-170.95939432661442,0
overall_harmful,end_of_user_message,technical_config_021,34,35,all_conditions_pooled,0,0,-136.91400748437601,0
overall_harmful,end_of_user_message,technical_config_021,34,35,all_conditions_pooled,0,1,53.6007912461975,0
overall_harmful,end_of_user_message,technical_feature_flag_024,35,35,all_conditions_pooled,0,0,-38.42858553808526,0
overall_harmful,end_of_user_message,technical_feature_flag_024,35,35,all_conditions_pooled,0,0,-328.3991600562281,0
overall_harmful,end_of_user_message,technical_feature_flag_024,35,35,all_conditions_pooled,0,1,109.25711046860533,0
overall_harmful,final_answer_position,academic_attendance_019,0,0,all_conditions_pooled,0,0,-674.5702763609388,0
overall_harmful,final_answer_position,academic_attendance_019,0,0,all_conditions_pooled,0,0,-1686.2992734126365,1
overall_harmful,final_answer_position,academic_attendance_019,0,0,all_conditions_pooled,0,0,-1164.0392444305921,0
overall_harmful,final_answer_position,academic_grading_018,1,0,all_conditions_pooled,0,0,-519.1570705648498,0
overall_harmful,final_answer_position,academic_grading_018,1,0,all_conditions_pooled,0,0,-637.0960260481048,0
overall_harmful,final_answer_position,academic_grading_018,1,0,all_conditions_pooled,0,0,-737.0664880683717,0
overall_harmful,final_answer_position,academic_latework_020,2,0,all_conditions_pooled,0,0,-259.9342020312039,0
overall_harmful,final_answer_position,academic_latework_020,2,0,all_conditions_pooled,0,0,-682.577287386923,0
overall_harmful,final_answer_position,academic_latework_020,2,0,all_conditions_pooled,0,0,-476.97826140157474,0
overall_harmful,final_answer_position,academic_prereq_017,3,0,all_conditions_pooled,0,1,1755.2665361305205,0
overall_harmful,final_answer_position,academic_prereq_017,3,0,all_conditions_pooled,0,0,-651.5472936104875,0
overall_harmful,final_answer_position,academic_prereq_017,3,0,all_conditions_pooled,0,1,460.372448056594,0
overall_harmful,final_answer_position,contract_rental_029,4,0,all_conditions_pooled,0,0,-369.8312090819789,0
overall_harmful,final_answer_position,contract_rental_029,4,0,all_conditions_pooled,0,0,-859.6913791762269,0
overall_harmful,final_answer_position,contract_rental_029,4,0,all_conditions_pooled,0,0,-651.0103901308373,0
overall_harmful,final_answer_position,contract_service_030,5,0,all_conditions_pooled,0,1,2111.2141423389576,0
overall_harmful,final_answer_position,contract_service_030,5,0,all_conditions_pooled,0,1,425.1460598490962,0
overall_harmful,final_answer_position,contract_service_030,5,0,all_conditions_pooled,0,1,691.4193700365063,0
overall_harmful,final_answer_position,contract_ticket_032,6,0,all_conditions_pooled,0,1,1955.1352611299144,0
overall_harmful,final_answer_position,contract_ticket_032,6,0,all_conditions_pooled,0,1,391.97694095273357,0
overall_harmful,final_answer_position,contract_ticket_032,6,0,all_conditions_pooled,0,1,622.8372830480162,0
overall_harmful,final_answer_position,contract_warranty_031,7,0,all_conditions_pooled,0,1,1530.6265595387576,0
overall_harmful,final_answer_position,contract_warranty_031,7,0,all_conditions_pooled,0,1,696.5104396623447,0
overall_harmful,final_answer_position,contract_warranty_031,7,0,all_conditions_pooled,0,0,-386.39519538770736,0
overall_harmful,final_answer_position,finance_budget_007,8,0,all_conditions_pooled,0,0,-667.2616229354327,0
overall_harmful,final_answer_position,finance_budget_007,8,0,all_conditions_pooled,0,0,-693.5567492570823,0
overall_harmful,final_answer_position,finance_budget_007,8,0,all_conditions_pooled,0,0,-603.2294208214678,0
overall_harmful,final_answer_position,finance_coupon_006,9,0,all_conditions_pooled,0,1,1501.0033394169448,0
overall_harmful,final_answer_position,finance_coupon_006,9,0,all_conditions_pooled,0,0,-643.0429074643423,0
overall_harmful,final_answer_position,finance_coupon_006,9,0,all_conditions_pooled,0,1,418.3447348504175,0
overall_harmful,final_answer_position,finance_membership_008,10,0,all_conditions_pooled,0,0,-695.6534917842232,0
overall_harmful,final_answer_position,finance_membership_008,10,0,all_conditions_pooled,0,0,-721.593028668377,0
overall_harmful,final_answer_position,finance_membership_008,10,0,all_conditions_pooled,0,0,-606.4208607007574,0
overall_harmful,final_answer_position,finance_refund_005,11,0,all_conditions_pooled,0,1,1280.526757985233,0
overall_harmful,final_answer_position,finance_refund_005,11,0,all_conditions_pooled,0,1,448.36577714027567,0
overall_harmful,final_answer_position,finance_refund_005,11,0,all_conditions_pooled,0,0,-504.05906712913975,0
overall_harmful,final_answer_position,logic_access_033,12,0,all_conditions_pooled,0,1,1991.3355107517623,0
overall_harmful,final_answer_position,logic_access_033,12,0,all_conditions_pooled,0,1,243.07989445535748,0
overall_harmful,final_answer_position,logic_access_033,12,0,all_conditions_pooled,0,1,522.4440387732203,0
overall_harmful,final_answer_position,logic_eligibility_034,13,0,all_conditions_pooled,0,1,1715.90701219418,0
overall_harmful,final_answer_position,logic_eligibility_034,13,0,all_conditions_pooled,0,0,-697.2911591653557,0
overall_harmful,final_answer_position,logic_eligibility_034,13,0,all_conditions_pooled,0,1,478.0140692399242,0
overall_harmful,final_answer_position,logic_shipping_035,14,0,all_conditions_pooled,0,1,1808.966260275481,0
overall_harmful,final_answer_position,logic_shipping_035,14,0,all_conditions_pooled,0,0,-543.0750562703089,0
overall_harmful,final_answer_position,logic_shipping_035,14,0,all_conditions_pooled,0,1,404.4368755832369,1
overall_harmful,final_answer_position,logic_tournament_036,15,0,all_conditions_pooled,0,0,-681.0917124555361,0
overall_harmful,final_answer_position,logic_tournament_036,15,0,all_conditions_pooled,0,0,-448.60253515789134,0
overall_harmful,final_answer_position,logic_tournament_036,15,0,all_conditions_pooled,0,0,-577.649897990563,0
overall_harmful,final_answer_position,policy_lab_access_002,16,0,all_conditions_pooled,0,0,-611.9361922570976,0
overall_harmful,final_answer_position,policy_lab_access_002,16,0,all_conditions_pooled,0,0,-692.0365521163235,0
overall_harmful,final_answer_position,policy_lab_access_002,16,0,all_conditions_pooled,0,0,-525.8139150923412,0
overall_harmful,final_answer_position,policy_library_checkout_003,17,0,all_conditions_pooled,0,0,-764.9228436100873,0
overall_harmful,final_answer_position,policy_library_checkout_003,17,0,all_conditions_pooled,0,0,-790.50392724278,0
overall_harmful,final_answer_position,policy_library_checkout_003,17,0,all_conditions_pooled,0,0,-677.0546291020845,0
overall_harmful,final_answer_position,policy_lunch_pass_001,18,0,all_conditions_pooled,0,0,-696.0351550659038,0
overall_harmful,final_answer_position,policy_lunch_pass_001,18,0,all_conditions_pooled,0,0,-754.4958081429204,0
overall_harmful,final_answer_position,policy_lunch_pass_001,18,0,all_conditions_pooled,0,0,-680.1386792394018,0
overall_harmful,final_answer_position,policy_rec_center_004,19,0,all_conditions_pooled,0,0,-42.976673160373366,1
overall_harmful,final_answer_position,policy_rec_center_004,19,0,all_conditions_pooled,0,0,-99.78777492286272,0
overall_harmful,final_answer_position,policy_rec_center_004,19,0,all_conditions_pooled,0,1,280.76515443527285,0
overall_harmful,final_answer_position,product_specs_025,20,0,all_conditions_pooled,0,1,1586.5236477804447,0
overall_harmful,final_answer_position,product_specs_025,20,0,all_conditions_pooled,0,0,-720.1431073342635,0
overall_harmful,final_answer_position,product_specs_025,20,0,all_conditions_pooled,0,1,420.1500198546558,0
overall_harmful,final_answer_position,product_specs_026,21,0,all_conditions_pooled,0,0,-392.20595586403385,0
overall_harmful,final_answer_position,product_specs_026,21,0,all_conditions_pooled,0,0,-572.2543239853443,0
overall_harmful,final_answer_position,product_specs_026,21,0,all_conditions_pooled,0,0,-649.0208888110517,0
overall_harmful,final_answer_position,product_specs_027,22,0,all_conditions_pooled,0,1,1437.2219433265564,0
overall_harmful,final_answer_position,product_specs_027,22,0,all_conditions_pooled,0,1,603.2188197935222,0
overall_harmful,final_answer_position,product_specs_027,22,0,all_conditions_pooled,0,0,-439.55236250607095,0
overall_harmful,final_answer_position,product_specs_028,23,0,all_conditions_pooled,0,1,1573.2392012527641,0
overall_harmful,final_answer_position,product_specs_028,23,0,all_conditions_pooled,0,0,-635.9457562320188,0
overall_harmful,final_answer_position,product_specs_028,23,0,all_conditions_pooled,0,1,453.60882657277944,0
overall_harmful,final_answer_position,schedule_clinic_011,24,0,all_conditions_pooled,0,0,-483.15974423207933,0
overall_harmful,final_answer_position,schedule_clinic_011,24,0,all_conditions_pooled,0,0,-888.5767832972705,0
overall_harmful,final_answer_position,schedule_clinic_011,24,0,all_conditions_pooled,0,0,-695.3216827669773,0
overall_harmful,final_answer_position,schedule_exam_010,25,0,all_conditions_pooled,0,1,2249.8518894211593,0
overall_harmful,final_answer_position,schedule_exam_010,25,0,all_conditions_pooled,0,1,344.24426016515184,0
overall_harmful,final_answer_position,schedule_exam_010,25,0,all_conditions_pooled,0,1,465.39061520090894,1
overall_harmful,final_answer_position,schedule_train_009,26,0,all_conditions_pooled,0,1,1531.8109194264339,0
overall_harmful,final_answer_position,schedule_train_009,26,0,all_conditions_pooled,0,0,-805.9346058482566,0
overall_harmful,final_answer_position,schedule_train_009,26,0,all_conditions_pooled,0,1,301.9434288785484,0
overall_harmful,final_answer_position,schedule_workshop_012,27,0,all_conditions_pooled,0,0,-687.8301622988671,0
overall_harmful,final_answer_position,schedule_workshop_012,27,0,all_conditions_pooled,0,0,-748.0873944231157,0
overall_harmful,final_answer_position,schedule_workshop_012,27,0,all_conditions_pooled,0,0,-676.5827649442581,0
overall_harmful,final_answer_position,science_battery_016,28,0,all_conditions_pooled,0,0,-721.868956721753,0
overall_harmful,final_answer_position,science_battery_016,28,0,all_conditions_pooled,0,0,-576.3969443312891,0
overall_harmful,final_answer_position,science_battery_016,28,0,all_conditions_pooled,0,0,-299.94431674360146,0
overall_harmful,final_answer_position,science_mineral_014,29,0,all_conditions_pooled,0,1,2211.4581126317894,0
overall_harmful,final_answer_position,science_mineral_014,29,0,all_conditions_pooled,0,1,504.6893834355051,0
overall_harmful,final_answer_position,science_mineral_014,29,0,all_conditions_pooled,0,1,832.3417758750511,0
overall_harmful,final_answer_position,science_plant_013,30,0,all_conditions_pooled,0,0,-714.5827544267261,0
overall_harmful,final_answer_position,science_plant_013,30,0,all_conditions_pooled,0,0,-591.5256761597951,0
overall_harmful,final_answer_position,science_plant_013,30,0,all_conditions_pooled,0,0,-236.8381906768068,0
overall_harmful,final_answer_position,science_weather_015,31,0,all_conditions_pooled,0,1,1649.5324602511937,0
overall_harmful,final_answer_position,science_weather_015,31,0,all_conditions_pooled,0,0,-628.9356327072603,0
overall_harmful,final_answer_position,science_weather_015,31,0,all_conditions_pooled,0,1,460.8218159565517,0
overall_harmful,final_answer_position,technical_api_022,32,0,all_conditions_pooled,0,1,1701.2447843590264,0
overall_harmful,final_answer_position,technical_api_022,32,0,all_conditions_pooled,0,0,-689.7465965058179,0
overall_harmful,final_answer_position,technical_api_022,32,0,all_conditions_pooled,0,1,463.2772072670824,0
overall_harmful,final_answer_position,technical_backup_023,33,0,all_conditions_pooled,0,0,-807.7438755600538,0
overall_harmful,final_answer_position,technical_backup_023,33,0,all_conditions_pooled,0,0,-820.6742569065467,0
overall_harmful,final_answer_position,technical_backup_023,33,0,all_conditions_pooled,0,0,-778.0519070376413,0
overall_harmful,final_answer_position,technical_config_021,34,0,all_conditions_pooled,0,1,347.55005743944275,0
overall_harmful,final_answer_position,technical_config_021,34,0,all_conditions_pooled,0,0,-718.048282522288,0
overall_harmful,final_answer_position,technical_config_021,34,0,all_conditions_pooled,0,0,-411.75925415410273,0
overall_harmful,final_answer_position,technical_feature_flag_024,35,0,all_conditions_pooled,0,0,-353.89194059235444,0
overall_harmful,final_answer_position,technical_feature_flag_024,35,0,all_conditions_pooled,0,0,-805.9250921386724,0
overall_harmful,final_answer_position,technical_feature_flag_024,35,0,all_conditions_pooled,0,0,-530.0301514908475,0
overall_harmful,final_answer_position,academic_attendance_019,0,1,all_conditions_pooled,0,0,-582.6997891635825,0
overall_harmful,final_answer_position,academic_attendance_019,0,1,all_conditions_pooled,0,0,-1453.9342007715059,1
overall_harmful,final_answer_position,academic_attendance_019,0,1,all_conditions_pooled,0,0,-987.5536299745113,0
overall_harmful,final_answer_position,academic_grading_018,1,1,all_conditions_pooled,0,0,-489.85299214154463,0
overall_harmful,final_answer_position,academic_grading_018,1,1,all_conditions_pooled,0,0,-570.435476971052,0
overall_harmful,final_answer_position,academic_grading_018,1,1,all_conditions_pooled,0,0,-647.9192184616995,0
overall_harmful,final_answer_position,academic_latework_020,2,1,all_conditions_pooled,0,0,-258.6044586437131,0
overall_harmful,final_answer_position,academic_latework_020,2,1,all_conditions_pooled,0,0,-622.8006230901882,0
overall_harmful,final_answer_position,academic_latework_020,2,1,all_conditions_pooled,0,0,-413.13663994385547,0
overall_harmful,final_answer_position,academic_prereq_017,3,1,all_conditions_pooled,0,1,1588.2013114364804,0
overall_harmful,final_answer_position,academic_prereq_017,3,1,all_conditions_pooled,0,0,-575.7946043704767,0
overall_harmful,final_answer_position,academic_prereq_017,3,1,all_conditions_pooled,0,1,418.0819495318874,0
overall_harmful,final_answer_position,contract_rental_029,4,1,all_conditions_pooled,0,0,-326.7655081627282,0
overall_harmful,final_answer_position,contract_rental_029,4,1,all_conditions_pooled,0,0,-745.4316226273146,0
overall_harmful,final_answer_position,contract_rental_029,4,1,all_conditions_pooled,0,0,-560.989387125932,0
overall_harmful,final_answer_position,contract_service_030,5,1,all_conditions_pooled,0,1,1928.9379704438456,0
overall_harmful,final_answer_position,contract_service_030,5,1,all_conditions_pooled,0,1,331.2524874478634,0
overall_harmful,final_answer_position,contract_service_030,5,1,all_conditions_pooled,0,1,588.2274675944192,0
overall_harmful,final_answer_position,contract_ticket_032,6,1,all_conditions_pooled,0,1,1797.214773318595,0
overall_harmful,final_answer_position,contract_ticket_032,6,1,all_conditions_pooled,0,1,281.3873977360236,0
overall_harmful,final_answer_position,contract_ticket_032,6,1,all_conditions_pooled,0,1,514.0486807881142,0
overall_harmful,final_answer_position,contract_warranty_031,7,1,all_conditions_pooled,0,1,1410.4211593401906,0
overall_harmful,final_answer_position,contract_warranty_031,7,1,all_conditions_pooled,0,1,657.8957295868436,0
overall_harmful,final_answer_position,contract_warranty_031,7,1,all_conditions_pooled,0,0,-268.4809466150794,0
overall_harmful,final_answer_position,finance_budget_007,8,1,all_conditions_pooled,0,0,-618.1811595234651,0
overall_harmful,final_answer_position,finance_budget_007,8,1,all_conditions_pooled,0,0,-649.682266180047,0
overall_harmful,final_answer_position,finance_budget_007,8,1,all_conditions_pooled,0,0,-549.1423809112011,0
overall_harmful,final_answer_position,finance_coupon_006,9,1,all_conditions_pooled,0,1,1368.4772361882292,0
overall_harmful,final_answer_position,finance_coupon_006,9,1,all_conditions_pooled,0,0,-602.0154234249353,0
overall_harmful,final_answer_position,finance_coupon_006,9,1,all_conditions_pooled,0,1,329.69752970014,0
overall_harmful,final_answer_position,finance_membership_008,10,1,all_conditions_pooled,0,0,-633.7506016269888,0
overall_harmful,final_answer_position,finance_membership_008,10,1,all_conditions_pooled,0,0,-679.5050531497488,0
overall_harmful,final_answer_position,finance_membership_008,10,1,all_conditions_pooled,0,0,-534.0555146285111,0
overall_harmful,final_answer_position,finance_refund_005,11,1,all_conditions_pooled,0,1,1136.8097073481317,0
overall_harmful,final_answer_position,finance_refund_005,11,1,all_conditions_pooled,0,1,327.8719075997909,0
overall_harmful,final_answer_position,finance_refund_005,11,1,all_conditions_pooled,0,0,-468.9985442004346,0
overall_harmful,final_answer_position,logic_access_033,12,1,all_conditions_pooled,0,1,1835.4502659885989,0
overall_harmful,final_answer_position,logic_access_033,12,1,all_conditions_pooled,0,1,182.7986204870279,0
overall_harmful,final_answer_position,logic_access_033,12,1,all_conditions_pooled,0,1,426.3121392075234,0
overall_harmful,final_answer_position,logic_eligibility_034,13,1,all_conditions_pooled,0,1,1550.2680470063829,0
overall_harmful,final_answer_position,logic_eligibility_034,13,1,all_conditions_pooled,0,0,-616.8238383279324,0
overall_harmful,final_answer_position,logic_eligibility_034,13,1,all_conditions_pooled,0,1,404.955200613336,0
overall_harmful,final_answer_position,logic_shipping_035,14,1,all_conditions_pooled,0,1,1625.361359656818,0
overall_harmful,final_answer_position,logic_shipping_035,14,1,all_conditions_pooled,0,0,-508.11254458049336,0
overall_harmful,final_answer_position,logic_shipping_035,14,1,all_conditions_pooled,0,1,348.98655891939273,1
overall_harmful,final_answer_position,logic_tournament_036,15,1,all_conditions_pooled,0,0,-598.2008911928147,0
overall_harmful,final_answer_position,logic_tournament_036,15,1,all_conditions_pooled,0,0,-405.03803992209293,0
overall_harmful,final_answer_position,logic_tournament_036,15,1,all_conditions_pooled,0,0,-516.3138542995324,0
overall_harmful,final_answer_position,policy_lab_access_002,16,1,all_conditions_pooled,0,0,-570.2193856278584,0
overall_harmful,final_answer_position,policy_lab_access_002,16,1,all_conditions_pooled,0,0,-636.0612201620212,0
overall_harmful,final_answer_position,policy_lab_access_002,16,1,all_conditions_pooled,0,0,-484.0491735198235,0
overall_harmful,final_answer_position,policy_library_checkout_003,17,1,all_conditions_pooled,0,0,-670.9918774582594,0
overall_harmful,final_answer_position,policy_library_checkout_003,17,1,all_conditions_pooled,0,0,-714.6000832876607,0
overall_harmful,final_answer_position,policy_library_checkout_003,17,1,all_conditions_pooled,0,0,-594.0326636479845,0
overall_harmful,final_answer_position,policy_lunch_pass_001,18,1,all_conditions_pooled,0,0,-624.6986168086366,0
overall_harmful,final_answer_position,policy_lunch_pass_001,18,1,all_conditions_pooled,0,0,-686.1225714813224,0
overall_harmful,final_answer_position,policy_lunch_pass_001,18,1,all_conditions_pooled,0,0,-588.904822412918,0
overall_harmful,final_answer_position,policy_rec_center_004,19,1,all_conditions_pooled,0,0,-59.2561927850727,1
overall_harmful,final_answer_position,policy_rec_center_004,19,1,all_conditions_pooled,0,0,-99.86022168881368,0
overall_harmful,final_answer_position,policy_rec_center_004,19,1,all_conditions_pooled,0,1,226.864851756206,0
overall_harmful,final_answer_position,product_specs_025,20,1,all_conditions_pooled,0,1,1432.0243035581402,0
overall_harmful,final_answer_position,product_specs_025,20,1,all_conditions_pooled,0,0,-680.7113372122014,0
overall_harmful,final_answer_position,product_specs_025,20,1,all_conditions_pooled,0,1,331.5615969295619,0
overall_harmful,final_answer_position,product_specs_026,21,1,all_conditions_pooled,0,0,-406.94607640322397,0
overall_harmful,final_answer_position,product_specs_026,21,1,all_conditions_pooled,0,0,-568.8094163505402,0
overall_harmful,final_answer_position,product_specs_026,21,1,all_conditions_pooled,0,0,-606.357805956626,0
overall_harmful,final_answer_position,product_specs_027,22,1,all_conditions_pooled,0,1,1342.0912086784078,0
overall_harmful,final_answer_position,product_specs_027,22,1,all_conditions_pooled,0,1,550.3657820393562,0
overall_harmful,final_answer_position,product_specs_027,22,1,all_conditions_pooled,0,0,-316.9885002291254,0
overall_harmful,final_answer_position,product_specs_028,23,1,all_conditions_pooled,0,1,1422.3400780149807,0
overall_harmful,final_answer_position,product_specs_028,23,1,all_conditions_pooled,0,0,-568.9493234268147,0
overall_harmful,final_answer_position,product_specs_028,23,1,all_conditions_pooled,0,1,402.2483073605765,0
overall_harmful,final_answer_position,schedule_clinic_011,24,1,all_conditions_pooled,0,0,-415.0979789520039,0
overall_harmful,final_answer_position,schedule_clinic_011,24,1,all_conditions_pooled,0,0,-772.0609467795599,0
overall_harmful,final_answer_position,schedule_clinic_011,24,1,all_conditions_pooled,0,0,-595.3449790049726,0
overall_harmful,final_answer_position,schedule_exam_010,25,1,all_conditions_pooled,0,1,2102.093221283441,0
overall_harmful,final_answer_position,schedule_exam_010,25,1,all_conditions_pooled,0,1,265.19248587057916,0
overall_harmful,final_answer_position,schedule_exam_010,25,1,all_conditions_pooled,0,1,404.7799738484329,1
overall_harmful,final_answer_position,schedule_train_009,26,1,all_conditions_pooled,0,1,1423.1523256892203,0
overall_harmful,final_answer_position,schedule_train_009,26,1,all_conditions_pooled,0,0,-709.2668665791809,0
overall_harmful,final_answer_position,schedule_train_009,26,1,all_conditions_pooled,0,1,282.4124069080682,0
overall_harmful,final_answer_position,schedule_workshop_012,27,1,all_conditions_pooled,0,0,-602.7595217183115,0
overall_harmful,final_answer_position,schedule_workshop_012,27,1,all_conditions_pooled,0,0,-668.0730998512672,0
overall_harmful,final_answer_position,schedule_workshop_012,27,1,all_conditions_pooled,0,0,-583.3315430098278,0
overall_harmful,final_answer_position,science_battery_016,28,1,all_conditions_pooled,0,0,-581.764654202978,0
overall_harmful,final_answer_position,science_battery_016,28,1,all_conditions_pooled,0,0,-467.77792462232406,0
overall_harmful,final_answer_position,science_battery_016,28,1,all_conditions_pooled,0,0,-211.0742243238401,0
overall_harmful,final_answer_position,science_mineral_014,29,1,all_conditions_pooled,0,1,2058.345008113437,0
overall_harmful,final_answer_position,science_mineral_014,29,1,all_conditions_pooled,0,1,441.8268518026646,0
overall_harmful,final_answer_position,science_mineral_014,29,1,all_conditions_pooled,0,1,760.9007008959966,0
overall_harmful,final_answer_position,science_plant_013,30,1,all_conditions_pooled,0,0,-608.7602898407421,0
overall_harmful,final_answer_position,science_plant_013,30,1,all_conditions_pooled,0,0,-527.0093183043989,0
overall_harmful,final_answer_position,science_plant_013,30,1,all_conditions_pooled,0,0,-194.71019650966994,0
overall_harmful,final_answer_position,science_weather_015,31,1,all_conditions_pooled,0,1,1466.4270103592314,0
overall_harmful,final_answer_position,science_weather_015,31,1,all_conditions_pooled,0,0,-581.8945204980114,0
overall_harmful,final_answer_position,science_weather_015,31,1,all_conditions_pooled,0,1,372.77495050450204,0
overall_harmful,final_answer_position,technical_api_022,32,1,all_conditions_pooled,0,1,1507.5454204460693,0
overall_harmful,final_answer_position,technical_api_022,32,1,all_conditions_pooled,0,0,-643.551392898825,0
overall_harmful,final_answer_position,technical_api_022,32,1,all_conditions_pooled,0,1,361.31790595722975,0
overall_harmful,final_answer_position,technical_backup_023,33,1,all_conditions_pooled,0,0,-732.6790740482575,0
overall_harmful,final_answer_position,technical_backup_023,33,1,all_conditions_pooled,0,0,-729.3952902889424,0
overall_harmful,final_answer_position,technical_backup_023,33,1,all_conditions_pooled,0,0,-670.2099189490184,0
overall_harmful,final_answer_position,technical_config_021,34,1,all_conditions_pooled,0,1,229.723066097294,0
overall_harmful,final_answer_position,technical_config_021,34,1,all_conditions_pooled,0,0,-658.6655857506814,0
overall_harmful,final_answer_position,technical_config_021,34,1,all_conditions_pooled,0,0,-387.6747279124799,0
overall_harmful,final_answer_position,technical_feature_flag_024,35,1,all_conditions_pooled,0,0,-324.10463255119566,0
overall_harmful,final_answer_position,technical_feature_flag_024,35,1,all_conditions_pooled,0,0,-716.5756945014798,0
overall_harmful,final_answer_position,technical_feature_flag_024,35,1,all_conditions_pooled,0,0,-463.52162850693924,0
overall_harmful,final_answer_position,academic_attendance_019,0,2,all_conditions_pooled,0,0,-392.77837907935253,0
overall_harmful,final_answer_position,academic_attendance_019,0,2,all_conditions_pooled,0,0,-1175.146894916701,1
overall_harmful,final_answer_position,academic_attendance_019,0,2,all_conditions_pooled,0,0,-746.9822998408638,0
overall_harmful,final_answer_position,academic_grading_018,1,2,all_conditions_pooled,0,0,-500.12841113460564,0
overall_harmful,final_answer_position,academic_grading_018,1,2,all_conditions_pooled,0,0,-542.6819704403675,0
overall_harmful,final_answer_position,academic_grading_018,1,2,all_conditions_pooled,0,0,-612.211734015583,0
overall_harmful,final_answer_position,academic_latework_020,2,2,all_conditions_pooled,0,0,-237.46692759548662,0
overall_harmful,final_answer_position,academic_latework_020,2,2,all_conditions_pooled,0,0,-528.4908908270987,0
overall_harmful,final_answer_position,academic_latework_020,2,2,all_conditions_pooled,0,0,-355.6706894404934,0
overall_harmful,final_answer_position,academic_prereq_017,3,2,all_conditions_pooled,0,1,1365.7033126135502,0
overall_harmful,final_answer_position,academic_prereq_017,3,2,all_conditions_pooled,0,0,-417.02084736831716,0
overall_harmful,final_answer_position,academic_prereq_017,3,2,all_conditions_pooled,0,1,359.1322500451366,0
overall_harmful,final_answer_position,contract_rental_029,4,2,all_conditions_pooled,0,0,-236.07136186257915,0
overall_harmful,final_answer_position,contract_rental_029,4,2,all_conditions_pooled,0,0,-528.6947157556589,0
overall_harmful,final_answer_position,contract_rental_029,4,2,all_conditions_pooled,0,0,-412.8442106894373,0
overall_harmful,final_answer_position,contract_service_030,5,2,all_conditions_pooled,0,1,1647.866445450532,0
overall_harmful,final_answer_position,contract_service_030,5,2,all_conditions_pooled,0,1,343.6700976336807,0
overall_harmful,final_answer_position,contract_service_030,5,2,all_conditions_pooled,0,1,548.3215284449373,0
overall_harmful,final_answer_position,contract_ticket_032,6,2,all_conditions_pooled,0,1,1500.2709011219204,0
overall_harmful,final_answer_position,contract_ticket_032,6,2,all_conditions_pooled,0,1,210.1506765489768,0
overall_harmful,final_answer_position,contract_ticket_032,6,2,all_conditions_pooled,0,1,377.7896308095842,0
overall_harmful,final_answer_position,contract_warranty_031,7,2,all_conditions_pooled,0,1,1106.3728249332212,0
overall_harmful,final_answer_position,contract_warranty_031,7,2,all_conditions_pooled,0,1,605.9328093264636,0
overall_harmful,final_answer_position,contract_warranty_031,7,2,all_conditions_pooled,0,0,-154.35830223031678,0
overall_harmful,final_answer_position,finance_budget_007,8,2,all_conditions_pooled,0,0,-580.2886967475016,0
overall_harmful,final_answer_position,finance_budget_007,8,2,all_conditions_pooled,0,0,-604.5250446001353,0
overall_harmful,final_answer_position,finance_budget_007,8,2,all_conditions_pooled,0,0,-539.6082136290222,0
overall_harmful,final_answer_position,finance_coupon_006,9,2,all_conditions_pooled,0,1,1076.4122524506554,0
overall_harmful,final_answer_position,finance_coupon_006,9,2,all_conditions_pooled,0,0,-581.0708656630815,0
overall_harmful,final_answer_position,finance_coupon_006,9,2,all_conditions_pooled,0,1,141.6894844091727,0
overall_harmful,final_answer_position,finance_membership_008,10,2,all_conditions_pooled,0,0,-491.9569934376432,0
overall_harmful,final_answer_position,finance_membership_008,10,2,all_conditions_pooled,0,0,-504.4310431038643,0
overall_harmful,final_answer_position,finance_membership_008,10,2,all_conditions_pooled,0,0,-394.74844679275645,0
overall_harmful,final_answer_position,finance_refund_005,11,2,all_conditions_pooled,0,1,879.4809592899616,0
overall_harmful,final_answer_position,finance_refund_005,11,2,all_conditions_pooled,0,1,242.0142017135571,0
overall_harmful,final_answer_position,finance_refund_005,11,2,all_conditions_pooled,0,0,-411.59873242460515,0
overall_harmful,final_answer_position,logic_access_033,12,2,all_conditions_pooled,0,1,1536.3710553755277,0
overall_harmful,final_answer_position,logic_access_033,12,2,all_conditions_pooled,0,1,191.37935731041523,0
overall_harmful,final_answer_position,logic_access_033,12,2,all_conditions_pooled,0,1,355.10882313963884,0
overall_harmful,final_answer_position,logic_eligibility_034,13,2,all_conditions_pooled,0,1,1272.9681942215975,0
overall_harmful,final_answer_position,logic_eligibility_034,13,2,all_conditions_pooled,0,0,-497.0151358989961,0
overall_harmful,final_answer_position,logic_eligibility_034,13,2,all_conditions_pooled,0,1,285.45322621223573,0
overall_harmful,final_answer_position,logic_shipping_035,14,2,all_conditions_pooled,0,1,1399.9692257895679,0
overall_harmful,final_answer_position,logic_shipping_035,14,2,all_conditions_pooled,0,0,-404.14428981178844,0
overall_harmful,final_answer_position,logic_shipping_035,14,2,all_conditions_pooled,0,1,269.6287237714676,1
overall_harmful,final_answer_position,logic_tournament_036,15,2,all_conditions_pooled,0,0,-604.567984405335,0
overall_harmful,final_answer_position,logic_tournament_036,15,2,all_conditions_pooled,0,0,-370.7073017945423,0
overall_harmful,final_answer_position,logic_tournament_036,15,2,all_conditions_pooled,0,0,-487.0125867021764,0
overall_harmful,final_answer_position,policy_lab_access_002,16,2,all_conditions_pooled,0,0,-514.1783127764404,0
overall_harmful,final_answer_position,policy_lab_access_002,16,2,all_conditions_pooled,0,0,-539.0783380950993,0
overall_harmful,final_answer_position,policy_lab_access_002,16,2,all_conditions_pooled,0,0,-462.49919038002463,0
overall_harmful,final_answer_position,policy_library_checkout_003,17,2,all_conditions_pooled,0,0,-616.6706349848617,0
overall_harmful,final_answer_position,policy_library_checkout_003,17,2,all_conditions_pooled,0,0,-632.14716347442,0
overall_harmful,final_answer_position,policy_library_checkout_003,17,2,all_conditions_pooled,0,0,-559.0896013207625,0
overall_harmful,final_answer_position,policy_lunch_pass_001,18,2,all_conditions_pooled,0,0,-614.0488500588708,0
overall_harmful,final_answer_position,policy_lunch_pass_001,18,2,all_conditions_pooled,0,0,-580.8269266206831,0
overall_harmful,final_answer_position,policy_lunch_pass_001,18,2,all_conditions_pooled,0,0,-527.3613739622665,0
overall_harmful,final_answer_position,policy_rec_center_004,19,2,all_conditions_pooled,0,0,-57.40157686990573,1
overall_harmful,final_answer_position,policy_rec_center_004,19,2,all_conditions_pooled,0,0,-53.023621382424736,0
overall_harmful,final_answer_position,policy_rec_center_004,19,2,all_conditions_pooled,0,1,186.93945176848356,0
overall_harmful,final_answer_position,product_specs_025,20,2,all_conditions_pooled,0,1,1331.0733111965696,0
overall_harmful,final_answer_position,product_specs_025,20,2,all_conditions_pooled,0,0,-523.3810652579409,0
overall_harmful,final_answer_position,product_specs_025,20,2,all_conditions_pooled,0,1,315.9344252253079,0
overall_harmful,final_answer_position,product_specs_026,21,2,all_conditions_pooled,0,0,-427.6157450790174,0
overall_harmful,final_answer_position,product_specs_026,21,2,all_conditions_pooled,0,0,-540.9733064792828,0
overall_harmful,final_answer_position,product_specs_026,21,2,all_conditions_pooled,0,0,-590.2517479237864,0
overall_harmful,final_answer_position,product_specs_027,22,2,all_conditions_pooled,0,1,1104.3625394701376,0
overall_harmful,final_answer_position,product_specs_027,22,2,all_conditions_pooled,0,1,524.4387675775864,0
overall_harmful,final_answer_position,product_specs_027,22,2,all_conditions_pooled,0,0,-163.88640498226482,0
overall_harmful,final_answer_position,product_specs_028,23,2,all_conditions_pooled,0,1,1241.306308507617,0
overall_harmful,final_answer_position,product_specs_028,23,2,all_conditions_pooled,0,0,-491.6932272620692,0
overall_harmful,final_answer_position,product_specs_028,23,2,all_conditions_pooled,0,1,335.9905602881548,0
overall_harmful,final_answer_position,schedule_clinic_011,24,2,all_conditions_pooled,0,0,-216.58439941801356,0
overall_harmful,final_answer_position,schedule_clinic_011,24,2,all_conditions_pooled,0,0,-539.7445095340256,0
overall_harmful,final_answer_position,schedule_clinic_011,24,2,all_conditions_pooled,0,0,-405.33468621549105,0
overall_harmful,final_answer_position,schedule_exam_010,25,2,all_conditions_pooled,0,1,1791.4884420951978,0
overall_harmful,final_answer_position,schedule_exam_010,25,2,all_conditions_pooled,0,1,317.8472735350894,0
overall_harmful,final_answer_position,schedule_exam_010,25,2,all_conditions_pooled,0,1,392.021997016225,1
overall_harmful,final_answer_position,schedule_train_009,26,2,all_conditions_pooled,0,1,1315.4986220126168,0
overall_harmful,final_answer_position,schedule_train_009,26,2,all_conditions_pooled,0,0,-509.36419658650465,0
overall_harmful,final_answer_position,schedule_train_009,26,2,all_conditions_pooled,0,1,302.1840787613317,0
overall_harmful,final_answer_position,schedule_workshop_012,27,2,all_conditions_pooled,0,0,-562.5746901538964,0
overall_harmful,final_answer_position,schedule_workshop_012,27,2,all_conditions_pooled,0,0,-561.5549605358033,0
overall_harmful,final_answer_position,schedule_workshop_012,27,2,all_conditions_pooled,0,0,-514.1563472036624,0
overall_harmful,final_answer_position,science_battery_016,28,2,all_conditions_pooled,0,0,-589.4969252061079,0
overall_harmful,final_answer_position,science_battery_016,28,2,all_conditions_pooled,0,0,-389.50880125322254,0
overall_harmful,final_answer_position,science_battery_016,28,2,all_conditions_pooled,0,0,-207.90488915596626,0
overall_harmful,final_answer_position,science_mineral_014,29,2,all_conditions_pooled,0,1,1744.4039066882083,0
overall_harmful,final_answer_position,science_mineral_014,29,2,all_conditions_pooled,0,1,426.6049064204139,0
overall_harmful,final_answer_position,science_mineral_014,29,2,all_conditions_pooled,0,1,678.7726938035636,0
overall_harmful,final_answer_position,science_plant_013,30,2,all_conditions_pooled,0,0,-601.8746326022111,0
overall_harmful,final_answer_position,science_plant_013,30,2,all_conditions_pooled,0,0,-443.0171222853187,0
overall_harmful,final_answer_position,science_plant_013,30,2,all_conditions_pooled,0,0,-225.8149133957068,0
overall_harmful,final_answer_position,science_weather_015,31,2,all_conditions_pooled,0,1,1359.807652066785,0
overall_harmful,final_answer_position,science_weather_015,31,2,all_conditions_pooled,0,0,-377.6216159586719,0
overall_harmful,final_answer_position,science_weather_015,31,2,all_conditions_pooled,0,1,406.25289132213396,0
overall_harmful,final_answer_position,technical_api_022,32,2,all_conditions_pooled,0,1,1339.9552313448537,0
overall_harmful,final_answer_position,technical_api_022,32,2,all_conditions_pooled,0,0,-460.46815349156,0
overall_harmful,final_answer_position,technical_api_022,32,2,all_conditions_pooled,0,1,323.82052898512296,0
overall_harmful,final_answer_position,technical_backup_023,33,2,all_conditions_pooled,0,0,-701.9727373921985,0
overall_harmful,final_answer_position,technical_backup_023,33,2,all_conditions_pooled,0,0,-662.9294348196763,0
overall_harmful,final_answer_position,technical_backup_023,33,2,all_conditions_pooled,0,0,-634.3382091657072,0
overall_harmful,final_answer_position,technical_config_021,34,2,all_conditions_pooled,0,1,13.730988736130733,0
overall_harmful,final_answer_position,technical_config_021,34,2,all_conditions_pooled,0,0,-636.4544603354869,0
overall_harmful,final_answer_position,technical_config_021,34,2,all_conditions_pooled,0,0,-430.18518959598555,0
overall_harmful,final_answer_position,technical_feature_flag_024,35,2,all_conditions_pooled,0,0,-284.2216309764889,0
overall_harmful,final_answer_position,technical_feature_flag_024,35,2,all_conditions_pooled,0,0,-582.9213041270632,0
overall_harmful,final_answer_position,technical_feature_flag_024,35,2,all_conditions_pooled,0,0,-409.2276988593414,0
overall_harmful,final_answer_position,academic_attendance_019,0,3,all_conditions_pooled,0,0,-319.9953564008527,0
overall_harmful,final_answer_position,academic_attendance_019,0,3,all_conditions_pooled,0,0,-971.6095462236162,1
overall_harmful,final_answer_position,academic_attendance_019,0,3,all_conditions_pooled,0,0,-478.6975634895,0
overall_harmful,final_answer_position,academic_grading_018,1,3,all_conditions_pooled,0,0,-479.4719373789072,0
overall_harmful,final_answer_position,academic_grading_018,1,3,all_conditions_pooled,0,0,-372.822509817147,0
overall_harmful,final_answer_position,academic_grading_018,1,3,all_conditions_pooled,0,0,-445.1192338589248,0
overall_harmful,final_answer_position,academic_latework_020,2,3,all_conditions_pooled,0,0,-324.69016909640607,0
overall_harmful,final_answer_position,academic_latework_020,2,3,all_conditions_pooled,0,0,-440.8725437438929,0
overall_harmful,final_answer_position,academic_latework_020,2,3,all_conditions_pooled,0,0,-329.07744514333285,0
overall_harmful,final_answer_position,academic_prereq_017,3,3,all_conditions_pooled,0,1,1122.482767561231,0
overall_harmful,final_answer_position,academic_prereq_017,3,3,all_conditions_pooled,0,0,-204.3474670688777,0
overall_harmful,final_answer_position,academic_prereq_017,3,3,all_conditions_pooled,0,1,384.2267205532496,0
overall_harmful,final_answer_position,contract_rental_029,4,3,all_conditions_pooled,0,0,-209.9226505401282,0
overall_harmful,final_answer_position,contract_rental_029,4,3,all_conditions_pooled,0,0,-307.8502597667964,0
overall_harmful,final_answer_position,contract_rental_029,4,3,all_conditions_pooled,0,0,-272.2103519808527,0
overall_harmful,final_answer_position,contract_service_030,5,3,all_conditions_pooled,0,1,1252.4135112167185,0
overall_harmful,final_answer_position,contract_service_030,5,3,all_conditions_pooled,0,1,302.8475440856253,0
overall_harmful,final_answer_position,contract_service_030,5,3,all_conditions_pooled,0,1,438.22208775453976,0
overall_harmful,final_answer_position,contract_ticket_032,6,3,all_conditions_pooled,0,1,1098.7955126956624,0
overall_harmful,final_answer_position,contract_ticket_032,6,3,all_conditions_pooled,0,1,113.94249373543579,0
overall_harmful,final_answer_position,contract_ticket_032,6,3,all_conditions_pooled,0,1,242.56280001337916,0
overall_harmful,final_answer_position,contract_warranty_031,7,3,all_conditions_pooled,0,1,774.4195480885013,0
overall_harmful,final_answer_position,contract_warranty_031,7,3,all_conditions_pooled,0,1,502.0286131836506,0
overall_harmful,final_answer_position,contract_warranty_031,7,3,all_conditions_pooled,0,0,-128.60648464019363,0
overall_harmful,final_answer_position,finance_budget_007,8,3,all_conditions_pooled,0,0,-618.574568569074,0
overall_harmful,final_answer_position,finance_budget_007,8,3,all_conditions_pooled,0,0,-453.3080899681722,0
overall_harmful,final_answer_position,finance_budget_007,8,3,all_conditions_pooled,0,0,-434.87073865074996,0
overall_harmful,final_answer_position,finance_coupon_006,9,3,all_conditions_pooled,0,1,831.8220331350627,0
overall_harmful,final_answer_position,finance_coupon_006,9,3,all_conditions_pooled,0,0,-449.70020160368057,0
overall_harmful,final_answer_position,finance_coupon_006,9,3,all_conditions_pooled,0,1,131.4175098874157,0
overall_harmful,final_answer_position,finance_membership_008,10,3,all_conditions_pooled,0,0,-525.7265367175235,0
overall_harmful,final_answer_position,finance_membership_008,10,3,all_conditions_pooled,0,0,-387.70424603256066,0
overall_harmful,final_answer_position,finance_membership_008,10,3,all_conditions_pooled,0,0,-346.979426528987,0
overall_harmful,final_answer_position,finance_refund_005,11,3,all_conditions_pooled,0,1,559.5319562522693,0
overall_harmful,final_answer_position,finance_refund_005,11,3,all_conditions_pooled,0,1,212.55678353924674,0
overall_harmful,final_answer_position,finance_refund_005,11,3,all_conditions_pooled,0,0,-320.17055925792954,0
overall_harmful,final_answer_position,logic_access_033,12,3,all_conditions_pooled,0,1,1172.7473939376102,0
overall_harmful,final_answer_position,logic_access_033,12,3,all_conditions_pooled,0,1,197.37699495360297,0
overall_harmful,final_answer_position,logic_access_033,12,3,all_conditions_pooled,0,1,317.0313046810849,0
overall_harmful,final_answer_position,logic_eligibility_034,13,3,all_conditions_pooled,0,1,1035.7882373506059,0
overall_harmful,final_answer_position,logic_eligibility_034,13,3,all_conditions_pooled,0,0,-272.56016361050854,0
overall_harmful,final_answer_position,logic_eligibility_034,13,3,all_conditions_pooled,0,1,265.53322360474425,0
overall_harmful,final_answer_position,logic_shipping_035,14,3,all_conditions_pooled,0,1,1019.5800727876851,0
overall_harmful,final_answer_position,logic_shipping_035,14,3,all_conditions_pooled,0,0,-251.48847110843897,0
overall_harmful,final_answer_position,logic_shipping_035,14,3,all_conditions_pooled,0,1,148.28249224675392,1
overall_harmful,final_answer_position,logic_tournament_036,15,3,all_conditions_pooled,0,0,-528.6096967475635,0
overall_harmful,final_answer_position,logic_tournament_036,15,3,all_conditions_pooled,0,0,-266.6101799251645,0
overall_harmful,final_answer_position,logic_tournament_036,15,3,all_conditions_pooled,0,0,-377.3267372768832,0
overall_harmful,final_answer_position,policy_lab_access_002,16,3,all_conditions_pooled,0,0,-489.6626583162288,0
overall_harmful,final_answer_position,policy_lab_access_002,16,3,all_conditions_pooled,0,0,-360.4071590952593,0
overall_harmful,final_answer_position,policy_lab_access_002,16,3,all_conditions_pooled,0,0,-326.64001527402695,0
overall_harmful,final_answer_position,policy_library_checkout_003,17,3,all_conditions_pooled,0,0,-596.6857494282301,0
overall_harmful,final_answer_position,policy_library_checkout_003,17,3,all_conditions_pooled,0,0,-504.5713997511935,0
overall_harmful,final_answer_position,policy_library_checkout_003,17,3,all_conditions_pooled,0,0,-456.29652774595195,0
overall_harmful,final_answer_position,policy_lunch_pass_001,18,3,all_conditions_pooled,0,0,-616.6108242819134,0
overall_harmful,final_answer_position,policy_lunch_pass_001,18,3,all_conditions_pooled,0,0,-454.4399137620984,0
overall_harmful,final_answer_position,policy_lunch_pass_001,18,3,all_conditions_pooled,0,0,-465.0879719100133,0
overall_harmful,final_answer_position,policy_rec_center_004,19,3,all_conditions_pooled,0,0,-220.20247767787401,1
overall_harmful,final_answer_position,policy_rec_center_004,19,3,all_conditions_pooled,0,1,27.377482311376333,0
overall_harmful,final_answer_position,policy_rec_center_004,19,3,all_conditions_pooled,0,1,212.0749019031085,0
overall_harmful,final_answer_position,product_specs_025,20,3,all_conditions_pooled,0,1,1030.7688298746993,0
overall_harmful,final_answer_position,product_specs_025,20,3,all_conditions_pooled,0,0,-401.4850975982213,0
overall_harmful,final_answer_position,product_specs_025,20,3,all_conditions_pooled,0,1,214.32298011437106,0
overall_harmful,final_answer_position,product_specs_026,21,3,all_conditions_pooled,0,0,-432.40414346638454,0
overall_harmful,final_answer_position,product_specs_026,21,3,all_conditions_pooled,0,0,-333.5356612719893,0
overall_harmful,final_answer_position,product_specs_026,21,3,all_conditions_pooled,0,0,-439.66157631690913,0
overall_harmful,final_answer_position,product_specs_027,22,3,all_conditions_pooled,0,1,772.484183334733,0
overall_harmful,final_answer_position,product_specs_027,22,3,all_conditions_pooled,0,1,486.0219831614752,0
overall_harmful,final_answer_position,product_specs_027,22,3,all_conditions_pooled,0,0,-94.43095335050128,0
overall_harmful,final_answer_position,product_specs_028,23,3,all_conditions_pooled,0,1,952.0091601896758,0
overall_harmful,final_answer_position,product_specs_028,23,3,all_conditions_pooled,0,0,-338.7953869832603,0
overall_harmful,final_answer_position,product_specs_028,23,3,all_conditions_pooled,0,1,268.0878725184414,0
overall_harmful,final_answer_position,schedule_clinic_011,24,3,all_conditions_pooled,0,0,-192.64903158131648,0
overall_harmful,final_answer_position,schedule_clinic_011,24,3,all_conditions_pooled,0,0,-364.5395887432724,0
overall_harmful,final_answer_position,schedule_clinic_011,24,3,all_conditions_pooled,0,0,-297.0968151983383,0
overall_harmful,final_answer_position,schedule_exam_010,25,3,all_conditions_pooled,0,1,1378.991684927138,0
overall_harmful,final_answer_position,schedule_exam_010,25,3,all_conditions_pooled,0,1,166.95662958142321,0
overall_harmful,final_answer_position,schedule_exam_010,25,3,all_conditions_pooled,0,1,164.42548911493571,1
overall_harmful,final_answer_position,schedule_train_009,26,3,all_conditions_pooled,0,1,1003.4858131402499,0
overall_harmful,final_answer_position,schedule_train_009,26,3,all_conditions_pooled,0,0,-369.86191968951766,0
overall_harmful,final_answer_position,schedule_train_009,26,3,all_conditions_pooled,0,1,248.76063363300818,0
overall_harmful,final_answer_position,schedule_workshop_012,27,3,all_conditions_pooled,0,0,-496.1329094387405,0
overall_harmful,final_answer_position,schedule_workshop_012,27,3,all_conditions_pooled,0,0,-386.41287382163296,0
overall_harmful,final_answer_position,schedule_workshop_012,27,3,all_conditions_pooled,0,0,-375.7332026496106,0
overall_harmful,final_answer_position,science_battery_016,28,3,all_conditions_pooled,0,0,-590.8694878938763,0
overall_harmful,final_answer_position,science_battery_016,28,3,all_conditions_pooled,0,0,-280.7845051024167,0
overall_harmful,final_answer_position,science_battery_016,28,3,all_conditions_pooled,0,0,-130.3708228535533,0
overall_harmful,final_answer_position,science_mineral_014,29,3,all_conditions_pooled,0,1,1351.871915212755,0
overall_harmful,final_answer_position,science_mineral_014,29,3,all_conditions_pooled,0,1,450.073860139312,0
overall_harmful,final_answer_position,science_mineral_014,29,3,all_conditions_pooled,0,1,603.3987806990569,0
overall_harmful,final_answer_position,science_plant_013,30,3,all_conditions_pooled,0,0,-609.2399925977986,0
overall_harmful,final_answer_position,science_plant_013,30,3,all_conditions_pooled,0,0,-354.6684764106472,0
overall_harmful,final_answer_position,science_plant_013,30,3,all_conditions_pooled,0,0,-214.66186634224212,0
overall_harmful,final_answer_position,science_weather_015,31,3,all_conditions_pooled,0,1,1062.6826834833237,0
overall_harmful,final_answer_position,science_weather_015,31,3,all_conditions_pooled,0,0,-259.8107631337581,0
overall_harmful,final_answer_position,science_weather_015,31,3,all_conditions_pooled,0,1,378.04137350662995,0
overall_harmful,final_answer_position,technical_api_022,32,3,all_conditions_pooled,0,1,978.7666065176614,0
overall_harmful,final_answer_position,technical_api_022,32,3,all_conditions_pooled,0,0,-330.82216265538864,0
overall_harmful,final_answer_position,technical_api_022,32,3,all_conditions_pooled,0,1,226.599514967434,0
overall_harmful,final_answer_position,technical_backup_023,33,3,all_conditions_pooled,0,0,-635.9004775408935,0
overall_harmful,final_answer_position,technical_backup_023,33,3,all_conditions_pooled,0,0,-481.9602405571179,0
overall_harmful,final_answer_position,technical_backup_023,33,3,all_conditions_pooled,0,0,-506.23678797716786,0
overall_harmful,final_answer_position,technical_config_021,34,3,all_conditions_pooled,0,0,-129.79238923365938,0
overall_harmful,final_answer_position,technical_config_021,34,3,all_conditions_pooled,0,0,-531.0502542721762,0
overall_harmful,final_answer_position,technical_config_021,34,3,all_conditions_pooled,0,0,-417.8021693371691,0
overall_harmful,final_answer_position,technical_feature_flag_024,35,3,all_conditions_pooled,0,0,-274.33829899649317,0
overall_harmful,final_answer_position,technical_feature_flag_024,35,3,all_conditions_pooled,0,0,-381.02420487169474,0
overall_harmful,final_answer_position,technical_feature_flag_024,35,3,all_conditions_pooled,0,0,-287.44735852215103,0
overall_harmful,final_answer_position,academic_attendance_019,0,4,all_conditions_pooled,0,0,-148.11573940871494,0
overall_harmful,final_answer_position,academic_attendance_019,0,4,all_conditions_pooled,0,0,-873.625669258348,1
overall_harmful,final_answer_position,academic_attendance_019,0,4,all_conditions_pooled,0,0,-287.3858212817043,0
overall_harmful,final_answer_position,academic_grading_018,1,4,all_conditions_pooled,0,0,-406.2520616912892,0
overall_harmful,final_answer_position,academic_grading_018,1,4,all_conditions_pooled,0,0,-376.54582594854907,0
overall_harmful,final_answer_position,academic_grading_018,1,4,all_conditions_pooled,0,0,-366.30810377624607,0
overall_harmful,final_answer_position,academic_latework_020,2,4,all_conditions_pooled,0,0,-259.1116966504576,0
overall_harmful,final_answer_position,academic_latework_020,2,4,all_conditions_pooled,0,0,-398.56090860413195,0
overall_harmful,final_answer_position,academic_latework_020,2,4,all_conditions_pooled,0,0,-255.87490511611122,0
overall_harmful,final_answer_position,academic_prereq_017,3,4,all_conditions_pooled,0,1,912.5594458835968,0
overall_harmful,final_answer_position,academic_prereq_017,3,4,all_conditions_pooled,0,0,-206.63216642162558,0
overall_harmful,final_answer_position,academic_prereq_017,3,4,all_conditions_pooled,0,1,326.1983967899036,0
overall_harmful,final_answer_position,contract_rental_029,4,4,all_conditions_pooled,0,0,-150.07349004294775,0
overall_harmful,final_answer_position,contract_rental_029,4,4,all_conditions_pooled,0,0,-262.5544863700796,0
overall_harmful,final_answer_position,contract_rental_029,4,4,all_conditions_pooled,0,0,-174.14967314495593,0
overall_harmful,final_answer_position,contract_service_030,5,4,all_conditions_pooled,0,1,1024.3883935953154,0
overall_harmful,final_answer_position,contract_service_030,5,4,all_conditions_pooled,0,1,220.14585447811075,0
overall_harmful,final_answer_position,contract_service_030,5,4,all_conditions_pooled,0,1,407.30967029597656,0
overall_harmful,final_answer_position,contract_ticket_032,6,4,all_conditions_pooled,0,1,886.6633395429019,0
overall_harmful,final_answer_position,contract_ticket_032,6,4,all_conditions_pooled,0,1,43.72608668548578,0
overall_harmful,final_answer_position,contract_ticket_032,6,4,all_conditions_pooled,0,1,211.7118680233458,0
overall_harmful,final_answer_position,contract_warranty_031,7,4,all_conditions_pooled,0,1,616.6627252049593,0
overall_harmful,final_answer_position,contract_warranty_031,7,4,all_conditions_pooled,0,1,366.4938491240212,0
overall_harmful,final_answer_position,contract_warranty_031,7,4,all_conditions_pooled,0,0,-64.00405360376067,0
overall_harmful,final_answer_position,finance_budget_007,8,4,all_conditions_pooled,0,0,-518.9178265407537,0
overall_harmful,final_answer_position,finance_budget_007,8,4,all_conditions_pooled,0,0,-448.6174575288844,0
overall_harmful,final_answer_position,finance_budget_007,8,4,all_conditions_pooled,0,0,-360.43376892207186,0
overall_harmful,final_answer_position,finance_coupon_006,9,4,all_conditions_pooled,0,1,712.7441062280882,0
overall_harmful,final_answer_position,finance_coupon_006,9,4,all_conditions_pooled,0,0,-375.2013762349204,0
overall_harmful,final_answer_position,finance_coupon_006,9,4,all_conditions_pooled,0,1,131.55376994204659,0
overall_harmful,final_answer_position,finance_membership_008,10,4,all_conditions_pooled,0,0,-388.3710008192236,0
overall_harmful,final_answer_position,finance_membership_008,10,4,all_conditions_pooled,0,0,-353.2757548710854,0
overall_harmful,final_answer_position,finance_membership_008,10,4,all_conditions_pooled,0,0,-232.27145004168003,0
overall_harmful,final_answer_position,finance_refund_005,11,4,all_conditions_pooled,0,1,433.59524036061634,0
overall_harmful,final_answer_position,finance_refund_005,11,4,all_conditions_pooled,0,1,136.46099281121093,0
overall_harmful,final_answer_position,finance_refund_005,11,4,all_conditions_pooled,0,0,-190.67011889329177,0
overall_harmful,final_answer_position,logic_access_033,12,4,all_conditions_pooled,0,1,969.4722515695607,0
overall_harmful,final_answer_position,logic_access_033,12,4,all_conditions_pooled,0,1,107.52568612822007,0
overall_harmful,final_answer_position,logic_access_033,12,4,all_conditions_pooled,0,1,304.0746252344878,0
overall_harmful,final_answer_position,logic_eligibility_034,13,4,all_conditions_pooled,0,1,857.6019633434638,0
overall_harmful,final_answer_position,logic_eligibility_034,13,4,all_conditions_pooled,0,0,-285.45735859042946,0
overall_harmful,final_answer_position,logic_eligibility_034,13,4,all_conditions_pooled,0,1,208.53850392941524,0
overall_harmful,final_answer_position,logic_shipping_035,14,4,all_conditions_pooled,0,1,863.6961265802815,0
overall_harmful,final_answer_position,logic_shipping_035,14,4,all_conditions_pooled,0,0,-211.50357957445152,0
overall_harmful,final_answer_position,logic_shipping_035,14,4,all_conditions_pooled,0,1,99.41524763315604,1
overall_harmful,final_answer_position,logic_tournament_036,15,4,all_conditions_pooled,0,0,-397.0020329269256,0
overall_harmful,final_answer_position,logic_tournament_036,15,4,all_conditions_pooled,0,0,-208.0284329869694,0
overall_harmful,final_answer_position,logic_tournament_036,15,4,all_conditions_pooled,0,0,-247.76760752318899,0
overall_harmful,final_answer_position,policy_lab_access_002,16,4,all_conditions_pooled,0,0,-420.2913249620584,0
overall_harmful,final_answer_position,policy_lab_access_002,16,4,all_conditions_pooled,0,0,-327.06971675471186,0
overall_harmful,final_answer_position,policy_lab_access_002,16,4,all_conditions_pooled,0,0,-248.01918431641263,0
overall_harmful,final_answer_position,policy_library_checkout_003,17,4,all_conditions_pooled,0,0,-474.9135251619989,0
overall_harmful,final_answer_position,policy_library_checkout_003,17,4,all_conditions_pooled,0,0,-468.6496127185742,0
overall_harmful,final_answer_position,policy_library_checkout_003,17,4,all_conditions_pooled,0,0,-356.05658817714004,0
overall_harmful,final_answer_position,policy_lunch_pass_001,18,4,all_conditions_pooled,0,0,-454.24154784432665,0
overall_harmful,final_answer_position,policy_lunch_pass_001,18,4,all_conditions_pooled,0,0,-403.42370004002436,0
overall_harmful,final_answer_position,policy_lunch_pass_001,18,4,all_conditions_pooled,0,0,-353.8970921442214,0
overall_harmful,final_answer_position,policy_rec_center_004,19,4,all_conditions_pooled,0,0,-268.87436459274863,1
overall_harmful,final_answer_position,policy_rec_center_004,19,4,all_conditions_pooled,0,0,-1.617998296539401,0
overall_harmful,final_answer_position,policy_rec_center_004,19,4,all_conditions_pooled,0,1,221.32353667943656,0
overall_harmful,final_answer_position,product_specs_025,20,4,all_conditions_pooled,0,1,867.7473781727163,0
overall_harmful,final_answer_position,product_specs_025,20,4,all_conditions_pooled,0,0,-354.5870777866454,0
overall_harmful,final_answer_position,product_specs_025,20,4,all_conditions_pooled,0,1,188.6208321635286,0
overall_harmful,final_answer_position,product_specs_026,21,4,all_conditions_pooled,0,0,-364.3624696536798,0
overall_harmful,final_answer_position,product_specs_026,21,4,all_conditions_pooled,0,0,-376.5708365535941,0
overall_harmful,final_answer_position,product_specs_026,21,4,all_conditions_pooled,0,0,-367.04460377371885,0
overall_harmful,final_answer_position,product_specs_027,22,4,all_conditions_pooled,0,1,623.5316624526732,0
overall_harmful,final_answer_position,product_specs_027,22,4,all_conditions_pooled,0,1,360.6041892042371,0
overall_harmful,final_answer_position,product_specs_027,22,4,all_conditions_pooled,0,0,-32.09796283208301,0
overall_harmful,final_answer_position,product_specs_028,23,4,all_conditions_pooled,0,1,769.3232905424711,0
overall_harmful,final_answer_position,product_specs_028,23,4,all_conditions_pooled,0,0,-322.7546661181201,0
overall_harmful,final_answer_position,product_specs_028,23,4,all_conditions_pooled,0,1,235.98926012777542,0
overall_harmful,final_answer_position,schedule_clinic_011,24,4,all_conditions_pooled,0,0,-115.72599418184089,0
overall_harmful,final_answer_position,schedule_clinic_011,24,4,all_conditions_pooled,0,0,-343.0048296133197,0
overall_harmful,final_answer_position,schedule_clinic_011,24,4,all_conditions_pooled,0,0,-222.54795599810777,0
overall_harmful,final_answer_position,schedule_exam_010,25,4,all_conditions_pooled,0,1,1146.7937495540448,0
overall_harmful,final_answer_position,schedule_exam_010,25,4,all_conditions_pooled,0,1,83.63971944174773,0
overall_harmful,final_answer_position,schedule_exam_010,25,4,all_conditions_pooled,0,1,48.57543326472155,1
overall_harmful,final_answer_position,schedule_train_009,26,4,all_conditions_pooled,0,1,838.3080866732432,0
overall_harmful,final_answer_position,schedule_train_009,26,4,all_conditions_pooled,0,0,-346.61923617407086,0
overall_harmful,final_answer_position,schedule_train_009,26,4,all_conditions_pooled,0,1,220.81381587712974,0
overall_harmful,final_answer_position,schedule_workshop_012,27,4,all_conditions_pooled,0,0,-407.10037888216823,0
overall_harmful,final_answer_position,schedule_workshop_012,27,4,all_conditions_pooled,0,0,-419.07119808069285,0
overall_harmful,final_answer_position,schedule_workshop_012,27,4,all_conditions_pooled,0,0,-331.3435264896215,0
overall_harmful,final_answer_position,science_battery_016,28,4,all_conditions_pooled,0,0,-454.2459715786291,0
overall_harmful,final_answer_position,science_battery_016,28,4,all_conditions_pooled,0,0,-247.3572606975357,0
overall_harmful,final_answer_position,science_battery_016,28,4,all_conditions_pooled,0,0,-65.81121810968541,0
overall_harmful,final_answer_position,science_mineral_014,29,4,all_conditions_pooled,0,1,1123.4835964625167,0
overall_harmful,final_answer_position,science_mineral_014,29,4,all_conditions_pooled,0,1,334.59797907377424,0
overall_harmful,final_answer_position,science_mineral_014,29,4,all_conditions_pooled,0,1,520.328919012681,0
overall_harmful,final_answer_position,science_plant_013,30,4,all_conditions_pooled,0,0,-463.2051948441775,0
overall_harmful,final_answer_position,science_plant_013,30,4,all_conditions_pooled,0,0,-287.5076431886649,0
overall_harmful,final_answer_position,science_plant_013,30,4,all_conditions_pooled,0,0,-131.08347699963446,0
overall_harmful,final_answer_position,science_weather_015,31,4,all_conditions_pooled,0,1,850.784766981224,0
overall_harmful,final_answer_position,science_weather_015,31,4,all_conditions_pooled,0,0,-246.96597619802762,0
overall_harmful,final_answer_position,science_weather_015,31,4,all_conditions_pooled,0,1,324.9132204366538,0
overall_harmful,final_answer_position,technical_api_022,32,4,all_conditions_pooled,0,1,825.6670927268434,0
overall_harmful,final_answer_position,technical_api_022,32,4,all_conditions_pooled,0,0,-270.7095182120313,0
overall_harmful,final_answer_position,technical_api_022,32,4,all_conditions_pooled,0,1,232.73411615582344,0
overall_harmful,final_answer_position,technical_backup_023,33,4,all_conditions_pooled,0,0,-562.0414537169788,0
overall_harmful,final_answer_position,technical_backup_023,33,4,all_conditions_pooled,0,0,-503.69208740359034,0
overall_harmful,final_answer_position,technical_backup_023,33,4,all_conditions_pooled,0,0,-447.7151409923339,0
overall_harmful,final_answer_position,technical_config_021,34,4,all_conditions_pooled,0,0,-152.22347020776925,0
overall_harmful,final_answer_position,technical_config_021,34,4,all_conditions_pooled,0,0,-485.7688770828355,0
overall_harmful,final_answer_position,technical_config_021,34,4,all_conditions_pooled,0,0,-364.79577896789885,0
overall_harmful,final_answer_position,technical_feature_flag_024,35,4,all_conditions_pooled,0,0,-149.70351601565517,0
overall_harmful,final_answer_position,technical_feature_flag_024,35,4,all_conditions_pooled,0,0,-294.89842495425626,0
overall_harmful,final_answer_position,technical_feature_flag_024,35,4,all_conditions_pooled,0,0,-165.0159763750504,0
overall_harmful,final_answer_position,academic_attendance_019,0,5,all_conditions_pooled,0,0,-54.2665740255846,0
overall_harmful,final_answer_position,academic_attendance_019,0,5,all_conditions_pooled,0,0,-653.1688268334142,1
overall_harmful,final_answer_position,academic_attendance_019,0,5,all_conditions_pooled,0,0,-75.36634633268837,0
overall_harmful,final_answer_position,academic_grading_018,1,5,all_conditions_pooled,0,0,-462.50865991777505,0
overall_harmful,final_answer_position,academic_grading_018,1,5,all_conditions_pooled,0,0,-375.4361282780899,0
overall_harmful,final_answer_position,academic_grading_018,1,5,all_conditions_pooled,0,0,-314.4739117563444,0
overall_harmful,final_answer_position,academic_latework_020,2,5,all_conditions_pooled,0,0,-281.0652553907988,0
overall_harmful,final_answer_position,academic_latework_020,2,5,all_conditions_pooled,0,0,-371.555382975965,0
overall_harmful,final_answer_position,academic_latework_020,2,5,all_conditions_pooled,0,0,-192.6056470702892,0
overall_harmful,final_answer_position,academic_prereq_017,3,5,all_conditions_pooled,0,1,646.2715306862648,0
overall_harmful,final_answer_position,academic_prereq_017,3,5,all_conditions_pooled,0,0,-68.8882503239991,0
overall_harmful,final_answer_position,academic_prereq_017,3,5,all_conditions_pooled,0,1,375.9793262676178,0
overall_harmful,final_answer_position,contract_rental_029,4,5,all_conditions_pooled,0,0,-82.74272999008042,0
overall_harmful,final_answer_position,contract_rental_029,4,5,all_conditions_pooled,0,0,-100.72955427692739,0
overall_harmful,final_answer_position,contract_rental_029,4,5,all_conditions_pooled,0,1,16.377262141988254,0
overall_harmful,final_answer_position,contract_service_030,5,5,all_conditions_pooled,0,1,704.6313234513245,0
overall_harmful,final_answer_position,contract_service_030,5,5,all_conditions_pooled,0,1,186.75591942105956,0
overall_harmful,final_answer_position,contract_service_030,5,5,all_conditions_pooled,0,1,447.14562951488256,0
overall_harmful,final_answer_position,contract_ticket_032,6,5,all_conditions_pooled,0,1,566.9499997538176,0
overall_harmful,final_answer_position,contract_ticket_032,6,5,all_conditions_pooled,0,0,-85.33837413786365,0
overall_harmful,final_answer_position,contract_ticket_032,6,5,all_conditions_pooled,0,1,177.3355731746961,0
overall_harmful,final_answer_position,contract_warranty_031,7,5,all_conditions_pooled,0,1,442.3736517398619,0
overall_harmful,final_answer_position,contract_warranty_031,7,5,all_conditions_pooled,0,1,285.2962709530424,0
overall_harmful,final_answer_position,contract_warranty_031,7,5,all_conditions_pooled,0,1,123.94026731334858,0
overall_harmful,final_answer_position,finance_budget_007,8,5,all_conditions_pooled,0,0,-534.800982928879,0
overall_harmful,final_answer_position,finance_budget_007,8,5,all_conditions_pooled,0,0,-374.6989340413629,0
overall_harmful,final_answer_position,finance_budget_007,8,5,all_conditions_pooled,0,0,-252.1676243630414,0
overall_harmful,final_answer_position,finance_coupon_006,9,5,all_conditions_pooled,0,1,516.8169507372169,0
overall_harmful,final_answer_position,finance_coupon_006,9,5,all_conditions_pooled,0,0,-235.7488561648231,0
overall_harmful,final_answer_position,finance_coupon_006,9,5,all_conditions_pooled,0,1,218.51973447966782,0
overall_harmful,final_answer_position,finance_membership_008,10,5,all_conditions_pooled,0,0,-402.43014860460653,0
overall_harmful,final_answer_position,finance_membership_008,10,5,all_conditions_pooled,0,0,-364.75647240163255,0
overall_harmful,final_answer_position,finance_membership_008,10,5,all_conditions_pooled,0,0,-212.59856490356026,0
overall_harmful,final_answer_position,finance_refund_005,11,5,all_conditions_pooled,0,1,282.78864200630545,0
overall_harmful,final_answer_position,finance_refund_005,11,5,all_conditions_pooled,0,1,142.56378906933202,0
overall_harmful,final_answer_position,finance_refund_005,11,5,all_conditions_pooled,0,1,31.310517046427705,0
overall_harmful,final_answer_position,logic_access_033,12,5,all_conditions_pooled,0,1,661.8199959578559,0
overall_harmful,final_answer_position,logic_access_033,12,5,all_conditions_pooled,0,1,59.209972505178484,0
overall_harmful,final_answer_position,logic_access_033,12,5,all_conditions_pooled,0,1,307.20223456785345,0
overall_harmful,final_answer_position,logic_eligibility_034,13,5,all_conditions_pooled,0,1,541.8968229149395,0
overall_harmful,final_answer_position,logic_eligibility_034,13,5,all_conditions_pooled,0,0,-281.1001180736275,0
overall_harmful,final_answer_position,logic_eligibility_034,13,5,all_conditions_pooled,0,1,152.18606451639369,0
overall_harmful,final_answer_position,logic_shipping_035,14,5,all_conditions_pooled,0,1,643.2833072703069,0
overall_harmful,final_answer_position,logic_shipping_035,14,5,all_conditions_pooled,0,0,-83.60615084981966,0
overall_harmful,final_answer_position,logic_shipping_035,14,5,all_conditions_pooled,0,1,123.30939173422126,1
overall_harmful,final_answer_position,logic_tournament_036,15,5,all_conditions_pooled,0,0,-418.4089061690607,0
overall_harmful,final_answer_position,logic_tournament_036,15,5,all_conditions_pooled,0,0,-235.7040426356351,0
overall_harmful,final_answer_position,logic_tournament_036,15,5,all_conditions_pooled,0,0,-141.25205116763507,0
overall_harmful,final_answer_position,policy_lab_access_002,16,5,all_conditions_pooled,0,0,-322.0276839547806,0
overall_harmful,final_answer_position,policy_lab_access_002,16,5,all_conditions_pooled,0,0,-233.80078919866955,0
overall_harmful,final_answer_position,policy_lab_access_002,16,5,all_conditions_pooled,0,0,-124.9814231972195,0
overall_harmful,final_answer_position,policy_library_checkout_003,17,5,all_conditions_pooled,0,0,-481.96390686253665,0
overall_harmful,final_answer_position,policy_library_checkout_003,17,5,all_conditions_pooled,0,0,-409.61602820825254,0
overall_harmful,final_answer_position,policy_library_checkout_003,17,5,all_conditions_pooled,0,0,-293.34064771726884,0
overall_harmful,final_answer_position,policy_lunch_pass_001,18,5,all_conditions_pooled,0,0,-467.49893012386815,0
overall_harmful,final_answer_position,policy_lunch_pass_001,18,5,all_conditions_pooled,0,0,-380.8222470778604,0
overall_harmful,final_answer_position,policy_lunch_pass_001,18,5,all_conditions_pooled,0,0,-297.76632005377854,0
overall_harmful,final_answer_position,policy_rec_center_004,19,5,all_conditions_pooled,0,0,-402.94820628867467,1
overall_harmful,final_answer_position,policy_rec_center_004,19,5,all_conditions_pooled,0,1,116.83799522007337,0
overall_harmful,final_answer_position,policy_rec_center_004,19,5,all_conditions_pooled,0,1,424.307526393717,0
overall_harmful,final_answer_position,product_specs_025,20,5,all_conditions_pooled,0,1,540.0119690910786,0
overall_harmful,final_answer_position,product_specs_025,20,5,all_conditions_pooled,0,0,-285.9107598022281,0
overall_harmful,final_answer_position,product_specs_025,20,5,all_conditions_pooled,0,1,188.82157845260934,0
overall_harmful,final_answer_position,product_specs_026,21,5,all_conditions_pooled,0,0,-366.0765841975027,0
overall_harmful,final_answer_position,product_specs_026,21,5,all_conditions_pooled,0,0,-358.1318762594217,0
overall_harmful,final_answer_position,product_specs_026,21,5,all_conditions_pooled,0,0,-286.9953839068046,0
overall_harmful,final_answer_position,product_specs_027,22,5,all_conditions_pooled,0,1,448.8986034500533,0
overall_harmful,final_answer_position,product_specs_027,22,5,all_conditions_pooled,0,1,287.08601848752573,0
overall_harmful,final_answer_position,product_specs_027,22,5,all_conditions_pooled,0,1,152.49951595506326,0
overall_harmful,final_answer_position,product_specs_028,23,5,all_conditions_pooled,0,1,536.7822469344011,0
overall_harmful,final_answer_position,product_specs_028,23,5,all_conditions_pooled,0,0,-193.40805808983146,0
overall_harmful,final_answer_position,product_specs_028,23,5,all_conditions_pooled,0,1,303.316420069379,0
overall_harmful,final_answer_position,schedule_clinic_011,24,5,all_conditions_pooled,0,0,-88.3022854957036,0
overall_harmful,final_answer_position,schedule_clinic_011,24,5,all_conditions_pooled,0,0,-217.75168758083146,0
overall_harmful,final_answer_position,schedule_clinic_011,24,5,all_conditions_pooled,0,0,-68.07784049503603,0
overall_harmful,final_answer_position,schedule_exam_010,25,5,all_conditions_pooled,0,1,947.1113356507362,0
overall_harmful,final_answer_position,schedule_exam_010,25,5,all_conditions_pooled,0,1,70.14716175480983,0
overall_harmful,final_answer_position,schedule_exam_010,25,5,all_conditions_pooled,0,1,57.89697552430751,1
overall_harmful,final_answer_position,schedule_train_009,26,5,all_conditions_pooled,0,1,538.0948628660274,0
overall_harmful,final_answer_position,schedule_train_009,26,5,all_conditions_pooled,0,0,-259.76160008853566,0
overall_harmful,final_answer_position,schedule_train_009,26,5,all_conditions_pooled,0,1,248.16927638349438,0
overall_harmful,final_answer_position,schedule_workshop_012,27,5,all_conditions_pooled,0,0,-451.9097625484508,0
overall_harmful,final_answer_position,schedule_workshop_012,27,5,all_conditions_pooled,0,0,-405.8726212952233,0
overall_harmful,final_answer_position,schedule_workshop_012,27,5,all_conditions_pooled,0,0,-276.5731679282396,0
overall_harmful,final_answer_position,science_battery_016,28,5,all_conditions_pooled,0,0,-493.04517443680345,0
overall_harmful,final_answer_position,science_battery_016,28,5,all_conditions_pooled,0,0,-243.4112826254842,0
overall_harmful,final_answer_position,science_battery_016,28,5,all_conditions_pooled,0,0,-25.24237218970175,0
overall_harmful,final_answer_position,science_mineral_014,29,5,all_conditions_pooled,0,1,815.8208513834365,0
overall_harmful,final_answer_position,science_mineral_014,29,5,all_conditions_pooled,0,1,274.40547607546023,0
overall_harmful,final_answer_position,science_mineral_014,29,5,all_conditions_pooled,0,1,523.1690049493548,0
overall_harmful,final_answer_position,science_plant_013,30,5,all_conditions_pooled,0,0,-480.5091039218562,0
overall_harmful,final_answer_position,science_plant_013,30,5,all_conditions_pooled,0,0,-301.74288887147037,0
overall_harmful,final_answer_position,science_plant_013,30,5,all_conditions_pooled,0,0,-111.39015808948196,0
overall_harmful,final_answer_position,science_weather_015,31,5,all_conditions_pooled,0,1,634.3793422691992,0
overall_harmful,final_answer_position,science_weather_015,31,5,all_conditions_pooled,0,0,-129.83720720934906,0
overall_harmful,final_answer_position,science_weather_015,31,5,all_conditions_pooled,0,1,393.2587084147545,0
overall_harmful,final_answer_position,technical_api_022,32,5,all_conditions_pooled,0,1,526.3301812690073,0
overall_harmful,final_answer_position,technical_api_022,32,5,all_conditions_pooled,0,0,-169.21530482015035,0
overall_harmful,final_answer_position,technical_api_022,32,5,all_conditions_pooled,0,1,249.76961632940925,0
overall_harmful,final_answer_position,technical_backup_023,33,5,all_conditions_pooled,0,0,-591.976399712586,0
overall_harmful,final_answer_position,technical_backup_023,33,5,all_conditions_pooled,0,0,-476.5564812960697,0
overall_harmful,final_answer_position,technical_backup_023,33,5,all_conditions_pooled,0,0,-334.61466070766517,0
overall_harmful,final_answer_position,technical_config_021,34,5,all_conditions_pooled,0,0,-184.54977066394596,0
overall_harmful,final_answer_position,technical_config_021,34,5,all_conditions_pooled,0,0,-393.088958117799,0
overall_harmful,final_answer_position,technical_config_021,34,5,all_conditions_pooled,0,0,-298.6833186818961,0
overall_harmful,final_answer_position,technical_feature_flag_024,35,5,all_conditions_pooled,0,0,-32.237874774505215,0
overall_harmful,final_answer_position,technical_feature_flag_024,35,5,all_conditions_pooled,0,0,-83.70512492132059,0
overall_harmful,final_answer_position,technical_feature_flag_024,35,5,all_conditions_pooled,0,1,41.76290598959151,0
overall_harmful,final_answer_position,academic_attendance_019,0,6,all_conditions_pooled,0,0,-48.37368337847745,0
overall_harmful,final_answer_position,academic_attendance_019,0,6,all_conditions_pooled,0,0,-586.5385008930382,1
overall_harmful,final_answer_position,academic_attendance_019,0,6,all_conditions_pooled,0,1,62.94726067627187,0
overall_harmful,final_answer_position,academic_grading_018,1,6,all_conditions_pooled,0,0,-589.7025603934021,0
overall_harmful,final_answer_position,academic_grading_018,1,6,all_conditions_pooled,0,0,-268.60016634882294,0
overall_harmful,final_answer_position,academic_grading_018,1,6,all_conditions_pooled,0,0,-257.63648409850344,0
overall_harmful,final_answer_position,academic_latework_020,2,6,all_conditions_pooled,0,0,-404.7122288444335,0
overall_harmful,final_answer_position,academic_latework_020,2,6,all_conditions_pooled,0,0,-559.363731988519,0
overall_harmful,final_answer_position,academic_latework_020,2,6,all_conditions_pooled,0,0,-353.46013693518194,0
overall_harmful,final_answer_position,academic_prereq_017,3,6,all_conditions_pooled,0,1,557.6927438471977,0
overall_harmful,final_answer_position,academic_prereq_017,3,6,all_conditions_pooled,0,0,-3.3518310828972773,0
overall_harmful,final_answer_position,academic_prereq_017,3,6,all_conditions_pooled,0,1,377.21239061610777,0
overall_harmful,final_answer_position,contract_rental_029,4,6,all_conditions_pooled,0,0,-75.7156220781472,0
overall_harmful,final_answer_position,contract_rental_029,4,6,all_conditions_pooled,0,0,-68.70473512058231,0
overall_harmful,final_answer_position,contract_rental_029,4,6,all_conditions_pooled,0,1,24.640907381488873,0
overall_harmful,final_answer_position,contract_service_030,5,6,all_conditions_pooled,0,1,644.1727695841578,0
overall_harmful,final_answer_position,contract_service_030,5,6,all_conditions_pooled,0,1,240.3701085053118,0
overall_harmful,final_answer_position,contract_service_030,5,6,all_conditions_pooled,0,1,488.2233680747176,0
overall_harmful,final_answer_position,contract_ticket_032,6,6,all_conditions_pooled,0,1,528.1857641224358,0
overall_harmful,final_answer_position,contract_ticket_032,6,6,all_conditions_pooled,0,0,-144.28087928013812,0
overall_harmful,final_answer_position,contract_ticket_032,6,6,all_conditions_pooled,0,1,111.07958216649047,0
overall_harmful,final_answer_position,contract_warranty_031,7,6,all_conditions_pooled,0,1,421.018002012227,0
overall_harmful,final_answer_position,contract_warranty_031,7,6,all_conditions_pooled,0,1,341.9108075224149,0
overall_harmful,final_answer_position,contract_warranty_031,7,6,all_conditions_pooled,0,1,206.487307601223,0
overall_harmful,final_answer_position,finance_budget_007,8,6,all_conditions_pooled,0,0,-601.8757281556575,0
overall_harmful,final_answer_position,finance_budget_007,8,6,all_conditions_pooled,0,0,-288.103248172094,0
overall_harmful,final_answer_position,finance_budget_007,8,6,all_conditions_pooled,0,0,-220.2532043154996,0
overall_harmful,final_answer_position,finance_coupon_006,9,6,all_conditions_pooled,0,1,457.68923658409716,0
overall_harmful,final_answer_position,finance_coupon_006,9,6,all_conditions_pooled,0,0,-207.09121929155745,0
overall_harmful,final_answer_position,finance_coupon_006,9,6,all_conditions_pooled,0,1,210.59166910644925,0
overall_harmful,final_answer_position,finance_membership_008,10,6,all_conditions_pooled,0,0,-479.2903704059737,0
overall_harmful,final_answer_position,finance_membership_008,10,6,all_conditions_pooled,0,0,-516.3762896982869,0
overall_harmful,final_answer_position,finance_membership_008,10,6,all_conditions_pooled,0,0,-350.5063045166222,0
overall_harmful,final_answer_position,finance_refund_005,11,6,all_conditions_pooled,0,1,220.17920054216296,0
overall_harmful,final_answer_position,finance_refund_005,11,6,all_conditions_pooled,0,1,174.9289476630239,0
overall_harmful,final_answer_position,finance_refund_005,11,6,all_conditions_pooled,0,1,2.5323569070475003,0
overall_harmful,final_answer_position,logic_access_033,12,6,all_conditions_pooled,0,1,582.136086012774,0
overall_harmful,final_answer_position,logic_access_033,12,6,all_conditions_pooled,0,1,77.8108796341763,0
overall_harmful,final_answer_position,logic_access_033,12,6,all_conditions_pooled,0,1,273.03109850542745,0
overall_harmful,final_answer_position,logic_eligibility_034,13,6,all_conditions_pooled,0,1,511.40222724028763,0
overall_harmful,final_answer_position,logic_eligibility_034,13,6,all_conditions_pooled,0,0,-256.9593293771314,0
overall_harmful,final_answer_position,logic_eligibility_034,13,6,all_conditions_pooled,0,1,94.2337969509923,0
overall_harmful,final_answer_position,logic_shipping_035,14,6,all_conditions_pooled,0,1,438.9328627191084,0
overall_harmful,final_answer_position,logic_shipping_035,14,6,all_conditions_pooled,0,1,50.2199690019044,0
overall_harmful,final_answer_position,logic_shipping_035,14,6,all_conditions_pooled,0,1,153.2518733118443,1
overall_harmful,final_answer_position,logic_tournament_036,15,6,all_conditions_pooled,0,0,-373.9976581613417,0
overall_harmful,final_answer_position,logic_tournament_036,15,6,all_conditions_pooled,0,0,-21.239722858313943,0
overall_harmful,final_answer_position,logic_tournament_036,15,6,all_conditions_pooled,0,1,54.33845293054077,0
overall_harmful,final_answer_position,policy_lab_access_002,16,6,all_conditions_pooled,0,0,-380.5973041419522,0
overall_harmful,final_answer_position,policy_lab_access_002,16,6,all_conditions_pooled,0,0,-186.89154193266745,0
overall_harmful,final_answer_position,policy_lab_access_002,16,6,all_conditions_pooled,0,0,-116.41697293076828,0
overall_harmful,final_answer_position,policy_library_checkout_003,17,6,all_conditions_pooled,0,0,-593.0556946353275,0
overall_harmful,final_answer_position,policy_library_checkout_003,17,6,all_conditions_pooled,0,0,-540.7411545392354,0
overall_harmful,final_answer_position,policy_library_checkout_003,17,6,all_conditions_pooled,0,0,-429.97688648764466,0
overall_harmful,final_answer_position,policy_lunch_pass_001,18,6,all_conditions_pooled,0,0,-529.8841945288548,0
overall_harmful,final_answer_position,policy_lunch_pass_001,18,6,all_conditions_pooled,0,0,-404.86986128113324,0
overall_harmful,final_answer_position,policy_lunch_pass_001,18,6,all_conditions_pooled,0,0,-348.5899359097992,0
overall_harmful,final_answer_position,policy_rec_center_004,19,6,all_conditions_pooled,0,0,-166.83270008592928,1
overall_harmful,final_answer_position,policy_rec_center_004,19,6,all_conditions_pooled,0,1,272.3949649228016,0
overall_harmful,final_answer_position,policy_rec_center_004,19,6,all_conditions_pooled,0,1,610.5529343561974,0
overall_harmful,final_answer_position,product_specs_025,20,6,all_conditions_pooled,0,1,375.18500996790146,0
overall_harmful,final_answer_position,product_specs_025,20,6,all_conditions_pooled,0,0,-346.1612622134765,0
overall_harmful,final_answer_position,product_specs_025,20,6,all_conditions_pooled,0,1,117.76717409309197,0
overall_harmful,final_answer_position,product_specs_026,21,6,all_conditions_pooled,0,0,-560.4232494286484,0
overall_harmful,final_answer_position,product_specs_026,21,6,all_conditions_pooled,0,0,-443.77811921537983,0
overall_harmful,final_answer_position,product_specs_026,21,6,all_conditions_pooled,0,0,-386.9676904555092,0
overall_harmful,final_answer_position,product_specs_027,22,6,all_conditions_pooled,0,1,491.3897920358079,0
overall_harmful,final_answer_position,product_specs_027,22,6,all_conditions_pooled,0,1,427.18877818398016,0
overall_harmful,final_answer_position,product_specs_027,22,6,all_conditions_pooled,0,1,271.8549164713676,0
overall_harmful,final_answer_position,product_specs_028,23,6,all_conditions_pooled,0,1,479.64515849962214,0
overall_harmful,final_answer_position,product_specs_028,23,6,all_conditions_pooled,0,0,-242.85037857231634,0
overall_harmful,final_answer_position,product_specs_028,23,6,all_conditions_pooled,0,1,310.15478422482386,0
overall_harmful,final_answer_position,schedule_clinic_011,24,6,all_conditions_pooled,0,0,-132.81557599385758,0
overall_harmful,final_answer_position,schedule_clinic_011,24,6,all_conditions_pooled,0,0,-223.00681119459256,0
overall_harmful,final_answer_position,schedule_clinic_011,24,6,all_conditions_pooled,0,0,-64.2039629384141,0
overall_harmful,final_answer_position,schedule_exam_010,25,6,all_conditions_pooled,0,1,976.9403102739773,0
overall_harmful,final_answer_position,schedule_exam_010,25,6,all_conditions_pooled,0,1,198.4201369900972,0
overall_harmful,final_answer_position,schedule_exam_010,25,6,all_conditions_pooled,0,1,149.37352097392846,1
overall_harmful,final_answer_position,schedule_train_009,26,6,all_conditions_pooled,0,1,336.8246258659328,0
overall_harmful,final_answer_position,schedule_train_009,26,6,all_conditions_pooled,0,0,-237.19001301098695,0
overall_harmful,final_answer_position,schedule_train_009,26,6,all_conditions_pooled,0,1,248.37267885261775,0
overall_harmful,final_answer_position,schedule_workshop_012,27,6,all_conditions_pooled,0,0,-486.3883231571532,0
overall_harmful,final_answer_position,schedule_workshop_012,27,6,all_conditions_pooled,0,0,-452.5872342941259,0
overall_harmful,final_answer_position,schedule_workshop_012,27,6,all_conditions_pooled,0,0,-354.0665853930908,0
overall_harmful,final_answer_position,science_battery_016,28,6,all_conditions_pooled,0,0,-424.6626273443084,0
overall_harmful,final_answer_position,science_battery_016,28,6,all_conditions_pooled,0,0,-86.69420874812698,0
overall_harmful,final_answer_position,science_battery_016,28,6,all_conditions_pooled,0,1,156.97640302155807,0
overall_harmful,final_answer_position,science_mineral_014,29,6,all_conditions_pooled,0,1,792.4753657062201,0
overall_harmful,final_answer_position,science_mineral_014,29,6,all_conditions_pooled,0,1,461.2451563378131,0
overall_harmful,final_answer_position,science_mineral_014,29,6,all_conditions_pooled,0,1,649.8177770245212,0
overall_harmful,final_answer_position,science_plant_013,30,6,all_conditions_pooled,0,0,-510.8681793924482,0
overall_harmful,final_answer_position,science_plant_013,30,6,all_conditions_pooled,0,0,-211.0702452163639,0
overall_harmful,final_answer_position,science_plant_013,30,6,all_conditions_pooled,0,0,-18.43104075796625,0
overall_harmful,final_answer_position,science_weather_015,31,6,all_conditions_pooled,0,1,600.0849766269398,0
overall_harmful,final_answer_position,science_weather_015,31,6,all_conditions_pooled,0,0,-74.44335120914808,0
overall_harmful,final_answer_position,science_weather_015,31,6,all_conditions_pooled,0,1,474.1535921152265,0
overall_harmful,final_answer_position,technical_api_022,32,6,all_conditions_pooled,0,1,447.1093156126314,0
overall_harmful,final_answer_position,technical_api_022,32,6,all_conditions_pooled,0,0,-67.74226921673366,0
overall_harmful,final_answer_position,technical_api_022,32,6,all_conditions_pooled,0,1,243.3029706894739,0
overall_harmful,final_answer_position,technical_backup_023,33,6,all_conditions_pooled,0,0,-725.44633384757,0
overall_harmful,final_answer_position,technical_backup_023,33,6,all_conditions_pooled,0,0,-453.20027607476214,0
overall_harmful,final_answer_position,technical_backup_023,33,6,all_conditions_pooled,0,0,-292.68547003887596,0
overall_harmful,final_answer_position,technical_config_021,34,6,all_conditions_pooled,0,0,-158.35500228063114,0
overall_harmful,final_answer_position,technical_config_021,34,6,all_conditions_pooled,0,0,-321.8233370185667,0
overall_harmful,final_answer_position,technical_config_021,34,6,all_conditions_pooled,0,0,-306.05111725722395,0
overall_harmful,final_answer_position,technical_feature_flag_024,35,6,all_conditions_pooled,0,0,-79.4670625367325,0
overall_harmful,final_answer_position,technical_feature_flag_024,35,6,all_conditions_pooled,0,0,-30.861351550574067,0
overall_harmful,final_answer_position,technical_feature_flag_024,35,6,all_conditions_pooled,0,1,30.413668875594936,0
overall_harmful,final_answer_position,academic_attendance_019,0,7,all_conditions_pooled,0,0,-30.579929915311425,0
overall_harmful,final_answer_position,academic_attendance_019,0,7,all_conditions_pooled,0,0,-615.5429357703005,1
overall_harmful,final_answer_position,academic_attendance_019,0,7,all_conditions_pooled,0,1,143.39710718247676,0
overall_harmful,final_answer_position,academic_grading_018,1,7,all_conditions_pooled,0,0,-499.84586485474136,0
overall_harmful,final_answer_position,academic_grading_018,1,7,all_conditions_pooled,0,0,-261.955742826936,0
overall_harmful,final_answer_position,academic_grading_018,1,7,all_conditions_pooled,0,0,-124.57163242641614,0
overall_harmful,final_answer_position,academic_latework_020,2,7,all_conditions_pooled,0,0,-402.9743220536709,0
overall_harmful,final_answer_position,academic_latework_020,2,7,all_conditions_pooled,0,0,-603.3139214675051,0
overall_harmful,final_answer_position,academic_latework_020,2,7,all_conditions_pooled,0,0,-361.0662245079402,0
overall_harmful,final_answer_position,academic_prereq_017,3,7,all_conditions_pooled,0,1,568.7924814399529,0
overall_harmful,final_answer_position,academic_prereq_017,3,7,all_conditions_pooled,0,1,47.82126605723013,0
overall_harmful,final_answer_position,academic_prereq_017,3,7,all_conditions_pooled,0,1,471.4022841488876,0
overall_harmful,final_answer_position,contract_rental_029,4,7,all_conditions_pooled,0,0,-29.169378426788935,0
overall_harmful,final_answer_position,contract_rental_029,4,7,all_conditions_pooled,0,0,-51.50353134041299,0
overall_harmful,final_answer_position,contract_rental_029,4,7,all_conditions_pooled,0,1,74.32278522649398,0
overall_harmful,final_answer_position,contract_service_030,5,7,all_conditions_pooled,0,1,572.7435290007417,0
overall_harmful,final_answer_position,contract_service_030,5,7,all_conditions_pooled,0,1,167.610306549784,0
overall_harmful,final_answer_position,contract_service_030,5,7,all_conditions_pooled,0,1,473.0566724796919,0
overall_harmful,final_answer_position,contract_ticket_032,6,7,all_conditions_pooled,0,1,394.6635726725501,0
overall_harmful,final_answer_position,contract_ticket_032,6,7,all_conditions_pooled,0,0,-205.29602565540588,0
overall_harmful,final_answer_position,contract_ticket_032,6,7,all_conditions_pooled,0,1,95.37651211544598,0
overall_harmful,final_answer_position,contract_warranty_031,7,7,all_conditions_pooled,0,1,396.33885801375806,0
overall_harmful,final_answer_position,contract_warranty_031,7,7,all_conditions_pooled,0,1,347.43514932548624,0
overall_harmful,final_answer_position,contract_warranty_031,7,7,all_conditions_pooled,0,1,273.6409581897803,0
overall_harmful,final_answer_position,finance_budget_007,8,7,all_conditions_pooled,0,0,-541.1623193998561,0
overall_harmful,final_answer_position,finance_budget_007,8,7,all_conditions_pooled,0,0,-304.6655625452596,0
overall_harmful,final_answer_position,finance_budget_007,8,7,all_conditions_pooled,0,0,-147.84179683348808,0
overall_harmful,final_answer_position,finance_coupon_006,9,7,all_conditions_pooled,0,1,318.752163390463,0
overall_harmful,final_answer_position,finance_coupon_006,9,7,all_conditions_pooled,0,0,-296.8280998226818,0
overall_harmful,final_answer_position,finance_coupon_006,9,7,all_conditions_pooled,0,1,151.98138681158787,0
overall_harmful,final_answer_position,finance_membership_008,10,7,all_conditions_pooled,0,0,-462.5163645340066,0
overall_harmful,final_answer_position,finance_membership_008,10,7,all_conditions_pooled,0,0,-551.6660476365687,0
overall_harmful,final_answer_position,finance_membership_008,10,7,all_conditions_pooled,0,0,-322.0382014473926,0
overall_harmful,final_answer_position,finance_refund_005,11,7,all_conditions_pooled,0,1,149.6909210723918,0
overall_harmful,final_answer_position,finance_refund_005,11,7,all_conditions_pooled,0,1,72.41050276703263,0
overall_harmful,final_answer_position,finance_refund_005,11,7,all_conditions_pooled,0,0,-60.21135731644607,0
overall_harmful,final_answer_position,logic_access_033,12,7,all_conditions_pooled,0,1,484.53480087164223,0
overall_harmful,final_answer_position,logic_access_033,12,7,all_conditions_pooled,0,1,41.64980256406324,0
overall_harmful,final_answer_position,logic_access_033,12,7,all_conditions_pooled,0,1,243.110818624339,0
overall_harmful,final_answer_position,logic_eligibility_034,13,7,all_conditions_pooled,0,1,494.4498370610778,0
overall_harmful,final_answer_position,logic_eligibility_034,13,7,all_conditions_pooled,0,0,-204.52260520188054,0
overall_harmful,final_answer_position,logic_eligibility_034,13,7,all_conditions_pooled,0,1,152.68275829385237,0
overall_harmful,final_answer_position,logic_shipping_035,14,7,all_conditions_pooled,0,1,273.11850063517227,0
overall_harmful,final_answer_position,logic_shipping_035,14,7,all_conditions_pooled,0,0,-34.007432438933954,0
overall_harmful,final_answer_position,logic_shipping_035,14,7,all_conditions_pooled,0,0,-9.418779026009613,1
overall_harmful,final_answer_position,logic_tournament_036,15,7,all_conditions_pooled,0,0,-295.1704296397709,0
overall_harmful,final_answer_position,logic_tournament_036,15,7,all_conditions_pooled,0,1,29.571565628178824,0
overall_harmful,final_answer_position,logic_tournament_036,15,7,all_conditions_pooled,0,1,158.88349022246805,0
overall_harmful,final_answer_position,policy_lab_access_002,16,7,all_conditions_pooled,0,0,-259.36747906560964,0
overall_harmful,final_answer_position,policy_lab_access_002,16,7,all_conditions_pooled,0,0,-183.68643508643072,0
overall_harmful,final_answer_position,policy_lab_access_002,16,7,all_conditions_pooled,0,0,-49.84727627856856,0
overall_harmful,final_answer_position,policy_library_checkout_003,17,7,all_conditions_pooled,0,0,-536.8610227688703,0
overall_harmful,final_answer_position,policy_library_checkout_003,17,7,all_conditions_pooled,0,0,-568.7764285713092,0
overall_harmful,final_answer_position,policy_library_checkout_003,17,7,all_conditions_pooled,0,0,-371.95397259267196,0
overall_harmful,final_answer_position,policy_lunch_pass_001,18,7,all_conditions_pooled,0,0,-483.6524015183991,0
overall_harmful,final_answer_position,policy_lunch_pass_001,18,7,all_conditions_pooled,0,0,-436.65064910824356,0
overall_harmful,final_answer_position,policy_lunch_pass_001,18,7,all_conditions_pooled,0,0,-282.2271223774553,0
overall_harmful,final_answer_position,policy_rec_center_004,19,7,all_conditions_pooled,0,0,-220.3176055900653,1
overall_harmful,final_answer_position,policy_rec_center_004,19,7,all_conditions_pooled,0,1,162.665511025598,0
overall_harmful,final_answer_position,policy_rec_center_004,19,7,all_conditions_pooled,0,1,641.8447023314004,0
overall_harmful,final_answer_position,product_specs_025,20,7,all_conditions_pooled,0,1,276.4144822463154,0
overall_harmful,final_answer_position,product_specs_025,20,7,all_conditions_pooled,0,0,-421.69405610266665,0
overall_harmful,final_answer_position,product_specs_025,20,7,all_conditions_pooled,0,1,86.63549861780118,0
overall_harmful,final_answer_position,product_specs_026,21,7,all_conditions_pooled,0,0,-525.6456943548312,0
overall_harmful,final_answer_position,product_specs_026,21,7,all_conditions_pooled,0,0,-467.9492139860711,0
overall_harmful,final_answer_position,product_specs_026,21,7,all_conditions_pooled,0,0,-320.65643632446665,0
overall_harmful,final_answer_position,product_specs_027,22,7,all_conditions_pooled,0,1,403.5056563895123,0
overall_harmful,final_answer_position,product_specs_027,22,7,all_conditions_pooled,0,1,370.2924626330854,0
overall_harmful,final_answer_position,product_specs_027,22,7,all_conditions_pooled,0,1,288.55841216325734,0
overall_harmful,final_answer_position,product_specs_028,23,7,all_conditions_pooled,0,1,391.9296797309519,0
overall_harmful,final_answer_position,product_specs_028,23,7,all_conditions_pooled,0,0,-319.7245227085316,0
overall_harmful,final_answer_position,product_specs_028,23,7,all_conditions_pooled,0,1,308.04623394874557,0
overall_harmful,final_answer_position,schedule_clinic_011,24,7,all_conditions_pooled,0,0,-88.82876911638544,0
overall_harmful,final_answer_position,schedule_clinic_011,24,7,all_conditions_pooled,0,0,-214.89772282394847,0
overall_harmful,final_answer_position,schedule_clinic_011,24,7,all_conditions_pooled,0,0,-22.4227932700417,0
overall_harmful,final_answer_position,schedule_exam_010,25,7,all_conditions_pooled,0,1,886.5166050320646,0
overall_harmful,final_answer_position,schedule_exam_010,25,7,all_conditions_pooled,0,1,258.51922459629077,0
overall_harmful,final_answer_position,schedule_exam_010,25,7,all_conditions_pooled,0,1,154.41880641632022,1
overall_harmful,final_answer_position,schedule_train_009,26,7,all_conditions_pooled,0,1,304.8975837870071,0
overall_harmful,final_answer_position,schedule_train_009,26,7,all_conditions_pooled,0,0,-285.9351627340456,0
overall_harmful,final_answer_position,schedule_train_009,26,7,all_conditions_pooled,0,1,234.01586727465406,0
overall_harmful,final_answer_position,schedule_workshop_012,27,7,all_conditions_pooled,0,0,-407.25380440362824,0
overall_harmful,final_answer_position,schedule_workshop_012,27,7,all_conditions_pooled,0,0,-442.4186354082781,0
overall_harmful,final_answer_position,schedule_workshop_012,27,7,all_conditions_pooled,0,0,-242.23677253555877,0
overall_harmful,final_answer_position,science_battery_016,28,7,all_conditions_pooled,0,0,-422.7575150044257,0
overall_harmful,final_answer_position,science_battery_016,28,7,all_conditions_pooled,0,0,-127.58477535199808,0
overall_harmful,final_answer_position,science_battery_016,28,7,all_conditions_pooled,0,1,172.79139787320196,0
overall_harmful,final_answer_position,science_mineral_014,29,7,all_conditions_pooled,0,1,701.212156684235,0
overall_harmful,final_answer_position,science_mineral_014,29,7,all_conditions_pooled,0,1,448.5903211728998,0
overall_harmful,final_answer_position,science_mineral_014,29,7,all_conditions_pooled,0,1,680.3537125306789,0
overall_harmful,final_answer_position,science_plant_013,30,7,all_conditions_pooled,0,0,-460.943910424054,0
overall_harmful,final_answer_position,science_plant_013,30,7,all_conditions_pooled,0,0,-168.27948528131674,0
overall_harmful,final_answer_position,science_plant_013,30,7,all_conditions_pooled,0,1,69.47028190596708,0
overall_harmful,final_answer_position,science_weather_015,31,7,all_conditions_pooled,0,1,623.3162790885847,0
overall_harmful,final_answer_position,science_weather_015,31,7,all_conditions_pooled,0,0,-67.91538122481634,0
overall_harmful,final_answer_position,science_weather_015,31,7,all_conditions_pooled,0,1,532.2289330989225,0
overall_harmful,final_answer_position,technical_api_022,32,7,all_conditions_pooled,0,1,421.33697112334255,0
overall_harmful,final_answer_position,technical_api_022,32,7,all_conditions_pooled,0,0,-99.18983647901862,0
overall_harmful,final_answer_position,technical_api_022,32,7,all_conditions_pooled,0,1,241.83498977150464,0
overall_harmful,final_answer_position,technical_backup_023,33,7,all_conditions_pooled,0,0,-664.51183557684,0
overall_harmful,final_answer_position,technical_backup_023,33,7,all_conditions_pooled,0,0,-503.9862135112098,0
overall_harmful,final_answer_position,technical_backup_023,33,7,all_conditions_pooled,0,0,-289.3279079986604,0
overall_harmful,final_answer_position,technical_config_021,34,7,all_conditions_pooled,0,0,-161.0483156349527,0
overall_harmful,final_answer_position,technical_config_021,34,7,all_conditions_pooled,0,0,-359.04558559048917,0
overall_harmful,final_answer_position,technical_config_021,34,7,all_conditions_pooled,0,0,-305.03047023098,0
overall_harmful,final_answer_position,technical_feature_flag_024,35,7,all_conditions_pooled,0,0,-57.57105116790294,0
overall_harmful,final_answer_position,technical_feature_flag_024,35,7,all_conditions_pooled,0,0,-92.44164801974814,0
overall_harmful,final_answer_position,technical_feature_flag_024,35,7,all_conditions_pooled,0,1,7.825532889772294,0
overall_harmful,final_answer_position,academic_attendance_019,0,8,all_conditions_pooled,0,0,-4.18203081202633,0
overall_harmful,final_answer_position,academic_attendance_019,0,8,all_conditions_pooled,0,0,-566.6596492540834,1
overall_harmful,final_answer_position,academic_attendance_019,0,8,all_conditions_pooled,0,1,203.5240993942543,0
overall_harmful,final_answer_position,academic_grading_018,1,8,all_conditions_pooled,0,0,-456.78970210368294,0
overall_harmful,final_answer_position,academic_grading_018,1,8,all_conditions_pooled,0,0,-214.30278545450335,0
overall_harmful,final_answer_position,academic_grading_018,1,8,all_conditions_pooled,0,0,-136.4798541738714,0
overall_harmful,final_answer_position,academic_latework_020,2,8,all_conditions_pooled,0,0,-363.9718879694863,0
overall_harmful,final_answer_position,academic_latework_020,2,8,all_conditions_pooled,0,0,-401.7870844087926,0
overall_harmful,final_answer_position,academic_latework_020,2,8,all_conditions_pooled,0,0,-269.7265565238481,0
overall_harmful,final_answer_position,academic_prereq_017,3,8,all_conditions_pooled,0,1,390.2370409155987,0
overall_harmful,final_answer_position,academic_prereq_017,3,8,all_conditions_pooled,0,1,133.297773972293,0
overall_harmful,final_answer_position,academic_prereq_017,3,8,all_conditions_pooled,0,1,387.36707374374873,0
overall_harmful,final_answer_position,contract_rental_029,4,8,all_conditions_pooled,0,0,-16.672559663540834,0
overall_harmful,final_answer_position,contract_rental_029,4,8,all_conditions_pooled,0,1,59.483700585350334,0
overall_harmful,final_answer_position,contract_rental_029,4,8,all_conditions_pooled,0,1,119.09957642352731,0
overall_harmful,final_answer_position,contract_service_030,5,8,all_conditions_pooled,0,1,350.9948093163383,0
overall_harmful,final_answer_position,contract_service_030,5,8,all_conditions_pooled,0,1,194.93978813613893,0
overall_harmful,final_answer_position,contract_service_030,5,8,all_conditions_pooled,0,1,380.0597228670972,0
overall_harmful,final_answer_position,contract_ticket_032,6,8,all_conditions_pooled,0,1,248.83162484181327,0
overall_harmful,final_answer_position,contract_ticket_032,6,8,all_conditions_pooled,0,0,-107.95379721496539,0
overall_harmful,final_answer_position,contract_ticket_032,6,8,all_conditions_pooled,0,1,72.18386375162486,0
overall_harmful,final_answer_position,contract_warranty_031,7,8,all_conditions_pooled,0,1,224.00376084308886,0
overall_harmful,final_answer_position,contract_warranty_031,7,8,all_conditions_pooled,0,1,311.15043642688266,0
overall_harmful,final_answer_position,contract_warranty_031,7,8,all_conditions_pooled,0,1,256.8045302200794,0
overall_harmful,final_answer_position,finance_budget_007,8,8,all_conditions_pooled,0,0,-524.1693827501992,0
overall_harmful,final_answer_position,finance_budget_007,8,8,all_conditions_pooled,0,0,-249.54932377510622,0
overall_harmful,final_answer_position,finance_budget_007,8,8,all_conditions_pooled,0,0,-122.26709700422684,0
overall_harmful,final_answer_position,finance_coupon_006,9,8,all_conditions_pooled,0,1,246.67656564802598,0
overall_harmful,final_answer_position,finance_coupon_006,9,8,all_conditions_pooled,0,0,-150.35411538677437,0
overall_harmful,final_answer_position,finance_coupon_006,9,8,all_conditions_pooled,0,1,132.93717665797055,0
overall_harmful,final_answer_position,finance_membership_008,10,8,all_conditions_pooled,0,0,-417.9655003836151,0
overall_harmful,final_answer_position,finance_membership_008,10,8,all_conditions_pooled,0,0,-429.0896586198269,0
overall_harmful,final_answer_position,finance_membership_008,10,8,all_conditions_pooled,0,0,-265.52657458984464,0
overall_harmful,final_answer_position,finance_refund_005,11,8,all_conditions_pooled,0,1,95.08501388275585,0
overall_harmful,final_answer_position,finance_refund_005,11,8,all_conditions_pooled,0,1,146.49652464468934,0
overall_harmful,final_answer_position,finance_refund_005,11,8,all_conditions_pooled,0,1,56.00401984717308,0
overall_harmful,final_answer_position,logic_access_033,12,8,all_conditions_pooled,0,1,301.7138475410414,0
overall_harmful,final_answer_position,logic_access_033,12,8,all_conditions_pooled,0,1,61.869809872917386,0
overall_harmful,final_answer_position,logic_access_033,12,8,all_conditions_pooled,0,1,188.25549182688758,0
overall_harmful,final_answer_position,logic_eligibility_034,13,8,all_conditions_pooled,0,1,333.9063215922074,0
overall_harmful,final_answer_position,logic_eligibility_034,13,8,all_conditions_pooled,0,0,-95.85838778595283,0
overall_harmful,final_answer_position,logic_eligibility_034,13,8,all_conditions_pooled,0,1,125.1664783078972,0
overall_harmful,final_answer_position,logic_shipping_035,14,8,all_conditions_pooled,0,1,162.45011874128141,0
overall_harmful,final_answer_position,logic_shipping_035,14,8,all_conditions_pooled,0,1,117.81869336228831,0
overall_harmful,final_answer_position,logic_shipping_035,14,8,all_conditions_pooled,0,0,-6.2482821655500285,1
overall_harmful,final_answer_position,logic_tournament_036,15,8,all_conditions_pooled,0,0,-211.15101316773138,0
overall_harmful,final_answer_position,logic_tournament_036,15,8,all_conditions_pooled,0,1,84.62011457653858,0
overall_harmful,final_answer_position,logic_tournament_036,15,8,all_conditions_pooled,0,1,143.15752430101608,0
overall_harmful,final_answer_position,policy_lab_access_002,16,8,all_conditions_pooled,0,0,-271.64626103949513,0
overall_harmful,final_answer_position,policy_lab_access_002,16,8,all_conditions_pooled,0,0,-158.11405470059395,0
overall_harmful,final_answer_position,policy_lab_access_002,16,8,all_conditions_pooled,0,0,-88.22991226999062,0
overall_harmful,final_answer_position,policy_library_checkout_003,17,8,all_conditions_pooled,0,0,-465.1026106666943,0
overall_harmful,final_answer_position,policy_library_checkout_003,17,8,all_conditions_pooled,0,0,-396.21089391199445,0
overall_harmful,final_answer_position,policy_library_checkout_003,17,8,all_conditions_pooled,0,0,-265.21962138451283,0
overall_harmful,final_answer_position,policy_lunch_pass_001,18,8,all_conditions_pooled,0,0,-426.201536883961,0
overall_harmful,final_answer_position,policy_lunch_pass_001,18,8,all_conditions_pooled,0,0,-319.65118712365097,0
overall_harmful,final_answer_position,policy_lunch_pass_001,18,8,all_conditions_pooled,0,0,-204.64605000191443,0
overall_harmful,final_answer_position,policy_rec_center_004,19,8,all_conditions_pooled,0,0,-266.6025770333566,1
overall_harmful,final_answer_position,policy_rec_center_004,19,8,all_conditions_pooled,0,1,211.42797906665294,0
overall_harmful,final_answer_position,policy_rec_center_004,19,8,all_conditions_pooled,0,1,537.79522228161,0
overall_harmful,final_answer_position,product_specs_025,20,8,all_conditions_pooled,0,1,118.10403874030362,0
overall_harmful,final_answer_position,product_specs_025,20,8,all_conditions_pooled,0,0,-299.8319239960275,0
overall_harmful,final_answer_position,product_specs_025,20,8,all_conditions_pooled,0,1,58.31871272894426,0
overall_harmful,final_answer_position,product_specs_026,21,8,all_conditions_pooled,0,0,-453.16667431594215,0
overall_harmful,final_answer_position,product_specs_026,21,8,all_conditions_pooled,0,0,-390.19175017784744,0
overall_harmful,final_answer_position,product_specs_026,21,8,all_conditions_pooled,0,0,-260.689568269404,0
overall_harmful,final_answer_position,product_specs_027,22,8,all_conditions_pooled,0,1,230.89648803011517,0
overall_harmful,final_answer_position,product_specs_027,22,8,all_conditions_pooled,0,1,323.3172247238672,0
overall_harmful,final_answer_position,product_specs_027,22,8,all_conditions_pooled,0,1,260.70241628924487,0
overall_harmful,final_answer_position,product_specs_028,23,8,all_conditions_pooled,0,1,196.16698606777706,0
overall_harmful,final_answer_position,product_specs_028,23,8,all_conditions_pooled,0,0,-181.3546844191403,0
overall_harmful,final_answer_position,product_specs_028,23,8,all_conditions_pooled,0,1,237.07350275599856,0
overall_harmful,final_answer_position,schedule_clinic_011,24,8,all_conditions_pooled,0,0,-53.13643163713366,0
overall_harmful,final_answer_position,schedule_clinic_011,24,8,all_conditions_pooled,0,0,-113.23576069059746,0
overall_harmful,final_answer_position,schedule_clinic_011,24,8,all_conditions_pooled,0,1,11.098101736141356,0
overall_harmful,final_answer_position,schedule_exam_010,25,8,all_conditions_pooled,0,1,525.2577036089775,0
overall_harmful,final_answer_position,schedule_exam_010,25,8,all_conditions_pooled,0,1,337.9302823914057,0
overall_harmful,final_answer_position,schedule_exam_010,25,8,all_conditions_pooled,0,1,87.66384235884264,1
overall_harmful,final_answer_position,schedule_train_009,26,8,all_conditions_pooled,0,1,230.96409983399047,0
overall_harmful,final_answer_position,schedule_train_009,26,8,all_conditions_pooled,0,0,-153.23461109283681,0
overall_harmful,final_answer_position,schedule_train_009,26,8,all_conditions_pooled,0,1,218.93566469081043,0
overall_harmful,final_answer_position,schedule_workshop_012,27,8,all_conditions_pooled,0,0,-347.6984849859674,0
overall_harmful,final_answer_position,schedule_workshop_012,27,8,all_conditions_pooled,0,0,-322.3112993530867,0
overall_harmful,final_answer_position,schedule_workshop_012,27,8,all_conditions_pooled,0,0,-176.81896508283856,0
overall_harmful,final_answer_position,science_battery_016,28,8,all_conditions_pooled,0,0,-412.3337387729663,0
overall_harmful,final_answer_position,science_battery_016,28,8,all_conditions_pooled,0,0,-91.85448313523455,0
overall_harmful,final_answer_position,science_battery_016,28,8,all_conditions_pooled,0,1,140.17470560835375,0
overall_harmful,final_answer_position,science_mineral_014,29,8,all_conditions_pooled,0,1,476.4509719524378,0
overall_harmful,final_answer_position,science_mineral_014,29,8,all_conditions_pooled,0,1,374.57138958562564,0
overall_harmful,final_answer_position,science_mineral_014,29,8,all_conditions_pooled,0,1,528.3807429083173,0
overall_harmful,final_answer_position,science_plant_013,30,8,all_conditions_pooled,0,0,-390.6125873515756,0
overall_harmful,final_answer_position,science_plant_013,30,8,all_conditions_pooled,0,0,-88.41677584891417,0
overall_harmful,final_answer_position,science_plant_013,30,8,all_conditions_pooled,0,1,81.7732554415453,0
overall_harmful,final_answer_position,science_weather_015,31,8,all_conditions_pooled,0,1,419.2877205549971,0
overall_harmful,final_answer_position,science_weather_015,31,8,all_conditions_pooled,0,1,11.132238598752181,0
overall_harmful,final_answer_position,science_weather_015,31,8,all_conditions_pooled,0,1,432.6059346645702,0
overall_harmful,final_answer_position,technical_api_022,32,8,all_conditions_pooled,0,1,283.13232435633387,0
overall_harmful,final_answer_position,technical_api_022,32,8,all_conditions_pooled,0,1,0.1374711597476299,0
overall_harmful,final_answer_position,technical_api_022,32,8,all_conditions_pooled,0,1,181.309849142281,0
overall_harmful,final_answer_position,technical_backup_023,33,8,all_conditions_pooled,0,0,-617.2242230134976,0
overall_harmful,final_answer_position,technical_backup_023,33,8,all_conditions_pooled,0,0,-455.95052711913297,0
overall_harmful,final_answer_position,technical_backup_023,33,8,all_conditions_pooled,0,0,-281.4974287048261,0
overall_harmful,final_answer_position,technical_config_021,34,8,all_conditions_pooled,0,0,-185.67456160752533,0
overall_harmful,final_answer_position,technical_config_021,34,8,all_conditions_pooled,0,0,-272.80978528461344,0
overall_harmful,final_answer_position,technical_config_021,34,8,all_conditions_pooled,0,0,-267.60785467373523,0
overall_harmful,final_answer_position,technical_feature_flag_024,35,8,all_conditions_pooled,0,0,-27.540526991762206,0
overall_harmful,final_answer_position,technical_feature_flag_024,35,8,all_conditions_pooled,0,1,4.695499801674874,0
overall_harmful,final_answer_position,technical_feature_flag_024,35,8,all_conditions_pooled,0,1,27.905334287774217,0
overall_harmful,final_answer_position,academic_attendance_019,0,9,all_conditions_pooled,0,1,155.9365669819064,0
overall_harmful,final_answer_position,academic_attendance_019,0,9,all_conditions_pooled,0,0,-576.9477609015352,1
overall_harmful,final_answer_position,academic_attendance_019,0,9,all_conditions_pooled,0,1,454.19549341485606,0
overall_harmful,final_answer_position,academic_grading_018,1,9,all_conditions_pooled,0,0,-403.6693412949059,0
overall_harmful,final_answer_position,academic_grading_018,1,9,all_conditions_pooled,0,0,-180.44148111260472,0
overall_harmful,final_answer_position,academic_grading_018,1,9,all_conditions_pooled,0,0,-6.561938881728921,0
overall_harmful,final_answer_position,academic_latework_020,2,9,all_conditions_pooled,0,0,-369.07185578334133,0
overall_harmful,final_answer_position,academic_latework_020,2,9,all_conditions_pooled,0,0,-399.4275310989774,0
overall_harmful,final_answer_position,academic_latework_020,2,9,all_conditions_pooled,0,0,-177.65413402777142,0
overall_harmful,final_answer_position,academic_prereq_017,3,9,all_conditions_pooled,0,1,287.1055546275747,0
overall_harmful,final_answer_position,academic_prereq_017,3,9,all_conditions_pooled,0,1,67.91913650086748,0
overall_harmful,final_answer_position,academic_prereq_017,3,9,all_conditions_pooled,0,1,375.57253450688074,0
overall_harmful,final_answer_position,contract_rental_029,4,9,all_conditions_pooled,0,1,5.021485537635964,0
overall_harmful,final_answer_position,contract_rental_029,4,9,all_conditions_pooled,0,1,73.86971319865171,0
overall_harmful,final_answer_position,contract_rental_029,4,9,all_conditions_pooled,0,1,229.54408982666814,0
overall_harmful,final_answer_position,contract_service_030,5,9,all_conditions_pooled,0,1,258.3115176938659,0
overall_harmful,final_answer_position,contract_service_030,5,9,all_conditions_pooled,0,1,177.61754919563953,0
overall_harmful,final_answer_position,contract_service_030,5,9,all_conditions_pooled,0,1,414.4308621020624,0
overall_harmful,final_answer_position,contract_ticket_032,6,9,all_conditions_pooled,0,1,100.49674173383595,0
overall_harmful,final_answer_position,contract_ticket_032,6,9,all_conditions_pooled,0,0,-145.70317367257297,0
overall_harmful,final_answer_position,contract_ticket_032,6,9,all_conditions_pooled,0,1,87.42395189952339,0
overall_harmful,final_answer_position,contract_warranty_031,7,9,all_conditions_pooled,0,1,94.43269829569292,0
overall_harmful,final_answer_position,contract_warranty_031,7,9,all_conditions_pooled,0,1,188.21625699138468,0
overall_harmful,final_answer_position,contract_warranty_031,7,9,all_conditions_pooled,0,1,286.96640677395123,0
overall_harmful,final_answer_position,finance_budget_007,8,9,all_conditions_pooled,0,0,-435.1665348483036,0
overall_harmful,final_answer_position,finance_budget_007,8,9,all_conditions_pooled,0,0,-253.7763319798036,0
overall_harmful,final_answer_position,finance_budget_007,8,9,all_conditions_pooled,0,0,-29.654498180446765,0
overall_harmful,final_answer_position,finance_coupon_006,9,9,all_conditions_pooled,0,1,143.21404510619925,0
overall_harmful,final_answer_position,finance_coupon_006,9,9,all_conditions_pooled,0,0,-104.98447379300974,0
overall_harmful,final_answer_position,finance_coupon_006,9,9,all_conditions_pooled,0,1,216.4301149355355,0
overall_harmful,final_answer_position,finance_membership_008,10,9,all_conditions_pooled,0,0,-321.8421927645795,0
overall_harmful,final_answer_position,finance_membership_008,10,9,all_conditions_pooled,0,0,-311.47470595055336,0
overall_harmful,final_answer_position,finance_membership_008,10,9,all_conditions_pooled,0,0,-66.09794980436942,0
overall_harmful,final_answer_position,finance_refund_005,11,9,all_conditions_pooled,0,0,-25.173141455279207,0
overall_harmful,final_answer_position,finance_refund_005,11,9,all_conditions_pooled,0,1,3.4676342855745723,0
overall_harmful,final_answer_position,finance_refund_005,11,9,all_conditions_pooled,0,1,139.82333349555006,0
overall_harmful,final_answer_position,logic_access_033,12,9,all_conditions_pooled,0,1,212.306586863949,0
overall_harmful,final_answer_position,logic_access_033,12,9,all_conditions_pooled,0,1,60.387600778045226,0
overall_harmful,final_answer_position,logic_access_033,12,9,all_conditions_pooled,0,1,252.22374669862387,0
overall_harmful,final_answer_position,logic_eligibility_034,13,9,all_conditions_pooled,0,1,252.7732593008182,0
overall_harmful,final_answer_position,logic_eligibility_034,13,9,all_conditions_pooled,0,0,-101.04763185899719,0
overall_harmful,final_answer_position,logic_eligibility_034,13,9,all_conditions_pooled,0,1,174.47736265205407,0
overall_harmful,final_answer_position,logic_shipping_035,14,9,all_conditions_pooled,0,1,90.33272913363004,0
overall_harmful,final_answer_position,logic_shipping_035,14,9,all_conditions_pooled,0,1,154.7985054916803,0
overall_harmful,final_answer_position,logic_shipping_035,14,9,all_conditions_pooled,0,1,76.5963943937733,1
overall_harmful,final_answer_position,logic_tournament_036,15,9,all_conditions_pooled,0,0,-139.88861040708264,0
overall_harmful,final_answer_position,logic_tournament_036,15,9,all_conditions_pooled,0,1,31.932566595642385,0
overall_harmful,final_answer_position,logic_tournament_036,15,9,all_conditions_pooled,0,1,235.88724465470736,0
overall_harmful,final_answer_position,policy_lab_access_002,16,9,all_conditions_pooled,0,0,-256.71583413377874,0
overall_harmful,final_answer_position,policy_lab_access_002,16,9,all_conditions_pooled,0,0,-139.02503922775688,0
overall_harmful,final_answer_position,policy_lab_access_002,16,9,all_conditions_pooled,0,1,23.071766189896515,0
overall_harmful,final_answer_position,policy_library_checkout_003,17,9,all_conditions_pooled,0,0,-469.53723337864113,0
overall_harmful,final_answer_position,policy_library_checkout_003,17,9,all_conditions_pooled,0,0,-435.0884211753222,0
overall_harmful,final_answer_position,policy_library_checkout_003,17,9,all_conditions_pooled,0,0,-179.38901105598018,0
overall_harmful,final_answer_position,policy_lunch_pass_001,18,9,all_conditions_pooled,0,0,-375.2788265277537,0
overall_harmful,final_answer_position,policy_lunch_pass_001,18,9,all_conditions_pooled,0,0,-296.1099159022186,0
overall_harmful,final_answer_position,policy_lunch_pass_001,18,9,all_conditions_pooled,0,0,-43.86229245774191,0
overall_harmful,final_answer_position,policy_rec_center_004,19,9,all_conditions_pooled,0,0,-244.53351736913788,1
overall_harmful,final_answer_position,policy_rec_center_004,19,9,all_conditions_pooled,0,1,222.88756609994942,0
overall_harmful,final_answer_position,policy_rec_center_004,19,9,all_conditions_pooled,0,1,495.97890168876665,0
overall_harmful,final_answer_position,product_specs_025,20,9,all_conditions_pooled,0,1,39.856498391299866,0
overall_harmful,final_answer_position,product_specs_025,20,9,all_conditions_pooled,0,0,-269.8559705034137,0
overall_harmful,final_answer_position,product_specs_025,20,9,all_conditions_pooled,0,1,102.59674656987335,0
overall_harmful,final_answer_position,product_specs_026,21,9,all_conditions_pooled,0,0,-476.56796060876894,0
overall_harmful,final_answer_position,product_specs_026,21,9,all_conditions_pooled,0,0,-435.77904365635004,0
overall_harmful,final_answer_position,product_specs_026,21,9,all_conditions_pooled,0,0,-220.71219257086074,0
overall_harmful,final_answer_position,product_specs_027,22,9,all_conditions_pooled,0,1,121.91099722841938,0
overall_harmful,final_answer_position,product_specs_027,22,9,all_conditions_pooled,0,1,238.10000470163823,0
overall_harmful,final_answer_position,product_specs_027,22,9,all_conditions_pooled,0,1,330.73128470607037,0
overall_harmful,final_answer_position,product_specs_028,23,9,all_conditions_pooled,0,1,117.89807035205752,0
overall_harmful,final_answer_position,product_specs_028,23,9,all_conditions_pooled,0,0,-118.53872330620187,0
overall_harmful,final_answer_position,product_specs_028,23,9,all_conditions_pooled,0,1,297.75001920576153,0
overall_harmful,final_answer_position,schedule_clinic_011,24,9,all_conditions_pooled,0,0,-23.087946098846075,0
overall_harmful,final_answer_position,schedule_clinic_011,24,9,all_conditions_pooled,0,0,-114.90456764132801,0
overall_harmful,final_answer_position,schedule_clinic_011,24,9,all_conditions_pooled,0,1,100.47403610216915,0
overall_harmful,final_answer_position,schedule_exam_010,25,9,all_conditions_pooled,0,1,347.4576521793469,0
overall_harmful,final_answer_position,schedule_exam_010,25,9,all_conditions_pooled,0,1,285.5960403457591,0
overall_harmful,final_answer_position,schedule_exam_010,25,9,all_conditions_pooled,0,1,136.23998607318993,1
overall_harmful,final_answer_position,schedule_train_009,26,9,all_conditions_pooled,0,1,128.4644836457624,0
overall_harmful,final_answer_position,schedule_train_009,26,9,all_conditions_pooled,0,0,-211.07496033822264,0
overall_harmful,final_answer_position,schedule_train_009,26,9,all_conditions_pooled,0,1,214.42314350802172,0
overall_harmful,final_answer_position,schedule_workshop_012,27,9,all_conditions_pooled,0,0,-372.31481787230496,0
overall_harmful,final_answer_position,schedule_workshop_012,27,9,all_conditions_pooled,0,0,-336.70622761809454,0
overall_harmful,final_answer_position,schedule_workshop_012,27,9,all_conditions_pooled,0,0,-117.29995697922607,0
overall_harmful,final_answer_position,science_battery_016,28,9,all_conditions_pooled,0,0,-412.0250971433639,0
overall_harmful,final_answer_position,science_battery_016,28,9,all_conditions_pooled,0,0,-181.20405344229903,0
overall_harmful,final_answer_position,science_battery_016,28,9,all_conditions_pooled,0,1,109.2410567557585,0
overall_harmful,final_answer_position,science_mineral_014,29,9,all_conditions_pooled,0,1,292.3953837496799,0
overall_harmful,final_answer_position,science_mineral_014,29,9,all_conditions_pooled,0,1,243.6034079779268,0
overall_harmful,final_answer_position,science_mineral_014,29,9,all_conditions_pooled,0,1,499.79187071866204,0
overall_harmful,final_answer_position,science_plant_013,30,9,all_conditions_pooled,0,0,-408.31325874443905,0
overall_harmful,final_answer_position,science_plant_013,30,9,all_conditions_pooled,0,0,-289.9477737939384,0
overall_harmful,final_answer_position,science_plant_013,30,9,all_conditions_pooled,0,0,-0.34789113300557517,0
overall_harmful,final_answer_position,science_weather_015,31,9,all_conditions_pooled,0,1,260.24580504373205,0
overall_harmful,final_answer_position,science_weather_015,31,9,all_conditions_pooled,0,0,-38.66643657092822,0
overall_harmful,final_answer_position,science_weather_015,31,9,all_conditions_pooled,0,1,412.91259130958076,0
overall_harmful,final_answer_position,technical_api_022,32,9,all_conditions_pooled,0,1,217.24374795566783,0
overall_harmful,final_answer_position,technical_api_022,32,9,all_conditions_pooled,0,1,16.399996668835925,0
overall_harmful,final_answer_position,technical_api_022,32,9,all_conditions_pooled,0,1,237.08733437788652,0
overall_harmful,final_answer_position,technical_backup_023,33,9,all_conditions_pooled,0,0,-605.3012127970779,0
overall_harmful,final_answer_position,technical_backup_023,33,9,all_conditions_pooled,0,0,-453.0051016342837,0
overall_harmful,final_answer_position,technical_backup_023,33,9,all_conditions_pooled,0,0,-191.51584733960757,0
overall_harmful,final_answer_position,technical_config_021,34,9,all_conditions_pooled,0,0,-334.0526751644429,0
overall_harmful,final_answer_position,technical_config_021,34,9,all_conditions_pooled,0,0,-289.18073268120963,0
overall_harmful,final_answer_position,technical_config_021,34,9,all_conditions_pooled,0,0,-214.85312069122784,0
overall_harmful,final_answer_position,technical_feature_flag_024,35,9,all_conditions_pooled,0,1,102.76146815906696,0
overall_harmful,final_answer_position,technical_feature_flag_024,35,9,all_conditions_pooled,0,1,102.65196404483014,0
overall_harmful,final_answer_position,technical_feature_flag_024,35,9,all_conditions_pooled,0,1,209.10400167186367,0
overall_harmful,final_answer_position,academic_attendance_019,0,10,all_conditions_pooled,0,1,357.77848005610207,0
overall_harmful,final_answer_position,academic_attendance_019,0,10,all_conditions_pooled,0,0,-594.3243246364462,1
overall_harmful,final_answer_position,academic_attendance_019,0,10,all_conditions_pooled,0,1,577.6474971668191,0
overall_harmful,final_answer_position,academic_grading_018,1,10,all_conditions_pooled,0,0,-366.3328470078688,0
overall_harmful,final_answer_position,academic_grading_018,1,10,all_conditions_pooled,0,0,-151.80407959562572,0
overall_harmful,final_answer_position,academic_grading_018,1,10,all_conditions_pooled,0,1,55.3174594550198,0
overall_harmful,final_answer_position,academic_latework_020,2,10,all_conditions_pooled,0,0,-339.6789718296185,0
overall_harmful,final_answer_position,academic_latework_020,2,10,all_conditions_pooled,0,0,-291.93496111752336,0
overall_harmful,final_answer_position,academic_latework_020,2,10,all_conditions_pooled,0,0,-139.2917975042496,0
overall_harmful,final_answer_position,academic_prereq_017,3,10,all_conditions_pooled,0,1,171.68905607043223,0
overall_harmful,final_answer_position,academic_prereq_017,3,10,all_conditions_pooled,0,1,74.23609386115417,0
overall_harmful,final_answer_position,academic_prereq_017,3,10,all_conditions_pooled,0,1,283.24473874198856,0
overall_harmful,final_answer_position,contract_rental_029,4,10,all_conditions_pooled,0,1,165.3784688767189,0
overall_harmful,final_answer_position,contract_rental_029,4,10,all_conditions_pooled,0,1,171.25787872592633,0
overall_harmful,final_answer_position,contract_rental_029,4,10,all_conditions_pooled,0,1,295.4196555396048,0
overall_harmful,final_answer_position,contract_service_030,5,10,all_conditions_pooled,0,1,100.25358774479236,0
overall_harmful,final_answer_position,contract_service_030,5,10,all_conditions_pooled,0,1,148.20795434944915,0
overall_harmful,final_answer_position,contract_service_030,5,10,all_conditions_pooled,0,1,471.12625694261214,0
overall_harmful,final_answer_position,contract_ticket_032,6,10,all_conditions_pooled,0,0,-52.734465147625244,0
overall_harmful,final_answer_position,contract_ticket_032,6,10,all_conditions_pooled,0,0,-147.57762577878702,0
overall_harmful,final_answer_position,contract_ticket_032,6,10,all_conditions_pooled,0,1,50.86411686077918,0
overall_harmful,final_answer_position,contract_warranty_031,7,10,all_conditions_pooled,0,0,-58.38213878902923,0
overall_harmful,final_answer_position,contract_warranty_031,7,10,all_conditions_pooled,0,1,121.62352383333098,0
overall_harmful,final_answer_position,contract_warranty_031,7,10,all_conditions_pooled,0,1,310.12415839540256,0
overall_harmful,final_answer_position,finance_budget_007,8,10,all_conditions_pooled,0,0,-471.9800826157972,0
overall_harmful,final_answer_position,finance_budget_007,8,10,all_conditions_pooled,0,0,-282.58003253788206,0
overall_harmful,final_answer_position,finance_budget_007,8,10,all_conditions_pooled,0,0,-7.346782657766743,0
overall_harmful,final_answer_position,finance_coupon_006,9,10,all_conditions_pooled,0,1,92.13084294231064,0
overall_harmful,final_answer_position,finance_coupon_006,9,10,all_conditions_pooled,0,0,-8.277060924782639,0
overall_harmful,final_answer_position,finance_coupon_006,9,10,all_conditions_pooled,0,1,226.52185440582545,0
overall_harmful,final_answer_position,finance_membership_008,10,10,all_conditions_pooled,0,0,-361.01288861118957,0
overall_harmful,final_answer_position,finance_membership_008,10,10,all_conditions_pooled,0,0,-296.73126952233054,0
overall_harmful,final_answer_position,finance_membership_008,10,10,all_conditions_pooled,0,0,-107.69931300450216,0
overall_harmful,final_answer_position,finance_refund_005,11,10,all_conditions_pooled,0,0,-103.95813493619914,0
overall_harmful,final_answer_position,finance_refund_005,11,10,all_conditions_pooled,0,0,-56.852705044762686,0
overall_harmful,final_answer_position,finance_refund_005,11,10,all_conditions_pooled,0,1,159.2731828124324,0
overall_harmful,final_answer_position,logic_access_033,12,10,all_conditions_pooled,0,1,72.38052966325394,0
overall_harmful,final_answer_position,logic_access_033,12,10,all_conditions_pooled,0,1,52.37848698855251,0
overall_harmful,final_answer_position,logic_access_033,12,10,all_conditions_pooled,0,1,281.4117733824237,0
overall_harmful,final_answer_position,logic_eligibility_034,13,10,all_conditions_pooled,0,1,214.37706220412718,0
overall_harmful,final_answer_position,logic_eligibility_034,13,10,all_conditions_pooled,0,0,-33.93317116321367,0
overall_harmful,final_answer_position,logic_eligibility_034,13,10,all_conditions_pooled,0,1,183.73456749424784,0
overall_harmful,final_answer_position,logic_shipping_035,14,10,all_conditions_pooled,0,1,15.429423612886893,0
overall_harmful,final_answer_position,logic_shipping_035,14,10,all_conditions_pooled,0,1,344.1642600647083,0
overall_harmful,final_answer_position,logic_shipping_035,14,10,all_conditions_pooled,0,1,171.60120704530726,1
overall_harmful,final_answer_position,logic_tournament_036,15,10,all_conditions_pooled,0,0,-217.59747730069446,0
overall_harmful,final_answer_position,logic_tournament_036,15,10,all_conditions_pooled,0,0,-82.78983163468945,0
overall_harmful,final_answer_position,logic_tournament_036,15,10,all_conditions_pooled,0,1,173.09725192863124,0
overall_harmful,final_answer_position,policy_lab_access_002,16,10,all_conditions_pooled,0,0,-147.51731652330292,0
overall_harmful,final_answer_position,policy_lab_access_002,16,10,all_conditions_pooled,0,0,-161.0078749159192,0
overall_harmful,final_answer_position,policy_lab_access_002,16,10,all_conditions_pooled,0,1,29.54060235491542,0
overall_harmful,final_answer_position,policy_library_checkout_003,17,10,all_conditions_pooled,0,0,-397.8247096239031,0
overall_harmful,final_answer_position,policy_library_checkout_003,17,10,all_conditions_pooled,0,0,-314.31695411972044,0
overall_harmful,final_answer_position,policy_library_checkout_003,17,10,all_conditions_pooled,0,0,-61.81690186054738,0
overall_harmful,final_answer_position,policy_lunch_pass_001,18,10,all_conditions_pooled,0,0,-389.9657656922146,0
overall_harmful,final_answer_position,policy_lunch_pass_001,18,10,all_conditions_pooled,0,0,-370.23528601496355,0
overall_harmful,final_answer_position,policy_lunch_pass_001,18,10,all_conditions_pooled,0,0,-75.69789139586469,0
overall_harmful,final_answer_position,policy_rec_center_004,19,10,all_conditions_pooled,0,0,-227.83814343095133,1
overall_harmful,final_answer_position,policy_rec_center_004,19,10,all_conditions_pooled,0,1,202.93851267013346,0
overall_harmful,final_answer_position,policy_rec_center_004,19,10,all_conditions_pooled,0,1,517.2161470361436,0
overall_harmful,final_answer_position,product_specs_025,20,10,all_conditions_pooled,0,0,-43.942482852164005,0
overall_harmful,final_answer_position,product_specs_025,20,10,all_conditions_pooled,0,0,-191.85971458946528,0
overall_harmful,final_answer_position,product_specs_025,20,10,all_conditions_pooled,0,1,176.128406310973,0
overall_harmful,final_answer_position,product_specs_026,21,10,all_conditions_pooled,0,0,-403.9716779620751,0
overall_harmful,final_answer_position,product_specs_026,21,10,all_conditions_pooled,0,0,-438.62098402619347,0
overall_harmful,final_answer_position,product_specs_026,21,10,all_conditions_pooled,0,0,-190.1372065858509,0
overall_harmful,final_answer_position,product_specs_027,22,10,all_conditions_pooled,0,0,-0.874246269100297,0
overall_harmful,final_answer_position,product_specs_027,22,10,all_conditions_pooled,0,1,174.99265745943967,0
overall_harmful,final_answer_position,product_specs_027,22,10,all_conditions_pooled,0,1,322.4218927990304,0
overall_harmful,final_answer_position,product_specs_028,23,10,all_conditions_pooled,0,1,42.51989922573401,0
overall_harmful,final_answer_position,product_specs_028,23,10,all_conditions_pooled,0,0,-51.869816405067596,0
overall_harmful,final_answer_position,product_specs_028,23,10,all_conditions_pooled,0,1,411.4676067731584,0
overall_harmful,final_answer_position,schedule_clinic_011,24,10,all_conditions_pooled,0,1,72.89276966542057,0
overall_harmful,final_answer_position,schedule_clinic_011,24,10,all_conditions_pooled,0,0,-70.2634552276055,0
overall_harmful,final_answer_position,schedule_clinic_011,24,10,all_conditions_pooled,0,1,189.97862794898833,0
overall_harmful,final_answer_position,schedule_exam_010,25,10,all_conditions_pooled,0,1,136.34746687297974,0
overall_harmful,final_answer_position,schedule_exam_010,25,10,all_conditions_pooled,0,1,386.97115215022546,0
overall_harmful,final_answer_position,schedule_exam_010,25,10,all_conditions_pooled,0,1,79.8789586796808,1
overall_harmful,final_answer_position,schedule_train_009,26,10,all_conditions_pooled,0,1,171.93747644483707,0
overall_harmful,final_answer_position,schedule_train_009,26,10,all_conditions_pooled,0,0,-169.24121969027067,0
overall_harmful,final_answer_position,schedule_train_009,26,10,all_conditions_pooled,0,1,222.35365632980407,0
overall_harmful,final_answer_position,schedule_workshop_012,27,10,all_conditions_pooled,0,0,-272.9331748630327,0
overall_harmful,final_answer_position,schedule_workshop_012,27,10,all_conditions_pooled,0,0,-251.20961261822285,0
overall_harmful,final_answer_position,schedule_workshop_012,27,10,all_conditions_pooled,0,1,41.555623963658114,0
overall_harmful,final_answer_position,science_battery_016,28,10,all_conditions_pooled,0,0,-429.968142439375,0
overall_harmful,final_answer_position,science_battery_016,28,10,all_conditions_pooled,0,0,-195.95345325685884,0
overall_harmful,final_answer_position,science_battery_016,28,10,all_conditions_pooled,0,1,82.27680306757618,0
overall_harmful,final_answer_position,science_mineral_014,29,10,all_conditions_pooled,0,1,108.8409398520173,0
overall_harmful,final_answer_position,science_mineral_014,29,10,all_conditions_pooled,0,1,245.85597514605917,0
overall_harmful,final_answer_position,science_mineral_014,29,10,all_conditions_pooled,0,1,508.6681011340654,0
overall_harmful,final_answer_position,science_plant_013,30,10,all_conditions_pooled,0,0,-428.6310939335658,0
overall_harmful,final_answer_position,science_plant_013,30,10,all_conditions_pooled,0,0,-328.8874280689748,0
overall_harmful,final_answer_position,science_plant_013,30,10,all_conditions_pooled,0,0,-25.23171306979869,0
overall_harmful,final_answer_position,science_weather_015,31,10,all_conditions_pooled,0,1,155.0652110539612,0
overall_harmful,final_answer_position,science_weather_015,31,10,all_conditions_pooled,0,1,41.42020127285093,0
overall_harmful,final_answer_position,science_weather_015,31,10,all_conditions_pooled,0,1,462.6241205856031,0
overall_harmful,final_answer_position,technical_api_022,32,10,all_conditions_pooled,0,1,255.83658712185456,0
overall_harmful,final_answer_position,technical_api_022,32,10,all_conditions_pooled,0,1,27.997632785626756,0
overall_harmful,final_answer_position,technical_api_022,32,10,all_conditions_pooled,0,1,262.8337053785077,0
overall_harmful,final_answer_position,technical_backup_023,33,10,all_conditions_pooled,0,0,-843.6414068211029,0
overall_harmful,final_answer_position,technical_backup_023,33,10,all_conditions_pooled,0,0,-601.4595958526115,0
overall_harmful,final_answer_position,technical_backup_023,33,10,all_conditions_pooled,0,0,-343.70770537490057,0
overall_harmful,final_answer_position,technical_config_021,34,10,all_conditions_pooled,0,0,-301.89879999527477,0
overall_harmful,final_answer_position,technical_config_021,34,10,all_conditions_pooled,0,0,-280.511627227913,0
overall_harmful,final_answer_position,technical_config_021,34,10,all_conditions_pooled,0,0,-142.93084380822506,0
overall_harmful,final_answer_position,technical_feature_flag_024,35,10,all_conditions_pooled,0,1,154.91214007490186,0
overall_harmful,final_answer_position,technical_feature_flag_024,35,10,all_conditions_pooled,0,1,28.363725332734035,0
overall_harmful,final_answer_position,technical_feature_flag_024,35,10,all_conditions_pooled,0,1,190.60019277670423,0
overall_harmful,final_answer_position,academic_attendance_019,0,11,all_conditions_pooled,0,1,358.23019874170893,0
overall_harmful,final_answer_position,academic_attendance_019,0,11,all_conditions_pooled,0,0,-553.1698750714436,1
overall_harmful,final_answer_position,academic_attendance_019,0,11,all_conditions_pooled,0,1,615.6845006945592,0
overall_harmful,final_answer_position,academic_grading_018,1,11,all_conditions_pooled,0,0,-275.0720416261406,0
overall_harmful,final_answer_position,academic_grading_018,1,11,all_conditions_pooled,0,0,-20.06896724272075,0
overall_harmful,final_answer_position,academic_grading_018,1,11,all_conditions_pooled,0,1,138.95624539449793,0
overall_harmful,final_answer_position,academic_latework_020,2,11,all_conditions_pooled,0,0,-290.7378377333725,0
overall_harmful,final_answer_position,academic_latework_020,2,11,all_conditions_pooled,0,0,-188.54910839731144,0
overall_harmful,final_answer_position,academic_latework_020,2,11,all_conditions_pooled,0,0,-98.47840504981508,0
overall_harmful,final_answer_position,academic_prereq_017,3,11,all_conditions_pooled,0,1,194.37803602416415,0
overall_harmful,final_answer_position,academic_prereq_017,3,11,all_conditions_pooled,0,1,182.57221217258427,0
overall_harmful,final_answer_position,academic_prereq_017,3,11,all_conditions_pooled,0,1,369.06211693315333,0
overall_harmful,final_answer_position,contract_rental_029,4,11,all_conditions_pooled,0,1,117.6455959255338,0
overall_harmful,final_answer_position,contract_rental_029,4,11,all_conditions_pooled,0,1,155.2923098381884,0
overall_harmful,final_answer_position,contract_rental_029,4,11,all_conditions_pooled,0,1,267.83444537453977,0
overall_harmful,final_answer_position,contract_service_030,5,11,all_conditions_pooled,0,1,90.08514166496502,0
overall_harmful,final_answer_position,contract_service_030,5,11,all_conditions_pooled,0,1,164.4395770294302,0
overall_harmful,final_answer_position,contract_service_030,5,11,all_conditions_pooled,0,1,428.07203693630737,0
overall_harmful,final_answer_position,contract_ticket_032,6,11,all_conditions_pooled,0,1,6.841012355536272,0
overall_harmful,final_answer_position,contract_ticket_032,6,11,all_conditions_pooled,0,0,-58.8505241176581,0
overall_harmful,final_answer_position,contract_ticket_032,6,11,all_conditions_pooled,0,1,139.03072534712635,0
overall_harmful,final_answer_position,contract_warranty_031,7,11,all_conditions_pooled,0,0,-74.78308750546371,0
overall_harmful,final_answer_position,contract_warranty_031,7,11,all_conditions_pooled,0,1,106.73612998390796,0
overall_harmful,final_answer_position,contract_warranty_031,7,11,all_conditions_pooled,0,1,284.4430825355326,0
overall_harmful,final_answer_position,finance_budget_007,8,11,all_conditions_pooled,0,0,-610.8910312673669,0
overall_harmful,final_answer_position,finance_budget_007,8,11,all_conditions_pooled,0,0,-338.42395436997134,0
overall_harmful,final_answer_position,finance_budget_007,8,11,all_conditions_pooled,0,0,-129.7639214976601,0
overall_harmful,final_answer_position,finance_coupon_006,9,11,all_conditions_pooled,0,1,172.157857871876,0
overall_harmful,final_answer_position,finance_coupon_006,9,11,all_conditions_pooled,0,1,51.05913646653063,0
overall_harmful,final_answer_position,finance_coupon_006,9,11,all_conditions_pooled,0,1,270.7134392765172,0
overall_harmful,final_answer_position,finance_membership_008,10,11,all_conditions_pooled,0,0,-311.1372792001114,0
overall_harmful,final_answer_position,finance_membership_008,10,11,all_conditions_pooled,0,0,-219.79900251056907,0
overall_harmful,final_answer_position,finance_membership_008,10,11,all_conditions_pooled,0,0,-44.06305789001502,0
overall_harmful,final_answer_position,finance_refund_005,11,11,all_conditions_pooled,0,0,-61.11008797124844,0
overall_harmful,final_answer_position,finance_refund_005,11,11,all_conditions_pooled,0,1,13.63862643382538,0
overall_harmful,final_answer_position,finance_refund_005,11,11,all_conditions_pooled,0,1,195.95383097550268,0
overall_harmful,final_answer_position,logic_access_033,12,11,all_conditions_pooled,0,1,31.683226608284777,0
overall_harmful,final_answer_position,logic_access_033,12,11,all_conditions_pooled,0,1,43.586786598808814,0
overall_harmful,final_answer_position,logic_access_033,12,11,all_conditions_pooled,0,1,255.17803071476766,0
overall_harmful,final_answer_position,logic_eligibility_034,13,11,all_conditions_pooled,0,1,157.04174937901897,0
overall_harmful,final_answer_position,logic_eligibility_034,13,11,all_conditions_pooled,0,0,-6.18783534695905,0
overall_harmful,final_answer_position,logic_eligibility_034,13,11,all_conditions_pooled,0,1,176.60839710867867,0
overall_harmful,final_answer_position,logic_shipping_035,14,11,all_conditions_pooled,0,0,-0.059306557812465854,0
overall_harmful,final_answer_position,logic_shipping_035,14,11,all_conditions_pooled,0,1,277.21911810465224,0
overall_harmful,final_answer_position,logic_shipping_035,14,11,all_conditions_pooled,0,1,128.57554153548023,1
overall_harmful,final_answer_position,logic_tournament_036,15,11,all_conditions_pooled,0,0,-316.9118336084532,0
overall_harmful,final_answer_position,logic_tournament_036,15,11,all_conditions_pooled,0,0,-207.1726927398147,0
overall_harmful,final_answer_position,logic_tournament_036,15,11,all_conditions_pooled,0,1,67.44309336762896,0
overall_harmful,final_answer_position,policy_lab_access_002,16,11,all_conditions_pooled,0,0,-240.08069962024933,0
overall_harmful,final_answer_position,policy_lab_access_002,16,11,all_conditions_pooled,0,0,-171.35606362805282,0
overall_harmful,final_answer_position,policy_lab_access_002,16,11,all_conditions_pooled,0,0,-18.257301857943116,0
overall_harmful,final_answer_position,policy_library_checkout_003,17,11,all_conditions_pooled,0,0,-328.01892677078473,0
overall_harmful,final_answer_position,policy_library_checkout_003,17,11,all_conditions_pooled,0,0,-241.7182395733226,0
overall_harmful,final_answer_position,policy_library_checkout_003,17,11,all_conditions_pooled,0,0,-13.812046260484745,0
overall_harmful,final_answer_position,policy_lunch_pass_001,18,11,all_conditions_pooled,0,0,-340.0929625948354,0
overall_harmful,final_answer_position,policy_lunch_pass_001,18,11,all_conditions_pooled,0,0,-338.6248678570498,0
overall_harmful,final_answer_position,policy_lunch_pass_001,18,11,all_conditions_pooled,0,0,-88.14469128572124,0
overall_harmful,final_answer_position,policy_rec_center_004,19,11,all_conditions_pooled,0,0,-212.82248589554527,1
overall_harmful,final_answer_position,policy_rec_center_004,19,11,all_conditions_pooled,0,1,184.12194084288922,0
overall_harmful,final_answer_position,policy_rec_center_004,19,11,all_conditions_pooled,0,1,446.8161853528442,0
overall_harmful,final_answer_position,product_specs_025,20,11,all_conditions_pooled,0,0,-26.14127530202433,0
overall_harmful,final_answer_position,product_specs_025,20,11,all_conditions_pooled,0,0,-160.86014064158718,0
overall_harmful,final_answer_position,product_specs_025,20,11,all_conditions_pooled,0,1,179.9047045564866,0
overall_harmful,final_answer_position,product_specs_026,21,11,all_conditions_pooled,0,0,-353.00190164373504,0
overall_harmful,final_answer_position,product_specs_026,21,11,all_conditions_pooled,0,0,-378.591509876597,0
overall_harmful,final_answer_position,product_specs_026,21,11,all_conditions_pooled,0,0,-138.17282959291524,0
overall_harmful,final_answer_position,product_specs_027,22,11,all_conditions_pooled,0,0,-66.88638137585366,0
overall_harmful,final_answer_position,product_specs_027,22,11,all_conditions_pooled,0,1,93.37755571824903,0
overall_harmful,final_answer_position,product_specs_027,22,11,all_conditions_pooled,0,1,235.46628797286223,0
overall_harmful,final_answer_position,product_specs_028,23,11,all_conditions_pooled,0,0,-34.66021005965951,0
overall_harmful,final_answer_position,product_specs_028,23,11,all_conditions_pooled,0,0,-94.94012087010412,0
overall_harmful,final_answer_position,product_specs_028,23,11,all_conditions_pooled,0,1,314.176433078115,0
overall_harmful,final_answer_position,schedule_clinic_011,24,11,all_conditions_pooled,0,1,55.828642805599486,0
overall_harmful,final_answer_position,schedule_clinic_011,24,11,all_conditions_pooled,0,0,-21.538712669919622,0
overall_harmful,final_answer_position,schedule_clinic_011,24,11,all_conditions_pooled,0,1,193.21817713246185,0
overall_harmful,final_answer_position,schedule_exam_010,25,11,all_conditions_pooled,0,1,50.98644868001665,0
overall_harmful,final_answer_position,schedule_exam_010,25,11,all_conditions_pooled,0,1,377.5095410353901,0
overall_harmful,final_answer_position,schedule_exam_010,25,11,all_conditions_pooled,0,1,57.33586824336932,1
overall_harmful,final_answer_position,schedule_train_009,26,11,all_conditions_pooled,0,1,131.42614814432508,0
overall_harmful,final_answer_position,schedule_train_009,26,11,all_conditions_pooled,0,0,-154.3187893406544,0
overall_harmful,final_answer_position,schedule_train_009,26,11,all_conditions_pooled,0,1,190.2197210066115,0
overall_harmful,final_answer_position,schedule_workshop_012,27,11,all_conditions_pooled,0,0,-249.36997001504335,0
overall_harmful,final_answer_position,schedule_workshop_012,27,11,all_conditions_pooled,0,0,-201.29127531827643,0
overall_harmful,final_answer_position,schedule_workshop_012,27,11,all_conditions_pooled,0,1,72.08651295924338,0
overall_harmful,final_answer_position,science_battery_016,28,11,all_conditions_pooled,0,0,-439.9515996887519,0
overall_harmful,final_answer_position,science_battery_016,28,11,all_conditions_pooled,0,0,-285.9439391680634,0
overall_harmful,final_answer_position,science_battery_016,28,11,all_conditions_pooled,0,1,39.584122084399894,0
overall_harmful,final_answer_position,science_mineral_014,29,11,all_conditions_pooled,0,1,61.77920023563098,0
overall_harmful,final_answer_position,science_mineral_014,29,11,all_conditions_pooled,0,1,184.95558719259506,0
overall_harmful,final_answer_position,science_mineral_014,29,11,all_conditions_pooled,0,1,435.9297497881514,0
overall_harmful,final_answer_position,science_plant_013,30,11,all_conditions_pooled,0,0,-443.3482774794153,0
overall_harmful,final_answer_position,science_plant_013,30,11,all_conditions_pooled,0,0,-415.26074330534993,0
overall_harmful,final_answer_position,science_plant_013,30,11,all_conditions_pooled,0,0,-76.64597710248624,0
overall_harmful,final_answer_position,science_weather_015,31,11,all_conditions_pooled,0,1,143.47609979902012,0
overall_harmful,final_answer_position,science_weather_015,31,11,all_conditions_pooled,0,1,27.495276834006603,0
overall_harmful,final_answer_position,science_weather_015,31,11,all_conditions_pooled,0,1,425.3265682210457,0
overall_harmful,final_answer_position,technical_api_022,32,11,all_conditions_pooled,0,1,219.23889740339678,0
overall_harmful,final_answer_position,technical_api_022,32,11,all_conditions_pooled,0,1,55.19265816880019,0
overall_harmful,final_answer_position,technical_api_022,32,11,all_conditions_pooled,0,1,275.60656521158273,0
overall_harmful,final_answer_position,technical_backup_023,33,11,all_conditions_pooled,0,0,-775.0270274242022,0
overall_harmful,final_answer_position,technical_backup_023,33,11,all_conditions_pooled,0,0,-495.61700003885585,0
overall_harmful,final_answer_position,technical_backup_023,33,11,all_conditions_pooled,0,0,-310.50114955823307,0
overall_harmful,final_answer_position,technical_config_021,34,11,all_conditions_pooled,0,0,-278.1496300207861,0
overall_harmful,final_answer_position,technical_config_021,34,11,all_conditions_pooled,0,0,-270.9944460658893,0
overall_harmful,final_answer_position,technical_config_021,34,11,all_conditions_pooled,0,0,-143.4077038237847,0
overall_harmful,final_answer_position,technical_feature_flag_024,35,11,all_conditions_pooled,0,1,136.14478595499074,0
overall_harmful,final_answer_position,technical_feature_flag_024,35,11,all_conditions_pooled,0,1,68.48033106917163,0
overall_harmful,final_answer_position,technical_feature_flag_024,35,11,all_conditions_pooled,0,1,207.59791253475686,0
overall_harmful,final_answer_position,academic_attendance_019,0,12,all_conditions_pooled,0,1,253.1146151301141,0
overall_harmful,final_answer_position,academic_attendance_019,0,12,all_conditions_pooled,0,0,-556.9961516750361,1
overall_harmful,final_answer_position,academic_attendance_019,0,12,all_conditions_pooled,0,1,561.2835074453318,0
overall_harmful,final_answer_position,academic_grading_018,1,12,all_conditions_pooled,0,0,-257.3754929662457,0
overall_harmful,final_answer_position,academic_grading_018,1,12,all_conditions_pooled,0,0,-57.26826712684155,0
overall_harmful,final_answer_position,academic_grading_018,1,12,all_conditions_pooled,0,1,113.8965679983379,0
overall_harmful,final_answer_position,academic_latework_020,2,12,all_conditions_pooled,0,0,-217.1731808046297,0
overall_harmful,final_answer_position,academic_latework_020,2,12,all_conditions_pooled,0,0,-96.58174856845817,0
overall_harmful,final_answer_position,academic_latework_020,2,12,all_conditions_pooled,0,0,-40.29564562373042,0
overall_harmful,final_answer_position,academic_prereq_017,3,12,all_conditions_pooled,0,1,101.73396654759756,0
overall_harmful,final_answer_position,academic_prereq_017,3,12,all_conditions_pooled,0,1,192.94780380271018,0
overall_harmful,final_answer_position,academic_prereq_017,3,12,all_conditions_pooled,0,1,263.1122008387416,0
overall_harmful,final_answer_position,contract_rental_029,4,12,all_conditions_pooled,0,1,67.90230202082213,0
overall_harmful,final_answer_position,contract_rental_029,4,12,all_conditions_pooled,0,1,132.63425058970728,0
overall_harmful,final_answer_position,contract_rental_029,4,12,all_conditions_pooled,0,1,205.60123820223947,0
overall_harmful,final_answer_position,contract_service_030,5,12,all_conditions_pooled,0,0,-33.92157360865016,0
overall_harmful,final_answer_position,contract_service_030,5,12,all_conditions_pooled,0,1,54.33346871517608,0
overall_harmful,final_answer_position,contract_service_030,5,12,all_conditions_pooled,0,1,320.95705993831916,0
overall_harmful,final_answer_position,contract_ticket_032,6,12,all_conditions_pooled,0,0,-50.81356644721209,0
overall_harmful,final_answer_position,contract_ticket_032,6,12,all_conditions_pooled,0,0,-90.7985940985922,0
overall_harmful,final_answer_position,contract_ticket_032,6,12,all_conditions_pooled,0,1,115.92968445912229,0
overall_harmful,final_answer_position,contract_warranty_031,7,12,all_conditions_pooled,0,0,-57.03249847907229,0
overall_harmful,final_answer_position,contract_warranty_031,7,12,all_conditions_pooled,0,1,60.791961307865535,0
overall_harmful,final_answer_position,contract_warranty_031,7,12,all_conditions_pooled,0,1,238.8163654719417,0
overall_harmful,final_answer_position,finance_budget_007,8,12,all_conditions_pooled,0,0,-515.8504431998244,0
overall_harmful,final_answer_position,finance_budget_007,8,12,all_conditions_pooled,0,0,-266.5006785724416,0
overall_harmful,final_answer_position,finance_budget_007,8,12,all_conditions_pooled,0,0,-75.03705263223736,0
overall_harmful,final_answer_position,finance_coupon_006,9,12,all_conditions_pooled,0,1,119.95766053507202,0
overall_harmful,final_answer_position,finance_coupon_006,9,12,all_conditions_pooled,0,1,42.524379728215706,0
overall_harmful,final_answer_position,finance_coupon_006,9,12,all_conditions_pooled,0,1,238.32030246173377,0
overall_harmful,final_answer_position,finance_membership_008,10,12,all_conditions_pooled,0,0,-226.47904401232486,0
overall_harmful,final_answer_position,finance_membership_008,10,12,all_conditions_pooled,0,0,-147.08080417254848,0
overall_harmful,final_answer_position,finance_membership_008,10,12,all_conditions_pooled,0,1,7.993881011809563,0
overall_harmful,final_answer_position,finance_refund_005,11,12,all_conditions_pooled,0,0,-66.01589005091752,0
overall_harmful,final_answer_position,finance_refund_005,11,12,all_conditions_pooled,0,0,-18.979739088895627,0
overall_harmful,final_answer_position,finance_refund_005,11,12,all_conditions_pooled,0,1,205.28373663660545,0
overall_harmful,final_answer_position,logic_access_033,12,12,all_conditions_pooled,0,0,-34.91791030917212,0
overall_harmful,final_answer_position,logic_access_033,12,12,all_conditions_pooled,0,0,-31.891471755952672,0
overall_harmful,final_answer_position,logic_access_033,12,12,all_conditions_pooled,0,1,209.43013851229074,0
overall_harmful,final_answer_position,logic_eligibility_034,13,12,all_conditions_pooled,0,1,180.91223182789372,0
overall_harmful,final_answer_position,logic_eligibility_034,13,12,all_conditions_pooled,0,1,27.986138159552276,0
overall_harmful,final_answer_position,logic_eligibility_034,13,12,all_conditions_pooled,0,1,184.9386135635135,0
overall_harmful,final_answer_position,logic_shipping_035,14,12,all_conditions_pooled,0,0,-1.6904080593190152,0
overall_harmful,final_answer_position,logic_shipping_035,14,12,all_conditions_pooled,0,1,296.30907009288353,0
overall_harmful,final_answer_position,logic_shipping_035,14,12,all_conditions_pooled,0,1,99.5652565815995,1
overall_harmful,final_answer_position,logic_tournament_036,15,12,all_conditions_pooled,0,0,-239.9950097990765,0
overall_harmful,final_answer_position,logic_tournament_036,15,12,all_conditions_pooled,0,0,-164.98775073062046,0
overall_harmful,final_answer_position,logic_tournament_036,15,12,all_conditions_pooled,0,1,91.32174357989012,0
overall_harmful,final_answer_position,policy_lab_access_002,16,12,all_conditions_pooled,0,0,-202.08205135194214,0
overall_harmful,final_answer_position,policy_lab_access_002,16,12,all_conditions_pooled,0,0,-184.40569107883084,0
overall_harmful,final_answer_position,policy_lab_access_002,16,12,all_conditions_pooled,0,0,-41.934742461150165,0
overall_harmful,final_answer_position,policy_library_checkout_003,17,12,all_conditions_pooled,0,0,-339.5019231233392,0
overall_harmful,final_answer_position,policy_library_checkout_003,17,12,all_conditions_pooled,0,0,-226.58661504288045,0
overall_harmful,final_answer_position,policy_library_checkout_003,17,12,all_conditions_pooled,0,0,-4.569798551224643,0
overall_harmful,final_answer_position,policy_lunch_pass_001,18,12,all_conditions_pooled,0,0,-351.9854245723919,0
overall_harmful,final_answer_position,policy_lunch_pass_001,18,12,all_conditions_pooled,0,0,-344.2241770009231,0
overall_harmful,final_answer_position,policy_lunch_pass_001,18,12,all_conditions_pooled,0,0,-126.32690264870581,0
overall_harmful,final_answer_position,policy_rec_center_004,19,12,all_conditions_pooled,0,0,-284.7066551621764,1
overall_harmful,final_answer_position,policy_rec_center_004,19,12,all_conditions_pooled,0,1,118.61831130103766,0
overall_harmful,final_answer_position,policy_rec_center_004,19,12,all_conditions_pooled,0,1,342.02197265064456,0
overall_harmful,final_answer_position,product_specs_025,20,12,all_conditions_pooled,0,0,-65.95830228816789,0
overall_harmful,final_answer_position,product_specs_025,20,12,all_conditions_pooled,0,0,-140.20194371502714,0
overall_harmful,final_answer_position,product_specs_025,20,12,all_conditions_pooled,0,1,143.41246862790905,0
overall_harmful,final_answer_position,product_specs_026,21,12,all_conditions_pooled,0,0,-217.0189824579794,0
overall_harmful,final_answer_position,product_specs_026,21,12,all_conditions_pooled,0,0,-268.4413840656542,0
overall_harmful,final_answer_position,product_specs_026,21,12,all_conditions_pooled,0,1,2.8012387363509816,0
overall_harmful,final_answer_position,product_specs_027,22,12,all_conditions_pooled,0,0,-103.65923302045142,0
overall_harmful,final_answer_position,product_specs_027,22,12,all_conditions_pooled,0,1,32.07117023204295,0
overall_harmful,final_answer_position,product_specs_027,22,12,all_conditions_pooled,0,1,202.8463426577352,0
overall_harmful,final_answer_position,product_specs_028,23,12,all_conditions_pooled,0,0,-4.969110574831035,0
overall_harmful,final_answer_position,product_specs_028,23,12,all_conditions_pooled,0,1,27.0239217760533,0
overall_harmful,final_answer_position,product_specs_028,23,12,all_conditions_pooled,0,1,325.56393317184165,0
overall_harmful,final_answer_position,schedule_clinic_011,24,12,all_conditions_pooled,0,1,30.896924329110007,0
overall_harmful,final_answer_position,schedule_clinic_011,24,12,all_conditions_pooled,0,0,-49.651453352504404,0
overall_harmful,final_answer_position,schedule_clinic_011,24,12,all_conditions_pooled,0,1,142.08992949686638,0
overall_harmful,final_answer_position,schedule_exam_010,25,12,all_conditions_pooled,0,0,-22.313088132210087,0
overall_harmful,final_answer_position,schedule_exam_010,25,12,all_conditions_pooled,0,1,363.4848565209055,0
overall_harmful,final_answer_position,schedule_exam_010,25,12,all_conditions_pooled,0,1,2.9806598525901293,1
overall_harmful,final_answer_position,schedule_train_009,26,12,all_conditions_pooled,0,1,145.7670740689028,0
overall_harmful,final_answer_position,schedule_train_009,26,12,all_conditions_pooled,0,0,-87.3914012097576,0
overall_harmful,final_answer_position,schedule_train_009,26,12,all_conditions_pooled,0,1,199.8811853567954,0
overall_harmful,final_answer_position,schedule_workshop_012,27,12,all_conditions_pooled,0,0,-142.58450011406453,0
overall_harmful,final_answer_position,schedule_workshop_012,27,12,all_conditions_pooled,0,0,-151.8912323544027,0
overall_harmful,final_answer_position,schedule_workshop_012,27,12,all_conditions_pooled,0,1,126.65696721228122,0
overall_harmful,final_answer_position,science_battery_016,28,12,all_conditions_pooled,0,0,-327.69805109713604,0
overall_harmful,final_answer_position,science_battery_016,28,12,all_conditions_pooled,0,0,-159.22967778202957,0
overall_harmful,final_answer_position,science_battery_016,28,12,all_conditions_pooled,0,1,103.86522368170675,0
overall_harmful,final_answer_position,science_mineral_014,29,12,all_conditions_pooled,0,1,80.49644377683232,0
overall_harmful,final_answer_position,science_mineral_014,29,12,all_conditions_pooled,0,1,224.19082056414743,0
overall_harmful,final_answer_position,science_mineral_014,29,12,all_conditions_pooled,0,1,407.4587240638475,0
overall_harmful,final_answer_position,science_plant_013,30,12,all_conditions_pooled,0,0,-359.92075089037735,0
overall_harmful,final_answer_position,science_plant_013,30,12,all_conditions_pooled,0,0,-281.44721785248055,0
overall_harmful,final_answer_position,science_plant_013,30,12,all_conditions_pooled,0,0,-28.979614395505514,0
overall_harmful,final_answer_position,science_weather_015,31,12,all_conditions_pooled,0,1,108.89158775315153,0
overall_harmful,final_answer_position,science_weather_015,31,12,all_conditions_pooled,0,1,69.1414281376671,0
overall_harmful,final_answer_position,science_weather_015,31,12,all_conditions_pooled,0,1,385.43717409374545,0
overall_harmful,final_answer_position,technical_api_022,32,12,all_conditions_pooled,0,1,165.03933071252442,0
overall_harmful,final_answer_position,technical_api_022,32,12,all_conditions_pooled,0,1,44.21366994784756,0
overall_harmful,final_answer_position,technical_api_022,32,12,all_conditions_pooled,0,1,224.7709766750221,0
overall_harmful,final_answer_position,technical_backup_023,33,12,all_conditions_pooled,0,0,-698.6478069803638,0
overall_harmful,final_answer_position,technical_backup_023,33,12,all_conditions_pooled,0,0,-477.34253439354774,0
overall_harmful,final_answer_position,technical_backup_023,33,12,all_conditions_pooled,0,0,-267.47593075294003,0
overall_harmful,final_answer_position,technical_config_021,34,12,all_conditions_pooled,0,0,-239.75344353735485,0
overall_harmful,final_answer_position,technical_config_021,34,12,all_conditions_pooled,0,0,-243.4776182832033,0
overall_harmful,final_answer_position,technical_config_021,34,12,all_conditions_pooled,0,0,-108.19819907303956,0
overall_harmful,final_answer_position,technical_feature_flag_024,35,12,all_conditions_pooled,0,1,57.06384627250307,0
overall_harmful,final_answer_position,technical_feature_flag_024,35,12,all_conditions_pooled,0,0,-20.359908474828433,0
overall_harmful,final_answer_position,technical_feature_flag_024,35,12,all_conditions_pooled,0,1,132.8401696347333,0
overall_harmful,final_answer_position,academic_attendance_019,0,13,all_conditions_pooled,0,1,343.53785743589907,0
overall_harmful,final_answer_position,academic_attendance_019,0,13,all_conditions_pooled,0,0,-671.0046391438055,1
overall_harmful,final_answer_position,academic_attendance_019,0,13,all_conditions_pooled,0,1,578.5047276567822,0
overall_harmful,final_answer_position,academic_grading_018,1,13,all_conditions_pooled,0,0,-170.0524327972411,0
overall_harmful,final_answer_position,academic_grading_018,1,13,all_conditions_pooled,0,0,-141.5746551941238,0
overall_harmful,final_answer_position,academic_grading_018,1,13,all_conditions_pooled,0,1,105.4264789350561,0
overall_harmful,final_answer_position,academic_latework_020,2,13,all_conditions_pooled,0,0,-147.9069725451509,0
overall_harmful,final_answer_position,academic_latework_020,2,13,all_conditions_pooled,0,0,-146.12696787967636,0
overall_harmful,final_answer_position,academic_latework_020,2,13,all_conditions_pooled,0,1,35.48245427080254,0
overall_harmful,final_answer_position,academic_prereq_017,3,13,all_conditions_pooled,0,1,109.63781319204304,0
overall_harmful,final_answer_position,academic_prereq_017,3,13,all_conditions_pooled,0,1,100.0614913335307,0
overall_harmful,final_answer_position,academic_prereq_017,3,13,all_conditions_pooled,0,1,263.00195778483055,0
overall_harmful,final_answer_position,contract_rental_029,4,13,all_conditions_pooled,0,1,83.12345840300151,0
overall_harmful,final_answer_position,contract_rental_029,4,13,all_conditions_pooled,0,1,14.002405802751987,0
overall_harmful,final_answer_position,contract_rental_029,4,13,all_conditions_pooled,0,1,190.60078275049938,0
overall_harmful,final_answer_position,contract_service_030,5,13,all_conditions_pooled,0,1,33.82622060489506,0
overall_harmful,final_answer_position,contract_service_030,5,13,all_conditions_pooled,0,0,-42.54248790638795,0
overall_harmful,final_answer_position,contract_service_030,5,13,all_conditions_pooled,0,1,308.6267689205655,0
overall_harmful,final_answer_position,contract_ticket_032,6,13,all_conditions_pooled,0,0,-49.948836533993855,0
overall_harmful,final_answer_position,contract_ticket_032,6,13,all_conditions_pooled,0,0,-182.75191692184268,0
overall_harmful,final_answer_position,contract_ticket_032,6,13,all_conditions_pooled,0,1,112.67353659626355,0
overall_harmful,final_answer_position,contract_warranty_031,7,13,all_conditions_pooled,0,0,-31.756203477256648,0
overall_harmful,final_answer_position,contract_warranty_031,7,13,all_conditions_pooled,0,0,-35.7321097248199,0
overall_harmful,final_answer_position,contract_warranty_031,7,13,all_conditions_pooled,0,1,232.63798624511477,0
overall_harmful,final_answer_position,finance_budget_007,8,13,all_conditions_pooled,0,0,-361.65535588151295,0
overall_harmful,final_answer_position,finance_budget_007,8,13,all_conditions_pooled,0,0,-320.8821630835829,0
overall_harmful,final_answer_position,finance_budget_007,8,13,all_conditions_pooled,0,0,-13.644401562838286,0
overall_harmful,final_answer_position,finance_coupon_006,9,13,all_conditions_pooled,0,1,95.3353515427081,0
overall_harmful,final_answer_position,finance_coupon_006,9,13,all_conditions_pooled,0,0,-53.912748675433185,0
overall_harmful,final_answer_position,finance_coupon_006,9,13,all_conditions_pooled,0,1,226.89602796958354,0
overall_harmful,final_answer_position,finance_membership_008,10,13,all_conditions_pooled,0,0,-161.85643932959903,0
overall_harmful,final_answer_position,finance_membership_008,10,13,all_conditions_pooled,0,0,-168.20978385351975,0
overall_harmful,final_answer_position,finance_membership_008,10,13,all_conditions_pooled,0,1,54.89205040122856,0
overall_harmful,final_answer_position,finance_refund_005,11,13,all_conditions_pooled,0,0,-50.73916650499749,0
overall_harmful,final_answer_position,finance_refund_005,11,13,all_conditions_pooled,0,0,-125.4750825262594,0
overall_harmful,final_answer_position,finance_refund_005,11,13,all_conditions_pooled,0,1,193.94390575213242,0
overall_harmful,final_answer_position,logic_access_033,12,13,all_conditions_pooled,0,0,-45.58972323173579,0
overall_harmful,final_answer_position,logic_access_033,12,13,all_conditions_pooled,0,0,-183.5041821666963,0
overall_harmful,final_answer_position,logic_access_033,12,13,all_conditions_pooled,0,1,155.62604856749527,0
overall_harmful,final_answer_position,logic_eligibility_034,13,13,all_conditions_pooled,0,1,176.81620817794555,0
overall_harmful,final_answer_position,logic_eligibility_034,13,13,all_conditions_pooled,0,0,-60.7967114408728,0
overall_harmful,final_answer_position,logic_eligibility_034,13,13,all_conditions_pooled,0,1,217.76746722402117,0
overall_harmful,final_answer_position,logic_shipping_035,14,13,all_conditions_pooled,0,0,-1.371539119489018,0
overall_harmful,final_answer_position,logic_shipping_035,14,13,all_conditions_pooled,0,1,208.06820180326082,0
overall_harmful,final_answer_position,logic_shipping_035,14,13,all_conditions_pooled,0,1,71.05790132922647,1
overall_harmful,final_answer_position,logic_tournament_036,15,13,all_conditions_pooled,0,0,-158.11428600638897,0
overall_harmful,final_answer_position,logic_tournament_036,15,13,all_conditions_pooled,0,0,-260.3158721711116,0
overall_harmful,final_answer_position,logic_tournament_036,15,13,all_conditions_pooled,0,1,64.63226366727581,0
overall_harmful,final_answer_position,policy_lab_access_002,16,13,all_conditions_pooled,0,0,-127.01406000557063,0
overall_harmful,final_answer_position,policy_lab_access_002,16,13,all_conditions_pooled,0,0,-268.53181213978235,0
overall_harmful,final_answer_position,policy_lab_access_002,16,13,all_conditions_pooled,0,0,-20.37520637082902,0
overall_harmful,final_answer_position,policy_library_checkout_003,17,13,all_conditions_pooled,0,0,-235.69436722429967,0
overall_harmful,final_answer_position,policy_library_checkout_003,17,13,all_conditions_pooled,0,0,-239.72195734248112,0
overall_harmful,final_answer_position,policy_library_checkout_003,17,13,all_conditions_pooled,0,1,35.80256151584747,0
overall_harmful,final_answer_position,policy_lunch_pass_001,18,13,all_conditions_pooled,0,0,-298.1162362224514,0
overall_harmful,final_answer_position,policy_lunch_pass_001,18,13,all_conditions_pooled,0,0,-377.60604588904044,0
overall_harmful,final_answer_position,policy_lunch_pass_001,18,13,all_conditions_pooled,0,0,-110.49329495591007,0
overall_harmful,final_answer_position,policy_rec_center_004,19,13,all_conditions_pooled,0,0,-317.2721264117123,1
overall_harmful,final_answer_position,policy_rec_center_004,19,13,all_conditions_pooled,0,0,-11.036217103482485,0
overall_harmful,final_answer_position,policy_rec_center_004,19,13,all_conditions_pooled,0,1,207.81695609999124,0
overall_harmful,final_answer_position,product_specs_025,20,13,all_conditions_pooled,0,1,23.154770465851684,0
overall_harmful,final_answer_position,product_specs_025,20,13,all_conditions_pooled,0,0,-136.5781512072647,0
overall_harmful,final_answer_position,product_specs_025,20,13,all_conditions_pooled,0,1,194.2625607898632,0
overall_harmful,final_answer_position,product_specs_026,21,13,all_conditions_pooled,0,0,-129.71554569801273,0
overall_harmful,final_answer_position,product_specs_026,21,13,all_conditions_pooled,0,0,-278.3523072431401,0
overall_harmful,final_answer_position,product_specs_026,21,13,all_conditions_pooled,0,1,38.64512003148722,0
overall_harmful,final_answer_position,product_specs_027,22,13,all_conditions_pooled,0,0,-1.254315903950193,0
overall_harmful,final_answer_position,product_specs_027,22,13,all_conditions_pooled,0,0,-1.8364733967218783,0
overall_harmful,final_answer_position,product_specs_027,22,13,all_conditions_pooled,0,1,252.7809251235043,0
overall_harmful,final_answer_position,product_specs_028,23,13,all_conditions_pooled,0,1,79.0688805292644,0
overall_harmful,final_answer_position,product_specs_028,23,13,all_conditions_pooled,0,1,1.7708247658543073,0
overall_harmful,final_answer_position,product_specs_028,23,13,all_conditions_pooled,0,1,338.0116116073025,0
overall_harmful,final_answer_position,schedule_clinic_011,24,13,all_conditions_pooled,0,1,69.38313015526077,0
overall_harmful,final_answer_position,schedule_clinic_011,24,13,all_conditions_pooled,0,0,-90.2408517778096,0
overall_harmful,final_answer_position,schedule_clinic_011,24,13,all_conditions_pooled,0,1,159.4763846010307,0
overall_harmful,final_answer_position,schedule_exam_010,25,13,all_conditions_pooled,0,0,-72.68579575231807,0
overall_harmful,final_answer_position,schedule_exam_010,25,13,all_conditions_pooled,0,1,179.62002891955984,0
overall_harmful,final_answer_position,schedule_exam_010,25,13,all_conditions_pooled,0,0,-0.6849781432649813,1
overall_harmful,final_answer_position,schedule_train_009,26,13,all_conditions_pooled,0,1,135.49096666482387,0
overall_harmful,final_answer_position,schedule_train_009,26,13,all_conditions_pooled,0,0,-137.06093282778073,0
overall_harmful,final_answer_position,schedule_train_009,26,13,all_conditions_pooled,0,1,193.11206363939314,0
overall_harmful,final_answer_position,schedule_workshop_012,27,13,all_conditions_pooled,0,0,-20.522855731921375,0
overall_harmful,final_answer_position,schedule_workshop_012,27,13,all_conditions_pooled,0,0,-125.50396104484611,0
overall_harmful,final_answer_position,schedule_workshop_012,27,13,all_conditions_pooled,0,1,199.40130824785976,0
overall_harmful,final_answer_position,science_battery_016,28,13,all_conditions_pooled,0,0,-166.13076699195918,0
overall_harmful,final_answer_position,science_battery_016,28,13,all_conditions_pooled,0,0,-183.66427713082538,0
overall_harmful,final_answer_position,science_battery_016,28,13,all_conditions_pooled,0,1,110.89214393822556,0
overall_harmful,final_answer_position,science_mineral_014,29,13,all_conditions_pooled,0,1,75.32741973375612,0
overall_harmful,final_answer_position,science_mineral_014,29,13,all_conditions_pooled,0,1,104.16367313613657,0
overall_harmful,final_answer_position,science_mineral_014,29,13,all_conditions_pooled,0,1,393.2935042411747,0
overall_harmful,final_answer_position,science_plant_013,30,13,all_conditions_pooled,0,0,-198.7409899493286,0
overall_harmful,final_answer_position,science_plant_013,30,13,all_conditions_pooled,0,0,-289.4367176670826,0
overall_harmful,final_answer_position,science_plant_013,30,13,all_conditions_pooled,0,1,32.23734402663247,0
overall_harmful,final_answer_position,science_weather_015,31,13,all_conditions_pooled,0,1,77.20652158488332,0
overall_harmful,final_answer_position,science_weather_015,31,13,all_conditions_pooled,0,0,-77.76860721094431,0
overall_harmful,final_answer_position,science_weather_015,31,13,all_conditions_pooled,0,1,318.39432974893623,0
overall_harmful,final_answer_position,technical_api_022,32,13,all_conditions_pooled,0,1,186.40482037936061,0
overall_harmful,final_answer_position,technical_api_022,32,13,all_conditions_pooled,0,0,-76.23220504812078,0
overall_harmful,final_answer_position,technical_api_022,32,13,all_conditions_pooled,0,1,249.30137216181856,0
overall_harmful,final_answer_position,technical_backup_023,33,13,all_conditions_pooled,0,0,-436.11726140034614,0
overall_harmful,final_answer_position,technical_backup_023,33,13,all_conditions_pooled,0,0,-384.83568649395073,0
overall_harmful,final_answer_position,technical_backup_023,33,13,all_conditions_pooled,0,0,-135.53689893921677,0
overall_harmful,final_answer_position,technical_config_021,34,13,all_conditions_pooled,0,0,-135.7763773709206,0
overall_harmful,final_answer_position,technical_config_021,34,13,all_conditions_pooled,0,0,-240.0066750030453,0
overall_harmful,final_answer_position,technical_config_021,34,13,all_conditions_pooled,0,1,1.2134131249067224,0
overall_harmful,final_answer_position,technical_feature_flag_024,35,13,all_conditions_pooled,0,1,66.56100272411899,0
overall_harmful,final_answer_position,technical_feature_flag_024,35,13,all_conditions_pooled,0,0,-129.182836676,0
overall_harmful,final_answer_position,technical_feature_flag_024,35,13,all_conditions_pooled,0,1,122.53051733717894,0
overall_harmful,final_answer_position,academic_attendance_019,0,14,all_conditions_pooled,0,1,310.0626042432896,0
overall_harmful,final_answer_position,academic_attendance_019,0,14,all_conditions_pooled,0,0,-834.8810476239207,1
overall_harmful,final_answer_position,academic_attendance_019,0,14,all_conditions_pooled,0,1,603.8395754906546,0
overall_harmful,final_answer_position,academic_grading_018,1,14,all_conditions_pooled,0,0,-134.1418139660877,0
overall_harmful,final_answer_position,academic_grading_018,1,14,all_conditions_pooled,0,0,-179.3395829877387,0
overall_harmful,final_answer_position,academic_grading_018,1,14,all_conditions_pooled,0,1,114.78433341996404,0
overall_harmful,final_answer_position,academic_latework_020,2,14,all_conditions_pooled,0,0,-84.13841738479984,0
overall_harmful,final_answer_position,academic_latework_020,2,14,all_conditions_pooled,0,0,-176.1453736400131,0
overall_harmful,final_answer_position,academic_latework_020,2,14,all_conditions_pooled,0,1,88.10537827751014,0
overall_harmful,final_answer_position,academic_prereq_017,3,14,all_conditions_pooled,0,1,87.06543719366867,0
overall_harmful,final_answer_position,academic_prereq_017,3,14,all_conditions_pooled,0,1,13.553622209584042,0
overall_harmful,final_answer_position,academic_prereq_017,3,14,all_conditions_pooled,0,1,291.1398468270374,0
overall_harmful,final_answer_position,contract_rental_029,4,14,all_conditions_pooled,0,1,87.19969515593607,0
overall_harmful,final_answer_position,contract_rental_029,4,14,all_conditions_pooled,0,0,-7.3410653771718835,0
overall_harmful,final_answer_position,contract_rental_029,4,14,all_conditions_pooled,0,1,230.68679356976122,0
overall_harmful,final_answer_position,contract_service_030,5,14,all_conditions_pooled,0,1,80.86910915829785,0
overall_harmful,final_answer_position,contract_service_030,5,14,all_conditions_pooled,0,0,-43.482413531196016,0
overall_harmful,final_answer_position,contract_service_030,5,14,all_conditions_pooled,0,1,334.85178681885,0
overall_harmful,final_answer_position,contract_ticket_032,6,14,all_conditions_pooled,0,0,-100.24114666316073,0
overall_harmful,final_answer_position,contract_ticket_032,6,14,all_conditions_pooled,0,0,-227.55458291019954,0
overall_harmful,final_answer_position,contract_ticket_032,6,14,all_conditions_pooled,0,1,101.82184682230638,0
overall_harmful,final_answer_position,contract_warranty_031,7,14,all_conditions_pooled,0,0,-65.51302965277569,0
overall_harmful,final_answer_position,contract_warranty_031,7,14,all_conditions_pooled,0,0,-98.04128881369763,0
overall_harmful,final_answer_position,contract_warranty_031,7,14,all_conditions_pooled,0,1,221.85550287136823,0
overall_harmful,final_answer_position,finance_budget_007,8,14,all_conditions_pooled,0,0,-301.9103307669733,0
overall_harmful,final_answer_position,finance_budget_007,8,14,all_conditions_pooled,0,0,-308.4064750156746,0
overall_harmful,final_answer_position,finance_budget_007,8,14,all_conditions_pooled,0,1,4.895261756224851,0
overall_harmful,final_answer_position,finance_coupon_006,9,14,all_conditions_pooled,0,1,75.61928363361393,0
overall_harmful,final_answer_position,finance_coupon_006,9,14,all_conditions_pooled,0,0,-100.80046986350716,0
overall_harmful,final_answer_position,finance_coupon_006,9,14,all_conditions_pooled,0,1,226.34115432364746,0
overall_harmful,final_answer_position,finance_membership_008,10,14,all_conditions_pooled,0,0,-134.2165657526971,0
overall_harmful,final_answer_position,finance_membership_008,10,14,all_conditions_pooled,0,0,-234.95858732773968,0
overall_harmful,final_answer_position,finance_membership_008,10,14,all_conditions_pooled,0,1,63.06863284231147,0
overall_harmful,final_answer_position,finance_refund_005,11,14,all_conditions_pooled,0,0,-39.76496076657338,0
overall_harmful,final_answer_position,finance_refund_005,11,14,all_conditions_pooled,0,0,-121.33017141684078,0
overall_harmful,final_answer_position,finance_refund_005,11,14,all_conditions_pooled,0,1,228.07758926742144,0
overall_harmful,final_answer_position,logic_access_033,12,14,all_conditions_pooled,0,0,-89.39156051928381,0
overall_harmful,final_answer_position,logic_access_033,12,14,all_conditions_pooled,0,0,-278.4073831628747,0
overall_harmful,final_answer_position,logic_access_033,12,14,all_conditions_pooled,0,1,147.28409721319957,0
overall_harmful,final_answer_position,logic_eligibility_034,13,14,all_conditions_pooled,0,1,117.19622279541306,0
overall_harmful,final_answer_position,logic_eligibility_034,13,14,all_conditions_pooled,0,0,-157.7779695494052,0
overall_harmful,final_answer_position,logic_eligibility_034,13,14,all_conditions_pooled,0,1,215.04768412317895,0
overall_harmful,final_answer_position,logic_shipping_035,14,14,all_conditions_pooled,0,0,-65.62361845784426,0
overall_harmful,final_answer_position,logic_shipping_035,14,14,all_conditions_pooled,0,1,159.54863116216077,0
overall_harmful,final_answer_position,logic_shipping_035,14,14,all_conditions_pooled,0,0,-15.77125723031665,1
overall_harmful,final_answer_position,logic_tournament_036,15,14,all_conditions_pooled,0,0,-144.98317883396282,0
overall_harmful,final_answer_position,logic_tournament_036,15,14,all_conditions_pooled,0,0,-308.69047200110515,0
overall_harmful,final_answer_position,logic_tournament_036,15,14,all_conditions_pooled,0,1,37.026438701313666,0
overall_harmful,final_answer_position,policy_lab_access_002,16,14,all_conditions_pooled,0,0,-67.57310690044709,0
overall_harmful,final_answer_position,policy_lab_access_002,16,14,all_conditions_pooled,0,0,-240.5716669848399,0
overall_harmful,final_answer_position,policy_lab_access_002,16,14,all_conditions_pooled,0,1,31.368520873276175,0
overall_harmful,final_answer_position,policy_library_checkout_003,17,14,all_conditions_pooled,0,0,-151.2452003130699,0
overall_harmful,final_answer_position,policy_library_checkout_003,17,14,all_conditions_pooled,0,0,-211.84211948863663,0
overall_harmful,final_answer_position,policy_library_checkout_003,17,14,all_conditions_pooled,0,1,86.14570903618274,0
overall_harmful,final_answer_position,policy_lunch_pass_001,18,14,all_conditions_pooled,0,0,-226.408066643369,0
overall_harmful,final_answer_position,policy_lunch_pass_001,18,14,all_conditions_pooled,0,0,-342.58740040325995,0
overall_harmful,final_answer_position,policy_lunch_pass_001,18,14,all_conditions_pooled,0,0,-34.48625233595929,0
overall_harmful,final_answer_position,policy_rec_center_004,19,14,all_conditions_pooled,0,0,-349.90492921146983,1
overall_harmful,final_answer_position,policy_rec_center_004,19,14,all_conditions_pooled,0,0,-32.416690900555636,0
overall_harmful,final_answer_position,policy_rec_center_004,19,14,all_conditions_pooled,0,1,162.82610962016773,0
overall_harmful,final_answer_position,product_specs_025,20,14,all_conditions_pooled,0,1,58.43181708959128,0
overall_harmful,final_answer_position,product_specs_025,20,14,all_conditions_pooled,0,0,-128.5020680815847,0
overall_harmful,final_answer_position,product_specs_025,20,14,all_conditions_pooled,0,1,249.5079639576565,0
overall_harmful,final_answer_position,product_specs_026,21,14,all_conditions_pooled,0,0,-62.88951047931792,0
overall_harmful,final_answer_position,product_specs_026,21,14,all_conditions_pooled,0,0,-285.79002449471125,0
overall_harmful,final_answer_position,product_specs_026,21,14,all_conditions_pooled,0,1,107.45835173004984,0
overall_harmful,final_answer_position,product_specs_027,22,14,all_conditions_pooled,0,0,-4.3606770385220415,0
overall_harmful,final_answer_position,product_specs_027,22,14,all_conditions_pooled,0,0,-60.84717216658686,0
overall_harmful,final_answer_position,product_specs_027,22,14,all_conditions_pooled,0,1,258.03488749939106,0
overall_harmful,final_answer_position,product_specs_028,23,14,all_conditions_pooled,0,1,105.52977085339421,0
overall_harmful,final_answer_position,product_specs_028,23,14,all_conditions_pooled,0,0,-27.751367426229365,0
overall_harmful,final_answer_position,product_specs_028,23,14,all_conditions_pooled,0,1,385.54085011296576,0
overall_harmful,final_answer_position,schedule_clinic_011,24,14,all_conditions_pooled,0,1,92.35743279163495,0
overall_harmful,final_answer_position,schedule_clinic_011,24,14,all_conditions_pooled,0,0,-99.34162939110536,0
overall_harmful,final_answer_position,schedule_clinic_011,24,14,all_conditions_pooled,0,1,244.7557171113666,0
overall_harmful,final_answer_position,schedule_exam_010,25,14,all_conditions_pooled,0,0,-116.76728124866516,0
overall_harmful,final_answer_position,schedule_exam_010,25,14,all_conditions_pooled,0,1,48.43475310259325,0
overall_harmful,final_answer_position,schedule_exam_010,25,14,all_conditions_pooled,0,0,-15.083639021015044,1
overall_harmful,final_answer_position,schedule_train_009,26,14,all_conditions_pooled,0,1,114.12878665535271,0
overall_harmful,final_answer_position,schedule_train_009,26,14,all_conditions_pooled,0,0,-166.67734949503296,0
overall_harmful,final_answer_position,schedule_train_009,26,14,all_conditions_pooled,0,1,233.91981065101012,0
overall_harmful,final_answer_position,schedule_workshop_012,27,14,all_conditions_pooled,0,0,-71.7763549022947,0
overall_harmful,final_answer_position,schedule_workshop_012,27,14,all_conditions_pooled,0,0,-209.60728202057547,0
overall_harmful,final_answer_position,schedule_workshop_012,27,14,all_conditions_pooled,0,1,159.39394595181702,0
overall_harmful,final_answer_position,science_battery_016,28,14,all_conditions_pooled,0,0,-123.35605923437285,0
overall_harmful,final_answer_position,science_battery_016,28,14,all_conditions_pooled,0,0,-267.55619675774744,0
overall_harmful,final_answer_position,science_battery_016,28,14,all_conditions_pooled,0,1,88.34931310798983,0
overall_harmful,final_answer_position,science_mineral_014,29,14,all_conditions_pooled,0,1,17.703958337351693,0
overall_harmful,final_answer_position,science_mineral_014,29,14,all_conditions_pooled,0,0,-63.00960283007335,0
overall_harmful,final_answer_position,science_mineral_014,29,14,all_conditions_pooled,0,1,338.02069877063036,0
overall_harmful,final_answer_position,science_plant_013,30,14,all_conditions_pooled,0,0,-169.40681275508427,0
overall_harmful,final_answer_position,science_plant_013,30,14,all_conditions_pooled,0,0,-343.9869837623447,0
overall_harmful,final_answer_position,science_plant_013,30,14,all_conditions_pooled,0,1,33.83449031284704,0
overall_harmful,final_answer_position,science_weather_015,31,14,all_conditions_pooled,0,1,8.719797963863325,0
overall_harmful,final_answer_position,science_weather_015,31,14,all_conditions_pooled,0,0,-162.95049713211156,0
overall_harmful,final_answer_position,science_weather_015,31,14,all_conditions_pooled,0,1,273.61147786283425,0
overall_harmful,final_answer_position,technical_api_022,32,14,all_conditions_pooled,0,1,171.50450176251158,0
overall_harmful,final_answer_position,technical_api_022,32,14,all_conditions_pooled,0,0,-129.38841997279096,0
overall_harmful,final_answer_position,technical_api_022,32,14,all_conditions_pooled,0,1,300.20274485749576,0
overall_harmful,final_answer_position,technical_backup_023,33,14,all_conditions_pooled,0,0,-275.74064900376817,0
overall_harmful,final_answer_position,technical_backup_023,33,14,all_conditions_pooled,0,0,-302.58476121208395,0
overall_harmful,final_answer_position,technical_backup_023,33,14,all_conditions_pooled,0,0,-13.88005010146121,0
overall_harmful,final_answer_position,technical_config_021,34,14,all_conditions_pooled,0,0,-24.27893777026411,0
overall_harmful,final_answer_position,technical_config_021,34,14,all_conditions_pooled,0,0,-201.73223022847094,0
overall_harmful,final_answer_position,technical_config_021,34,14,all_conditions_pooled,0,1,127.79329641747398,0
overall_harmful,final_answer_position,technical_feature_flag_024,35,14,all_conditions_pooled,0,1,145.58073924200295,0
overall_harmful,final_answer_position,technical_feature_flag_024,35,14,all_conditions_pooled,0,0,-126.95361458152985,0
overall_harmful,final_answer_position,technical_feature_flag_024,35,14,all_conditions_pooled,0,1,232.56540588085926,0
overall_harmful,final_answer_position,academic_attendance_019,0,15,all_conditions_pooled,0,1,256.6342920232197,0
overall_harmful,final_answer_position,academic_attendance_019,0,15,all_conditions_pooled,0,0,-838.8587858874484,1
overall_harmful,final_answer_position,academic_attendance_019,0,15,all_conditions_pooled,0,1,578.944813732986,0
overall_harmful,final_answer_position,academic_grading_018,1,15,all_conditions_pooled,0,0,-135.97880541848903,0
overall_harmful,final_answer_position,academic_grading_018,1,15,all_conditions_pooled,0,0,-225.52524644331862,0
overall_harmful,final_answer_position,academic_grading_018,1,15,all_conditions_pooled,0,1,169.2341638946084,0
overall_harmful,final_answer_position,academic_latework_020,2,15,all_conditions_pooled,0,0,-132.85272423364967,0
overall_harmful,final_answer_position,academic_latework_020,2,15,all_conditions_pooled,0,0,-198.89415366789586,0
overall_harmful,final_answer_position,academic_latework_020,2,15,all_conditions_pooled,0,1,61.486091734903965,0
overall_harmful,final_answer_position,academic_prereq_017,3,15,all_conditions_pooled,0,1,62.75904873787138,0
overall_harmful,final_answer_position,academic_prereq_017,3,15,all_conditions_pooled,0,1,7.817466557239825,0
overall_harmful,final_answer_position,academic_prereq_017,3,15,all_conditions_pooled,0,1,301.28625993684904,0
overall_harmful,final_answer_position,contract_rental_029,4,15,all_conditions_pooled,0,1,102.24286012759879,0
overall_harmful,final_answer_position,contract_rental_029,4,15,all_conditions_pooled,0,1,20.389867548555507,0
overall_harmful,final_answer_position,contract_rental_029,4,15,all_conditions_pooled,0,1,236.5780724366083,0
overall_harmful,final_answer_position,contract_service_030,5,15,all_conditions_pooled,0,1,77.75333254832907,0
overall_harmful,final_answer_position,contract_service_030,5,15,all_conditions_pooled,0,0,-35.681122397563136,0
overall_harmful,final_answer_position,contract_service_030,5,15,all_conditions_pooled,0,1,333.2438116314613,0
overall_harmful,final_answer_position,contract_ticket_032,6,15,all_conditions_pooled,0,0,-175.10059863800177,0
overall_harmful,final_answer_position,contract_ticket_032,6,15,all_conditions_pooled,0,0,-246.8981223570363,0
overall_harmful,final_answer_position,contract_ticket_032,6,15,all_conditions_pooled,0,1,67.67374286375764,0
overall_harmful,final_answer_position,contract_warranty_031,7,15,all_conditions_pooled,0,0,-44.387028041537526,0
overall_harmful,final_answer_position,contract_warranty_031,7,15,all_conditions_pooled,0,0,-109.35678310960535,0
overall_harmful,final_answer_position,contract_warranty_031,7,15,all_conditions_pooled,0,1,260.62087016712627,0
overall_harmful,final_answer_position,finance_budget_007,8,15,all_conditions_pooled,0,0,-260.8383133168795,0
overall_harmful,final_answer_position,finance_budget_007,8,15,all_conditions_pooled,0,0,-273.7666600358174,0
overall_harmful,final_answer_position,finance_budget_007,8,15,all_conditions_pooled,0,1,85.98462058278518,0
overall_harmful,final_answer_position,finance_coupon_006,9,15,all_conditions_pooled,0,1,54.36902698336877,0
overall_harmful,final_answer_position,finance_coupon_006,9,15,all_conditions_pooled,0,0,-92.27621696384352,0
overall_harmful,final_answer_position,finance_coupon_006,9,15,all_conditions_pooled,0,1,222.85582886258632,0
overall_harmful,final_answer_position,finance_membership_008,10,15,all_conditions_pooled,0,0,-130.23651893799604,0
overall_harmful,final_answer_position,finance_membership_008,10,15,all_conditions_pooled,0,0,-262.6919712922196,0
overall_harmful,final_answer_position,finance_membership_008,10,15,all_conditions_pooled,0,1,61.8841308424788,0
overall_harmful,final_answer_position,finance_refund_005,11,15,all_conditions_pooled,0,0,-78.60361458673808,0
overall_harmful,final_answer_position,finance_refund_005,11,15,all_conditions_pooled,0,0,-138.58759561956103,0
overall_harmful,final_answer_position,finance_refund_005,11,15,all_conditions_pooled,0,1,210.9641966412851,0
overall_harmful,final_answer_position,logic_access_033,12,15,all_conditions_pooled,0,0,-89.25960586949381,0
overall_harmful,final_answer_position,logic_access_033,12,15,all_conditions_pooled,0,0,-262.4163147364818,0
overall_harmful,final_answer_position,logic_access_033,12,15,all_conditions_pooled,0,1,147.77001442969808,0
overall_harmful,final_answer_position,logic_eligibility_034,13,15,all_conditions_pooled,0,1,121.76860432454299,0
overall_harmful,final_answer_position,logic_eligibility_034,13,15,all_conditions_pooled,0,0,-127.42009827259842,0
overall_harmful,final_answer_position,logic_eligibility_034,13,15,all_conditions_pooled,0,1,193.63227524945512,0
overall_harmful,final_answer_position,logic_shipping_035,14,15,all_conditions_pooled,0,0,-46.587644296426646,0
overall_harmful,final_answer_position,logic_shipping_035,14,15,all_conditions_pooled,0,1,149.73723932096408,0
overall_harmful,final_answer_position,logic_shipping_035,14,15,all_conditions_pooled,0,1,33.76921586954639,1
overall_harmful,final_answer_position,logic_tournament_036,15,15,all_conditions_pooled,0,0,-76.82860647571927,0
overall_harmful,final_answer_position,logic_tournament_036,15,15,all_conditions_pooled,0,0,-291.2721899370032,0
overall_harmful,final_answer_position,logic_tournament_036,15,15,all_conditions_pooled,0,1,126.02472562866197,0
overall_harmful,final_answer_position,policy_lab_access_002,16,15,all_conditions_pooled,0,0,-15.212246141778301,0
overall_harmful,final_answer_position,policy_lab_access_002,16,15,all_conditions_pooled,0,0,-197.3465006255783,0
overall_harmful,final_answer_position,policy_lab_access_002,16,15,all_conditions_pooled,0,1,137.9153632206539,0
overall_harmful,final_answer_position,policy_library_checkout_003,17,15,all_conditions_pooled,0,0,-150.6948760864273,0
overall_harmful,final_answer_position,policy_library_checkout_003,17,15,all_conditions_pooled,0,0,-228.33503500556043,0
overall_harmful,final_answer_position,policy_library_checkout_003,17,15,all_conditions_pooled,0,1,96.30711177192676,0
overall_harmful,final_answer_position,policy_lunch_pass_001,18,15,all_conditions_pooled,0,0,-207.06057696430713,0
overall_harmful,final_answer_position,policy_lunch_pass_001,18,15,all_conditions_pooled,0,0,-331.6471614499635,0
overall_harmful,final_answer_position,policy_lunch_pass_001,18,15,all_conditions_pooled,0,1,25.972443433161644,0
overall_harmful,final_answer_position,policy_rec_center_004,19,15,all_conditions_pooled,0,0,-361.84544751266867,1
overall_harmful,final_answer_position,policy_rec_center_004,19,15,all_conditions_pooled,0,0,-33.39806648329683,0
overall_harmful,final_answer_position,policy_rec_center_004,19,15,all_conditions_pooled,0,1,155.31798242328145,0
overall_harmful,final_answer_position,product_specs_025,20,15,all_conditions_pooled,0,1,80.24398102925444,0
overall_harmful,final_answer_position,product_specs_025,20,15,all_conditions_pooled,0,0,-106.25152902939445,0
overall_harmful,final_answer_position,product_specs_025,20,15,all_conditions_pooled,0,1,262.0750239063766,0
overall_harmful,final_answer_position,product_specs_026,21,15,all_conditions_pooled,0,0,-76.5967890800828,0
overall_harmful,final_answer_position,product_specs_026,21,15,all_conditions_pooled,0,0,-314.7518154880084,0
overall_harmful,final_answer_position,product_specs_026,21,15,all_conditions_pooled,0,1,96.16160768004164,0
overall_harmful,final_answer_position,product_specs_027,22,15,all_conditions_pooled,0,1,12.622301125830965,0
overall_harmful,final_answer_position,product_specs_027,22,15,all_conditions_pooled,0,0,-75.87417112318583,0
overall_harmful,final_answer_position,product_specs_027,22,15,all_conditions_pooled,0,1,273.2310543856396,0
overall_harmful,final_answer_position,product_specs_028,23,15,all_conditions_pooled,0,1,39.99984196069962,0
overall_harmful,final_answer_position,product_specs_028,23,15,all_conditions_pooled,0,0,-36.062866949487386,0
overall_harmful,final_answer_position,product_specs_028,23,15,all_conditions_pooled,0,1,334.9979216303848,0
overall_harmful,final_answer_position,schedule_clinic_011,24,15,all_conditions_pooled,0,1,101.16101600772807,0
overall_harmful,final_answer_position,schedule_clinic_011,24,15,all_conditions_pooled,0,0,-94.51475102260983,0
overall_harmful,final_answer_position,schedule_clinic_011,24,15,all_conditions_pooled,0,1,286.4601209487175,0
overall_harmful,final_answer_position,schedule_exam_010,25,15,all_conditions_pooled,0,0,-124.21307251700071,0
overall_harmful,final_answer_position,schedule_exam_010,25,15,all_conditions_pooled,0,0,-19.52326130823101,0
overall_harmful,final_answer_position,schedule_exam_010,25,15,all_conditions_pooled,0,0,-10.685602291803333,1
overall_harmful,final_answer_position,schedule_train_009,26,15,all_conditions_pooled,0,1,141.20000557171804,0
overall_harmful,final_answer_position,schedule_train_009,26,15,all_conditions_pooled,0,0,-126.29184126475445,0
overall_harmful,final_answer_position,schedule_train_009,26,15,all_conditions_pooled,0,1,284.37969054172004,0
overall_harmful,final_answer_position,schedule_workshop_012,27,15,all_conditions_pooled,0,0,-68.59693167917234,0
overall_harmful,final_answer_position,schedule_workshop_012,27,15,all_conditions_pooled,0,0,-241.32305059396955,0
overall_harmful,final_answer_position,schedule_workshop_012,27,15,all_conditions_pooled,0,1,164.02399150892634,0
overall_harmful,final_answer_position,science_battery_016,28,15,all_conditions_pooled,0,0,-93.62843185352145,0
overall_harmful,final_answer_position,science_battery_016,28,15,all_conditions_pooled,0,0,-242.14906338004218,0
overall_harmful,final_answer_position,science_battery_016,28,15,all_conditions_pooled,0,1,113.64229704441152,0
overall_harmful,final_answer_position,science_mineral_014,29,15,all_conditions_pooled,0,0,-50.86417180260179,0
overall_harmful,final_answer_position,science_mineral_014,29,15,all_conditions_pooled,0,0,-136.8202590444149,0
overall_harmful,final_answer_position,science_mineral_014,29,15,all_conditions_pooled,0,1,281.5428898263782,0
overall_harmful,final_answer_position,science_plant_013,30,15,all_conditions_pooled,0,0,-148.96639557402133,0
overall_harmful,final_answer_position,science_plant_013,30,15,all_conditions_pooled,0,0,-328.68673715013114,0
overall_harmful,final_answer_position,science_plant_013,30,15,all_conditions_pooled,0,1,66.27085382968698,0
overall_harmful,final_answer_position,science_weather_015,31,15,all_conditions_pooled,0,1,5.227973646873821,0
overall_harmful,final_answer_position,science_weather_015,31,15,all_conditions_pooled,0,0,-184.88413188493084,0
overall_harmful,final_answer_position,science_weather_015,31,15,all_conditions_pooled,0,1,285.7850414423986,0
overall_harmful,final_answer_position,technical_api_022,32,15,all_conditions_pooled,0,1,113.19078268532564,0
overall_harmful,final_answer_position,technical_api_022,32,15,all_conditions_pooled,0,0,-120.4856767013612,0
overall_harmful,final_answer_position,technical_api_022,32,15,all_conditions_pooled,0,1,278.8502920126428,0
overall_harmful,final_answer_position,technical_backup_023,33,15,all_conditions_pooled,0,0,-254.40081636915977,0
overall_harmful,final_answer_position,technical_backup_023,33,15,all_conditions_pooled,0,0,-285.9717218313404,0
overall_harmful,final_answer_position,technical_backup_023,33,15,all_conditions_pooled,0,1,43.57059733829413,0
overall_harmful,final_answer_position,technical_config_021,34,15,all_conditions_pooled,0,0,-98.41765125113213,0
overall_harmful,final_answer_position,technical_config_021,34,15,all_conditions_pooled,0,0,-260.98596792546203,0
overall_harmful,final_answer_position,technical_config_021,34,15,all_conditions_pooled,0,1,71.31684217689536,0
overall_harmful,final_answer_position,technical_feature_flag_024,35,15,all_conditions_pooled,0,1,126.96153327923895,0
overall_harmful,final_answer_position,technical_feature_flag_024,35,15,all_conditions_pooled,0,0,-95.57543291506263,0
overall_harmful,final_answer_position,technical_feature_flag_024,35,15,all_conditions_pooled,0,1,231.90978926609674,0
overall_harmful,final_answer_position,academic_attendance_019,0,16,all_conditions_pooled,0,1,318.2487664328996,0
overall_harmful,final_answer_position,academic_attendance_019,0,16,all_conditions_pooled,0,0,-1031.822473291516,1
overall_harmful,final_answer_position,academic_attendance_019,0,16,all_conditions_pooled,0,1,599.7913354420612,0
overall_harmful,final_answer_position,academic_grading_018,1,16,all_conditions_pooled,0,0,-89.13003989985245,0
overall_harmful,final_answer_position,academic_grading_018,1,16,all_conditions_pooled,0,0,-240.42242370293707,0
overall_harmful,final_answer_position,academic_grading_018,1,16,all_conditions_pooled,0,1,164.79258493854877,0
overall_harmful,final_answer_position,academic_latework_020,2,16,all_conditions_pooled,0,0,-45.12942097369295,0
overall_harmful,final_answer_position,academic_latework_020,2,16,all_conditions_pooled,0,0,-181.65257222454176,0
overall_harmful,final_answer_position,academic_latework_020,2,16,all_conditions_pooled,0,1,122.89643403831417,0
overall_harmful,final_answer_position,academic_prereq_017,3,16,all_conditions_pooled,0,1,58.028933924550074,0
overall_harmful,final_answer_position,academic_prereq_017,3,16,all_conditions_pooled,0,0,-64.59665882148418,0
overall_harmful,final_answer_position,academic_prereq_017,3,16,all_conditions_pooled,0,1,287.91420706821964,0
overall_harmful,final_answer_position,contract_rental_029,4,16,all_conditions_pooled,0,1,100.68619230393557,0
overall_harmful,final_answer_position,contract_rental_029,4,16,all_conditions_pooled,0,0,-62.81240683915216,0
overall_harmful,final_answer_position,contract_rental_029,4,16,all_conditions_pooled,0,1,229.36363011211733,0
overall_harmful,final_answer_position,contract_service_030,5,16,all_conditions_pooled,0,1,70.21744705123442,0
overall_harmful,final_answer_position,contract_service_030,5,16,all_conditions_pooled,0,0,-125.59458309082173,0
overall_harmful,final_answer_position,contract_service_030,5,16,all_conditions_pooled,0,1,302.88486946529656,0
overall_harmful,final_answer_position,contract_ticket_032,6,16,all_conditions_pooled,0,0,-126.79250697860115,0
overall_harmful,final_answer_position,contract_ticket_032,6,16,all_conditions_pooled,0,0,-264.09625151543094,0
overall_harmful,final_answer_position,contract_ticket_032,6,16,all_conditions_pooled,0,1,107.26986228526366,0
overall_harmful,final_answer_position,contract_warranty_031,7,16,all_conditions_pooled,0,1,11.561379299301809,0
overall_harmful,final_answer_position,contract_warranty_031,7,16,all_conditions_pooled,0,0,-142.66756672494546,0
overall_harmful,final_answer_position,contract_warranty_031,7,16,all_conditions_pooled,0,1,278.4082580970367,0
overall_harmful,final_answer_position,finance_budget_007,8,16,all_conditions_pooled,0,0,-179.43446103579015,0
overall_harmful,final_answer_position,finance_budget_007,8,16,all_conditions_pooled,0,0,-286.620214654645,0
overall_harmful,final_answer_position,finance_budget_007,8,16,all_conditions_pooled,0,1,88.35157803540059,0
overall_harmful,final_answer_position,finance_coupon_006,9,16,all_conditions_pooled,0,1,77.24823165240915,0
overall_harmful,final_answer_position,finance_coupon_006,9,16,all_conditions_pooled,0,0,-133.04103020353878,0
overall_harmful,final_answer_position,finance_coupon_006,9,16,all_conditions_pooled,0,1,238.28228310757106,0
overall_harmful,final_answer_position,finance_membership_008,10,16,all_conditions_pooled,0,0,-60.41836361952839,0
overall_harmful,final_answer_position,finance_membership_008,10,16,all_conditions_pooled,0,0,-298.97475479571176,0
overall_harmful,final_answer_position,finance_membership_008,10,16,all_conditions_pooled,0,1,96.54484216058442,0
overall_harmful,final_answer_position,finance_refund_005,11,16,all_conditions_pooled,0,0,-12.263331901964387,0
overall_harmful,final_answer_position,finance_refund_005,11,16,all_conditions_pooled,0,0,-124.03098838470754,0
overall_harmful,final_answer_position,finance_refund_005,11,16,all_conditions_pooled,0,1,259.51954099331806,0
overall_harmful,final_answer_position,logic_access_033,12,16,all_conditions_pooled,0,0,-18.459899386492523,0
overall_harmful,final_answer_position,logic_access_033,12,16,all_conditions_pooled,0,0,-285.70829996407696,0
overall_harmful,final_answer_position,logic_access_033,12,16,all_conditions_pooled,0,1,218.89268893901732,0
overall_harmful,final_answer_position,logic_eligibility_034,13,16,all_conditions_pooled,0,1,128.6874536173948,0
overall_harmful,final_answer_position,logic_eligibility_034,13,16,all_conditions_pooled,0,0,-189.0465504302427,0
overall_harmful,final_answer_position,logic_eligibility_034,13,16,all_conditions_pooled,0,1,225.94519817341092,0
overall_harmful,final_answer_position,logic_shipping_035,14,16,all_conditions_pooled,0,0,-84.8050761435012,0
overall_harmful,final_answer_position,logic_shipping_035,14,16,all_conditions_pooled,0,1,83.65206907138239,0
overall_harmful,final_answer_position,logic_shipping_035,14,16,all_conditions_pooled,0,1,21.425533586837915,1
overall_harmful,final_answer_position,logic_tournament_036,15,16,all_conditions_pooled,0,0,-16.013767490245353,0
overall_harmful,final_answer_position,logic_tournament_036,15,16,all_conditions_pooled,0,0,-297.86981623182646,0
overall_harmful,final_answer_position,logic_tournament_036,15,16,all_conditions_pooled,0,1,167.8628531500139,0
overall_harmful,final_answer_position,policy_lab_access_002,16,16,all_conditions_pooled,0,1,59.19109380416761,0
overall_harmful,final_answer_position,policy_lab_access_002,16,16,all_conditions_pooled,0,0,-198.9372828427811,0
overall_harmful,final_answer_position,policy_lab_access_002,16,16,all_conditions_pooled,0,1,192.08782440024942,0
overall_harmful,final_answer_position,policy_library_checkout_003,17,16,all_conditions_pooled,0,0,-82.19031073917154,0
overall_harmful,final_answer_position,policy_library_checkout_003,17,16,all_conditions_pooled,0,0,-270.18880433706414,0
overall_harmful,final_answer_position,policy_library_checkout_003,17,16,all_conditions_pooled,0,1,109.40606665700071,0
overall_harmful,final_answer_position,policy_lunch_pass_001,18,16,all_conditions_pooled,0,0,-96.22856383854678,0
overall_harmful,final_answer_position,policy_lunch_pass_001,18,16,all_conditions_pooled,0,0,-301.7799846646975,0
overall_harmful,final_answer_position,policy_lunch_pass_001,18,16,all_conditions_pooled,0,1,80.47858538607471,0
overall_harmful,final_answer_position,policy_rec_center_004,19,16,all_conditions_pooled,0,0,-313.2023670939242,1
overall_harmful,final_answer_position,policy_rec_center_004,19,16,all_conditions_pooled,0,0,-33.66134989309621,0
overall_harmful,final_answer_position,policy_rec_center_004,19,16,all_conditions_pooled,0,1,172.75050734006018,0
overall_harmful,final_answer_position,product_specs_025,20,16,all_conditions_pooled,0,1,119.40865207838561,0
overall_harmful,final_answer_position,product_specs_025,20,16,all_conditions_pooled,0,0,-140.83115385296864,0
overall_harmful,final_answer_position,product_specs_025,20,16,all_conditions_pooled,0,1,285.80642777501373,0
overall_harmful,final_answer_position,product_specs_026,21,16,all_conditions_pooled,0,0,-39.92303803728165,0
overall_harmful,final_answer_position,product_specs_026,21,16,all_conditions_pooled,0,0,-336.7764976043321,0
overall_harmful,final_answer_position,product_specs_026,21,16,all_conditions_pooled,0,1,93.33956572662404,0
overall_harmful,final_answer_position,product_specs_027,22,16,all_conditions_pooled,0,1,19.71131524529943,0
overall_harmful,final_answer_position,product_specs_027,22,16,all_conditions_pooled,0,0,-166.72271273254273,0
overall_harmful,final_answer_position,product_specs_027,22,16,all_conditions_pooled,0,1,273.93355360029057,0
overall_harmful,final_answer_position,product_specs_028,23,16,all_conditions_pooled,0,1,22.550648210823574,0
overall_harmful,final_answer_position,product_specs_028,23,16,all_conditions_pooled,0,0,-120.7738250491355,0
overall_harmful,final_answer_position,product_specs_028,23,16,all_conditions_pooled,0,1,287.8427159825319,0
overall_harmful,final_answer_position,schedule_clinic_011,24,16,all_conditions_pooled,0,1,139.31303806344954,0
overall_harmful,final_answer_position,schedule_clinic_011,24,16,all_conditions_pooled,0,0,-155.45250003939304,0
overall_harmful,final_answer_position,schedule_clinic_011,24,16,all_conditions_pooled,0,1,310.0283426146143,0
overall_harmful,final_answer_position,schedule_exam_010,25,16,all_conditions_pooled,0,0,-201.98830992700476,0
overall_harmful,final_answer_position,schedule_exam_010,25,16,all_conditions_pooled,0,0,-71.85401334091426,0
overall_harmful,final_answer_position,schedule_exam_010,25,16,all_conditions_pooled,0,0,-90.1842974286362,1
overall_harmful,final_answer_position,schedule_train_009,26,16,all_conditions_pooled,0,1,142.3745038173806,0
overall_harmful,final_answer_position,schedule_train_009,26,16,all_conditions_pooled,0,0,-178.0022546568625,0
overall_harmful,final_answer_position,schedule_train_009,26,16,all_conditions_pooled,0,1,290.87823551008773,0
overall_harmful,final_answer_position,schedule_workshop_012,27,16,all_conditions_pooled,0,0,-31.590768028574274,0
overall_harmful,final_answer_position,schedule_workshop_012,27,16,all_conditions_pooled,0,0,-311.84619854512516,0
overall_harmful,final_answer_position,schedule_workshop_012,27,16,all_conditions_pooled,0,1,143.57503414117605,0
overall_harmful,final_answer_position,science_battery_016,28,16,all_conditions_pooled,0,0,-83.61740787588289,0
overall_harmful,final_answer_position,science_battery_016,28,16,all_conditions_pooled,0,0,-314.5479550561121,0
overall_harmful,final_answer_position,science_battery_016,28,16,all_conditions_pooled,0,1,105.78228982773845,0
overall_harmful,final_answer_position,science_mineral_014,29,16,all_conditions_pooled,0,0,-30.098636638479,0
overall_harmful,final_answer_position,science_mineral_014,29,16,all_conditions_pooled,0,0,-184.7765255585112,0
overall_harmful,final_answer_position,science_mineral_014,29,16,all_conditions_pooled,0,1,272.3813197219478,0
overall_harmful,final_answer_position,science_plant_013,30,16,all_conditions_pooled,0,0,-102.49554374994067,0
overall_harmful,final_answer_position,science_plant_013,30,16,all_conditions_pooled,0,0,-376.4863150219525,0
overall_harmful,final_answer_position,science_plant_013,30,16,all_conditions_pooled,0,1,77.00482051165967,0
overall_harmful,final_answer_position,science_weather_015,31,16,all_conditions_pooled,0,0,-20.7581321762291,0
overall_harmful,final_answer_position,science_weather_015,31,16,all_conditions_pooled,0,0,-240.53220311233483,0
overall_harmful,final_answer_position,science_weather_015,31,16,all_conditions_pooled,0,1,251.43667470346213,0
overall_harmful,final_answer_position,technical_api_022,32,16,all_conditions_pooled,0,1,78.67307368505351,0
overall_harmful,final_answer_position,technical_api_022,32,16,all_conditions_pooled,0,0,-201.64271720095394,0
overall_harmful,final_answer_position,technical_api_022,32,16,all_conditions_pooled,0,1,274.00533260479426,0
overall_harmful,final_answer_position,technical_backup_023,33,16,all_conditions_pooled,0,0,-147.02468688456403,0
overall_harmful,final_answer_position,technical_backup_023,33,16,all_conditions_pooled,0,0,-290.7231004274224,0
overall_harmful,final_answer_position,technical_backup_023,33,16,all_conditions_pooled,0,1,119.48653173381012,0
overall_harmful,final_answer_position,technical_config_021,34,16,all_conditions_pooled,0,0,-82.48421459923085,0
overall_harmful,final_answer_position,technical_config_021,34,16,all_conditions_pooled,0,0,-313.59384553264744,0
overall_harmful,final_answer_position,technical_config_021,34,16,all_conditions_pooled,0,1,71.27923262149848,0
overall_harmful,final_answer_position,technical_feature_flag_024,35,16,all_conditions_pooled,0,1,97.97993451779357,0
overall_harmful,final_answer_position,technical_feature_flag_024,35,16,all_conditions_pooled,0,0,-180.67648191562068,0
overall_harmful,final_answer_position,technical_feature_flag_024,35,16,all_conditions_pooled,0,1,248.2290584333125,0
overall_harmful,final_answer_position,academic_attendance_019,0,17,all_conditions_pooled,0,1,260.92820661327664,0
overall_harmful,final_answer_position,academic_attendance_019,0,17,all_conditions_pooled,0,0,-1097.419986347797,1
overall_harmful,final_answer_position,academic_attendance_019,0,17,all_conditions_pooled,0,1,651.1722919006951,0
overall_harmful,final_answer_position,academic_grading_018,1,17,all_conditions_pooled,0,0,-104.02668416755625,0
overall_harmful,final_answer_position,academic_grading_018,1,17,all_conditions_pooled,0,0,-307.3368392420987,0
overall_harmful,final_answer_position,academic_grading_018,1,17,all_conditions_pooled,0,1,142.552169083983,0
overall_harmful,final_answer_position,academic_latework_020,2,17,all_conditions_pooled,0,0,-35.55093467203753,0
overall_harmful,final_answer_position,academic_latework_020,2,17,all_conditions_pooled,0,0,-240.6682533407015,0
overall_harmful,final_answer_position,academic_latework_020,2,17,all_conditions_pooled,0,1,157.95641264013602,0
overall_harmful,final_answer_position,academic_prereq_017,3,17,all_conditions_pooled,0,1,37.524068411248635,0
overall_harmful,final_answer_position,academic_prereq_017,3,17,all_conditions_pooled,0,0,-171.52336484352304,0
overall_harmful,final_answer_position,academic_prereq_017,3,17,all_conditions_pooled,0,1,236.49172209444333,0
overall_harmful,final_answer_position,contract_rental_029,4,17,all_conditions_pooled,0,1,87.89218682826228,0
overall_harmful,final_answer_position,contract_rental_029,4,17,all_conditions_pooled,0,0,-165.65463450234319,0
overall_harmful,final_answer_position,contract_rental_029,4,17,all_conditions_pooled,0,1,262.0591922382506,0
overall_harmful,final_answer_position,contract_service_030,5,17,all_conditions_pooled,0,1,72.84439354280835,0
overall_harmful,final_answer_position,contract_service_030,5,17,all_conditions_pooled,0,0,-238.66850024532266,0
overall_harmful,final_answer_position,contract_service_030,5,17,all_conditions_pooled,0,1,339.4516459784012,0
overall_harmful,final_answer_position,contract_ticket_032,6,17,all_conditions_pooled,0,0,-103.651040772705,0
overall_harmful,final_answer_position,contract_ticket_032,6,17,all_conditions_pooled,0,0,-352.9059716464699,0
overall_harmful,final_answer_position,contract_ticket_032,6,17,all_conditions_pooled,0,1,120.71620065584034,0
overall_harmful,final_answer_position,contract_warranty_031,7,17,all_conditions_pooled,0,1,36.609372258608644,0
overall_harmful,final_answer_position,contract_warranty_031,7,17,all_conditions_pooled,0,0,-238.02083213185907,0
overall_harmful,final_answer_position,contract_warranty_031,7,17,all_conditions_pooled,0,1,317.1577857448556,0
overall_harmful,final_answer_position,finance_budget_007,8,17,all_conditions_pooled,0,0,-108.98812369294555,0
overall_harmful,final_answer_position,finance_budget_007,8,17,all_conditions_pooled,0,0,-286.54237557623264,0
overall_harmful,final_answer_position,finance_budget_007,8,17,all_conditions_pooled,0,1,172.0942561749658,0
overall_harmful,final_answer_position,finance_coupon_006,9,17,all_conditions_pooled,0,1,118.53162800312492,0
overall_harmful,final_answer_position,finance_coupon_006,9,17,all_conditions_pooled,0,0,-208.47821469081813,0
overall_harmful,final_answer_position,finance_coupon_006,9,17,all_conditions_pooled,0,1,266.97950931015066,0
overall_harmful,final_answer_position,finance_membership_008,10,17,all_conditions_pooled,0,0,-61.92443913457397,0
overall_harmful,final_answer_position,finance_membership_008,10,17,all_conditions_pooled,0,0,-367.19715908131343,0
overall_harmful,final_answer_position,finance_membership_008,10,17,all_conditions_pooled,0,1,114.91448668078675,0
overall_harmful,final_answer_position,finance_refund_005,11,17,all_conditions_pooled,0,1,11.095880432274171,0
overall_harmful,final_answer_position,finance_refund_005,11,17,all_conditions_pooled,0,0,-215.77607784283475,0
overall_harmful,final_answer_position,finance_refund_005,11,17,all_conditions_pooled,0,1,294.7949564697942,0
overall_harmful,final_answer_position,logic_access_033,12,17,all_conditions_pooled,0,1,6.7733225571937545,0
overall_harmful,final_answer_position,logic_access_033,12,17,all_conditions_pooled,0,0,-321.70303704682,0
overall_harmful,final_answer_position,logic_access_033,12,17,all_conditions_pooled,0,1,284.34199922366247,0
overall_harmful,final_answer_position,logic_eligibility_034,13,17,all_conditions_pooled,0,1,133.26210145886617,0
overall_harmful,final_answer_position,logic_eligibility_034,13,17,all_conditions_pooled,0,0,-339.7898459293115,0
overall_harmful,final_answer_position,logic_eligibility_034,13,17,all_conditions_pooled,0,1,293.723555755985,0
overall_harmful,final_answer_position,logic_shipping_035,14,17,all_conditions_pooled,0,0,-46.37057010436963,0
overall_harmful,final_answer_position,logic_shipping_035,14,17,all_conditions_pooled,0,0,-10.613078491437772,0
overall_harmful,final_answer_position,logic_shipping_035,14,17,all_conditions_pooled,0,1,14.625703700540534,1
overall_harmful,final_answer_position,logic_tournament_036,15,17,all_conditions_pooled,0,1,7.706070655564936,0
overall_harmful,final_answer_position,logic_tournament_036,15,17,all_conditions_pooled,0,0,-310.8648639050939,0
overall_harmful,final_answer_position,logic_tournament_036,15,17,all_conditions_pooled,0,1,253.27814417123568,0
overall_harmful,final_answer_position,policy_lab_access_002,16,17,all_conditions_pooled,0,1,100.36583821573038,0
overall_harmful,final_answer_position,policy_lab_access_002,16,17,all_conditions_pooled,0,0,-182.35664769587146,0
overall_harmful,final_answer_position,policy_lab_access_002,16,17,all_conditions_pooled,0,1,291.5963371757023,0
overall_harmful,final_answer_position,policy_library_checkout_003,17,17,all_conditions_pooled,0,0,-41.5191362070477,0
overall_harmful,final_answer_position,policy_library_checkout_003,17,17,all_conditions_pooled,0,0,-281.6313774089818,0
overall_harmful,final_answer_position,policy_library_checkout_003,17,17,all_conditions_pooled,0,1,154.83608133767723,0
overall_harmful,final_answer_position,policy_lunch_pass_001,18,17,all_conditions_pooled,0,0,-41.36714752807781,0
overall_harmful,final_answer_position,policy_lunch_pass_001,18,17,all_conditions_pooled,0,0,-307.83540470833043,0
overall_harmful,final_answer_position,policy_lunch_pass_001,18,17,all_conditions_pooled,0,1,140.45334977816515,0
overall_harmful,final_answer_position,policy_rec_center_004,19,17,all_conditions_pooled,0,0,-321.6021763844344,1
overall_harmful,final_answer_position,policy_rec_center_004,19,17,all_conditions_pooled,0,0,-120.73725525389025,0
overall_harmful,final_answer_position,policy_rec_center_004,19,17,all_conditions_pooled,0,1,214.8031073363991,0
overall_harmful,final_answer_position,product_specs_025,20,17,all_conditions_pooled,0,1,156.56070630351815,0
overall_harmful,final_answer_position,product_specs_025,20,17,all_conditions_pooled,0,0,-215.12436085535424,0
overall_harmful,final_answer_position,product_specs_025,20,17,all_conditions_pooled,0,1,367.5979621752277,0
overall_harmful,final_answer_position,product_specs_026,21,17,all_conditions_pooled,0,1,7.558700058909253,0
overall_harmful,final_answer_position,product_specs_026,21,17,all_conditions_pooled,0,0,-356.9045207881655,0
overall_harmful,final_answer_position,product_specs_026,21,17,all_conditions_pooled,0,1,169.74924539390133,0
overall_harmful,final_answer_position,product_specs_027,22,17,all_conditions_pooled,0,1,46.56809873946773,0
overall_harmful,final_answer_position,product_specs_027,22,17,all_conditions_pooled,0,0,-286.72755737441855,0
overall_harmful,final_answer_position,product_specs_027,22,17,all_conditions_pooled,0,1,303.2631649953969,0
overall_harmful,final_answer_position,product_specs_028,23,17,all_conditions_pooled,0,1,47.1019171172334,0
overall_harmful,final_answer_position,product_specs_028,23,17,all_conditions_pooled,0,0,-199.79231698615888,0
overall_harmful,final_answer_position,product_specs_028,23,17,all_conditions_pooled,0,1,344.5047785718731,0
overall_harmful,final_answer_position,schedule_clinic_011,24,17,all_conditions_pooled,0,1,118.05806939338711,0
overall_harmful,final_answer_position,schedule_clinic_011,24,17,all_conditions_pooled,0,0,-250.90068812759716,0
overall_harmful,final_answer_position,schedule_clinic_011,24,17,all_conditions_pooled,0,1,333.3885838477544,0
overall_harmful,final_answer_position,schedule_exam_010,25,17,all_conditions_pooled,0,0,-158.24247988138103,0
overall_harmful,final_answer_position,schedule_exam_010,25,17,all_conditions_pooled,0,0,-198.03040585098606,0
overall_harmful,final_answer_position,schedule_exam_010,25,17,all_conditions_pooled,0,0,-80.71295430771718,1
overall_harmful,final_answer_position,schedule_train_009,26,17,all_conditions_pooled,0,1,194.72505552077564,0
overall_harmful,final_answer_position,schedule_train_009,26,17,all_conditions_pooled,0,0,-223.99458477198044,0
overall_harmful,final_answer_position,schedule_train_009,26,17,all_conditions_pooled,0,1,403.9235739000302,0
overall_harmful,final_answer_position,schedule_workshop_012,27,17,all_conditions_pooled,0,0,-8.966025220575023,0
overall_harmful,final_answer_position,schedule_workshop_012,27,17,all_conditions_pooled,0,0,-350.48405570755426,0
overall_harmful,final_answer_position,schedule_workshop_012,27,17,all_conditions_pooled,0,1,212.7966929363273,0
overall_harmful,final_answer_position,science_battery_016,28,17,all_conditions_pooled,0,0,-77.8315742732498,0
overall_harmful,final_answer_position,science_battery_016,28,17,all_conditions_pooled,0,0,-368.3856867837721,0
overall_harmful,final_answer_position,science_battery_016,28,17,all_conditions_pooled,0,1,136.6545854507126,0
overall_harmful,final_answer_position,science_mineral_014,29,17,all_conditions_pooled,0,0,-17.565053661422198,0
overall_harmful,final_answer_position,science_mineral_014,29,17,all_conditions_pooled,0,0,-306.42549683389814,0
overall_harmful,final_answer_position,science_mineral_014,29,17,all_conditions_pooled,0,1,254.88420232274285,0
overall_harmful,final_answer_position,science_plant_013,30,17,all_conditions_pooled,0,0,-54.67875016206734,0
overall_harmful,final_answer_position,science_plant_013,30,17,all_conditions_pooled,0,0,-389.82505404267533,0
overall_harmful,final_answer_position,science_plant_013,30,17,all_conditions_pooled,0,1,157.7469484140928,0
overall_harmful,final_answer_position,science_weather_015,31,17,all_conditions_pooled,0,1,38.351918968491006,0
overall_harmful,final_answer_position,science_weather_015,31,17,all_conditions_pooled,0,0,-272.5248026399657,0
overall_harmful,final_answer_position,science_weather_015,31,17,all_conditions_pooled,0,1,332.1650582414254,0
overall_harmful,final_answer_position,technical_api_022,32,17,all_conditions_pooled,0,1,76.1471002611685,0
overall_harmful,final_answer_position,technical_api_022,32,17,all_conditions_pooled,0,0,-261.54614392433064,0
overall_harmful,final_answer_position,technical_api_022,32,17,all_conditions_pooled,0,1,323.9075871435019,0
overall_harmful,final_answer_position,technical_backup_023,33,17,all_conditions_pooled,0,0,-104.4013563771841,0
overall_harmful,final_answer_position,technical_backup_023,33,17,all_conditions_pooled,0,0,-299.01181372130816,0
overall_harmful,final_answer_position,technical_backup_023,33,17,all_conditions_pooled,0,1,162.68273913676552,0
overall_harmful,final_answer_position,technical_config_021,34,17,all_conditions_pooled,0,0,-93.45308431747395,0
overall_harmful,final_answer_position,technical_config_021,34,17,all_conditions_pooled,0,0,-360.24017138521987,0
overall_harmful,final_answer_position,technical_config_021,34,17,all_conditions_pooled,0,1,96.35937368717936,0
overall_harmful,final_answer_position,technical_feature_flag_024,35,17,all_conditions_pooled,0,1,46.383309511596764,0
overall_harmful,final_answer_position,technical_feature_flag_024,35,17,all_conditions_pooled,0,0,-280.02770321943814,0
overall_harmful,final_answer_position,technical_feature_flag_024,35,17,all_conditions_pooled,0,1,243.373119584356,0
overall_harmful,final_answer_position,academic_attendance_019,0,18,all_conditions_pooled,0,1,342.3193220671566,0
overall_harmful,final_answer_position,academic_attendance_019,0,18,all_conditions_pooled,0,0,-1201.5043309433577,1
overall_harmful,final_answer_position,academic_attendance_019,0,18,all_conditions_pooled,0,1,626.7679127019373,0
overall_harmful,final_answer_position,academic_grading_018,1,18,all_conditions_pooled,0,0,-64.65368133000887,0
overall_harmful,final_answer_position,academic_grading_018,1,18,all_conditions_pooled,0,0,-260.84631495125325,0
overall_harmful,final_answer_position,academic_grading_018,1,18,all_conditions_pooled,0,1,118.39481816751541,0
overall_harmful,final_answer_position,academic_latework_020,2,18,all_conditions_pooled,0,1,77.77005790848358,0
overall_harmful,final_answer_position,academic_latework_020,2,18,all_conditions_pooled,0,0,-181.93248916498118,0
overall_harmful,final_answer_position,academic_latework_020,2,18,all_conditions_pooled,0,1,210.62839229905222,0
overall_harmful,final_answer_position,academic_prereq_017,3,18,all_conditions_pooled,0,1,65.73049204315832,0
overall_harmful,final_answer_position,academic_prereq_017,3,18,all_conditions_pooled,0,0,-224.8650421046268,0
overall_harmful,final_answer_position,academic_prereq_017,3,18,all_conditions_pooled,0,1,184.81868978143754,0
overall_harmful,final_answer_position,contract_rental_029,4,18,all_conditions_pooled,0,1,75.90369945996969,0
overall_harmful,final_answer_position,contract_rental_029,4,18,all_conditions_pooled,0,0,-211.73352451787662,0
overall_harmful,final_answer_position,contract_rental_029,4,18,all_conditions_pooled,0,1,171.79131173367438,0
overall_harmful,final_answer_position,contract_service_030,5,18,all_conditions_pooled,0,1,78.72634673693206,0
overall_harmful,final_answer_position,contract_service_030,5,18,all_conditions_pooled,0,0,-257.9117655739477,0
overall_harmful,final_answer_position,contract_service_030,5,18,all_conditions_pooled,0,1,249.60075562342297,0
overall_harmful,final_answer_position,contract_ticket_032,6,18,all_conditions_pooled,0,1,38.2878889140234,0
overall_harmful,final_answer_position,contract_ticket_032,6,18,all_conditions_pooled,0,0,-253.36274104040388,0
overall_harmful,final_answer_position,contract_ticket_032,6,18,all_conditions_pooled,0,1,157.91861795657354,0
overall_harmful,final_answer_position,contract_warranty_031,7,18,all_conditions_pooled,0,1,14.01066009463576,0
overall_harmful,final_answer_position,contract_warranty_031,7,18,all_conditions_pooled,0,0,-281.7828338695792,0
overall_harmful,final_answer_position,contract_warranty_031,7,18,all_conditions_pooled,0,1,197.80859250714275,0
overall_harmful,final_answer_position,finance_budget_007,8,18,all_conditions_pooled,0,1,16.89592705436364,0
overall_harmful,final_answer_position,finance_budget_007,8,18,all_conditions_pooled,0,0,-254.06202560339412,0
overall_harmful,final_answer_position,finance_budget_007,8,18,all_conditions_pooled,0,1,194.59810566813934,0
overall_harmful,final_answer_position,finance_coupon_006,9,18,all_conditions_pooled,0,1,182.2004065379703,0
overall_harmful,final_answer_position,finance_coupon_006,9,18,all_conditions_pooled,0,0,-211.51686594765525,0
overall_harmful,final_answer_position,finance_coupon_006,9,18,all_conditions_pooled,0,1,272.62718974794814,0
overall_harmful,final_answer_position,finance_membership_008,10,18,all_conditions_pooled,0,1,8.651450487328656,0
overall_harmful,final_answer_position,finance_membership_008,10,18,all_conditions_pooled,0,0,-286.0488218876275,0
overall_harmful,final_answer_position,finance_membership_008,10,18,all_conditions_pooled,0,1,126.84236538227137,0
overall_harmful,final_answer_position,finance_refund_005,11,18,all_conditions_pooled,0,1,110.74019206585697,0
overall_harmful,final_answer_position,finance_refund_005,11,18,all_conditions_pooled,0,0,-174.694910691634,0
overall_harmful,final_answer_position,finance_refund_005,11,18,all_conditions_pooled,0,1,319.9041271195624,0
overall_harmful,final_answer_position,logic_access_033,12,18,all_conditions_pooled,0,1,96.7827562774583,0
overall_harmful,final_answer_position,logic_access_033,12,18,all_conditions_pooled,0,0,-258.8064996810929,0
overall_harmful,final_answer_position,logic_access_033,12,18,all_conditions_pooled,0,1,273.36739333362505,0
overall_harmful,final_answer_position,logic_eligibility_034,13,18,all_conditions_pooled,0,1,144.29733871704988,0
overall_harmful,final_answer_position,logic_eligibility_034,13,18,all_conditions_pooled,0,0,-321.3521597470792,0
overall_harmful,final_answer_position,logic_eligibility_034,13,18,all_conditions_pooled,0,1,268.2080323980915,0
overall_harmful,final_answer_position,logic_shipping_035,14,18,all_conditions_pooled,0,0,-50.321021107376474,0
overall_harmful,final_answer_position,logic_shipping_035,14,18,all_conditions_pooled,0,0,-17.860437357937897,0
overall_harmful,final_answer_position,logic_shipping_035,14,18,all_conditions_pooled,0,0,-43.457716259105624,1
overall_harmful,final_answer_position,logic_tournament_036,15,18,all_conditions_pooled,0,1,175.6342812928217,0
overall_harmful,final_answer_position,logic_tournament_036,15,18,all_conditions_pooled,0,0,-216.54061833417393,0
overall_harmful,final_answer_position,logic_tournament_036,15,18,all_conditions_pooled,0,1,315.52905021119994,0
overall_harmful,final_answer_position,policy_lab_access_002,16,18,all_conditions_pooled,0,1,78.11636792308434,0
overall_harmful,final_answer_position,policy_lab_access_002,16,18,all_conditions_pooled,0,0,-263.2383918218495,0
overall_harmful,final_answer_position,policy_lab_access_002,16,18,all_conditions_pooled,0,1,233.73211351109208,0
overall_harmful,final_answer_position,policy_library_checkout_003,17,18,all_conditions_pooled,0,1,4.968142045403241,0
overall_harmful,final_answer_position,policy_library_checkout_003,17,18,all_conditions_pooled,0,0,-238.69878927995205,0
overall_harmful,final_answer_position,policy_library_checkout_003,17,18,all_conditions_pooled,0,1,147.10573440589104,0
overall_harmful,final_answer_position,policy_lunch_pass_001,18,18,all_conditions_pooled,0,1,59.69347364582512,0
overall_harmful,final_answer_position,policy_lunch_pass_001,18,18,all_conditions_pooled,0,0,-256.5814879556393,0
overall_harmful,final_answer_position,policy_lunch_pass_001,18,18,all_conditions_pooled,0,1,194.497756178863,0
overall_harmful,final_answer_position,policy_rec_center_004,19,18,all_conditions_pooled,0,0,-381.12331531992015,1
overall_harmful,final_answer_position,policy_rec_center_004,19,18,all_conditions_pooled,0,0,-174.51499753475625,0
overall_harmful,final_answer_position,policy_rec_center_004,19,18,all_conditions_pooled,0,1,31.913707996594,0
overall_harmful,final_answer_position,product_specs_025,20,18,all_conditions_pooled,0,1,93.75890934550327,0
overall_harmful,final_answer_position,product_specs_025,20,18,all_conditions_pooled,0,0,-271.00907055871863,0
overall_harmful,final_answer_position,product_specs_025,20,18,all_conditions_pooled,0,1,231.30095180503568,0
overall_harmful,final_answer_position,product_specs_026,21,18,all_conditions_pooled,0,1,54.17302020809113,0
overall_harmful,final_answer_position,product_specs_026,21,18,all_conditions_pooled,0,0,-290.1895059850356,0
overall_harmful,final_answer_position,product_specs_026,21,18,all_conditions_pooled,0,1,159.7219342276353,0
overall_harmful,final_answer_position,product_specs_027,22,18,all_conditions_pooled,0,1,53.851557484421335,0
overall_harmful,final_answer_position,product_specs_027,22,18,all_conditions_pooled,0,0,-268.86753986420706,0
overall_harmful,final_answer_position,product_specs_027,22,18,all_conditions_pooled,0,1,225.51850394814153,0
overall_harmful,final_answer_position,product_specs_028,23,18,all_conditions_pooled,0,1,42.30901995724697,0
overall_harmful,final_answer_position,product_specs_028,23,18,all_conditions_pooled,0,0,-234.79492447826993,0
overall_harmful,final_answer_position,product_specs_028,23,18,all_conditions_pooled,0,1,216.24256099681892,0
overall_harmful,final_answer_position,schedule_clinic_011,24,18,all_conditions_pooled,0,1,40.368219817479606,0
overall_harmful,final_answer_position,schedule_clinic_011,24,18,all_conditions_pooled,0,0,-321.5772101688867,0
overall_harmful,final_answer_position,schedule_clinic_011,24,18,all_conditions_pooled,0,1,179.7637682731355,0
overall_harmful,final_answer_position,schedule_exam_010,25,18,all_conditions_pooled,0,0,-154.65712012879467,0
overall_harmful,final_answer_position,schedule_exam_010,25,18,all_conditions_pooled,0,0,-243.96901991641624,0
overall_harmful,final_answer_position,schedule_exam_010,25,18,all_conditions_pooled,0,0,-129.0122692169883,1
overall_harmful,final_answer_position,schedule_train_009,26,18,all_conditions_pooled,0,1,154.48037618879215,0
overall_harmful,final_answer_position,schedule_train_009,26,18,all_conditions_pooled,0,0,-282.8509692108552,0
overall_harmful,final_answer_position,schedule_train_009,26,18,all_conditions_pooled,0,1,299.74666379073113,0
overall_harmful,final_answer_position,schedule_workshop_012,27,18,all_conditions_pooled,0,0,-3.3202592215958617,0
overall_harmful,final_answer_position,schedule_workshop_012,27,18,all_conditions_pooled,0,0,-339.8663251841823,0
overall_harmful,final_answer_position,schedule_workshop_012,27,18,all_conditions_pooled,0,1,127.17389497198081,0
overall_harmful,final_answer_position,science_battery_016,28,18,all_conditions_pooled,0,0,-15.40635003960718,0
overall_harmful,final_answer_position,science_battery_016,28,18,all_conditions_pooled,0,0,-408.89749495668775,0
overall_harmful,final_answer_position,science_battery_016,28,18,all_conditions_pooled,0,1,113.0440496890391,0
overall_harmful,final_answer_position,science_mineral_014,29,18,all_conditions_pooled,0,1,23.738621560898764,0
overall_harmful,final_answer_position,science_mineral_014,29,18,all_conditions_pooled,0,0,-280.92282672497674,0
overall_harmful,final_answer_position,science_mineral_014,29,18,all_conditions_pooled,0,1,219.3599141158893,0
overall_harmful,final_answer_position,science_plant_013,30,18,all_conditions_pooled,0,0,-42.94688607398474,0
overall_harmful,final_answer_position,science_plant_013,30,18,all_conditions_pooled,0,0,-455.06007928953227,0
overall_harmful,final_answer_position,science_plant_013,30,18,all_conditions_pooled,0,1,99.87843845643488,0
overall_harmful,final_answer_position,science_weather_015,31,18,all_conditions_pooled,0,1,49.32179292951034,0
overall_harmful,final_answer_position,science_weather_015,31,18,all_conditions_pooled,0,0,-287.53457516996014,0
overall_harmful,final_answer_position,science_weather_015,31,18,all_conditions_pooled,0,1,251.88725434287272,0
overall_harmful,final_answer_position,technical_api_022,32,18,all_conditions_pooled,0,1,80.249278368595,0
overall_harmful,final_answer_position,technical_api_022,32,18,all_conditions_pooled,0,0,-255.8271087262363,0
overall_harmful,final_answer_position,technical_api_022,32,18,all_conditions_pooled,0,1,228.2215453335248,0
overall_harmful,final_answer_position,technical_backup_023,33,18,all_conditions_pooled,0,1,10.08399539374755,0
overall_harmful,final_answer_position,technical_backup_023,33,18,all_conditions_pooled,0,0,-310.4740823943911,0
overall_harmful,final_answer_position,technical_backup_023,33,18,all_conditions_pooled,0,1,198.9643814103954,0
overall_harmful,final_answer_position,technical_config_021,34,18,all_conditions_pooled,0,1,16.37868533281422,0
overall_harmful,final_answer_position,technical_config_021,34,18,all_conditions_pooled,0,0,-281.18674704903196,0
overall_harmful,final_answer_position,technical_config_021,34,18,all_conditions_pooled,0,1,136.64802998298813,0
overall_harmful,final_answer_position,technical_feature_flag_024,35,18,all_conditions_pooled,0,1,43.16070762621888,0
overall_harmful,final_answer_position,technical_feature_flag_024,35,18,all_conditions_pooled,0,0,-311.31711861316535,0
overall_harmful,final_answer_position,technical_feature_flag_024,35,18,all_conditions_pooled,0,1,178.56845185620705,0
overall_harmful,final_answer_position,academic_attendance_019,0,19,all_conditions_pooled,0,1,365.2307726089897,0
overall_harmful,final_answer_position,academic_attendance_019,0,19,all_conditions_pooled,0,0,-848.6000920721071,1
overall_harmful,final_answer_position,academic_attendance_019,0,19,all_conditions_pooled,0,1,518.7214512755329,0
overall_harmful,final_answer_position,academic_grading_018,1,19,all_conditions_pooled,0,0,-31.315162160740442,0
overall_harmful,final_answer_position,academic_grading_018,1,19,all_conditions_pooled,0,0,-284.1828491492839,0
overall_harmful,final_answer_position,academic_grading_018,1,19,all_conditions_pooled,0,1,76.15970540014821,0
overall_harmful,final_answer_position,academic_latework_020,2,19,all_conditions_pooled,0,1,259.35455122735755,0
overall_harmful,final_answer_position,academic_latework_020,2,19,all_conditions_pooled,0,1,49.58139475702269,0
overall_harmful,final_answer_position,academic_latework_020,2,19,all_conditions_pooled,0,1,390.78948780923724,0
overall_harmful,final_answer_position,academic_prereq_017,3,19,all_conditions_pooled,0,0,-46.71492880878637,0
overall_harmful,final_answer_position,academic_prereq_017,3,19,all_conditions_pooled,0,0,-387.6835976029495,0
overall_harmful,final_answer_position,academic_prereq_017,3,19,all_conditions_pooled,0,0,-34.184128454851994,0
overall_harmful,final_answer_position,contract_rental_029,4,19,all_conditions_pooled,0,1,28.554354568592935,0
overall_harmful,final_answer_position,contract_rental_029,4,19,all_conditions_pooled,0,0,-321.39138196200935,0
overall_harmful,final_answer_position,contract_rental_029,4,19,all_conditions_pooled,0,1,22.478982363570708,0
overall_harmful,final_answer_position,contract_service_030,5,19,all_conditions_pooled,0,1,110.48753985226108,0
overall_harmful,final_answer_position,contract_service_030,5,19,all_conditions_pooled,0,0,-263.8332075178473,0
overall_harmful,final_answer_position,contract_service_030,5,19,all_conditions_pooled,0,1,134.697774416477,0
overall_harmful,final_answer_position,contract_ticket_032,6,19,all_conditions_pooled,0,1,54.57718190965859,0
overall_harmful,final_answer_position,contract_ticket_032,6,19,all_conditions_pooled,0,0,-244.9590992868133,0
overall_harmful,final_answer_position,contract_ticket_032,6,19,all_conditions_pooled,0,1,89.18829635683912,0
overall_harmful,final_answer_position,contract_warranty_031,7,19,all_conditions_pooled,0,0,-1.5018468117166108,0
overall_harmful,final_answer_position,contract_warranty_031,7,19,all_conditions_pooled,0,0,-390.32894267172395,0
overall_harmful,final_answer_position,contract_warranty_031,7,19,all_conditions_pooled,0,0,-7.77101728106641,0
overall_harmful,final_answer_position,finance_budget_007,8,19,all_conditions_pooled,0,1,65.81153385567606,0
overall_harmful,final_answer_position,finance_budget_007,8,19,all_conditions_pooled,0,0,-306.40228491162577,0
overall_harmful,final_answer_position,finance_budget_007,8,19,all_conditions_pooled,0,1,98.55897624758117,0
overall_harmful,final_answer_position,finance_coupon_006,9,19,all_conditions_pooled,0,1,118.7905923176798,0
overall_harmful,final_answer_position,finance_coupon_006,9,19,all_conditions_pooled,0,0,-250.90837783333376,0
overall_harmful,final_answer_position,finance_coupon_006,9,19,all_conditions_pooled,0,1,105.61768860732982,0
overall_harmful,final_answer_position,finance_membership_008,10,19,all_conditions_pooled,0,1,210.8475879572563,0
overall_harmful,final_answer_position,finance_membership_008,10,19,all_conditions_pooled,0,0,-41.58437406567352,0
overall_harmful,final_answer_position,finance_membership_008,10,19,all_conditions_pooled,0,1,302.4603621600261,0
overall_harmful,final_answer_position,finance_refund_005,11,19,all_conditions_pooled,0,1,127.30647184624252,0
overall_harmful,final_answer_position,finance_refund_005,11,19,all_conditions_pooled,0,0,-150.31901918640727,0
overall_harmful,final_answer_position,finance_refund_005,11,19,all_conditions_pooled,0,1,224.93857421445722,0
overall_harmful,final_answer_position,logic_access_033,12,19,all_conditions_pooled,0,1,41.90577381751217,0
overall_harmful,final_answer_position,logic_access_033,12,19,all_conditions_pooled,0,0,-243.96661010418893,0
overall_harmful,final_answer_position,logic_access_033,12,19,all_conditions_pooled,0,1,67.42810230687044,0
overall_harmful,final_answer_position,logic_eligibility_034,13,19,all_conditions_pooled,0,1,166.52174823125347,0
overall_harmful,final_answer_position,logic_eligibility_034,13,19,all_conditions_pooled,0,0,-223.24666492850437,0
overall_harmful,final_answer_position,logic_eligibility_034,13,19,all_conditions_pooled,0,1,193.4656436948698,0
overall_harmful,final_answer_position,logic_shipping_035,14,19,all_conditions_pooled,0,1,44.541992168550166,0
overall_harmful,final_answer_position,logic_shipping_035,14,19,all_conditions_pooled,0,1,35.46678906751264,0
overall_harmful,final_answer_position,logic_shipping_035,14,19,all_conditions_pooled,0,1,46.56643678475345,1
overall_harmful,final_answer_position,logic_tournament_036,15,19,all_conditions_pooled,0,1,372.0705815423433,0
overall_harmful,final_answer_position,logic_tournament_036,15,19,all_conditions_pooled,0,1,28.814368684622373,0
overall_harmful,final_answer_position,logic_tournament_036,15,19,all_conditions_pooled,0,1,439.5759867398714,0
overall_harmful,final_answer_position,policy_lab_access_002,16,19,all_conditions_pooled,0,1,74.07667730622734,0
overall_harmful,final_answer_position,policy_lab_access_002,16,19,all_conditions_pooled,0,0,-247.4010988868455,0
overall_harmful,final_answer_position,policy_lab_access_002,16,19,all_conditions_pooled,0,1,163.5516094430544,0
overall_harmful,final_answer_position,policy_library_checkout_003,17,19,all_conditions_pooled,0,1,59.024558597581944,0
overall_harmful,final_answer_position,policy_library_checkout_003,17,19,all_conditions_pooled,0,0,-182.84430819342103,0
overall_harmful,final_answer_position,policy_library_checkout_003,17,19,all_conditions_pooled,0,1,110.13465088304795,0
overall_harmful,final_answer_position,policy_lunch_pass_001,18,19,all_conditions_pooled,0,0,-60.300313777076205,0
overall_harmful,final_answer_position,policy_lunch_pass_001,18,19,all_conditions_pooled,0,0,-352.7903887985255,0
overall_harmful,final_answer_position,policy_lunch_pass_001,18,19,all_conditions_pooled,0,0,-23.90582892914993,0
overall_harmful,final_answer_position,policy_rec_center_004,19,19,all_conditions_pooled,0,0,-407.4662836104251,1
overall_harmful,final_answer_position,policy_rec_center_004,19,19,all_conditions_pooled,0,0,-436.307369710496,0
overall_harmful,final_answer_position,policy_rec_center_004,19,19,all_conditions_pooled,0,0,-246.76082009846414,0
overall_harmful,final_answer_position,product_specs_025,20,19,all_conditions_pooled,0,1,64.82907205341112,0
overall_harmful,final_answer_position,product_specs_025,20,19,all_conditions_pooled,0,0,-274.31948069482576,0
overall_harmful,final_answer_position,product_specs_025,20,19,all_conditions_pooled,0,1,71.72884698763674,0
overall_harmful,final_answer_position,product_specs_026,21,19,all_conditions_pooled,0,1,64.85257713741561,0
overall_harmful,final_answer_position,product_specs_026,21,19,all_conditions_pooled,0,0,-189.2873724269681,0
overall_harmful,final_answer_position,product_specs_026,21,19,all_conditions_pooled,0,1,130.46468268832936,0
overall_harmful,final_answer_position,product_specs_027,22,19,all_conditions_pooled,0,0,-41.8356747590044,0
overall_harmful,final_answer_position,product_specs_027,22,19,all_conditions_pooled,0,0,-390.1392436612879,0
overall_harmful,final_answer_position,product_specs_027,22,19,all_conditions_pooled,0,0,-18.26874120550259,0
overall_harmful,final_answer_position,product_specs_028,23,19,all_conditions_pooled,0,1,147.25949697867455,0
overall_harmful,final_answer_position,product_specs_028,23,19,all_conditions_pooled,0,0,-136.550238996777,0
overall_harmful,final_answer_position,product_specs_028,23,19,all_conditions_pooled,0,1,185.17648288666078,0
overall_harmful,final_answer_position,schedule_clinic_011,24,19,all_conditions_pooled,0,0,-26.314765926753964,0
overall_harmful,final_answer_position,schedule_clinic_011,24,19,all_conditions_pooled,0,0,-426.38965312921806,0
overall_harmful,final_answer_position,schedule_clinic_011,24,19,all_conditions_pooled,0,0,-65.7893192982784,0
overall_harmful,final_answer_position,schedule_exam_010,25,19,all_conditions_pooled,0,0,-174.03410855136238,0
overall_harmful,final_answer_position,schedule_exam_010,25,19,all_conditions_pooled,0,0,-262.28781109779106,0
overall_harmful,final_answer_position,schedule_exam_010,25,19,all_conditions_pooled,0,0,-155.73712043571504,1
overall_harmful,final_answer_position,schedule_train_009,26,19,all_conditions_pooled,0,1,224.6349589554494,0
overall_harmful,final_answer_position,schedule_train_009,26,19,all_conditions_pooled,0,0,-173.2338783329813,0
overall_harmful,final_answer_position,schedule_train_009,26,19,all_conditions_pooled,0,1,285.5466911026043,0
overall_harmful,final_answer_position,schedule_workshop_012,27,19,all_conditions_pooled,0,0,-28.808533977678106,0
overall_harmful,final_answer_position,schedule_workshop_012,27,19,all_conditions_pooled,0,0,-361.94708665785157,0
overall_harmful,final_answer_position,schedule_workshop_012,27,19,all_conditions_pooled,0,1,11.863954180699931,0
overall_harmful,final_answer_position,science_battery_016,28,19,all_conditions_pooled,0,1,93.22617673218896,0
overall_harmful,final_answer_position,science_battery_016,28,19,all_conditions_pooled,0,0,-312.9799220604046,0
overall_harmful,final_answer_position,science_battery_016,28,19,all_conditions_pooled,0,1,161.52351530028304,0
overall_harmful,final_answer_position,science_mineral_014,29,19,all_conditions_pooled,0,1,42.618741643063004,0
overall_harmful,final_answer_position,science_mineral_014,29,19,all_conditions_pooled,0,0,-324.43363150994674,0
overall_harmful,final_answer_position,science_mineral_014,29,19,all_conditions_pooled,0,1,110.45525181307903,0
overall_harmful,final_answer_position,science_plant_013,30,19,all_conditions_pooled,0,1,165.598270508032,0
overall_harmful,final_answer_position,science_plant_013,30,19,all_conditions_pooled,0,0,-238.4600035863431,0
overall_harmful,final_answer_position,science_plant_013,30,19,all_conditions_pooled,0,1,257.2631959561601,0
overall_harmful,final_answer_position,science_weather_015,31,19,all_conditions_pooled,0,1,317.93783799682456,0
overall_harmful,final_answer_position,science_weather_015,31,19,all_conditions_pooled,0,0,-92.6534112751565,0
overall_harmful,final_answer_position,science_weather_015,31,19,all_conditions_pooled,0,1,444.36765209825427,0
overall_harmful,final_answer_position,technical_api_022,32,19,all_conditions_pooled,0,1,273.72545406176124,0
overall_harmful,final_answer_position,technical_api_022,32,19,all_conditions_pooled,0,1,5.016158789458093,0
overall_harmful,final_answer_position,technical_api_022,32,19,all_conditions_pooled,0,1,342.65989882423577,0
overall_harmful,final_answer_position,technical_backup_023,33,19,all_conditions_pooled,0,0,-82.17990966194738,0
overall_harmful,final_answer_position,technical_backup_023,33,19,all_conditions_pooled,0,0,-388.4828985806713,0
overall_harmful,final_answer_position,technical_backup_023,33,19,all_conditions_pooled,0,1,15.229925858835763,0
overall_harmful,final_answer_position,technical_config_021,34,19,all_conditions_pooled,0,1,47.0396869785871,0
overall_harmful,final_answer_position,technical_config_021,34,19,all_conditions_pooled,0,0,-232.55705408933636,0
overall_harmful,final_answer_position,technical_config_021,34,19,all_conditions_pooled,0,1,59.05546173278469,0
overall_harmful,final_answer_position,technical_feature_flag_024,35,19,all_conditions_pooled,0,0,-4.292951392443012,0
overall_harmful,final_answer_position,technical_feature_flag_024,35,19,all_conditions_pooled,0,0,-441.0654983064714,0
overall_harmful,final_answer_position,technical_feature_flag_024,35,19,all_conditions_pooled,0,0,-28.72649377028128,0
overall_harmful,final_answer_position,academic_attendance_019,0,20,all_conditions_pooled,0,1,279.5215459676248,0
overall_harmful,final_answer_position,academic_attendance_019,0,20,all_conditions_pooled,0,0,-522.4994144577056,1
overall_harmful,final_answer_position,academic_attendance_019,0,20,all_conditions_pooled,0,1,441.50006534905174,0
overall_harmful,final_answer_position,academic_grading_018,1,20,all_conditions_pooled,0,1,81.52137983590484,0
overall_harmful,final_answer_position,academic_grading_018,1,20,all_conditions_pooled,0,0,-128.7359464089583,0
overall_harmful,final_answer_position,academic_grading_018,1,20,all_conditions_pooled,0,1,121.24927277106065,0
overall_harmful,final_answer_position,academic_latework_020,2,20,all_conditions_pooled,0,1,310.4726782775939,0
overall_harmful,final_answer_position,academic_latework_020,2,20,all_conditions_pooled,0,1,45.86793866501361,0
overall_harmful,final_answer_position,academic_latework_020,2,20,all_conditions_pooled,0,1,443.636435368463,0
overall_harmful,final_answer_position,academic_prereq_017,3,20,all_conditions_pooled,0,0,-49.796174117717655,0
overall_harmful,final_answer_position,academic_prereq_017,3,20,all_conditions_pooled,0,0,-320.26068551464743,0
overall_harmful,final_answer_position,academic_prereq_017,3,20,all_conditions_pooled,0,0,-14.929326939951196,0
overall_harmful,final_answer_position,contract_rental_029,4,20,all_conditions_pooled,0,0,-57.45168767349564,0
overall_harmful,final_answer_position,contract_rental_029,4,20,all_conditions_pooled,0,0,-387.58706198596764,0
overall_harmful,final_answer_position,contract_rental_029,4,20,all_conditions_pooled,0,0,-87.66645736446843,0
overall_harmful,final_answer_position,contract_service_030,5,20,all_conditions_pooled,0,1,116.0810667280006,0
overall_harmful,final_answer_position,contract_service_030,5,20,all_conditions_pooled,0,0,-128.68823195605194,0
overall_harmful,final_answer_position,contract_service_030,5,20,all_conditions_pooled,0,1,108.76401527546122,0
overall_harmful,final_answer_position,contract_ticket_032,6,20,all_conditions_pooled,0,1,132.4921959031571,0
overall_harmful,final_answer_position,contract_ticket_032,6,20,all_conditions_pooled,0,0,-110.9329276349713,0
overall_harmful,final_answer_position,contract_ticket_032,6,20,all_conditions_pooled,0,1,222.49305110359217,0
overall_harmful,final_answer_position,contract_warranty_031,7,20,all_conditions_pooled,0,0,-58.14957411099114,0
overall_harmful,final_answer_position,contract_warranty_031,7,20,all_conditions_pooled,0,0,-412.54510278646194,0
overall_harmful,final_answer_position,contract_warranty_031,7,20,all_conditions_pooled,0,0,-143.16827497736477,0
overall_harmful,final_answer_position,finance_budget_007,8,20,all_conditions_pooled,0,1,23.216212243649018,0
overall_harmful,final_answer_position,finance_budget_007,8,20,all_conditions_pooled,0,0,-245.7331530853135,0
overall_harmful,final_answer_position,finance_budget_007,8,20,all_conditions_pooled,0,1,15.839979855109853,0
overall_harmful,final_answer_position,finance_coupon_006,9,20,all_conditions_pooled,0,0,-4.7337584258252505,0
overall_harmful,final_answer_position,finance_coupon_006,9,20,all_conditions_pooled,0,0,-218.2265317287055,0
overall_harmful,final_answer_position,finance_coupon_006,9,20,all_conditions_pooled,0,0,-11.742539248480373,0
overall_harmful,final_answer_position,finance_membership_008,10,20,all_conditions_pooled,0,1,258.30357279721443,0
overall_harmful,final_answer_position,finance_membership_008,10,20,all_conditions_pooled,0,1,56.79266359570592,0
overall_harmful,final_answer_position,finance_membership_008,10,20,all_conditions_pooled,0,1,306.1639104815613,0
overall_harmful,final_answer_position,finance_refund_005,11,20,all_conditions_pooled,0,1,130.4221766119462,0
overall_harmful,final_answer_position,finance_refund_005,11,20,all_conditions_pooled,0,0,-61.53064990631288,0
overall_harmful,final_answer_position,finance_refund_005,11,20,all_conditions_pooled,0,1,141.93937714170593,0
overall_harmful,final_answer_position,logic_access_033,12,20,all_conditions_pooled,0,0,-116.8323011348186,0
overall_harmful,final_answer_position,logic_access_033,12,20,all_conditions_pooled,0,0,-429.90869827599647,0
overall_harmful,final_answer_position,logic_access_033,12,20,all_conditions_pooled,0,0,-155.312248015887,0
overall_harmful,final_answer_position,logic_eligibility_034,13,20,all_conditions_pooled,0,0,-57.93717896267904,0
overall_harmful,final_answer_position,logic_eligibility_034,13,20,all_conditions_pooled,0,0,-260.99947254807626,0
overall_harmful,final_answer_position,logic_eligibility_034,13,20,all_conditions_pooled,0,0,-29.20356645600311,0
overall_harmful,final_answer_position,logic_shipping_035,14,20,all_conditions_pooled,0,0,-49.169870622917934,0
overall_harmful,final_answer_position,logic_shipping_035,14,20,all_conditions_pooled,0,0,-43.60658623816563,0
overall_harmful,final_answer_position,logic_shipping_035,14,20,all_conditions_pooled,0,0,-25.111678776004812,1
overall_harmful,final_answer_position,logic_tournament_036,15,20,all_conditions_pooled,0,1,636.7620460887179,0
overall_harmful,final_answer_position,logic_tournament_036,15,20,all_conditions_pooled,0,1,359.26821436300645,0
overall_harmful,final_answer_position,logic_tournament_036,15,20,all_conditions_pooled,0,1,757.9109149425116,0
overall_harmful,final_answer_position,policy_lab_access_002,16,20,all_conditions_pooled,0,1,46.29915728432886,0
overall_harmful,final_answer_position,policy_lab_access_002,16,20,all_conditions_pooled,0,0,-285.73003786168755,0
overall_harmful,final_answer_position,policy_lab_access_002,16,20,all_conditions_pooled,0,1,132.73490493338517,0
overall_harmful,final_answer_position,policy_library_checkout_003,17,20,all_conditions_pooled,0,1,60.490046661695004,0
overall_harmful,final_answer_position,policy_library_checkout_003,17,20,all_conditions_pooled,0,0,-100.13881569456521,0
overall_harmful,final_answer_position,policy_library_checkout_003,17,20,all_conditions_pooled,0,1,171.16959743409345,0
overall_harmful,final_answer_position,policy_lunch_pass_001,18,20,all_conditions_pooled,0,0,-104.24132325609528,0
overall_harmful,final_answer_position,policy_lunch_pass_001,18,20,all_conditions_pooled,0,0,-326.2136802189624,0
overall_harmful,final_answer_position,policy_lunch_pass_001,18,20,all_conditions_pooled,0,0,-81.11973438081698,0
overall_harmful,final_answer_position,policy_rec_center_004,19,20,all_conditions_pooled,0,0,-590.8852317773949,1
overall_harmful,final_answer_position,policy_rec_center_004,19,20,all_conditions_pooled,0,0,-443.82734248162615,0
overall_harmful,final_answer_position,policy_rec_center_004,19,20,all_conditions_pooled,0,0,-564.0695077657768,0
overall_harmful,final_answer_position,product_specs_025,20,20,all_conditions_pooled,0,1,27.95492876536474,0
overall_harmful,final_answer_position,product_specs_025,20,20,all_conditions_pooled,0,0,-195.86362315721505,0
overall_harmful,final_answer_position,product_specs_025,20,20,all_conditions_pooled,0,1,34.3673440806938,0
overall_harmful,final_answer_position,product_specs_026,21,20,all_conditions_pooled,0,1,31.81398163400705,0
overall_harmful,final_answer_position,product_specs_026,21,20,all_conditions_pooled,0,0,-174.84772956942186,0
overall_harmful,final_answer_position,product_specs_026,21,20,all_conditions_pooled,0,1,138.64575238167038,0
overall_harmful,final_answer_position,product_specs_027,22,20,all_conditions_pooled,0,0,-37.681693005946826,0
overall_harmful,final_answer_position,product_specs_027,22,20,all_conditions_pooled,0,0,-277.4296401833165,0
overall_harmful,final_answer_position,product_specs_027,22,20,all_conditions_pooled,0,0,-43.587673212835455,0
overall_harmful,final_answer_position,product_specs_028,23,20,all_conditions_pooled,0,1,86.50185328508276,0
overall_harmful,final_answer_position,product_specs_028,23,20,all_conditions_pooled,0,0,-169.23159488244363,0
overall_harmful,final_answer_position,product_specs_028,23,20,all_conditions_pooled,0,1,163.65792921434553,0
overall_harmful,final_answer_position,schedule_clinic_011,24,20,all_conditions_pooled,0,0,-125.54265960662994,0
overall_harmful,final_answer_position,schedule_clinic_011,24,20,all_conditions_pooled,0,0,-464.561881716041,0
overall_harmful,final_answer_position,schedule_clinic_011,24,20,all_conditions_pooled,0,0,-207.2531277100757,0
overall_harmful,final_answer_position,schedule_exam_010,25,20,all_conditions_pooled,0,0,-368.79174300767056,0
overall_harmful,final_answer_position,schedule_exam_010,25,20,all_conditions_pooled,0,0,-328.2723808529161,0
overall_harmful,final_answer_position,schedule_exam_010,25,20,all_conditions_pooled,0,0,-554.9264323550992,1
overall_harmful,final_answer_position,schedule_train_009,26,20,all_conditions_pooled,0,1,52.19663829219117,0
overall_harmful,final_answer_position,schedule_train_009,26,20,all_conditions_pooled,0,0,-139.50093252529888,0
overall_harmful,final_answer_position,schedule_train_009,26,20,all_conditions_pooled,0,1,152.20050474724917,0
overall_harmful,final_answer_position,schedule_workshop_012,27,20,all_conditions_pooled,0,1,25.01745831786873,0
overall_harmful,final_answer_position,schedule_workshop_012,27,20,all_conditions_pooled,0,0,-152.8945548638076,0
overall_harmful,final_answer_position,schedule_workshop_012,27,20,all_conditions_pooled,0,1,92.70498026029091,0
overall_harmful,final_answer_position,science_battery_016,28,20,all_conditions_pooled,0,1,11.162813032005225,0
overall_harmful,final_answer_position,science_battery_016,28,20,all_conditions_pooled,0,0,-246.25501115519774,0
overall_harmful,final_answer_position,science_battery_016,28,20,all_conditions_pooled,0,1,110.1790686655383,0
overall_harmful,final_answer_position,science_mineral_014,29,20,all_conditions_pooled,0,0,-171.37378823341777,0
overall_harmful,final_answer_position,science_mineral_014,29,20,all_conditions_pooled,0,0,-438.9717071613477,0
overall_harmful,final_answer_position,science_mineral_014,29,20,all_conditions_pooled,0,0,-139.55230152072428,0
overall_harmful,final_answer_position,science_plant_013,30,20,all_conditions_pooled,0,0,-197.69588843891108,0
overall_harmful,final_answer_position,science_plant_013,30,20,all_conditions_pooled,0,0,-375.8176474027615,0
overall_harmful,final_answer_position,science_plant_013,30,20,all_conditions_pooled,0,0,-111.40087842627223,0
overall_harmful,final_answer_position,science_weather_015,31,20,all_conditions_pooled,0,1,443.96886436140323,0
overall_harmful,final_answer_position,science_weather_015,31,20,all_conditions_pooled,0,1,291.3028620202874,0
overall_harmful,final_answer_position,science_weather_015,31,20,all_conditions_pooled,0,1,698.6241705512056,0
overall_harmful,final_answer_position,technical_api_022,32,20,all_conditions_pooled,0,1,188.45247579398833,0
overall_harmful,final_answer_position,technical_api_022,32,20,all_conditions_pooled,0,1,23.277496431481637,0
overall_harmful,final_answer_position,technical_api_022,32,20,all_conditions_pooled,0,1,290.9286902650105,0
overall_harmful,final_answer_position,technical_backup_023,33,20,all_conditions_pooled,0,1,33.028108926287075,0
overall_harmful,final_answer_position,technical_backup_023,33,20,all_conditions_pooled,0,0,-160.87425743195536,0
overall_harmful,final_answer_position,technical_backup_023,33,20,all_conditions_pooled,0,1,89.27779446025107,0
overall_harmful,final_answer_position,technical_config_021,34,20,all_conditions_pooled,0,1,143.43826938226277,0
overall_harmful,final_answer_position,technical_config_021,34,20,all_conditions_pooled,0,0,-95.93702024919894,0
overall_harmful,final_answer_position,technical_config_021,34,20,all_conditions_pooled,0,1,103.25211616298895,0
overall_harmful,final_answer_position,technical_feature_flag_024,35,20,all_conditions_pooled,0,1,44.2790445831461,0
overall_harmful,final_answer_position,technical_feature_flag_024,35,20,all_conditions_pooled,0,0,-323.2683270847972,0
overall_harmful,final_answer_position,technical_feature_flag_024,35,20,all_conditions_pooled,0,0,-76.75577698157993,0
overall_harmful,final_answer_position,academic_attendance_019,0,21,all_conditions_pooled,0,1,290.7902056768794,0
overall_harmful,final_answer_position,academic_attendance_019,0,21,all_conditions_pooled,0,0,-474.0236639085276,1
overall_harmful,final_answer_position,academic_attendance_019,0,21,all_conditions_pooled,0,1,512.9211144832979,0
overall_harmful,final_answer_position,academic_grading_018,1,21,all_conditions_pooled,0,1,77.54050921895507,0
overall_harmful,final_answer_position,academic_grading_018,1,21,all_conditions_pooled,0,0,-31.282235915012222,0
overall_harmful,final_answer_position,academic_grading_018,1,21,all_conditions_pooled,0,1,206.50658532661532,0
overall_harmful,final_answer_position,academic_latework_020,2,21,all_conditions_pooled,0,1,334.69445798356605,0
overall_harmful,final_answer_position,academic_latework_020,2,21,all_conditions_pooled,0,1,110.55421737896071,0
overall_harmful,final_answer_position,academic_latework_020,2,21,all_conditions_pooled,0,1,532.1175712785016,0
overall_harmful,final_answer_position,academic_prereq_017,3,21,all_conditions_pooled,0,0,-54.45188155195183,0
overall_harmful,final_answer_position,academic_prereq_017,3,21,all_conditions_pooled,0,0,-280.6277648276357,0
overall_harmful,final_answer_position,academic_prereq_017,3,21,all_conditions_pooled,0,0,-39.86246336004365,0
overall_harmful,final_answer_position,contract_rental_029,4,21,all_conditions_pooled,0,0,-82.61673578285593,0
overall_harmful,final_answer_position,contract_rental_029,4,21,all_conditions_pooled,0,0,-333.06807871155615,0
overall_harmful,final_answer_position,contract_rental_029,4,21,all_conditions_pooled,0,0,-108.29440883283785,0
overall_harmful,final_answer_position,contract_service_030,5,21,all_conditions_pooled,0,1,22.725877496643307,0
overall_harmful,final_answer_position,contract_service_030,5,21,all_conditions_pooled,0,0,-133.68225791009885,0
overall_harmful,final_answer_position,contract_service_030,5,21,all_conditions_pooled,0,1,32.67192637668936,0
overall_harmful,final_answer_position,contract_ticket_032,6,21,all_conditions_pooled,0,1,38.64114202677038,0
overall_harmful,final_answer_position,contract_ticket_032,6,21,all_conditions_pooled,0,0,-138.0122209584855,0
overall_harmful,final_answer_position,contract_ticket_032,6,21,all_conditions_pooled,0,1,149.91273811013062,0
overall_harmful,final_answer_position,contract_warranty_031,7,21,all_conditions_pooled,0,0,-127.47764188045963,0
overall_harmful,final_answer_position,contract_warranty_031,7,21,all_conditions_pooled,0,0,-392.1672068770247,0
overall_harmful,final_answer_position,contract_warranty_031,7,21,all_conditions_pooled,0,0,-178.69507303806424,0
overall_harmful,final_answer_position,finance_budget_007,8,21,all_conditions_pooled,0,0,-11.515051797187969,0
overall_harmful,final_answer_position,finance_budget_007,8,21,all_conditions_pooled,0,0,-100.73741469582106,0
overall_harmful,final_answer_position,finance_budget_007,8,21,all_conditions_pooled,0,1,26.900141678872878,0
overall_harmful,final_answer_position,finance_coupon_006,9,21,all_conditions_pooled,0,0,-40.070590617774556,0
overall_harmful,final_answer_position,finance_coupon_006,9,21,all_conditions_pooled,0,0,-154.42388668579633,0
overall_harmful,final_answer_position,finance_coupon_006,9,21,all_conditions_pooled,0,0,-32.323658044999455,0
overall_harmful,final_answer_position,finance_membership_008,10,21,all_conditions_pooled,0,1,195.27549819172654,0
overall_harmful,final_answer_position,finance_membership_008,10,21,all_conditions_pooled,0,1,38.03176713792543,0
overall_harmful,final_answer_position,finance_membership_008,10,21,all_conditions_pooled,0,1,241.59423203822848,0
overall_harmful,final_answer_position,finance_refund_005,11,21,all_conditions_pooled,0,1,70.34038568037636,0
overall_harmful,final_answer_position,finance_refund_005,11,21,all_conditions_pooled,0,0,-106.30326655042856,0
overall_harmful,final_answer_position,finance_refund_005,11,21,all_conditions_pooled,0,1,92.17981461019495,0
overall_harmful,final_answer_position,logic_access_033,12,21,all_conditions_pooled,0,0,-64.92102791430148,0
overall_harmful,final_answer_position,logic_access_033,12,21,all_conditions_pooled,0,0,-333.35631139050895,0
overall_harmful,final_answer_position,logic_access_033,12,21,all_conditions_pooled,0,0,-107.23695358159074,0
overall_harmful,final_answer_position,logic_eligibility_034,13,21,all_conditions_pooled,0,0,-54.70562615984369,0
overall_harmful,final_answer_position,logic_eligibility_034,13,21,all_conditions_pooled,0,0,-191.34309187295045,0
overall_harmful,final_answer_position,logic_eligibility_034,13,21,all_conditions_pooled,0,0,-28.836461702782866,0
overall_harmful,final_answer_position,logic_shipping_035,14,21,all_conditions_pooled,0,0,-85.59571278269846,0
overall_harmful,final_answer_position,logic_shipping_035,14,21,all_conditions_pooled,0,1,60.58412527059073,0
overall_harmful,final_answer_position,logic_shipping_035,14,21,all_conditions_pooled,0,1,28.0192271021494,1
overall_harmful,final_answer_position,logic_tournament_036,15,21,all_conditions_pooled,0,1,516.5801069352693,0
overall_harmful,final_answer_position,logic_tournament_036,15,21,all_conditions_pooled,0,1,330.30268872341196,0
overall_harmful,final_answer_position,logic_tournament_036,15,21,all_conditions_pooled,0,1,625.0435215008745,0
overall_harmful,final_answer_position,policy_lab_access_002,16,21,all_conditions_pooled,0,1,1.0570521407211864,0
overall_harmful,final_answer_position,policy_lab_access_002,16,21,all_conditions_pooled,0,0,-222.3114985619158,0
overall_harmful,final_answer_position,policy_lab_access_002,16,21,all_conditions_pooled,0,1,92.97576445375397,0
overall_harmful,final_answer_position,policy_library_checkout_003,17,21,all_conditions_pooled,0,0,-16.420307189862747,0
overall_harmful,final_answer_position,policy_library_checkout_003,17,21,all_conditions_pooled,0,0,-146.0043540644076,0
overall_harmful,final_answer_position,policy_library_checkout_003,17,21,all_conditions_pooled,0,1,90.84348171669416,0
overall_harmful,final_answer_position,policy_lunch_pass_001,18,21,all_conditions_pooled,0,0,-118.90357456693533,0
overall_harmful,final_answer_position,policy_lunch_pass_001,18,21,all_conditions_pooled,0,0,-300.58085324949764,0
overall_harmful,final_answer_position,policy_lunch_pass_001,18,21,all_conditions_pooled,0,0,-95.41787523324234,0
overall_harmful,final_answer_position,policy_rec_center_004,19,21,all_conditions_pooled,0,0,-487.0742528496847,1
overall_harmful,final_answer_position,policy_rec_center_004,19,21,all_conditions_pooled,0,0,-375.72254521714365,0
overall_harmful,final_answer_position,policy_rec_center_004,19,21,all_conditions_pooled,0,0,-430.54935966340855,0
overall_harmful,final_answer_position,product_specs_025,20,21,all_conditions_pooled,0,0,-27.156546698991413,0
overall_harmful,final_answer_position,product_specs_025,20,21,all_conditions_pooled,0,0,-239.76851943218142,0
overall_harmful,final_answer_position,product_specs_025,20,21,all_conditions_pooled,0,0,-33.51917855988414,0
overall_harmful,final_answer_position,product_specs_026,21,21,all_conditions_pooled,0,1,22.72512109777132,0
overall_harmful,final_answer_position,product_specs_026,21,21,all_conditions_pooled,0,0,-132.98247496699864,0
overall_harmful,final_answer_position,product_specs_026,21,21,all_conditions_pooled,0,1,124.02768557168812,0
overall_harmful,final_answer_position,product_specs_027,22,21,all_conditions_pooled,0,0,-67.62966111706021,0
overall_harmful,final_answer_position,product_specs_027,22,21,all_conditions_pooled,0,0,-220.1185863472474,0
overall_harmful,final_answer_position,product_specs_027,22,21,all_conditions_pooled,0,0,-80.05775591803281,0
overall_harmful,final_answer_position,product_specs_028,23,21,all_conditions_pooled,0,0,-16.424705454441067,0
overall_harmful,final_answer_position,product_specs_028,23,21,all_conditions_pooled,0,0,-217.6623531496711,0
overall_harmful,final_answer_position,product_specs_028,23,21,all_conditions_pooled,0,1,23.372067951051612,0
overall_harmful,final_answer_position,schedule_clinic_011,24,21,all_conditions_pooled,0,0,-127.0997692340645,0
overall_harmful,final_answer_position,schedule_clinic_011,24,21,all_conditions_pooled,0,0,-372.30610900616637,0
overall_harmful,final_answer_position,schedule_clinic_011,24,21,all_conditions_pooled,0,0,-150.4167364993206,0
overall_harmful,final_answer_position,schedule_exam_010,25,21,all_conditions_pooled,0,0,-334.3081614954283,0
overall_harmful,final_answer_position,schedule_exam_010,25,21,all_conditions_pooled,0,0,-348.8115409994386,0
overall_harmful,final_answer_position,schedule_exam_010,25,21,all_conditions_pooled,0,0,-492.4101116479476,1
overall_harmful,final_answer_position,schedule_train_009,26,21,all_conditions_pooled,0,1,20.615938294389004,0
overall_harmful,final_answer_position,schedule_train_009,26,21,all_conditions_pooled,0,0,-106.37975357972729,0
overall_harmful,final_answer_position,schedule_train_009,26,21,all_conditions_pooled,0,1,143.7422076927757,0
overall_harmful,final_answer_position,schedule_workshop_012,27,21,all_conditions_pooled,0,0,-4.687804938953864,0
overall_harmful,final_answer_position,schedule_workshop_012,27,21,all_conditions_pooled,0,0,-115.42785506206458,0
overall_harmful,final_answer_position,schedule_workshop_012,27,21,all_conditions_pooled,0,1,62.94299814645086,0
overall_harmful,final_answer_position,science_battery_016,28,21,all_conditions_pooled,0,0,-70.40102425077772,0
overall_harmful,final_answer_position,science_battery_016,28,21,all_conditions_pooled,0,0,-176.10319768600414,0
overall_harmful,final_answer_position,science_battery_016,28,21,all_conditions_pooled,0,1,44.9358581016937,0
overall_harmful,final_answer_position,science_mineral_014,29,21,all_conditions_pooled,0,0,-194.42463811286257,0
overall_harmful,final_answer_position,science_mineral_014,29,21,all_conditions_pooled,0,0,-428.09974616349393,0
overall_harmful,final_answer_position,science_mineral_014,29,21,all_conditions_pooled,0,0,-189.5613111640696,0
overall_harmful,final_answer_position,science_plant_013,30,21,all_conditions_pooled,0,0,-133.2629290167564,0
overall_harmful,final_answer_position,science_plant_013,30,21,all_conditions_pooled,0,0,-188.5157246023565,0
overall_harmful,final_answer_position,science_plant_013,30,21,all_conditions_pooled,0,0,-38.4609162614509,0
overall_harmful,final_answer_position,science_weather_015,31,21,all_conditions_pooled,0,1,442.1130072151158,0
overall_harmful,final_answer_position,science_weather_015,31,21,all_conditions_pooled,0,1,554.1966636691784,0
overall_harmful,final_answer_position,science_weather_015,31,21,all_conditions_pooled,0,1,789.3351911054301,0
overall_harmful,final_answer_position,technical_api_022,32,21,all_conditions_pooled,0,1,26.48435162766914,0
overall_harmful,final_answer_position,technical_api_022,32,21,all_conditions_pooled,0,0,-39.40831802916369,0
overall_harmful,final_answer_position,technical_api_022,32,21,all_conditions_pooled,0,1,72.50726177624293,0
overall_harmful,final_answer_position,technical_backup_023,33,21,all_conditions_pooled,0,1,36.256678962659876,0
overall_harmful,final_answer_position,technical_backup_023,33,21,all_conditions_pooled,0,0,-82.99051167473215,0
overall_harmful,final_answer_position,technical_backup_023,33,21,all_conditions_pooled,0,1,102.24420042905902,0
overall_harmful,final_answer_position,technical_config_021,34,21,all_conditions_pooled,0,1,107.68880932279467,0
overall_harmful,final_answer_position,technical_config_021,34,21,all_conditions_pooled,0,0,-54.450867423798314,0
overall_harmful,final_answer_position,technical_config_021,34,21,all_conditions_pooled,0,1,67.52502282025284,0
overall_harmful,final_answer_position,technical_feature_flag_024,35,21,all_conditions_pooled,0,1,8.128546799650184,0
overall_harmful,final_answer_position,technical_feature_flag_024,35,21,all_conditions_pooled,0,0,-238.12037661344692,0
overall_harmful,final_answer_position,technical_feature_flag_024,35,21,all_conditions_pooled,0,0,-71.04362462476172,0
overall_harmful,final_answer_position,academic_attendance_019,0,22,all_conditions_pooled,0,1,266.69687171861295,0
overall_harmful,final_answer_position,academic_attendance_019,0,22,all_conditions_pooled,0,0,-481.0379844141045,1
overall_harmful,final_answer_position,academic_attendance_019,0,22,all_conditions_pooled,0,1,474.6394400714885,0
overall_harmful,final_answer_position,academic_grading_018,1,22,all_conditions_pooled,0,1,63.633366084062985,0
overall_harmful,final_answer_position,academic_grading_018,1,22,all_conditions_pooled,0,0,-75.74427697486448,0
overall_harmful,final_answer_position,academic_grading_018,1,22,all_conditions_pooled,0,1,177.95227322529234,0
overall_harmful,final_answer_position,academic_latework_020,2,22,all_conditions_pooled,0,1,321.0641854511183,0
overall_harmful,final_answer_position,academic_latework_020,2,22,all_conditions_pooled,0,1,120.49000469206291,0
overall_harmful,final_answer_position,academic_latework_020,2,22,all_conditions_pooled,0,1,508.70728189162446,0
overall_harmful,final_answer_position,academic_prereq_017,3,22,all_conditions_pooled,0,0,-107.13142707070841,0
overall_harmful,final_answer_position,academic_prereq_017,3,22,all_conditions_pooled,0,0,-346.4132792904641,0
overall_harmful,final_answer_position,academic_prereq_017,3,22,all_conditions_pooled,0,0,-94.1325329449109,0
overall_harmful,final_answer_position,contract_rental_029,4,22,all_conditions_pooled,0,0,-15.26467212781693,0
overall_harmful,final_answer_position,contract_rental_029,4,22,all_conditions_pooled,0,0,-277.0073805395272,0
overall_harmful,final_answer_position,contract_rental_029,4,22,all_conditions_pooled,0,0,-31.52029497415202,0
overall_harmful,final_answer_position,contract_service_030,5,22,all_conditions_pooled,0,1,14.583052628075343,0
overall_harmful,final_answer_position,contract_service_030,5,22,all_conditions_pooled,0,0,-158.5951373703752,0
overall_harmful,final_answer_position,contract_service_030,5,22,all_conditions_pooled,0,1,28.347982272067924,0
overall_harmful,final_answer_position,contract_ticket_032,6,22,all_conditions_pooled,0,1,15.123189803486156,0
overall_harmful,final_answer_position,contract_ticket_032,6,22,all_conditions_pooled,0,0,-137.14411033892588,0
overall_harmful,final_answer_position,contract_ticket_032,6,22,all_conditions_pooled,0,1,102.3168465841352,0
overall_harmful,final_answer_position,contract_warranty_031,7,22,all_conditions_pooled,0,0,-121.60261065018159,0
overall_harmful,final_answer_position,contract_warranty_031,7,22,all_conditions_pooled,0,0,-399.47972467967975,0
overall_harmful,final_answer_position,contract_warranty_031,7,22,all_conditions_pooled,0,0,-125.39897120587376,0
overall_harmful,final_answer_position,finance_budget_007,8,22,all_conditions_pooled,0,0,-23.310091324449584,0
overall_harmful,final_answer_position,finance_budget_007,8,22,all_conditions_pooled,0,0,-123.66691402832453,0
overall_harmful,final_answer_position,finance_budget_007,8,22,all_conditions_pooled,0,1,41.78085793400234,0
overall_harmful,final_answer_position,finance_coupon_006,9,22,all_conditions_pooled,0,0,-78.62150753529404,0
overall_harmful,final_answer_position,finance_coupon_006,9,22,all_conditions_pooled,0,0,-201.24371539036096,0
overall_harmful,final_answer_position,finance_coupon_006,9,22,all_conditions_pooled,0,0,-66.27531963894417,0
overall_harmful,final_answer_position,finance_membership_008,10,22,all_conditions_pooled,0,1,153.97957381053655,0
overall_harmful,final_answer_position,finance_membership_008,10,22,all_conditions_pooled,0,1,27.631296402887756,0
overall_harmful,final_answer_position,finance_membership_008,10,22,all_conditions_pooled,0,1,199.95195371054655,0
overall_harmful,final_answer_position,finance_refund_005,11,22,all_conditions_pooled,0,1,84.47534821386523,0
overall_harmful,final_answer_position,finance_refund_005,11,22,all_conditions_pooled,0,0,-79.71531494014013,0
overall_harmful,final_answer_position,finance_refund_005,11,22,all_conditions_pooled,0,1,134.63547779590556,0
overall_harmful,final_answer_position,logic_access_033,12,22,all_conditions_pooled,0,0,-74.05058393113092,0
overall_harmful,final_answer_position,logic_access_033,12,22,all_conditions_pooled,0,0,-273.804783129687,0
overall_harmful,final_answer_position,logic_access_033,12,22,all_conditions_pooled,0,0,-70.65287723406838,0
overall_harmful,final_answer_position,logic_eligibility_034,13,22,all_conditions_pooled,0,0,-14.164549806129173,0
overall_harmful,final_answer_position,logic_eligibility_034,13,22,all_conditions_pooled,0,0,-187.00546731840743,0
overall_harmful,final_answer_position,logic_eligibility_034,13,22,all_conditions_pooled,0,1,11.37302269761203,0
overall_harmful,final_answer_position,logic_shipping_035,14,22,all_conditions_pooled,0,0,-81.19677031665933,0
overall_harmful,final_answer_position,logic_shipping_035,14,22,all_conditions_pooled,0,1,84.3830086677913,0
overall_harmful,final_answer_position,logic_shipping_035,14,22,all_conditions_pooled,0,1,50.64562497295154,1
overall_harmful,final_answer_position,logic_tournament_036,15,22,all_conditions_pooled,0,1,468.41294465989193,0
overall_harmful,final_answer_position,logic_tournament_036,15,22,all_conditions_pooled,0,1,291.10154274975196,0
overall_harmful,final_answer_position,logic_tournament_036,15,22,all_conditions_pooled,0,1,569.7077666354073,0
overall_harmful,final_answer_position,policy_lab_access_002,16,22,all_conditions_pooled,0,1,30.161586048711534,0
overall_harmful,final_answer_position,policy_lab_access_002,16,22,all_conditions_pooled,0,0,-232.39770001230872,0
overall_harmful,final_answer_position,policy_lab_access_002,16,22,all_conditions_pooled,0,1,104.92890278501326,0
overall_harmful,final_answer_position,policy_library_checkout_003,17,22,all_conditions_pooled,0,0,-7.165441231388527,0
overall_harmful,final_answer_position,policy_library_checkout_003,17,22,all_conditions_pooled,0,0,-100.40423541793206,0
overall_harmful,final_answer_position,policy_library_checkout_003,17,22,all_conditions_pooled,0,1,85.44630170591316,0
overall_harmful,final_answer_position,policy_lunch_pass_001,18,22,all_conditions_pooled,0,0,-96.32405614399049,0
overall_harmful,final_answer_position,policy_lunch_pass_001,18,22,all_conditions_pooled,0,0,-309.3705761876033,0
overall_harmful,final_answer_position,policy_lunch_pass_001,18,22,all_conditions_pooled,0,0,-83.62906235929741,0
overall_harmful,final_answer_position,policy_rec_center_004,19,22,all_conditions_pooled,0,0,-498.36043337780876,1
overall_harmful,final_answer_position,policy_rec_center_004,19,22,all_conditions_pooled,0,0,-460.24810448063795,0
overall_harmful,final_answer_position,policy_rec_center_004,19,22,all_conditions_pooled,0,0,-434.39633086487316,0
overall_harmful,final_answer_position,product_specs_025,20,22,all_conditions_pooled,0,0,-7.801770046385979,0
overall_harmful,final_answer_position,product_specs_025,20,22,all_conditions_pooled,0,0,-240.26534799170963,0
overall_harmful,final_answer_position,product_specs_025,20,22,all_conditions_pooled,0,0,-23.094491782863763,0
overall_harmful,final_answer_position,product_specs_026,21,22,all_conditions_pooled,0,0,-11.797339278196004,0
overall_harmful,final_answer_position,product_specs_026,21,22,all_conditions_pooled,0,0,-138.42584907014742,0
overall_harmful,final_answer_position,product_specs_026,21,22,all_conditions_pooled,0,1,90.51177616638546,0
overall_harmful,final_answer_position,product_specs_027,22,22,all_conditions_pooled,0,0,-44.63898700045762,0
overall_harmful,final_answer_position,product_specs_027,22,22,all_conditions_pooled,0,0,-267.2892227687568,0
overall_harmful,final_answer_position,product_specs_027,22,22,all_conditions_pooled,0,0,-66.85318094427919,0
overall_harmful,final_answer_position,product_specs_028,23,22,all_conditions_pooled,0,1,8.024259864715479,0
overall_harmful,final_answer_position,product_specs_028,23,22,all_conditions_pooled,0,0,-186.40538749528844,0
overall_harmful,final_answer_position,product_specs_028,23,22,all_conditions_pooled,0,1,63.560520646762214,0
overall_harmful,final_answer_position,schedule_clinic_011,24,22,all_conditions_pooled,0,0,-169.5377013375599,0
overall_harmful,final_answer_position,schedule_clinic_011,24,22,all_conditions_pooled,0,0,-389.2048136005134,0
overall_harmful,final_answer_position,schedule_clinic_011,24,22,all_conditions_pooled,0,0,-150.22213796841362,0
overall_harmful,final_answer_position,schedule_exam_010,25,22,all_conditions_pooled,0,0,-356.8640039248219,0
overall_harmful,final_answer_position,schedule_exam_010,25,22,all_conditions_pooled,0,0,-368.14961316737686,0
overall_harmful,final_answer_position,schedule_exam_010,25,22,all_conditions_pooled,0,0,-417.44212706534165,1
overall_harmful,final_answer_position,schedule_train_009,26,22,all_conditions_pooled,0,1,25.299161058808792,0
overall_harmful,final_answer_position,schedule_train_009,26,22,all_conditions_pooled,0,0,-118.47766170528178,0
overall_harmful,final_answer_position,schedule_train_009,26,22,all_conditions_pooled,0,1,139.5671532254421,0
overall_harmful,final_answer_position,schedule_workshop_012,27,22,all_conditions_pooled,0,0,-31.329378156160786,0
overall_harmful,final_answer_position,schedule_workshop_012,27,22,all_conditions_pooled,0,0,-164.3911005974822,0
overall_harmful,final_answer_position,schedule_workshop_012,27,22,all_conditions_pooled,0,1,63.497059291070215,0
overall_harmful,final_answer_position,science_battery_016,28,22,all_conditions_pooled,0,1,14.081850974545944,0
overall_harmful,final_answer_position,science_battery_016,28,22,all_conditions_pooled,0,0,-104.6417734602532,0
overall_harmful,final_answer_position,science_battery_016,28,22,all_conditions_pooled,0,1,112.35948029829817,0
overall_harmful,final_answer_position,science_mineral_014,29,22,all_conditions_pooled,0,0,-114.67248497569096,0
overall_harmful,final_answer_position,science_mineral_014,29,22,all_conditions_pooled,0,0,-390.067678388191,0
overall_harmful,final_answer_position,science_mineral_014,29,22,all_conditions_pooled,0,0,-74.37740545354475,0
overall_harmful,final_answer_position,science_plant_013,30,22,all_conditions_pooled,0,1,18.4266063874897,0
overall_harmful,final_answer_position,science_plant_013,30,22,all_conditions_pooled,0,0,-101.18293218391406,0
overall_harmful,final_answer_position,science_plant_013,30,22,all_conditions_pooled,0,1,100.81453814064547,0
overall_harmful,final_answer_position,science_weather_015,31,22,all_conditions_pooled,0,1,370.39780407872854,0
overall_harmful,final_answer_position,science_weather_015,31,22,all_conditions_pooled,0,1,465.8214385405537,0
overall_harmful,final_answer_position,science_weather_015,31,22,all_conditions_pooled,0,1,660.1874322361048,0
overall_harmful,final_answer_position,technical_api_022,32,22,all_conditions_pooled,0,1,83.51046961345571,0
overall_harmful,final_answer_position,technical_api_022,32,22,all_conditions_pooled,0,1,0.036331415033643566,0
overall_harmful,final_answer_position,technical_api_022,32,22,all_conditions_pooled,0,1,150.71083208279154,0
overall_harmful,final_answer_position,technical_backup_023,33,22,all_conditions_pooled,0,0,-0.6111499318695834,0
overall_harmful,final_answer_position,technical_backup_023,33,22,all_conditions_pooled,0,0,-143.9211126420342,0
overall_harmful,final_answer_position,technical_backup_023,33,22,all_conditions_pooled,0,1,75.85945046558143,0
overall_harmful,final_answer_position,technical_config_021,34,22,all_conditions_pooled,0,1,74.79173898940306,0
overall_harmful,final_answer_position,technical_config_021,34,22,all_conditions_pooled,0,0,-86.08181017701997,0
overall_harmful,final_answer_position,technical_config_021,34,22,all_conditions_pooled,0,1,47.44093666077222,0
overall_harmful,final_answer_position,technical_feature_flag_024,35,22,all_conditions_pooled,0,1,23.772452002436836,0
overall_harmful,final_answer_position,technical_feature_flag_024,35,22,all_conditions_pooled,0,0,-257.4524224943065,0
overall_harmful,final_answer_position,technical_feature_flag_024,35,22,all_conditions_pooled,0,0,-29.22151158765211,0
overall_harmful,final_answer_position,academic_attendance_019,0,23,all_conditions_pooled,0,1,283.0440244751371,0
overall_harmful,final_answer_position,academic_attendance_019,0,23,all_conditions_pooled,0,0,-509.89601041744686,1
overall_harmful,final_answer_position,academic_attendance_019,0,23,all_conditions_pooled,0,1,502.43801486976747,0
overall_harmful,final_answer_position,academic_grading_018,1,23,all_conditions_pooled,0,1,131.93579138370504,0
overall_harmful,final_answer_position,academic_grading_018,1,23,all_conditions_pooled,0,0,-37.722846912779254,0
overall_harmful,final_answer_position,academic_grading_018,1,23,all_conditions_pooled,0,1,283.9055907085784,0
overall_harmful,final_answer_position,academic_latework_020,2,23,all_conditions_pooled,0,1,378.50773711909835,0
overall_harmful,final_answer_position,academic_latework_020,2,23,all_conditions_pooled,0,1,178.7593294309605,0
overall_harmful,final_answer_position,academic_latework_020,2,23,all_conditions_pooled,0,1,641.7889853643974,0
overall_harmful,final_answer_position,academic_prereq_017,3,23,all_conditions_pooled,0,0,-201.249590156198,0
overall_harmful,final_answer_position,academic_prereq_017,3,23,all_conditions_pooled,0,0,-429.808103973978,0
overall_harmful,final_answer_position,academic_prereq_017,3,23,all_conditions_pooled,0,0,-229.43226016414158,0
overall_harmful,final_answer_position,contract_rental_029,4,23,all_conditions_pooled,0,0,-38.813763249987716,0
overall_harmful,final_answer_position,contract_rental_029,4,23,all_conditions_pooled,0,0,-352.7597383447895,0
overall_harmful,final_answer_position,contract_rental_029,4,23,all_conditions_pooled,0,0,-74.65246412025846,0
overall_harmful,final_answer_position,contract_service_030,5,23,all_conditions_pooled,0,0,-2.3475757831971045,0
overall_harmful,final_answer_position,contract_service_030,5,23,all_conditions_pooled,0,0,-198.20002696374087,0
overall_harmful,final_answer_position,contract_service_030,5,23,all_conditions_pooled,0,1,1.619789804786933,0
overall_harmful,final_answer_position,contract_ticket_032,6,23,all_conditions_pooled,0,1,4.173230697321159,0
overall_harmful,final_answer_position,contract_ticket_032,6,23,all_conditions_pooled,0,0,-166.08506283416716,0
overall_harmful,final_answer_position,contract_ticket_032,6,23,all_conditions_pooled,0,1,84.23737042148166,0
overall_harmful,final_answer_position,contract_warranty_031,7,23,all_conditions_pooled,0,0,-66.24575055834572,0
overall_harmful,final_answer_position,contract_warranty_031,7,23,all_conditions_pooled,0,0,-381.1319825071007,0
overall_harmful,final_answer_position,contract_warranty_031,7,23,all_conditions_pooled,0,0,-61.30808736242156,0
overall_harmful,final_answer_position,finance_budget_007,8,23,all_conditions_pooled,0,0,-27.47170288926383,0
overall_harmful,final_answer_position,finance_budget_007,8,23,all_conditions_pooled,0,0,-175.6875076149131,0
overall_harmful,final_answer_position,finance_budget_007,8,23,all_conditions_pooled,0,1,7.681748239044879,0
overall_harmful,final_answer_position,finance_coupon_006,9,23,all_conditions_pooled,0,0,-79.89834886054072,0
overall_harmful,final_answer_position,finance_coupon_006,9,23,all_conditions_pooled,0,0,-244.4785064559535,0
overall_harmful,final_answer_position,finance_coupon_006,9,23,all_conditions_pooled,0,0,-90.24056808907876,0
overall_harmful,final_answer_position,finance_membership_008,10,23,all_conditions_pooled,0,1,136.0004847206858,0
overall_harmful,final_answer_position,finance_membership_008,10,23,all_conditions_pooled,0,0,-40.239826435852855,0
overall_harmful,final_answer_position,finance_membership_008,10,23,all_conditions_pooled,0,1,190.14757170420728,0
overall_harmful,final_answer_position,finance_refund_005,11,23,all_conditions_pooled,0,1,56.27543682478864,0
overall_harmful,final_answer_position,finance_refund_005,11,23,all_conditions_pooled,0,0,-117.90721486405494,0
overall_harmful,final_answer_position,finance_refund_005,11,23,all_conditions_pooled,0,1,142.92174765197518,0
overall_harmful,final_answer_position,logic_access_033,12,23,all_conditions_pooled,0,1,10.055115009015985,0
overall_harmful,final_answer_position,logic_access_033,12,23,all_conditions_pooled,0,0,-180.57622713779352,0
overall_harmful,final_answer_position,logic_access_033,12,23,all_conditions_pooled,0,1,22.293624552054325,0
overall_harmful,final_answer_position,logic_eligibility_034,13,23,all_conditions_pooled,0,1,2.6227017737421434,0
overall_harmful,final_answer_position,logic_eligibility_034,13,23,all_conditions_pooled,0,0,-221.92945229148506,0
overall_harmful,final_answer_position,logic_eligibility_034,13,23,all_conditions_pooled,0,1,11.586251563011924,0
overall_harmful,final_answer_position,logic_shipping_035,14,23,all_conditions_pooled,0,0,-31.755873301795166,0
overall_harmful,final_answer_position,logic_shipping_035,14,23,all_conditions_pooled,0,1,88.45617483834275,0
overall_harmful,final_answer_position,logic_shipping_035,14,23,all_conditions_pooled,0,1,73.75865552155574,1
overall_harmful,final_answer_position,logic_tournament_036,15,23,all_conditions_pooled,0,1,406.6369702947022,0
overall_harmful,final_answer_position,logic_tournament_036,15,23,all_conditions_pooled,0,1,219.33590181014006,0
overall_harmful,final_answer_position,logic_tournament_036,15,23,all_conditions_pooled,0,1,507.27637112793366,0
overall_harmful,final_answer_position,policy_lab_access_002,16,23,all_conditions_pooled,0,0,-39.588004498001325,0
overall_harmful,final_answer_position,policy_lab_access_002,16,23,all_conditions_pooled,0,0,-353.90889682230886,0
overall_harmful,final_answer_position,policy_lab_access_002,16,23,all_conditions_pooled,0,1,17.466306859368743,0
overall_harmful,final_answer_position,policy_library_checkout_003,17,23,all_conditions_pooled,0,0,-99.66128444233831,0
overall_harmful,final_answer_position,policy_library_checkout_003,17,23,all_conditions_pooled,0,0,-214.0608101486913,0
overall_harmful,final_answer_position,policy_library_checkout_003,17,23,all_conditions_pooled,0,0,-31.145797397757082,0
overall_harmful,final_answer_position,policy_lunch_pass_001,18,23,all_conditions_pooled,0,0,-134.34121739532125,0
overall_harmful,final_answer_position,policy_lunch_pass_001,18,23,all_conditions_pooled,0,0,-419.59867718511,0
overall_harmful,final_answer_position,policy_lunch_pass_001,18,23,all_conditions_pooled,0,0,-120.30568369044127,0
overall_harmful,final_answer_position,policy_rec_center_004,19,23,all_conditions_pooled,0,0,-438.82694348832615,1
overall_harmful,final_answer_position,policy_rec_center_004,19,23,all_conditions_pooled,0,0,-480.11599189757106,0
overall_harmful,final_answer_position,policy_rec_center_004,19,23,all_conditions_pooled,0,0,-399.8710072451506,0
overall_harmful,final_answer_position,product_specs_025,20,23,all_conditions_pooled,0,1,13.724377279521939,0
overall_harmful,final_answer_position,product_specs_025,20,23,all_conditions_pooled,0,0,-211.44715257330785,0
overall_harmful,final_answer_position,product_specs_025,20,23,all_conditions_pooled,0,1,25.343145820989022,0
overall_harmful,final_answer_position,product_specs_026,21,23,all_conditions_pooled,0,0,-9.683748729245409,0
overall_harmful,final_answer_position,product_specs_026,21,23,all_conditions_pooled,0,0,-208.48276429542233,0
overall_harmful,final_answer_position,product_specs_026,21,23,all_conditions_pooled,0,1,92.04466497090965,0
overall_harmful,final_answer_position,product_specs_027,22,23,all_conditions_pooled,0,0,-29.63815499254375,0
overall_harmful,final_answer_position,product_specs_027,22,23,all_conditions_pooled,0,0,-307.89706940714643,0
overall_harmful,final_answer_position,product_specs_027,22,23,all_conditions_pooled,0,0,-51.32352108947711,0
overall_harmful,final_answer_position,product_specs_028,23,23,all_conditions_pooled,0,1,19.999710144488766,0
overall_harmful,final_answer_position,product_specs_028,23,23,all_conditions_pooled,0,0,-155.788208675651,0
overall_harmful,final_answer_position,product_specs_028,23,23,all_conditions_pooled,0,1,79.60789045351378,0
overall_harmful,final_answer_position,schedule_clinic_011,24,23,all_conditions_pooled,0,0,-106.90114180582245,0
overall_harmful,final_answer_position,schedule_clinic_011,24,23,all_conditions_pooled,0,0,-368.2146593216479,0
overall_harmful,final_answer_position,schedule_clinic_011,24,23,all_conditions_pooled,0,0,-103.34140829559712,0
overall_harmful,final_answer_position,schedule_exam_010,25,23,all_conditions_pooled,0,0,-384.2569708897088,0
overall_harmful,final_answer_position,schedule_exam_010,25,23,all_conditions_pooled,0,0,-429.46741395132756,0
overall_harmful,final_answer_position,schedule_exam_010,25,23,all_conditions_pooled,0,0,-414.69468707968304,1
overall_harmful,final_answer_position,schedule_train_009,26,23,all_conditions_pooled,0,1,61.00533312836282,0
overall_harmful,final_answer_position,schedule_train_009,26,23,all_conditions_pooled,0,0,-134.30549356189766,0
overall_harmful,final_answer_position,schedule_train_009,26,23,all_conditions_pooled,0,1,178.90317486640274,0
overall_harmful,final_answer_position,schedule_workshop_012,27,23,all_conditions_pooled,0,1,17.062600049046367,0
overall_harmful,final_answer_position,schedule_workshop_012,27,23,all_conditions_pooled,0,0,-207.57554285252675,0
overall_harmful,final_answer_position,schedule_workshop_012,27,23,all_conditions_pooled,0,1,99.32843415993321,0
overall_harmful,final_answer_position,science_battery_016,28,23,all_conditions_pooled,0,1,54.121440383232226,0
overall_harmful,final_answer_position,science_battery_016,28,23,all_conditions_pooled,0,0,-59.161345699629,0
overall_harmful,final_answer_position,science_battery_016,28,23,all_conditions_pooled,0,1,128.6049925771448,0
overall_harmful,final_answer_position,science_mineral_014,29,23,all_conditions_pooled,0,0,-38.33371663686797,0
overall_harmful,final_answer_position,science_mineral_014,29,23,all_conditions_pooled,0,0,-358.24373722332695,0
overall_harmful,final_answer_position,science_mineral_014,29,23,all_conditions_pooled,0,0,-6.673907744877335,0
overall_harmful,final_answer_position,science_plant_013,30,23,all_conditions_pooled,0,1,126.61794989789684,0
overall_harmful,final_answer_position,science_plant_013,30,23,all_conditions_pooled,0,0,-25.562165088866706,0
overall_harmful,final_answer_position,science_plant_013,30,23,all_conditions_pooled,0,1,216.3161089235572,0
overall_harmful,final_answer_position,science_weather_015,31,23,all_conditions_pooled,0,1,454.6895166608617,0
overall_harmful,final_answer_position,science_weather_015,31,23,all_conditions_pooled,0,1,548.4069640443677,0
overall_harmful,final_answer_position,science_weather_015,31,23,all_conditions_pooled,0,1,773.5892189942779,0
overall_harmful,final_answer_position,technical_api_022,32,23,all_conditions_pooled,0,1,87.21619216242036,0
overall_harmful,final_answer_position,technical_api_022,32,23,all_conditions_pooled,0,0,-1.3888204527220154,0
overall_harmful,final_answer_position,technical_api_022,32,23,all_conditions_pooled,0,1,152.53411767645966,0
overall_harmful,final_answer_position,technical_backup_023,33,23,all_conditions_pooled,0,1,12.378893211025293,0
overall_harmful,final_answer_position,technical_backup_023,33,23,all_conditions_pooled,0,0,-157.1597183079627,0
overall_harmful,final_answer_position,technical_backup_023,33,23,all_conditions_pooled,0,1,89.45218568458716,0
overall_harmful,final_answer_position,technical_config_021,34,23,all_conditions_pooled,0,1,89.4227495097355,0
overall_harmful,final_answer_position,technical_config_021,34,23,all_conditions_pooled,0,0,-135.21320530706777,0
overall_harmful,final_answer_position,technical_config_021,34,23,all_conditions_pooled,0,1,46.579593194871464,0
overall_harmful,final_answer_position,technical_feature_flag_024,35,23,all_conditions_pooled,0,1,73.98450374211599,0
overall_harmful,final_answer_position,technical_feature_flag_024,35,23,all_conditions_pooled,0,0,-239.90601974731698,0
overall_harmful,final_answer_position,technical_feature_flag_024,35,23,all_conditions_pooled,0,1,17.96944004461251,0
overall_harmful,final_answer_position,academic_attendance_019,0,24,all_conditions_pooled,0,1,196.24355354583048,0
overall_harmful,final_answer_position,academic_attendance_019,0,24,all_conditions_pooled,0,0,-576.1923670048872,1
overall_harmful,final_answer_position,academic_attendance_019,0,24,all_conditions_pooled,0,1,233.86592085631747,0
overall_harmful,final_answer_position,academic_grading_018,1,24,all_conditions_pooled,0,1,130.55820590612666,0
overall_harmful,final_answer_position,academic_grading_018,1,24,all_conditions_pooled,0,0,-15.142940816713587,0
overall_harmful,final_answer_position,academic_grading_018,1,24,all_conditions_pooled,0,1,247.4844824386667,0
overall_harmful,final_answer_position,academic_latework_020,2,24,all_conditions_pooled,0,1,320.05945868730396,0
overall_harmful,final_answer_position,academic_latework_020,2,24,all_conditions_pooled,0,1,174.16144148290311,0
overall_harmful,final_answer_position,academic_latework_020,2,24,all_conditions_pooled,0,1,529.9485751203653,0
overall_harmful,final_answer_position,academic_prereq_017,3,24,all_conditions_pooled,0,0,-226.27184337165244,0
overall_harmful,final_answer_position,academic_prereq_017,3,24,all_conditions_pooled,0,0,-445.875442355756,0
overall_harmful,final_answer_position,academic_prereq_017,3,24,all_conditions_pooled,0,0,-280.50842330714926,0
overall_harmful,final_answer_position,contract_rental_029,4,24,all_conditions_pooled,0,0,-37.354941158836915,0
overall_harmful,final_answer_position,contract_rental_029,4,24,all_conditions_pooled,0,0,-354.83496506709974,0
overall_harmful,final_answer_position,contract_rental_029,4,24,all_conditions_pooled,0,0,-78.750986975684,0
overall_harmful,final_answer_position,contract_service_030,5,24,all_conditions_pooled,0,1,29.152982633634608,0
overall_harmful,final_answer_position,contract_service_030,5,24,all_conditions_pooled,0,0,-132.52129782361436,0
overall_harmful,final_answer_position,contract_service_030,5,24,all_conditions_pooled,0,1,25.630973013910797,0
overall_harmful,final_answer_position,contract_ticket_032,6,24,all_conditions_pooled,0,0,-69.87179050314691,0
overall_harmful,final_answer_position,contract_ticket_032,6,24,all_conditions_pooled,0,0,-215.71678962181363,0
overall_harmful,final_answer_position,contract_ticket_032,6,24,all_conditions_pooled,0,0,-32.124920112694234,0
overall_harmful,final_answer_position,contract_warranty_031,7,24,all_conditions_pooled,0,0,-50.1028627559468,0
overall_harmful,final_answer_position,contract_warranty_031,7,24,all_conditions_pooled,0,0,-369.40770964060687,0
overall_harmful,final_answer_position,contract_warranty_031,7,24,all_conditions_pooled,0,0,-40.93084047449991,0
overall_harmful,final_answer_position,finance_budget_007,8,24,all_conditions_pooled,0,0,-10.723920450013855,0
overall_harmful,final_answer_position,finance_budget_007,8,24,all_conditions_pooled,0,0,-165.71349957950935,0
overall_harmful,final_answer_position,finance_budget_007,8,24,all_conditions_pooled,0,1,11.718995890130447,0
overall_harmful,final_answer_position,finance_coupon_006,9,24,all_conditions_pooled,0,0,-83.30633337466044,0
overall_harmful,final_answer_position,finance_coupon_006,9,24,all_conditions_pooled,0,0,-248.8350671153487,0
overall_harmful,final_answer_position,finance_coupon_006,9,24,all_conditions_pooled,0,0,-107.02913785568501,0
overall_harmful,final_answer_position,finance_membership_008,10,24,all_conditions_pooled,0,1,152.83654363530908,0
overall_harmful,final_answer_position,finance_membership_008,10,24,all_conditions_pooled,0,1,1.6183916289499223,0
overall_harmful,final_answer_position,finance_membership_008,10,24,all_conditions_pooled,0,1,193.32940152228383,0
overall_harmful,final_answer_position,finance_refund_005,11,24,all_conditions_pooled,0,1,73.45476364269587,0
overall_harmful,final_answer_position,finance_refund_005,11,24,all_conditions_pooled,0,0,-88.15792877319663,0
overall_harmful,final_answer_position,finance_refund_005,11,24,all_conditions_pooled,0,1,136.17811668600945,0
overall_harmful,final_answer_position,logic_access_033,12,24,all_conditions_pooled,0,1,28.13296131356953,0
overall_harmful,final_answer_position,logic_access_033,12,24,all_conditions_pooled,0,0,-150.8502083545671,0
overall_harmful,final_answer_position,logic_access_033,12,24,all_conditions_pooled,0,1,16.50144030992773,0
overall_harmful,final_answer_position,logic_eligibility_034,13,24,all_conditions_pooled,0,0,-3.2050074033169693,0
overall_harmful,final_answer_position,logic_eligibility_034,13,24,all_conditions_pooled,0,0,-194.46604490840102,0
overall_harmful,final_answer_position,logic_eligibility_034,13,24,all_conditions_pooled,0,0,-2.111929230927597,0
overall_harmful,final_answer_position,logic_shipping_035,14,24,all_conditions_pooled,0,0,-54.31258626451244,0
overall_harmful,final_answer_position,logic_shipping_035,14,24,all_conditions_pooled,0,1,88.54799168364418,0
overall_harmful,final_answer_position,logic_shipping_035,14,24,all_conditions_pooled,0,1,34.15062462529147,1
overall_harmful,final_answer_position,logic_tournament_036,15,24,all_conditions_pooled,0,1,404.7892300125203,0
overall_harmful,final_answer_position,logic_tournament_036,15,24,all_conditions_pooled,0,1,240.02250987476646,0
overall_harmful,final_answer_position,logic_tournament_036,15,24,all_conditions_pooled,0,1,501.4491281377193,0
overall_harmful,final_answer_position,policy_lab_access_002,16,24,all_conditions_pooled,0,0,-23.231464888427222,0
overall_harmful,final_answer_position,policy_lab_access_002,16,24,all_conditions_pooled,0,0,-313.81761070050555,0
overall_harmful,final_answer_position,policy_lab_access_002,16,24,all_conditions_pooled,0,0,-21.011619783288406,0
overall_harmful,final_answer_position,policy_library_checkout_003,17,24,all_conditions_pooled,0,0,-103.66011428124804,0
overall_harmful,final_answer_position,policy_library_checkout_003,17,24,all_conditions_pooled,0,0,-215.03770733068353,0
overall_harmful,final_answer_position,policy_library_checkout_003,17,24,all_conditions_pooled,0,0,-85.28313843439173,0
overall_harmful,final_answer_position,policy_lunch_pass_001,18,24,all_conditions_pooled,0,0,-114.62441445608516,0
overall_harmful,final_answer_position,policy_lunch_pass_001,18,24,all_conditions_pooled,0,0,-385.8520836110367,0
overall_harmful,final_answer_position,policy_lunch_pass_001,18,24,all_conditions_pooled,0,0,-124.23223370514843,0
overall_harmful,final_answer_position,policy_rec_center_004,19,24,all_conditions_pooled,0,0,-441.05095366082,1
overall_harmful,final_answer_position,policy_rec_center_004,19,24,all_conditions_pooled,0,0,-516.5777338013885,0
overall_harmful,final_answer_position,policy_rec_center_004,19,24,all_conditions_pooled,0,0,-417.32042334216794,0
overall_harmful,final_answer_position,product_specs_025,20,24,all_conditions_pooled,0,1,83.18111825648016,0
overall_harmful,final_answer_position,product_specs_025,20,24,all_conditions_pooled,0,0,-127.97701517953834,0
overall_harmful,final_answer_position,product_specs_025,20,24,all_conditions_pooled,0,1,63.46182166253226,0
overall_harmful,final_answer_position,product_specs_026,21,24,all_conditions_pooled,0,1,20.417780470842906,0
overall_harmful,final_answer_position,product_specs_026,21,24,all_conditions_pooled,0,0,-188.58394473385425,0
overall_harmful,final_answer_position,product_specs_026,21,24,all_conditions_pooled,0,1,87.72714559020271,0
overall_harmful,final_answer_position,product_specs_027,22,24,all_conditions_pooled,0,0,-23.143175753794107,0
overall_harmful,final_answer_position,product_specs_027,22,24,all_conditions_pooled,0,0,-294.8243313601633,0
overall_harmful,final_answer_position,product_specs_027,22,24,all_conditions_pooled,0,0,-44.14148174441374,0
overall_harmful,final_answer_position,product_specs_028,23,24,all_conditions_pooled,0,1,48.63035493607377,0
overall_harmful,final_answer_position,product_specs_028,23,24,all_conditions_pooled,0,0,-67.3642641885893,0
overall_harmful,final_answer_position,product_specs_028,23,24,all_conditions_pooled,0,1,94.11350791880523,0
overall_harmful,final_answer_position,schedule_clinic_011,24,24,all_conditions_pooled,0,0,-84.6742126581039,0
overall_harmful,final_answer_position,schedule_clinic_011,24,24,all_conditions_pooled,0,0,-363.39678848083645,0
overall_harmful,final_answer_position,schedule_clinic_011,24,24,all_conditions_pooled,0,0,-92.18215789846391,0
overall_harmful,final_answer_position,schedule_exam_010,25,24,all_conditions_pooled,0,0,-327.9366872672168,0
overall_harmful,final_answer_position,schedule_exam_010,25,24,all_conditions_pooled,0,0,-351.8500167876811,0
overall_harmful,final_answer_position,schedule_exam_010,25,24,all_conditions_pooled,0,0,-358.57636336353585,1
overall_harmful,final_answer_position,schedule_train_009,26,24,all_conditions_pooled,0,1,64.76460258879843,0
overall_harmful,final_answer_position,schedule_train_009,26,24,all_conditions_pooled,0,0,-88.82620147560664,0
overall_harmful,final_answer_position,schedule_train_009,26,24,all_conditions_pooled,0,1,157.7324465179715,0
overall_harmful,final_answer_position,schedule_workshop_012,27,24,all_conditions_pooled,0,1,18.52134749673713,0
overall_harmful,final_answer_position,schedule_workshop_012,27,24,all_conditions_pooled,0,0,-186.09549182697182,0
overall_harmful,final_answer_position,schedule_workshop_012,27,24,all_conditions_pooled,0,1,71.24462946454153,0
overall_harmful,final_answer_position,science_battery_016,28,24,all_conditions_pooled,0,1,87.4489514696646,0
overall_harmful,final_answer_position,science_battery_016,28,24,all_conditions_pooled,0,1,21.1933856239463,0
overall_harmful,final_answer_position,science_battery_016,28,24,all_conditions_pooled,0,1,158.7487169128015,0
overall_harmful,final_answer_position,science_mineral_014,29,24,all_conditions_pooled,0,0,-13.980725453648896,0
overall_harmful,final_answer_position,science_mineral_014,29,24,all_conditions_pooled,0,0,-278.4607501483123,0
overall_harmful,final_answer_position,science_mineral_014,29,24,all_conditions_pooled,0,1,16.60026101318647,0
overall_harmful,final_answer_position,science_plant_013,30,24,all_conditions_pooled,0,1,82.9381488534905,0
overall_harmful,final_answer_position,science_plant_013,30,24,all_conditions_pooled,0,0,-33.99136782836844,0
overall_harmful,final_answer_position,science_plant_013,30,24,all_conditions_pooled,0,1,157.31887462397555,0
overall_harmful,final_answer_position,science_weather_015,31,24,all_conditions_pooled,0,1,436.86243271857273,0
overall_harmful,final_answer_position,science_weather_015,31,24,all_conditions_pooled,0,1,617.1202685044452,0
overall_harmful,final_answer_position,science_weather_015,31,24,all_conditions_pooled,0,1,746.6569676320084,0
overall_harmful,final_answer_position,technical_api_022,32,24,all_conditions_pooled,0,1,147.37838545223457,0
overall_harmful,final_answer_position,technical_api_022,32,24,all_conditions_pooled,0,1,85.82327208693707,0
overall_harmful,final_answer_position,technical_api_022,32,24,all_conditions_pooled,0,1,190.5994642223736,0
overall_harmful,final_answer_position,technical_backup_023,33,24,all_conditions_pooled,0,0,-14.34860621898843,0
overall_harmful,final_answer_position,technical_backup_023,33,24,all_conditions_pooled,0,0,-149.37757952285452,0
overall_harmful,final_answer_position,technical_backup_023,33,24,all_conditions_pooled,0,1,46.26353257756159,0
overall_harmful,final_answer_position,technical_config_021,34,24,all_conditions_pooled,0,1,116.4937028946274,0
overall_harmful,final_answer_position,technical_config_021,34,24,all_conditions_pooled,0,0,-104.88270961885766,0
overall_harmful,final_answer_position,technical_config_021,34,24,all_conditions_pooled,0,1,54.49289670662756,0
overall_harmful,final_answer_position,technical_feature_flag_024,35,24,all_conditions_pooled,0,1,99.78878175399825,0
overall_harmful,final_answer_position,technical_feature_flag_024,35,24,all_conditions_pooled,0,0,-197.2239610100483,0
overall_harmful,final_answer_position,technical_feature_flag_024,35,24,all_conditions_pooled,0,1,47.38240419093496,0
overall_harmful,final_answer_position,academic_attendance_019,0,25,all_conditions_pooled,0,1,181.20332361443005,0
overall_harmful,final_answer_position,academic_attendance_019,0,25,all_conditions_pooled,0,0,-641.1260069956766,1
overall_harmful,final_answer_position,academic_attendance_019,0,25,all_conditions_pooled,0,1,270.9666416184581,0
overall_harmful,final_answer_position,academic_grading_018,1,25,all_conditions_pooled,0,1,124.05073707990348,0
overall_harmful,final_answer_position,academic_grading_018,1,25,all_conditions_pooled,0,0,-48.6698302785343,0
overall_harmful,final_answer_position,academic_grading_018,1,25,all_conditions_pooled,0,1,253.11083899254407,0
overall_harmful,final_answer_position,academic_latework_020,2,25,all_conditions_pooled,0,1,285.90336267464215,0
overall_harmful,final_answer_position,academic_latework_020,2,25,all_conditions_pooled,0,1,126.97483264436778,0
overall_harmful,final_answer_position,academic_latework_020,2,25,all_conditions_pooled,0,1,515.5529331663746,0
overall_harmful,final_answer_position,academic_prereq_017,3,25,all_conditions_pooled,0,0,-209.76570814718468,0
overall_harmful,final_answer_position,academic_prereq_017,3,25,all_conditions_pooled,0,0,-458.7550352612896,0
overall_harmful,final_answer_position,academic_prereq_017,3,25,all_conditions_pooled,0,0,-259.22251092070223,0
overall_harmful,final_answer_position,contract_rental_029,4,25,all_conditions_pooled,0,0,-26.159354116944957,0
overall_harmful,final_answer_position,contract_rental_029,4,25,all_conditions_pooled,0,0,-358.4414695515102,0
overall_harmful,final_answer_position,contract_rental_029,4,25,all_conditions_pooled,0,0,-59.73892262413643,0
overall_harmful,final_answer_position,contract_service_030,5,25,all_conditions_pooled,0,1,4.231774522233572,0
overall_harmful,final_answer_position,contract_service_030,5,25,all_conditions_pooled,0,0,-172.47853900510947,0
overall_harmful,final_answer_position,contract_service_030,5,25,all_conditions_pooled,0,1,4.722927922276089,0
overall_harmful,final_answer_position,contract_ticket_032,6,25,all_conditions_pooled,0,0,-53.96289877512966,0
overall_harmful,final_answer_position,contract_ticket_032,6,25,all_conditions_pooled,0,0,-209.42764401549306,0
overall_harmful,final_answer_position,contract_ticket_032,6,25,all_conditions_pooled,0,0,-1.0464322490511044,0
overall_harmful,final_answer_position,contract_warranty_031,7,25,all_conditions_pooled,0,0,-37.30112898708136,0
overall_harmful,final_answer_position,contract_warranty_031,7,25,all_conditions_pooled,0,0,-350.6370602869703,0
overall_harmful,final_answer_position,contract_warranty_031,7,25,all_conditions_pooled,0,0,-15.134701894247591,0
overall_harmful,final_answer_position,finance_budget_007,8,25,all_conditions_pooled,0,1,6.600917945196862,0
overall_harmful,final_answer_position,finance_budget_007,8,25,all_conditions_pooled,0,0,-162.43680443237133,0
overall_harmful,final_answer_position,finance_budget_007,8,25,all_conditions_pooled,0,1,38.5456005589423,0
overall_harmful,final_answer_position,finance_coupon_006,9,25,all_conditions_pooled,0,0,-76.8528009777977,0
overall_harmful,final_answer_position,finance_coupon_006,9,25,all_conditions_pooled,0,0,-271.0198214795982,0
overall_harmful,final_answer_position,finance_coupon_006,9,25,all_conditions_pooled,0,0,-100.1709516296484,0
overall_harmful,final_answer_position,finance_membership_008,10,25,all_conditions_pooled,0,1,137.8589513822451,0
overall_harmful,final_answer_position,finance_membership_008,10,25,all_conditions_pooled,0,0,-65.64114821986705,0
overall_harmful,final_answer_position,finance_membership_008,10,25,all_conditions_pooled,0,1,177.96251865189294,0
overall_harmful,final_answer_position,finance_refund_005,11,25,all_conditions_pooled,0,1,74.39524103000534,0
overall_harmful,final_answer_position,finance_refund_005,11,25,all_conditions_pooled,0,0,-105.68405910473399,0
overall_harmful,final_answer_position,finance_refund_005,11,25,all_conditions_pooled,0,1,159.06114656237435,0
overall_harmful,final_answer_position,logic_access_033,12,25,all_conditions_pooled,0,1,78.592841621615,0
overall_harmful,final_answer_position,logic_access_033,12,25,all_conditions_pooled,0,0,-120.34112231222757,0
overall_harmful,final_answer_position,logic_access_033,12,25,all_conditions_pooled,0,1,88.85293796075729,0
overall_harmful,final_answer_position,logic_eligibility_034,13,25,all_conditions_pooled,0,1,75.15283235516259,0
overall_harmful,final_answer_position,logic_eligibility_034,13,25,all_conditions_pooled,0,0,-184.25469245124145,0
overall_harmful,final_answer_position,logic_eligibility_034,13,25,all_conditions_pooled,0,1,81.30986896421435,0
overall_harmful,final_answer_position,logic_shipping_035,14,25,all_conditions_pooled,0,0,-57.19844021432979,0
overall_harmful,final_answer_position,logic_shipping_035,14,25,all_conditions_pooled,0,1,104.91473524770625,0
overall_harmful,final_answer_position,logic_shipping_035,14,25,all_conditions_pooled,0,1,30.119637140352467,1
overall_harmful,final_answer_position,logic_tournament_036,15,25,all_conditions_pooled,0,1,395.3530647855374,0
overall_harmful,final_answer_position,logic_tournament_036,15,25,all_conditions_pooled,0,1,203.2408909076921,0
overall_harmful,final_answer_position,logic_tournament_036,15,25,all_conditions_pooled,0,1,478.9883859714213,0
overall_harmful,final_answer_position,policy_lab_access_002,16,25,all_conditions_pooled,0,0,-42.04897285671372,0
overall_harmful,final_answer_position,policy_lab_access_002,16,25,all_conditions_pooled,0,0,-363.3226646822127,0
overall_harmful,final_answer_position,policy_lab_access_002,16,25,all_conditions_pooled,0,0,-35.629077606326554,0
overall_harmful,final_answer_position,policy_library_checkout_003,17,25,all_conditions_pooled,0,0,-115.23965873784402,0
overall_harmful,final_answer_position,policy_library_checkout_003,17,25,all_conditions_pooled,0,0,-238.91184641200852,0
overall_harmful,final_answer_position,policy_library_checkout_003,17,25,all_conditions_pooled,0,0,-101.14119203710115,0
overall_harmful,final_answer_position,policy_lunch_pass_001,18,25,all_conditions_pooled,0,0,-109.41211786508603,0
overall_harmful,final_answer_position,policy_lunch_pass_001,18,25,all_conditions_pooled,0,0,-400.5681158734073,0
overall_harmful,final_answer_position,policy_lunch_pass_001,18,25,all_conditions_pooled,0,0,-117.70877240690864,0
overall_harmful,final_answer_position,policy_rec_center_004,19,25,all_conditions_pooled,0,0,-413.53908801842107,1
overall_harmful,final_answer_position,policy_rec_center_004,19,25,all_conditions_pooled,0,0,-530.5250402805891,0
overall_harmful,final_answer_position,policy_rec_center_004,19,25,all_conditions_pooled,0,0,-373.92488077000496,0
overall_harmful,final_answer_position,product_specs_025,20,25,all_conditions_pooled,0,1,62.171761303541075,0
overall_harmful,final_answer_position,product_specs_025,20,25,all_conditions_pooled,0,0,-163.44338279199084,0
overall_harmful,final_answer_position,product_specs_025,20,25,all_conditions_pooled,0,1,60.04020526722056,0
overall_harmful,final_answer_position,product_specs_026,21,25,all_conditions_pooled,0,1,32.293480375342476,0
overall_harmful,final_answer_position,product_specs_026,21,25,all_conditions_pooled,0,0,-218.46895653619148,0
overall_harmful,final_answer_position,product_specs_026,21,25,all_conditions_pooled,0,1,100.71510388739492,0
overall_harmful,final_answer_position,product_specs_027,22,25,all_conditions_pooled,0,0,-2.905418304123078,0
overall_harmful,final_answer_position,product_specs_027,22,25,all_conditions_pooled,0,0,-298.20270399336425,0
overall_harmful,final_answer_position,product_specs_027,22,25,all_conditions_pooled,0,0,-18.406495876093494,0
overall_harmful,final_answer_position,product_specs_028,23,25,all_conditions_pooled,0,1,34.085730648331364,0
overall_harmful,final_answer_position,product_specs_028,23,25,all_conditions_pooled,0,0,-104.52701271893616,0
overall_harmful,final_answer_position,product_specs_028,23,25,all_conditions_pooled,0,1,70.95041866758969,0
overall_harmful,final_answer_position,schedule_clinic_011,24,25,all_conditions_pooled,0,0,-78.6549596530591,0
overall_harmful,final_answer_position,schedule_clinic_011,24,25,all_conditions_pooled,0,0,-359.7589782842887,0
overall_harmful,final_answer_position,schedule_clinic_011,24,25,all_conditions_pooled,0,0,-75.07064035891261,0
overall_harmful,final_answer_position,schedule_exam_010,25,25,all_conditions_pooled,0,0,-367.0511438757394,0
overall_harmful,final_answer_position,schedule_exam_010,25,25,all_conditions_pooled,0,0,-375.07518353198554,0
overall_harmful,final_answer_position,schedule_exam_010,25,25,all_conditions_pooled,0,0,-375.90302807166063,1
overall_harmful,final_answer_position,schedule_train_009,26,25,all_conditions_pooled,0,1,106.05551707960258,0
overall_harmful,final_answer_position,schedule_train_009,26,25,all_conditions_pooled,0,0,-94.0072184585476,0
overall_harmful,final_answer_position,schedule_train_009,26,25,all_conditions_pooled,0,1,202.78068593044793,0
overall_harmful,final_answer_position,schedule_workshop_012,27,25,all_conditions_pooled,0,1,23.63853712160096,0
overall_harmful,final_answer_position,schedule_workshop_012,27,25,all_conditions_pooled,0,0,-239.5827197316649,0
overall_harmful,final_answer_position,schedule_workshop_012,27,25,all_conditions_pooled,0,1,81.15488380375594,0
overall_harmful,final_answer_position,science_battery_016,28,25,all_conditions_pooled,0,1,82.7572518934231,0
overall_harmful,final_answer_position,science_battery_016,28,25,all_conditions_pooled,0,0,-25.501335211564836,0
overall_harmful,final_answer_position,science_battery_016,28,25,all_conditions_pooled,0,1,164.32327286015163,0
overall_harmful,final_answer_position,science_mineral_014,29,25,all_conditions_pooled,0,1,32.21994960241908,0
overall_harmful,final_answer_position,science_mineral_014,29,25,all_conditions_pooled,0,0,-276.69388389063306,0
overall_harmful,final_answer_position,science_mineral_014,29,25,all_conditions_pooled,0,1,66.41119716940403,0
overall_harmful,final_answer_position,science_plant_013,30,25,all_conditions_pooled,0,1,95.76229830417334,0
overall_harmful,final_answer_position,science_plant_013,30,25,all_conditions_pooled,0,0,-60.578414129030094,0
overall_harmful,final_answer_position,science_plant_013,30,25,all_conditions_pooled,0,1,172.50613513398275,0
overall_harmful,final_answer_position,science_weather_015,31,25,all_conditions_pooled,0,1,414.1331342460504,0
overall_harmful,final_answer_position,science_weather_015,31,25,all_conditions_pooled,0,1,587.561181368872,0
overall_harmful,final_answer_position,science_weather_015,31,25,all_conditions_pooled,0,1,735.5032745215882,0
overall_harmful,final_answer_position,technical_api_022,32,25,all_conditions_pooled,0,1,138.9016420636937,0
overall_harmful,final_answer_position,technical_api_022,32,25,all_conditions_pooled,0,1,28.602218055046485,0
overall_harmful,final_answer_position,technical_api_022,32,25,all_conditions_pooled,0,1,191.4582599384412,0
overall_harmful,final_answer_position,technical_backup_023,33,25,all_conditions_pooled,0,0,-3.5284774792735014,0
overall_harmful,final_answer_position,technical_backup_023,33,25,all_conditions_pooled,0,0,-189.70102060614408,0
overall_harmful,final_answer_position,technical_backup_023,33,25,all_conditions_pooled,0,1,60.44079837040822,0
overall_harmful,final_answer_position,technical_config_021,34,25,all_conditions_pooled,0,1,85.98840503112325,0
overall_harmful,final_answer_position,technical_config_021,34,25,all_conditions_pooled,0,0,-173.9706746842317,0
overall_harmful,final_answer_position,technical_config_021,34,25,all_conditions_pooled,0,1,33.13661308115796,0
overall_harmful,final_answer_position,technical_feature_flag_024,35,25,all_conditions_pooled,0,1,86.84390999168686,0
overall_harmful,final_answer_position,technical_feature_flag_024,35,25,all_conditions_pooled,0,0,-220.70725316351104,0
overall_harmful,final_answer_position,technical_feature_flag_024,35,25,all_conditions_pooled,0,1,49.731039887780014,0
overall_harmful,final_answer_position,academic_attendance_019,0,26,all_conditions_pooled,0,1,142.23998931913198,0
overall_harmful,final_answer_position,academic_attendance_019,0,26,all_conditions_pooled,0,0,-680.4168599572423,1
overall_harmful,final_answer_position,academic_attendance_019,0,26,all_conditions_pooled,0,1,186.06621183738315,0
overall_harmful,final_answer_position,academic_grading_018,1,26,all_conditions_pooled,0,1,104.57455418619487,0
overall_harmful,final_answer_position,academic_grading_018,1,26,all_conditions_pooled,0,0,-63.69902411016713,0
overall_harmful,final_answer_position,academic_grading_018,1,26,all_conditions_pooled,0,1,197.0259419705719,0
overall_harmful,final_answer_position,academic_latework_020,2,26,all_conditions_pooled,0,1,230.32875746150367,0
overall_harmful,final_answer_position,academic_latework_020,2,26,all_conditions_pooled,0,1,59.905309793949925,0
overall_harmful,final_answer_position,academic_latework_020,2,26,all_conditions_pooled,0,1,374.6465879372153,0
overall_harmful,final_answer_position,academic_prereq_017,3,26,all_conditions_pooled,0,0,-181.62866504192567,0
overall_harmful,final_answer_position,academic_prereq_017,3,26,all_conditions_pooled,0,0,-431.72627972541386,0
overall_harmful,final_answer_position,academic_prereq_017,3,26,all_conditions_pooled,0,0,-211.43744061446392,0
overall_harmful,final_answer_position,contract_rental_029,4,26,all_conditions_pooled,0,0,-5.957482803953841,0
overall_harmful,final_answer_position,contract_rental_029,4,26,all_conditions_pooled,0,0,-363.5650913715748,0
overall_harmful,final_answer_position,contract_rental_029,4,26,all_conditions_pooled,0,0,-32.519081872698585,0
overall_harmful,final_answer_position,contract_service_030,5,26,all_conditions_pooled,0,1,11.448446476980237,0
overall_harmful,final_answer_position,contract_service_030,5,26,all_conditions_pooled,0,0,-170.4416002292832,0
overall_harmful,final_answer_position,contract_service_030,5,26,all_conditions_pooled,0,1,7.9081987446886295,0
overall_harmful,final_answer_position,contract_ticket_032,6,26,all_conditions_pooled,0,0,-54.305886506909275,0
overall_harmful,final_answer_position,contract_ticket_032,6,26,all_conditions_pooled,0,0,-204.51113336505094,0
overall_harmful,final_answer_position,contract_ticket_032,6,26,all_conditions_pooled,0,0,-18.534743002930696,0
overall_harmful,final_answer_position,contract_warranty_031,7,26,all_conditions_pooled,0,0,-10.558709439572102,0
overall_harmful,final_answer_position,contract_warranty_031,7,26,all_conditions_pooled,0,0,-325.4680888681603,0
overall_harmful,final_answer_position,contract_warranty_031,7,26,all_conditions_pooled,0,1,14.06544170005921,0
overall_harmful,final_answer_position,finance_budget_007,8,26,all_conditions_pooled,0,1,45.909153515374555,0
overall_harmful,final_answer_position,finance_budget_007,8,26,all_conditions_pooled,0,0,-151.07023250035974,0
overall_harmful,final_answer_position,finance_budget_007,8,26,all_conditions_pooled,0,1,73.8312497400597,0
overall_harmful,final_answer_position,finance_coupon_006,9,26,all_conditions_pooled,0,0,-8.686060886543888,0
overall_harmful,final_answer_position,finance_coupon_006,9,26,all_conditions_pooled,0,0,-204.76325114225438,0
overall_harmful,final_answer_position,finance_coupon_006,9,26,all_conditions_pooled,0,0,-29.686523935607013,0
overall_harmful,final_answer_position,finance_membership_008,10,26,all_conditions_pooled,0,1,131.31894024079887,0
overall_harmful,final_answer_position,finance_membership_008,10,26,all_conditions_pooled,0,0,-58.335926719204245,0
overall_harmful,final_answer_position,finance_membership_008,10,26,all_conditions_pooled,0,1,150.09958962941948,0
overall_harmful,final_answer_position,finance_refund_005,11,26,all_conditions_pooled,0,1,91.02695843796873,0
overall_harmful,final_answer_position,finance_refund_005,11,26,all_conditions_pooled,0,0,-85.87974606634232,0
overall_harmful,final_answer_position,finance_refund_005,11,26,all_conditions_pooled,0,1,149.49856601339798,0
overall_harmful,final_answer_position,logic_access_033,12,26,all_conditions_pooled,0,1,64.12060649213257,0
overall_harmful,final_answer_position,logic_access_033,12,26,all_conditions_pooled,0,0,-121.6054751992426,0
overall_harmful,final_answer_position,logic_access_033,12,26,all_conditions_pooled,0,1,67.35482479497493,0
overall_harmful,final_answer_position,logic_eligibility_034,13,26,all_conditions_pooled,0,1,111.6857819259609,0
overall_harmful,final_answer_position,logic_eligibility_034,13,26,all_conditions_pooled,0,0,-149.7644680209502,0
overall_harmful,final_answer_position,logic_eligibility_034,13,26,all_conditions_pooled,0,1,105.80169796666969,0
overall_harmful,final_answer_position,logic_shipping_035,14,26,all_conditions_pooled,0,0,-42.945269066276595,0
overall_harmful,final_answer_position,logic_shipping_035,14,26,all_conditions_pooled,0,1,93.99254236070365,0
overall_harmful,final_answer_position,logic_shipping_035,14,26,all_conditions_pooled,0,1,18.5674449596794,1
overall_harmful,final_answer_position,logic_tournament_036,15,26,all_conditions_pooled,0,1,486.8367093117516,0
overall_harmful,final_answer_position,logic_tournament_036,15,26,all_conditions_pooled,0,1,269.9151452335657,0
overall_harmful,final_answer_position,logic_tournament_036,15,26,all_conditions_pooled,0,1,580.0818834772109,0
overall_harmful,final_answer_position,policy_lab_access_002,16,26,all_conditions_pooled,0,0,-4.172403014954533,0
overall_harmful,final_answer_position,policy_lab_access_002,16,26,all_conditions_pooled,0,0,-329.61006948462204,0
overall_harmful,final_answer_position,policy_lab_access_002,16,26,all_conditions_pooled,0,0,-14.2428316979273,0
overall_harmful,final_answer_position,policy_library_checkout_003,17,26,all_conditions_pooled,0,0,-69.320303983218,0
overall_harmful,final_answer_position,policy_library_checkout_003,17,26,all_conditions_pooled,0,0,-210.16340257634738,0
overall_harmful,final_answer_position,policy_library_checkout_003,17,26,all_conditions_pooled,0,0,-66.73387338747156,0
overall_harmful,final_answer_position,policy_lunch_pass_001,18,26,all_conditions_pooled,0,0,-68.28874970607973,0
overall_harmful,final_answer_position,policy_lunch_pass_001,18,26,all_conditions_pooled,0,0,-371.64453620715983,0
overall_harmful,final_answer_position,policy_lunch_pass_001,18,26,all_conditions_pooled,0,0,-75.280652011537,0
overall_harmful,final_answer_position,policy_rec_center_004,19,26,all_conditions_pooled,0,0,-400.3923734818211,1
overall_harmful,final_answer_position,policy_rec_center_004,19,26,all_conditions_pooled,0,0,-530.5660644662153,0
overall_harmful,final_answer_position,policy_rec_center_004,19,26,all_conditions_pooled,0,0,-354.6014264856152,0
overall_harmful,final_answer_position,product_specs_025,20,26,all_conditions_pooled,0,1,44.61133121226628,0
overall_harmful,final_answer_position,product_specs_025,20,26,all_conditions_pooled,0,0,-172.79012511497433,0
overall_harmful,final_answer_position,product_specs_025,20,26,all_conditions_pooled,0,1,27.000115307476676,0
overall_harmful,final_answer_position,product_specs_026,21,26,all_conditions_pooled,0,1,33.38601941041131,0
overall_harmful,final_answer_position,product_specs_026,21,26,all_conditions_pooled,0,0,-214.1334384809619,0
overall_harmful,final_answer_position,product_specs_026,21,26,all_conditions_pooled,0,1,88.6575752865678,0
overall_harmful,final_answer_position,product_specs_027,22,26,all_conditions_pooled,0,1,12.887208682711908,0
overall_harmful,final_answer_position,product_specs_027,22,26,all_conditions_pooled,0,0,-294.10901071442004,0
overall_harmful,final_answer_position,product_specs_027,22,26,all_conditions_pooled,0,0,-3.325608751854684,0
overall_harmful,final_answer_position,product_specs_028,23,26,all_conditions_pooled,0,1,25.866593123619033,0
overall_harmful,final_answer_position,product_specs_028,23,26,all_conditions_pooled,0,0,-146.11408081297714,0
overall_harmful,final_answer_position,product_specs_028,23,26,all_conditions_pooled,0,1,58.99633411923574,0
overall_harmful,final_answer_position,schedule_clinic_011,24,26,all_conditions_pooled,0,0,-72.34860067223461,0
overall_harmful,final_answer_position,schedule_clinic_011,24,26,all_conditions_pooled,0,0,-378.763839485892,0
overall_harmful,final_answer_position,schedule_clinic_011,24,26,all_conditions_pooled,0,0,-69.23730549315982,0
overall_harmful,final_answer_position,schedule_exam_010,25,26,all_conditions_pooled,0,0,-356.5815327529121,0
overall_harmful,final_answer_position,schedule_exam_010,25,26,all_conditions_pooled,0,0,-332.9817964520538,0
overall_harmful,final_answer_position,schedule_exam_010,25,26,all_conditions_pooled,0,0,-349.83584971543837,1
overall_harmful,final_answer_position,schedule_train_009,26,26,all_conditions_pooled,0,1,122.31182851620758,0
overall_harmful,final_answer_position,schedule_train_009,26,26,all_conditions_pooled,0,0,-96.96275442027908,0
overall_harmful,final_answer_position,schedule_train_009,26,26,all_conditions_pooled,0,1,187.22187737791074,0
overall_harmful,final_answer_position,schedule_workshop_012,27,26,all_conditions_pooled,0,1,9.288464709956152,0
overall_harmful,final_answer_position,schedule_workshop_012,27,26,all_conditions_pooled,0,0,-275.67237300957277,0
overall_harmful,final_answer_position,schedule_workshop_012,27,26,all_conditions_pooled,0,1,64.70161963863745,0
overall_harmful,final_answer_position,science_battery_016,28,26,all_conditions_pooled,0,1,128.15290027409162,0
overall_harmful,final_answer_position,science_battery_016,28,26,all_conditions_pooled,0,0,-6.684285157570308,0
overall_harmful,final_answer_position,science_battery_016,28,26,all_conditions_pooled,0,1,194.52025029903575,0
overall_harmful,final_answer_position,science_mineral_014,29,26,all_conditions_pooled,0,1,54.867516781799964,0
overall_harmful,final_answer_position,science_mineral_014,29,26,all_conditions_pooled,0,0,-241.88464324695093,0
overall_harmful,final_answer_position,science_mineral_014,29,26,all_conditions_pooled,0,1,97.40769444851632,0
overall_harmful,final_answer_position,science_plant_013,30,26,all_conditions_pooled,0,1,104.6177301204571,0
overall_harmful,final_answer_position,science_plant_013,30,26,all_conditions_pooled,0,0,-65.67011623459696,0
overall_harmful,final_answer_position,science_plant_013,30,26,all_conditions_pooled,0,1,162.94270745128392,0
overall_harmful,final_answer_position,science_weather_015,31,26,all_conditions_pooled,0,1,290.1537578074939,0
overall_harmful,final_answer_position,science_weather_015,31,26,all_conditions_pooled,0,1,445.73987735405376,0
overall_harmful,final_answer_position,science_weather_015,31,26,all_conditions_pooled,0,1,538.4783596722821,0
overall_harmful,final_answer_position,technical_api_022,32,26,all_conditions_pooled,0,1,128.89618480393307,0
overall_harmful,final_answer_position,technical_api_022,32,26,all_conditions_pooled,0,1,5.698853420872908,0
overall_harmful,final_answer_position,technical_api_022,32,26,all_conditions_pooled,0,1,183.2435927458125,0
overall_harmful,final_answer_position,technical_backup_023,33,26,all_conditions_pooled,0,0,-0.2288981911809067,0
overall_harmful,final_answer_position,technical_backup_023,33,26,all_conditions_pooled,0,0,-213.5335765707019,0
overall_harmful,final_answer_position,technical_backup_023,33,26,all_conditions_pooled,0,1,44.88446531217103,0
overall_harmful,final_answer_position,technical_config_021,34,26,all_conditions_pooled,0,1,87.76376040229563,0
overall_harmful,final_answer_position,technical_config_021,34,26,all_conditions_pooled,0,0,-171.8113776134089,0
overall_harmful,final_answer_position,technical_config_021,34,26,all_conditions_pooled,0,1,31.710937445809897,0
overall_harmful,final_answer_position,technical_feature_flag_024,35,26,all_conditions_pooled,0,1,89.97974923120964,0
overall_harmful,final_answer_position,technical_feature_flag_024,35,26,all_conditions_pooled,0,0,-196.45113321184016,0
overall_harmful,final_answer_position,technical_feature_flag_024,35,26,all_conditions_pooled,0,1,72.44537115083561,0
overall_harmful,final_answer_position,academic_attendance_019,0,27,all_conditions_pooled,0,1,165.14400149515342,0
overall_harmful,final_answer_position,academic_attendance_019,0,27,all_conditions_pooled,0,0,-625.4704988232045,1
overall_harmful,final_answer_position,academic_attendance_019,0,27,all_conditions_pooled,0,1,237.88102840258614,0
overall_harmful,final_answer_position,academic_grading_018,1,27,all_conditions_pooled,0,1,104.86049187156874,0
overall_harmful,final_answer_position,academic_grading_018,1,27,all_conditions_pooled,0,0,-59.37264435283377,0
overall_harmful,final_answer_position,academic_grading_018,1,27,all_conditions_pooled,0,1,204.4680249881278,0
overall_harmful,final_answer_position,academic_latework_020,2,27,all_conditions_pooled,0,1,209.01916519256403,0
overall_harmful,final_answer_position,academic_latework_020,2,27,all_conditions_pooled,0,1,54.357169201531136,0
overall_harmful,final_answer_position,academic_latework_020,2,27,all_conditions_pooled,0,1,364.0445276209754,0
overall_harmful,final_answer_position,academic_prereq_017,3,27,all_conditions_pooled,0,0,-190.66766485794318,0
overall_harmful,final_answer_position,academic_prereq_017,3,27,all_conditions_pooled,0,0,-450.7651000486301,0
overall_harmful,final_answer_position,academic_prereq_017,3,27,all_conditions_pooled,0,0,-219.80485151915036,0
overall_harmful,final_answer_position,contract_rental_029,4,27,all_conditions_pooled,0,0,-9.723838003953418,0
overall_harmful,final_answer_position,contract_rental_029,4,27,all_conditions_pooled,0,0,-369.58719996083073,0
overall_harmful,final_answer_position,contract_rental_029,4,27,all_conditions_pooled,0,0,-28.26712453607704,0
overall_harmful,final_answer_position,contract_service_030,5,27,all_conditions_pooled,0,1,7.0853399637176295,0
overall_harmful,final_answer_position,contract_service_030,5,27,all_conditions_pooled,0,0,-164.22248706630756,0
overall_harmful,final_answer_position,contract_service_030,5,27,all_conditions_pooled,0,1,9.116722512869696,0
overall_harmful,final_answer_position,contract_ticket_032,6,27,all_conditions_pooled,0,0,-60.15029419885527,0
overall_harmful,final_answer_position,contract_ticket_032,6,27,all_conditions_pooled,0,0,-213.48754751206351,0
overall_harmful,final_answer_position,contract_ticket_032,6,27,all_conditions_pooled,0,0,-22.98824908970404,0
overall_harmful,final_answer_position,contract_warranty_031,7,27,all_conditions_pooled,0,0,-8.691873601041108,0
overall_harmful,final_answer_position,contract_warranty_031,7,27,all_conditions_pooled,0,0,-324.11411945468785,0
overall_harmful,final_answer_position,contract_warranty_031,7,27,all_conditions_pooled,0,1,14.13759314073858,0
overall_harmful,final_answer_position,finance_budget_007,8,27,all_conditions_pooled,0,1,69.56659779677234,0
overall_harmful,final_answer_position,finance_budget_007,8,27,all_conditions_pooled,0,0,-127.32571782740844,0
overall_harmful,final_answer_position,finance_budget_007,8,27,all_conditions_pooled,0,1,111.46959991565308,0
overall_harmful,final_answer_position,finance_coupon_006,9,27,all_conditions_pooled,0,1,13.621924632941855,0
overall_harmful,final_answer_position,finance_coupon_006,9,27,all_conditions_pooled,0,0,-190.93299252826705,0
overall_harmful,final_answer_position,finance_coupon_006,9,27,all_conditions_pooled,0,0,-8.647066269901838,0
overall_harmful,final_answer_position,finance_membership_008,10,27,all_conditions_pooled,0,1,111.35832910409718,0
overall_harmful,final_answer_position,finance_membership_008,10,27,all_conditions_pooled,0,0,-57.64202029505024,0
overall_harmful,final_answer_position,finance_membership_008,10,27,all_conditions_pooled,0,1,149.17067644432836,0
overall_harmful,final_answer_position,finance_refund_005,11,27,all_conditions_pooled,0,1,91.34294859148167,0
overall_harmful,final_answer_position,finance_refund_005,11,27,all_conditions_pooled,0,0,-98.65548888720346,0
overall_harmful,final_answer_position,finance_refund_005,11,27,all_conditions_pooled,0,1,160.03237387830706,0
overall_harmful,final_answer_position,logic_access_033,12,27,all_conditions_pooled,0,1,66.64603234421858,0
overall_harmful,final_answer_position,logic_access_033,12,27,all_conditions_pooled,0,0,-127.94103583101588,0
overall_harmful,final_answer_position,logic_access_033,12,27,all_conditions_pooled,0,1,71.41001416959881,0
overall_harmful,final_answer_position,logic_eligibility_034,13,27,all_conditions_pooled,0,1,126.2322593135944,0
overall_harmful,final_answer_position,logic_eligibility_034,13,27,all_conditions_pooled,0,0,-143.58611696413556,0
overall_harmful,final_answer_position,logic_eligibility_034,13,27,all_conditions_pooled,0,1,120.55392380588853,0
overall_harmful,final_answer_position,logic_shipping_035,14,27,all_conditions_pooled,0,0,-41.120912380195655,0
overall_harmful,final_answer_position,logic_shipping_035,14,27,all_conditions_pooled,0,1,110.74480968891413,0
overall_harmful,final_answer_position,logic_shipping_035,14,27,all_conditions_pooled,0,1,46.13941495841695,1
overall_harmful,final_answer_position,logic_tournament_036,15,27,all_conditions_pooled,0,1,436.962400542778,0
overall_harmful,final_answer_position,logic_tournament_036,15,27,all_conditions_pooled,0,1,233.18466192724827,0
overall_harmful,final_answer_position,logic_tournament_036,15,27,all_conditions_pooled,0,1,528.1345432427607,0
overall_harmful,final_answer_position,policy_lab_access_002,16,27,all_conditions_pooled,0,1,2.5211516631074993,0
overall_harmful,final_answer_position,policy_lab_access_002,16,27,all_conditions_pooled,0,0,-308.353638069029,0
overall_harmful,final_answer_position,policy_lab_access_002,16,27,all_conditions_pooled,0,0,-7.0342201406734155,0
overall_harmful,final_answer_position,policy_library_checkout_003,17,27,all_conditions_pooled,0,0,-64.31766692007149,0
overall_harmful,final_answer_position,policy_library_checkout_003,17,27,all_conditions_pooled,0,0,-195.60502908316028,0
overall_harmful,final_answer_position,policy_library_checkout_003,17,27,all_conditions_pooled,0,0,-58.371247234958204,0
overall_harmful,final_answer_position,policy_lunch_pass_001,18,27,all_conditions_pooled,0,0,-74.85523046256085,0
overall_harmful,final_answer_position,policy_lunch_pass_001,18,27,all_conditions_pooled,0,0,-375.9285635471115,0
overall_harmful,final_answer_position,policy_lunch_pass_001,18,27,all_conditions_pooled,0,0,-76.61536577020186,0
overall_harmful,final_answer_position,policy_rec_center_004,19,27,all_conditions_pooled,0,0,-383.07455811168245,1
overall_harmful,final_answer_position,policy_rec_center_004,19,27,all_conditions_pooled,0,0,-512.2654551296667,0
overall_harmful,final_answer_position,policy_rec_center_004,19,27,all_conditions_pooled,0,0,-335.4252708443737,0
overall_harmful,final_answer_position,product_specs_025,20,27,all_conditions_pooled,0,1,23.9821712874554,0
overall_harmful,final_answer_position,product_specs_025,20,27,all_conditions_pooled,0,0,-199.8844763849317,0
overall_harmful,final_answer_position,product_specs_025,20,27,all_conditions_pooled,0,1,8.688787976658816,0
overall_harmful,final_answer_position,product_specs_026,21,27,all_conditions_pooled,0,1,27.05172754046204,0
overall_harmful,final_answer_position,product_specs_026,21,27,all_conditions_pooled,0,0,-214.59572726488148,0
overall_harmful,final_answer_position,product_specs_026,21,27,all_conditions_pooled,0,1,86.20646926498827,0
overall_harmful,final_answer_position,product_specs_027,22,27,all_conditions_pooled,0,1,2.210261747933785,0
overall_harmful,final_answer_position,product_specs_027,22,27,all_conditions_pooled,0,0,-299.0210579672905,0
overall_harmful,final_answer_position,product_specs_027,22,27,all_conditions_pooled,0,0,-14.570812674037416,0
overall_harmful,final_answer_position,product_specs_028,23,27,all_conditions_pooled,0,0,-9.763942072808726,0
overall_harmful,final_answer_position,product_specs_028,23,27,all_conditions_pooled,0,0,-151.0387763036445,0
overall_harmful,final_answer_position,product_specs_028,23,27,all_conditions_pooled,0,1,34.97997390022819,0
overall_harmful,final_answer_position,schedule_clinic_011,24,27,all_conditions_pooled,0,0,-88.18250332387016,0
overall_harmful,final_answer_position,schedule_clinic_011,24,27,all_conditions_pooled,0,0,-401.4237107240257,0
overall_harmful,final_answer_position,schedule_clinic_011,24,27,all_conditions_pooled,0,0,-81.96005919533638,0
overall_harmful,final_answer_position,schedule_exam_010,25,27,all_conditions_pooled,0,0,-347.7347241613546,0
overall_harmful,final_answer_position,schedule_exam_010,25,27,all_conditions_pooled,0,0,-318.07883067089864,0
overall_harmful,final_answer_position,schedule_exam_010,25,27,all_conditions_pooled,0,0,-313.43957125723284,1
overall_harmful,final_answer_position,schedule_train_009,26,27,all_conditions_pooled,0,1,112.60689305784632,0
overall_harmful,final_answer_position,schedule_train_009,26,27,all_conditions_pooled,0,0,-86.80050516488107,0
overall_harmful,final_answer_position,schedule_train_009,26,27,all_conditions_pooled,0,1,187.33441445423665,0
overall_harmful,final_answer_position,schedule_workshop_012,27,27,all_conditions_pooled,0,0,-7.7957106720917615,0
overall_harmful,final_answer_position,schedule_workshop_012,27,27,all_conditions_pooled,0,0,-283.59842870508203,0
overall_harmful,final_answer_position,schedule_workshop_012,27,27,all_conditions_pooled,0,1,63.91916455497048,0
overall_harmful,final_answer_position,science_battery_016,28,27,all_conditions_pooled,0,1,136.5341979964686,0
overall_harmful,final_answer_position,science_battery_016,28,27,all_conditions_pooled,0,1,40.912673070631016,0
overall_harmful,final_answer_position,science_battery_016,28,27,all_conditions_pooled,0,1,215.8425330942976,0
overall_harmful,final_answer_position,science_mineral_014,29,27,all_conditions_pooled,0,1,42.240739574850394,0
overall_harmful,final_answer_position,science_mineral_014,29,27,all_conditions_pooled,0,0,-227.2229201278823,0
overall_harmful,final_answer_position,science_mineral_014,29,27,all_conditions_pooled,0,1,87.82746019707679,0
overall_harmful,final_answer_position,science_plant_013,30,27,all_conditions_pooled,0,1,108.85354734799472,0
overall_harmful,final_answer_position,science_plant_013,30,27,all_conditions_pooled,0,0,-24.713018739672158,0
overall_harmful,final_answer_position,science_plant_013,30,27,all_conditions_pooled,0,1,177.09010625079674,0
overall_harmful,final_answer_position,science_weather_015,31,27,all_conditions_pooled,0,1,280.5844821130314,0
overall_harmful,final_answer_position,science_weather_015,31,27,all_conditions_pooled,0,1,497.1373185341902,0
overall_harmful,final_answer_position,science_weather_015,31,27,all_conditions_pooled,0,1,524.4299927774211,0
overall_harmful,final_answer_position,technical_api_022,32,27,all_conditions_pooled,0,1,124.1265669186389,0
overall_harmful,final_answer_position,technical_api_022,32,27,all_conditions_pooled,0,1,29.538958117708894,0
overall_harmful,final_answer_position,technical_api_022,32,27,all_conditions_pooled,0,1,178.8907170706807,0
overall_harmful,final_answer_position,technical_backup_023,33,27,all_conditions_pooled,0,0,-11.378953477551718,0
overall_harmful,final_answer_position,technical_backup_023,33,27,all_conditions_pooled,0,0,-224.3889061990668,0
overall_harmful,final_answer_position,technical_backup_023,33,27,all_conditions_pooled,0,1,46.86295917454845,0
overall_harmful,final_answer_position,technical_config_021,34,27,all_conditions_pooled,0,1,79.25497348266882,0
overall_harmful,final_answer_position,technical_config_021,34,27,all_conditions_pooled,0,0,-178.6537630030151,0
overall_harmful,final_answer_position,technical_config_021,34,27,all_conditions_pooled,0,1,19.996426049971753,0
overall_harmful,final_answer_position,technical_feature_flag_024,35,27,all_conditions_pooled,0,1,73.76855566178162,0
overall_harmful,final_answer_position,technical_feature_flag_024,35,27,all_conditions_pooled,0,0,-202.07280789245732,0
overall_harmful,final_answer_position,technical_feature_flag_024,35,27,all_conditions_pooled,0,1,64.47448404064914,0
overall_harmful,final_answer_position,academic_attendance_019,0,28,all_conditions_pooled,0,1,114.94069378726118,0
overall_harmful,final_answer_position,academic_attendance_019,0,28,all_conditions_pooled,0,0,-693.5506257613874,1
overall_harmful,final_answer_position,academic_attendance_019,0,28,all_conditions_pooled,0,1,215.55085040284493,0
overall_harmful,final_answer_position,academic_grading_018,1,28,all_conditions_pooled,0,1,68.99797936866909,0
overall_harmful,final_answer_position,academic_grading_018,1,28,all_conditions_pooled,0,0,-77.0693100432647,0
overall_harmful,final_answer_position,academic_grading_018,1,28,all_conditions_pooled,0,1,180.5301053894501,0
overall_harmful,final_answer_position,academic_latework_020,2,28,all_conditions_pooled,0,1,175.3216008649834,0
overall_harmful,final_answer_position,academic_latework_020,2,28,all_conditions_pooled,0,1,31.318680399999565,0
overall_harmful,final_answer_position,academic_latework_020,2,28,all_conditions_pooled,0,1,347.2974807717935,0
overall_harmful,final_answer_position,academic_prereq_017,3,28,all_conditions_pooled,0,0,-161.76764788548945,0
overall_harmful,final_answer_position,academic_prereq_017,3,28,all_conditions_pooled,0,0,-421.5692799505405,0
overall_harmful,final_answer_position,academic_prereq_017,3,28,all_conditions_pooled,0,0,-186.68834593919985,0
overall_harmful,final_answer_position,contract_rental_029,4,28,all_conditions_pooled,0,0,-20.421958618900746,0
overall_harmful,final_answer_position,contract_rental_029,4,28,all_conditions_pooled,0,0,-352.37702390396987,0
overall_harmful,final_answer_position,contract_rental_029,4,28,all_conditions_pooled,0,0,-28.153991862298355,0
overall_harmful,final_answer_position,contract_service_030,5,28,all_conditions_pooled,0,0,-19.94728983995613,0
overall_harmful,final_answer_position,contract_service_030,5,28,all_conditions_pooled,0,0,-157.10534308422262,0
overall_harmful,final_answer_position,contract_service_030,5,28,all_conditions_pooled,0,0,-4.541869329951126,0
overall_harmful,final_answer_position,contract_ticket_032,6,28,all_conditions_pooled,0,0,-68.99802792956245,0
overall_harmful,final_answer_position,contract_ticket_032,6,28,all_conditions_pooled,0,0,-226.8036416506914,0
overall_harmful,final_answer_position,contract_ticket_032,6,28,all_conditions_pooled,0,0,-12.038553257965681,0
overall_harmful,final_answer_position,contract_warranty_031,7,28,all_conditions_pooled,0,1,15.839638534253112,0
overall_harmful,final_answer_position,contract_warranty_031,7,28,all_conditions_pooled,0,0,-291.12773272912597,0
overall_harmful,final_answer_position,contract_warranty_031,7,28,all_conditions_pooled,0,1,55.63334841798293,0
overall_harmful,final_answer_position,finance_budget_007,8,28,all_conditions_pooled,0,1,66.30606852497927,0
overall_harmful,final_answer_position,finance_budget_007,8,28,all_conditions_pooled,0,0,-121.58711300311194,0
overall_harmful,final_answer_position,finance_budget_007,8,28,all_conditions_pooled,0,1,111.13576770508536,0
overall_harmful,final_answer_position,finance_coupon_006,9,28,all_conditions_pooled,0,1,18.877301021909503,0
overall_harmful,final_answer_position,finance_coupon_006,9,28,all_conditions_pooled,0,0,-195.19672491547232,0
overall_harmful,final_answer_position,finance_coupon_006,9,28,all_conditions_pooled,0,1,6.916357115319137,0
overall_harmful,final_answer_position,finance_membership_008,10,28,all_conditions_pooled,0,1,109.65024190604572,0
overall_harmful,final_answer_position,finance_membership_008,10,28,all_conditions_pooled,0,0,-59.98187424549685,0
overall_harmful,final_answer_position,finance_membership_008,10,28,all_conditions_pooled,0,1,158.8564145108952,0
overall_harmful,final_answer_position,finance_refund_005,11,28,all_conditions_pooled,0,1,66.88444817604028,0
overall_harmful,final_answer_position,finance_refund_005,11,28,all_conditions_pooled,0,0,-87.92234584562301,0
overall_harmful,final_answer_position,finance_refund_005,11,28,all_conditions_pooled,0,1,157.17545941404632,0
overall_harmful,final_answer_position,logic_access_033,12,28,all_conditions_pooled,0,1,59.72497063591162,0
overall_harmful,final_answer_position,logic_access_033,12,28,all_conditions_pooled,0,0,-115.02544919191553,0
overall_harmful,final_answer_position,logic_access_033,12,28,all_conditions_pooled,0,1,86.47413107574737,0
overall_harmful,final_answer_position,logic_eligibility_034,13,28,all_conditions_pooled,0,1,130.87808458414347,0
overall_harmful,final_answer_position,logic_eligibility_034,13,28,all_conditions_pooled,0,0,-116.83153657320985,0
overall_harmful,final_answer_position,logic_eligibility_034,13,28,all_conditions_pooled,0,1,134.26649713143075,0
overall_harmful,final_answer_position,logic_shipping_035,14,28,all_conditions_pooled,0,0,-88.14172770309439,0
overall_harmful,final_answer_position,logic_shipping_035,14,28,all_conditions_pooled,0,1,101.71642990878395,0
overall_harmful,final_answer_position,logic_shipping_035,14,28,all_conditions_pooled,0,1,4.755319727126103,1
overall_harmful,final_answer_position,logic_tournament_036,15,28,all_conditions_pooled,0,1,404.70209449543233,0
overall_harmful,final_answer_position,logic_tournament_036,15,28,all_conditions_pooled,0,1,252.60372897117543,0
overall_harmful,final_answer_position,logic_tournament_036,15,28,all_conditions_pooled,0,1,493.1168056926738,0
overall_harmful,final_answer_position,policy_lab_access_002,16,28,all_conditions_pooled,0,0,-6.569296442667794,0
overall_harmful,final_answer_position,policy_lab_access_002,16,28,all_conditions_pooled,0,0,-296.4388601315575,0
overall_harmful,final_answer_position,policy_lab_access_002,16,28,all_conditions_pooled,0,0,-5.811661353594888,0
overall_harmful,final_answer_position,policy_library_checkout_003,17,28,all_conditions_pooled,0,0,-70.88843518539753,0
overall_harmful,final_answer_position,policy_library_checkout_003,17,28,all_conditions_pooled,0,0,-204.36893274151808,0
overall_harmful,final_answer_position,policy_library_checkout_003,17,28,all_conditions_pooled,0,0,-52.29162596411063,0
overall_harmful,final_answer_position,policy_lunch_pass_001,18,28,all_conditions_pooled,0,0,-59.38482940320405,0
overall_harmful,final_answer_position,policy_lunch_pass_001,18,28,all_conditions_pooled,0,0,-354.81399824443224,0
overall_harmful,final_answer_position,policy_lunch_pass_001,18,28,all_conditions_pooled,0,0,-47.37443274564708,0
overall_harmful,final_answer_position,policy_rec_center_004,19,28,all_conditions_pooled,0,0,-353.9409445431714,1
overall_harmful,final_answer_position,policy_rec_center_004,19,28,all_conditions_pooled,0,0,-453.7211591106781,0
overall_harmful,final_answer_position,policy_rec_center_004,19,28,all_conditions_pooled,0,0,-284.98480542896476,0
overall_harmful,final_answer_position,product_specs_025,20,28,all_conditions_pooled,0,1,22.383643996958924,0
overall_harmful,final_answer_position,product_specs_025,20,28,all_conditions_pooled,0,0,-188.6312918175584,0
overall_harmful,final_answer_position,product_specs_025,20,28,all_conditions_pooled,0,1,13.659416383596565,0
overall_harmful,final_answer_position,product_specs_026,21,28,all_conditions_pooled,0,1,39.175923948429634,0
overall_harmful,final_answer_position,product_specs_026,21,28,all_conditions_pooled,0,0,-205.02545149081274,0
overall_harmful,final_answer_position,product_specs_026,21,28,all_conditions_pooled,0,1,108.46738026754545,0
overall_harmful,final_answer_position,product_specs_027,22,28,all_conditions_pooled,0,1,3.544693628554434,0
overall_harmful,final_answer_position,product_specs_027,22,28,all_conditions_pooled,0,0,-277.75972791853553,0
overall_harmful,final_answer_position,product_specs_027,22,28,all_conditions_pooled,0,1,7.460386922728343,0
overall_harmful,final_answer_position,product_specs_028,23,28,all_conditions_pooled,0,0,-33.518504380089226,0
overall_harmful,final_answer_position,product_specs_028,23,28,all_conditions_pooled,0,0,-167.3556652419619,0
overall_harmful,final_answer_position,product_specs_028,23,28,all_conditions_pooled,0,1,9.38361351647779,0
overall_harmful,final_answer_position,schedule_clinic_011,24,28,all_conditions_pooled,0,0,-48.63107257903419,0
overall_harmful,final_answer_position,schedule_clinic_011,24,28,all_conditions_pooled,0,0,-333.5566236071112,0
overall_harmful,final_answer_position,schedule_clinic_011,24,28,all_conditions_pooled,0,0,-25.82156357762112,0
overall_harmful,final_answer_position,schedule_exam_010,25,28,all_conditions_pooled,0,0,-359.53615646353785,0
overall_harmful,final_answer_position,schedule_exam_010,25,28,all_conditions_pooled,0,0,-309.78285992910696,0
overall_harmful,final_answer_position,schedule_exam_010,25,28,all_conditions_pooled,0,0,-321.6928227274284,1
overall_harmful,final_answer_position,schedule_train_009,26,28,all_conditions_pooled,0,1,129.0903745258148,0
overall_harmful,final_answer_position,schedule_train_009,26,28,all_conditions_pooled,0,0,-43.38239876258841,0
overall_harmful,final_answer_position,schedule_train_009,26,28,all_conditions_pooled,0,1,207.20640805055285,0
overall_harmful,final_answer_position,schedule_workshop_012,27,28,all_conditions_pooled,0,0,-2.675778182985894,0
overall_harmful,final_answer_position,schedule_workshop_012,27,28,all_conditions_pooled,0,0,-255.65269510440305,0
overall_harmful,final_answer_position,schedule_workshop_012,27,28,all_conditions_pooled,0,1,77.8809691719252,0
overall_harmful,final_answer_position,science_battery_016,28,28,all_conditions_pooled,0,1,78.07750938154973,0
overall_harmful,final_answer_position,science_battery_016,28,28,all_conditions_pooled,0,0,-2.1168190507275355,0
overall_harmful,final_answer_position,science_battery_016,28,28,all_conditions_pooled,0,1,165.24505308642944,0
overall_harmful,final_answer_position,science_mineral_014,29,28,all_conditions_pooled,0,1,45.93551133405498,0
overall_harmful,final_answer_position,science_mineral_014,29,28,all_conditions_pooled,0,0,-207.80706411953997,0
overall_harmful,final_answer_position,science_mineral_014,29,28,all_conditions_pooled,0,1,98.04787485489912,0
overall_harmful,final_answer_position,science_plant_013,30,28,all_conditions_pooled,0,1,67.44829792309982,0
overall_harmful,final_answer_position,science_plant_013,30,28,all_conditions_pooled,0,0,-46.45540495410343,0
overall_harmful,final_answer_position,science_plant_013,30,28,all_conditions_pooled,0,1,145.2352660176707,0
overall_harmful,final_answer_position,science_weather_015,31,28,all_conditions_pooled,0,1,260.31754524585904,0
overall_harmful,final_answer_position,science_weather_015,31,28,all_conditions_pooled,0,1,532.5763916090189,0
overall_harmful,final_answer_position,science_weather_015,31,28,all_conditions_pooled,0,1,523.5770395468085,0
overall_harmful,final_answer_position,technical_api_022,32,28,all_conditions_pooled,0,1,108.5630237125323,0
overall_harmful,final_answer_position,technical_api_022,32,28,all_conditions_pooled,0,1,0.8939904392458864,0
overall_harmful,final_answer_position,technical_api_022,32,28,all_conditions_pooled,0,1,164.16387944198777,0
overall_harmful,final_answer_position,technical_backup_023,33,28,all_conditions_pooled,0,0,-24.36858253977204,0
overall_harmful,final_answer_position,technical_backup_023,33,28,all_conditions_pooled,0,0,-224.6781836357201,0
overall_harmful,final_answer_position,technical_backup_023,33,28,all_conditions_pooled,0,1,44.886099488018104,0
overall_harmful,final_answer_position,technical_config_021,34,28,all_conditions_pooled,0,1,74.29298274840744,0
overall_harmful,final_answer_position,technical_config_021,34,28,all_conditions_pooled,0,0,-167.62648645412355,0
overall_harmful,final_answer_position,technical_config_021,34,28,all_conditions_pooled,0,1,33.260001821375376,0
overall_harmful,final_answer_position,technical_feature_flag_024,35,28,all_conditions_pooled,0,1,58.44039906497284,0
overall_harmful,final_answer_position,technical_feature_flag_024,35,28,all_conditions_pooled,0,0,-188.12534821670977,0
overall_harmful,final_answer_position,technical_feature_flag_024,35,28,all_conditions_pooled,0,1,66.4286499116456,0
overall_harmful,final_answer_position,academic_attendance_019,0,29,all_conditions_pooled,0,1,130.6062353766612,0
overall_harmful,final_answer_position,academic_attendance_019,0,29,all_conditions_pooled,0,0,-658.0616580578239,1
overall_harmful,final_answer_position,academic_attendance_019,0,29,all_conditions_pooled,0,1,239.5404822146403,0
overall_harmful,final_answer_position,academic_grading_018,1,29,all_conditions_pooled,0,1,82.50841229009642,0
overall_harmful,final_answer_position,academic_grading_018,1,29,all_conditions_pooled,0,0,-67.26265736541573,0
overall_harmful,final_answer_position,academic_grading_018,1,29,all_conditions_pooled,0,1,181.96059874517888,0
overall_harmful,final_answer_position,academic_latework_020,2,29,all_conditions_pooled,0,1,182.23850086789486,0
overall_harmful,final_answer_position,academic_latework_020,2,29,all_conditions_pooled,0,1,26.542989232083173,0
overall_harmful,final_answer_position,academic_latework_020,2,29,all_conditions_pooled,0,1,373.260908755914,0
overall_harmful,final_answer_position,academic_prereq_017,3,29,all_conditions_pooled,0,0,-158.02209410446454,0
overall_harmful,final_answer_position,academic_prereq_017,3,29,all_conditions_pooled,0,0,-433.29493904160915,0
overall_harmful,final_answer_position,academic_prereq_017,3,29,all_conditions_pooled,0,0,-185.4955267593671,0
overall_harmful,final_answer_position,contract_rental_029,4,29,all_conditions_pooled,0,0,-11.60177079743583,0
overall_harmful,final_answer_position,contract_rental_029,4,29,all_conditions_pooled,0,0,-353.8596604999033,0
overall_harmful,final_answer_position,contract_rental_029,4,29,all_conditions_pooled,0,0,-18.081123986052468,0
overall_harmful,final_answer_position,contract_service_030,5,29,all_conditions_pooled,0,0,-24.03035799309015,0
overall_harmful,final_answer_position,contract_service_030,5,29,all_conditions_pooled,0,0,-165.34741994885388,0
overall_harmful,final_answer_position,contract_service_030,5,29,all_conditions_pooled,0,0,-10.698013685749245,0
overall_harmful,final_answer_position,contract_ticket_032,6,29,all_conditions_pooled,0,0,-99.00315695734876,0
overall_harmful,final_answer_position,contract_ticket_032,6,29,all_conditions_pooled,0,0,-247.53938826193252,0
overall_harmful,final_answer_position,contract_ticket_032,6,29,all_conditions_pooled,0,0,-28.23993808781801,0
overall_harmful,final_answer_position,contract_warranty_031,7,29,all_conditions_pooled,0,1,0.38687529609107685,0
overall_harmful,final_answer_position,contract_warranty_031,7,29,all_conditions_pooled,0,0,-305.4194782375415,0
overall_harmful,final_answer_position,contract_warranty_031,7,29,all_conditions_pooled,0,1,28.38275182971575,0
overall_harmful,final_answer_position,finance_budget_007,8,29,all_conditions_pooled,0,1,61.45914036950262,0
overall_harmful,final_answer_position,finance_budget_007,8,29,all_conditions_pooled,0,0,-101.11821701528748,0
overall_harmful,final_answer_position,finance_budget_007,8,29,all_conditions_pooled,0,1,102.38383076549141,0
overall_harmful,final_answer_position,finance_coupon_006,9,29,all_conditions_pooled,0,1,18.932022188826807,0
overall_harmful,final_answer_position,finance_coupon_006,9,29,all_conditions_pooled,0,0,-193.30826902290445,0
overall_harmful,final_answer_position,finance_coupon_006,9,29,all_conditions_pooled,0,1,12.940085344570129,0
overall_harmful,final_answer_position,finance_membership_008,10,29,all_conditions_pooled,0,1,104.42490616166593,0
overall_harmful,final_answer_position,finance_membership_008,10,29,all_conditions_pooled,0,0,-45.81745082997176,0
overall_harmful,final_answer_position,finance_membership_008,10,29,all_conditions_pooled,0,1,158.09830127879,0
overall_harmful,final_answer_position,finance_refund_005,11,29,all_conditions_pooled,0,1,67.15936459125955,0
overall_harmful,final_answer_position,finance_refund_005,11,29,all_conditions_pooled,0,0,-92.05337984881001,0
overall_harmful,final_answer_position,finance_refund_005,11,29,all_conditions_pooled,0,1,167.84626421519283,0
overall_harmful,final_answer_position,logic_access_033,12,29,all_conditions_pooled,0,1,58.73825192615351,0
overall_harmful,final_answer_position,logic_access_033,12,29,all_conditions_pooled,0,0,-104.55123248131852,0
overall_harmful,final_answer_position,logic_access_033,12,29,all_conditions_pooled,0,1,73.97771565998951,0
overall_harmful,final_answer_position,logic_eligibility_034,13,29,all_conditions_pooled,0,1,109.76542822044627,0
overall_harmful,final_answer_position,logic_eligibility_034,13,29,all_conditions_pooled,0,0,-120.04742104153277,0
overall_harmful,final_answer_position,logic_eligibility_034,13,29,all_conditions_pooled,0,1,114.4581861968233,0
overall_harmful,final_answer_position,logic_shipping_035,14,29,all_conditions_pooled,0,0,-109.41847390678782,0
overall_harmful,final_answer_position,logic_shipping_035,14,29,all_conditions_pooled,0,1,104.20671970179,0
overall_harmful,final_answer_position,logic_shipping_035,14,29,all_conditions_pooled,0,0,-5.217457563811999,1
overall_harmful,final_answer_position,logic_tournament_036,15,29,all_conditions_pooled,0,1,495.1064788474845,0
overall_harmful,final_answer_position,logic_tournament_036,15,29,all_conditions_pooled,0,1,368.6543213568359,0
overall_harmful,final_answer_position,logic_tournament_036,15,29,all_conditions_pooled,0,1,566.692332935188,0
overall_harmful,final_answer_position,policy_lab_access_002,16,29,all_conditions_pooled,0,0,-1.2967813833712079,0
overall_harmful,final_answer_position,policy_lab_access_002,16,29,all_conditions_pooled,0,0,-289.38913524211773,0
overall_harmful,final_answer_position,policy_lab_access_002,16,29,all_conditions_pooled,0,0,-4.680199402908828,0
overall_harmful,final_answer_position,policy_library_checkout_003,17,29,all_conditions_pooled,0,0,-74.06165518698444,0
overall_harmful,final_answer_position,policy_library_checkout_003,17,29,all_conditions_pooled,0,0,-214.97734538939255,0
overall_harmful,final_answer_position,policy_library_checkout_003,17,29,all_conditions_pooled,0,0,-59.00554689058343,0
overall_harmful,final_answer_position,policy_lunch_pass_001,18,29,all_conditions_pooled,0,0,-68.74045038583692,0
overall_harmful,final_answer_position,policy_lunch_pass_001,18,29,all_conditions_pooled,0,0,-373.40666450580585,0
overall_harmful,final_answer_position,policy_lunch_pass_001,18,29,all_conditions_pooled,0,0,-68.46549785099519,0
overall_harmful,final_answer_position,policy_rec_center_004,19,29,all_conditions_pooled,0,0,-362.9193264776422,1
overall_harmful,final_answer_position,policy_rec_center_004,19,29,all_conditions_pooled,0,0,-477.3759698928826,0
overall_harmful,final_answer_position,policy_rec_center_004,19,29,all_conditions_pooled,0,0,-308.968928396981,0
overall_harmful,final_answer_position,product_specs_025,20,29,all_conditions_pooled,0,1,41.90895284839387,0
overall_harmful,final_answer_position,product_specs_025,20,29,all_conditions_pooled,0,0,-175.20881055864695,0
overall_harmful,final_answer_position,product_specs_025,20,29,all_conditions_pooled,0,1,27.604464396948288,0
overall_harmful,final_answer_position,product_specs_026,21,29,all_conditions_pooled,0,1,51.752300599479454,0
overall_harmful,final_answer_position,product_specs_026,21,29,all_conditions_pooled,0,0,-189.82882575053253,0
overall_harmful,final_answer_position,product_specs_026,21,29,all_conditions_pooled,0,1,113.74317894389605,0
overall_harmful,final_answer_position,product_specs_027,22,29,all_conditions_pooled,0,1,9.619448507467599,0
overall_harmful,final_answer_position,product_specs_027,22,29,all_conditions_pooled,0,0,-270.0034478769812,0
overall_harmful,final_answer_position,product_specs_027,22,29,all_conditions_pooled,0,1,6.614075519920512,0
overall_harmful,final_answer_position,product_specs_028,23,29,all_conditions_pooled,0,0,-58.804239357888406,0
overall_harmful,final_answer_position,product_specs_028,23,29,all_conditions_pooled,0,0,-183.67568896820598,0
overall_harmful,final_answer_position,product_specs_028,23,29,all_conditions_pooled,0,0,-15.486015023219629,0
overall_harmful,final_answer_position,schedule_clinic_011,24,29,all_conditions_pooled,0,0,-62.07423464608135,0
overall_harmful,final_answer_position,schedule_clinic_011,24,29,all_conditions_pooled,0,0,-322.016673260774,0
overall_harmful,final_answer_position,schedule_clinic_011,24,29,all_conditions_pooled,0,0,-46.70127092009078,0
overall_harmful,final_answer_position,schedule_exam_010,25,29,all_conditions_pooled,0,0,-341.66982707604393,0
overall_harmful,final_answer_position,schedule_exam_010,25,29,all_conditions_pooled,0,0,-270.2385631863066,0
overall_harmful,final_answer_position,schedule_exam_010,25,29,all_conditions_pooled,0,0,-300.91435005635924,1
overall_harmful,final_answer_position,schedule_train_009,26,29,all_conditions_pooled,0,1,113.59687664375869,0
overall_harmful,final_answer_position,schedule_train_009,26,29,all_conditions_pooled,0,0,-42.53002899782523,0
overall_harmful,final_answer_position,schedule_train_009,26,29,all_conditions_pooled,0,1,188.80340441772285,0
overall_harmful,final_answer_position,schedule_workshop_012,27,29,all_conditions_pooled,0,1,7.636015370456377,0
overall_harmful,final_answer_position,schedule_workshop_012,27,29,all_conditions_pooled,0,0,-229.17191724102605,0
overall_harmful,final_answer_position,schedule_workshop_012,27,29,all_conditions_pooled,0,1,84.40885312297695,0
overall_harmful,final_answer_position,science_battery_016,28,29,all_conditions_pooled,0,1,113.62045684863529,0
overall_harmful,final_answer_position,science_battery_016,28,29,all_conditions_pooled,0,1,37.66722087555546,0
overall_harmful,final_answer_position,science_battery_016,28,29,all_conditions_pooled,0,1,195.96654118392104,0
overall_harmful,final_answer_position,science_mineral_014,29,29,all_conditions_pooled,0,1,30.639547691636878,0
overall_harmful,final_answer_position,science_mineral_014,29,29,all_conditions_pooled,0,0,-217.04538439372325,0
overall_harmful,final_answer_position,science_mineral_014,29,29,all_conditions_pooled,0,1,81.1495358782798,0
overall_harmful,final_answer_position,science_plant_013,30,29,all_conditions_pooled,0,1,88.56416656944945,0
overall_harmful,final_answer_position,science_plant_013,30,29,all_conditions_pooled,0,0,-21.186435054677272,0
overall_harmful,final_answer_position,science_plant_013,30,29,all_conditions_pooled,0,1,158.25085738330225,0
overall_harmful,final_answer_position,science_weather_015,31,29,all_conditions_pooled,0,1,257.4810448515577,0
overall_harmful,final_answer_position,science_weather_015,31,29,all_conditions_pooled,0,1,594.7576084651564,0
overall_harmful,final_answer_position,science_weather_015,31,29,all_conditions_pooled,0,1,541.3988862404394,0
overall_harmful,final_answer_position,technical_api_022,32,29,all_conditions_pooled,0,1,68.2689788578311,0
overall_harmful,final_answer_position,technical_api_022,32,29,all_conditions_pooled,0,0,-30.155874049113173,0
overall_harmful,final_answer_position,technical_api_022,32,29,all_conditions_pooled,0,1,118.4846828401887,0
overall_harmful,final_answer_position,technical_backup_023,33,29,all_conditions_pooled,0,0,-53.485099066378226,0
overall_harmful,final_answer_position,technical_backup_023,33,29,all_conditions_pooled,0,0,-234.2522532961161,0
overall_harmful,final_answer_position,technical_backup_023,33,29,all_conditions_pooled,0,1,17.403724535543176,0
overall_harmful,final_answer_position,technical_config_021,34,29,all_conditions_pooled,0,1,81.82380248841912,0
overall_harmful,final_answer_position,technical_config_021,34,29,all_conditions_pooled,0,0,-145.48201364500972,0
overall_harmful,final_answer_position,technical_config_021,34,29,all_conditions_pooled,0,1,28.768851772274303,0
overall_harmful,final_answer_position,technical_feature_flag_024,35,29,all_conditions_pooled,0,1,51.13212566089774,0
overall_harmful,final_answer_position,technical_feature_flag_024,35,29,all_conditions_pooled,0,0,-189.41007773769667,0
overall_harmful,final_answer_position,technical_feature_flag_024,35,29,all_conditions_pooled,0,1,55.055966589513375,0
overall_harmful,final_answer_position,academic_attendance_019,0,30,all_conditions_pooled,0,1,112.68268186176425,0
overall_harmful,final_answer_position,academic_attendance_019,0,30,all_conditions_pooled,0,0,-649.5943428408223,1
overall_harmful,final_answer_position,academic_attendance_019,0,30,all_conditions_pooled,0,1,244.7317613618439,0
overall_harmful,final_answer_position,academic_grading_018,1,30,all_conditions_pooled,0,1,57.961265017340764,0
overall_harmful,final_answer_position,academic_grading_018,1,30,all_conditions_pooled,0,0,-51.75920678940414,0
overall_harmful,final_answer_position,academic_grading_018,1,30,all_conditions_pooled,0,1,186.59444459698398,0
overall_harmful,final_answer_position,academic_latework_020,2,30,all_conditions_pooled,0,1,157.07632598251968,0
overall_harmful,final_answer_position,academic_latework_020,2,30,all_conditions_pooled,0,1,33.72356171752185,0
overall_harmful,final_answer_position,academic_latework_020,2,30,all_conditions_pooled,0,1,385.4840047363263,0
overall_harmful,final_answer_position,academic_prereq_017,3,30,all_conditions_pooled,0,0,-177.69472274475532,0
overall_harmful,final_answer_position,academic_prereq_017,3,30,all_conditions_pooled,0,0,-437.1532311373823,0
overall_harmful,final_answer_position,academic_prereq_017,3,30,all_conditions_pooled,0,0,-185.60699201247047,0
overall_harmful,final_answer_position,contract_rental_029,4,30,all_conditions_pooled,0,0,-24.634053827664417,0
overall_harmful,final_answer_position,contract_rental_029,4,30,all_conditions_pooled,0,0,-345.71788147285906,0
overall_harmful,final_answer_position,contract_rental_029,4,30,all_conditions_pooled,0,0,-4.217684841273725,0
overall_harmful,final_answer_position,contract_service_030,5,30,all_conditions_pooled,0,0,-43.99776110173009,0
overall_harmful,final_answer_position,contract_service_030,5,30,all_conditions_pooled,0,0,-162.3696074835797,0
overall_harmful,final_answer_position,contract_service_030,5,30,all_conditions_pooled,0,0,-6.565907821481389,0
overall_harmful,final_answer_position,contract_ticket_032,6,30,all_conditions_pooled,0,0,-103.05830339972175,0
overall_harmful,final_answer_position,contract_ticket_032,6,30,all_conditions_pooled,0,0,-238.33518268111544,0
overall_harmful,final_answer_position,contract_ticket_032,6,30,all_conditions_pooled,0,0,-16.206603648624508,0
overall_harmful,final_answer_position,contract_warranty_031,7,30,all_conditions_pooled,0,0,-16.481856365243743,0
overall_harmful,final_answer_position,contract_warranty_031,7,30,all_conditions_pooled,0,0,-308.35415735313615,0
overall_harmful,final_answer_position,contract_warranty_031,7,30,all_conditions_pooled,0,1,35.98036070256693,0
overall_harmful,final_answer_position,finance_budget_007,8,30,all_conditions_pooled,0,1,32.22727677997503,0
overall_harmful,final_answer_position,finance_budget_007,8,30,all_conditions_pooled,0,0,-95.4623266303181,0
overall_harmful,final_answer_position,finance_budget_007,8,30,all_conditions_pooled,0,1,95.79483539117783,0
overall_harmful,final_answer_position,finance_coupon_006,9,30,all_conditions_pooled,0,1,13.895207281464394,0
overall_harmful,final_answer_position,finance_coupon_006,9,30,all_conditions_pooled,0,0,-193.52454864533397,0
overall_harmful,final_answer_position,finance_coupon_006,9,30,all_conditions_pooled,0,1,20.634126734532927,0
overall_harmful,final_answer_position,finance_membership_008,10,30,all_conditions_pooled,0,1,76.03972368477318,0
overall_harmful,final_answer_position,finance_membership_008,10,30,all_conditions_pooled,0,0,-73.65334261130357,0
overall_harmful,final_answer_position,finance_membership_008,10,30,all_conditions_pooled,0,1,159.44591459577353,0
overall_harmful,final_answer_position,finance_refund_005,11,30,all_conditions_pooled,0,1,49.137829605148326,0
overall_harmful,final_answer_position,finance_refund_005,11,30,all_conditions_pooled,0,0,-84.35649691750113,0
overall_harmful,final_answer_position,finance_refund_005,11,30,all_conditions_pooled,0,1,182.6252007466419,0
overall_harmful,final_answer_position,logic_access_033,12,30,all_conditions_pooled,0,1,47.81404693608067,0
overall_harmful,final_answer_position,logic_access_033,12,30,all_conditions_pooled,0,0,-88.23344731838552,0
overall_harmful,final_answer_position,logic_access_033,12,30,all_conditions_pooled,0,1,81.14848527560657,0
overall_harmful,final_answer_position,logic_eligibility_034,13,30,all_conditions_pooled,0,1,105.0249002385489,0
overall_harmful,final_answer_position,logic_eligibility_034,13,30,all_conditions_pooled,0,0,-115.51585280283564,0
overall_harmful,final_answer_position,logic_eligibility_034,13,30,all_conditions_pooled,0,1,120.9919154640497,0
overall_harmful,final_answer_position,logic_shipping_035,14,30,all_conditions_pooled,0,0,-148.28733716634918,0
overall_harmful,final_answer_position,logic_shipping_035,14,30,all_conditions_pooled,0,1,96.55019733439903,0
overall_harmful,final_answer_position,logic_shipping_035,14,30,all_conditions_pooled,0,0,-10.48392277159137,1
overall_harmful,final_answer_position,logic_tournament_036,15,30,all_conditions_pooled,0,1,555.731068436615,0
overall_harmful,final_answer_position,logic_tournament_036,15,30,all_conditions_pooled,0,1,459.04472035793515,0
overall_harmful,final_answer_position,logic_tournament_036,15,30,all_conditions_pooled,0,1,598.660972219413,0
overall_harmful,final_answer_position,policy_lab_access_002,16,30,all_conditions_pooled,0,0,-7.333250258453379,0
overall_harmful,final_answer_position,policy_lab_access_002,16,30,all_conditions_pooled,0,0,-272.7392248213744,0
overall_harmful,final_answer_position,policy_lab_access_002,16,30,all_conditions_pooled,0,1,13.109008350385977,0
overall_harmful,final_answer_position,policy_library_checkout_003,17,30,all_conditions_pooled,0,0,-80.02511629640112,0
overall_harmful,final_answer_position,policy_library_checkout_003,17,30,all_conditions_pooled,0,0,-211.21435589743743,0
overall_harmful,final_answer_position,policy_library_checkout_003,17,30,all_conditions_pooled,0,0,-40.282082961115705,0
overall_harmful,final_answer_position,policy_lunch_pass_001,18,30,all_conditions_pooled,0,0,-67.19342974661784,0
overall_harmful,final_answer_position,policy_lunch_pass_001,18,30,all_conditions_pooled,0,0,-351.93871315436,0
overall_harmful,final_answer_position,policy_lunch_pass_001,18,30,all_conditions_pooled,0,0,-37.562627551954165,0
overall_harmful,final_answer_position,policy_rec_center_004,19,30,all_conditions_pooled,0,0,-351.23917126184324,1
overall_harmful,final_answer_position,policy_rec_center_004,19,30,all_conditions_pooled,0,0,-470.85071741891073,0
overall_harmful,final_answer_position,policy_rec_center_004,19,30,all_conditions_pooled,0,0,-280.75328169770467,0
overall_harmful,final_answer_position,product_specs_025,20,30,all_conditions_pooled,0,1,36.04432652787618,0
overall_harmful,final_answer_position,product_specs_025,20,30,all_conditions_pooled,0,0,-179.83178643728138,0
overall_harmful,final_answer_position,product_specs_025,20,30,all_conditions_pooled,0,1,31.500626853121958,0
overall_harmful,final_answer_position,product_specs_026,21,30,all_conditions_pooled,0,1,36.80297167112421,0
overall_harmful,final_answer_position,product_specs_026,21,30,all_conditions_pooled,0,0,-182.80988629338964,0
overall_harmful,final_answer_position,product_specs_026,21,30,all_conditions_pooled,0,1,133.1355750290017,0
overall_harmful,final_answer_position,product_specs_027,22,30,all_conditions_pooled,0,1,6.475527755862622,0
overall_harmful,final_answer_position,product_specs_027,22,30,all_conditions_pooled,0,0,-261.24353450451224,0
overall_harmful,final_answer_position,product_specs_027,22,30,all_conditions_pooled,0,1,26.938987543561545,0
overall_harmful,final_answer_position,product_specs_028,23,30,all_conditions_pooled,0,0,-79.5049847018646,0
overall_harmful,final_answer_position,product_specs_028,23,30,all_conditions_pooled,0,0,-194.66031068866073,0
overall_harmful,final_answer_position,product_specs_028,23,30,all_conditions_pooled,0,0,-17.779960161235227,0
overall_harmful,final_answer_position,schedule_clinic_011,24,30,all_conditions_pooled,0,0,-56.48698375057279,0
overall_harmful,final_answer_position,schedule_clinic_011,24,30,all_conditions_pooled,0,0,-304.86070631472705,0
overall_harmful,final_answer_position,schedule_clinic_011,24,30,all_conditions_pooled,0,0,-11.453412504481982,0
overall_harmful,final_answer_position,schedule_exam_010,25,30,all_conditions_pooled,0,0,-369.4364733890124,0
overall_harmful,final_answer_position,schedule_exam_010,25,30,all_conditions_pooled,0,0,-282.66209743973764,0
overall_harmful,final_answer_position,schedule_exam_010,25,30,all_conditions_pooled,0,0,-306.6927495838074,1
overall_harmful,final_answer_position,schedule_train_009,26,30,all_conditions_pooled,0,1,121.92138026561508,0
overall_harmful,final_answer_position,schedule_train_009,26,30,all_conditions_pooled,0,0,-22.82406130876629,0
overall_harmful,final_answer_position,schedule_train_009,26,30,all_conditions_pooled,0,1,222.72071170658933,0
overall_harmful,final_answer_position,schedule_workshop_012,27,30,all_conditions_pooled,0,0,-6.089460432543657,0
overall_harmful,final_answer_position,schedule_workshop_012,27,30,all_conditions_pooled,0,0,-226.9253677941408,0
overall_harmful,final_answer_position,schedule_workshop_012,27,30,all_conditions_pooled,0,1,100.01941624936055,0
overall_harmful,final_answer_position,science_battery_016,28,30,all_conditions_pooled,0,1,80.5412818412016,0
overall_harmful,final_answer_position,science_battery_016,28,30,all_conditions_pooled,0,1,24.340359242276634,0
overall_harmful,final_answer_position,science_battery_016,28,30,all_conditions_pooled,0,1,181.13107885986875,0
overall_harmful,final_answer_position,science_mineral_014,29,30,all_conditions_pooled,0,1,31.053152922314077,0
overall_harmful,final_answer_position,science_mineral_014,29,30,all_conditions_pooled,0,0,-211.13859557699607,0
overall_harmful,final_answer_position,science_mineral_014,29,30,all_conditions_pooled,0,1,99.41126906316111,0
overall_harmful,final_answer_position,science_plant_013,30,30,all_conditions_pooled,0,1,67.23464949742865,0
overall_harmful,final_answer_position,science_plant_013,30,30,all_conditions_pooled,0,0,-29.191966807774286,0
overall_harmful,final_answer_position,science_plant_013,30,30,all_conditions_pooled,0,1,152.27782537729374,0
overall_harmful,final_answer_position,science_weather_015,31,30,all_conditions_pooled,0,1,263.2129181828359,0
overall_harmful,final_answer_position,science_weather_015,31,30,all_conditions_pooled,0,1,642.6029416709516,0
overall_harmful,final_answer_position,science_weather_015,31,30,all_conditions_pooled,0,1,561.232896660488,0
overall_harmful,final_answer_position,technical_api_022,32,30,all_conditions_pooled,0,1,3.6201630749663707,0
overall_harmful,final_answer_position,technical_api_022,32,30,all_conditions_pooled,0,0,-86.03216693291358,0
overall_harmful,final_answer_position,technical_api_022,32,30,all_conditions_pooled,0,1,71.14128524087491,0
overall_harmful,final_answer_position,technical_backup_023,33,30,all_conditions_pooled,0,0,-65.51216012143772,0
overall_harmful,final_answer_position,technical_backup_023,33,30,all_conditions_pooled,0,0,-235.83965559288373,0
overall_harmful,final_answer_position,technical_backup_023,33,30,all_conditions_pooled,0,1,28.07711275914143,0
overall_harmful,final_answer_position,technical_config_021,34,30,all_conditions_pooled,0,1,60.22963613792817,0
overall_harmful,final_answer_position,technical_config_021,34,30,all_conditions_pooled,0,0,-148.83502515208068,0
overall_harmful,final_answer_position,technical_config_021,34,30,all_conditions_pooled,0,1,41.47975704207181,0
overall_harmful,final_answer_position,technical_feature_flag_024,35,30,all_conditions_pooled,0,1,22.602321768685954,0
overall_harmful,final_answer_position,technical_feature_flag_024,35,30,all_conditions_pooled,0,0,-190.7943155521245,0
overall_harmful,final_answer_position,technical_feature_flag_024,35,30,all_conditions_pooled,0,1,56.04910843826728,0
overall_harmful,final_answer_position,academic_attendance_019,0,31,all_conditions_pooled,0,1,157.79875649238832,0
overall_harmful,final_answer_position,academic_attendance_019,0,31,all_conditions_pooled,0,0,-638.7906379303446,1
overall_harmful,final_answer_position,academic_attendance_019,0,31,all_conditions_pooled,0,1,281.8697163143703,0
overall_harmful,final_answer_position,academic_grading_018,1,31,all_conditions_pooled,0,1,65.8091426510619,0
overall_harmful,final_answer_position,academic_grading_018,1,31,all_conditions_pooled,0,0,-60.84526900275258,0
overall_harmful,final_answer_position,academic_grading_018,1,31,all_conditions_pooled,0,1,176.851262724585,0
overall_harmful,final_answer_position,academic_latework_020,2,31,all_conditions_pooled,0,1,170.85594354763026,0
overall_harmful,final_answer_position,academic_latework_020,2,31,all_conditions_pooled,0,1,19.338193743825705,0
overall_harmful,final_answer_position,academic_latework_020,2,31,all_conditions_pooled,0,1,379.72070000449924,0
overall_harmful,final_answer_position,academic_prereq_017,3,31,all_conditions_pooled,0,0,-144.90211566839798,0
overall_harmful,final_answer_position,academic_prereq_017,3,31,all_conditions_pooled,0,0,-431.18280986482796,0
overall_harmful,final_answer_position,academic_prereq_017,3,31,all_conditions_pooled,0,0,-150.1344122741349,0
overall_harmful,final_answer_position,contract_rental_029,4,31,all_conditions_pooled,0,0,-20.33002163040307,0
overall_harmful,final_answer_position,contract_rental_029,4,31,all_conditions_pooled,0,0,-369.55032620233897,0
overall_harmful,final_answer_position,contract_rental_029,4,31,all_conditions_pooled,0,0,-7.231228285458279,0
overall_harmful,final_answer_position,contract_service_030,5,31,all_conditions_pooled,0,0,-42.046066662963895,0
overall_harmful,final_answer_position,contract_service_030,5,31,all_conditions_pooled,0,0,-172.8845152796724,0
overall_harmful,final_answer_position,contract_service_030,5,31,all_conditions_pooled,0,0,-14.092952282189525,0
overall_harmful,final_answer_position,contract_ticket_032,6,31,all_conditions_pooled,0,0,-79.08942574168735,0
overall_harmful,final_answer_position,contract_ticket_032,6,31,all_conditions_pooled,0,0,-254.2350025490885,0
overall_harmful,final_answer_position,contract_ticket_032,6,31,all_conditions_pooled,0,0,-6.437308567716137,0
overall_harmful,final_answer_position,contract_warranty_031,7,31,all_conditions_pooled,0,0,-11.52303220907994,0
overall_harmful,final_answer_position,contract_warranty_031,7,31,all_conditions_pooled,0,0,-331.0555055383692,0
overall_harmful,final_answer_position,contract_warranty_031,7,31,all_conditions_pooled,0,1,26.273608074580785,0
overall_harmful,final_answer_position,finance_budget_007,8,31,all_conditions_pooled,0,1,52.131911519719736,0
overall_harmful,final_answer_position,finance_budget_007,8,31,all_conditions_pooled,0,0,-112.55309512968043,0
overall_harmful,final_answer_position,finance_budget_007,8,31,all_conditions_pooled,0,1,101.20782921286713,0
overall_harmful,final_answer_position,finance_coupon_006,9,31,all_conditions_pooled,0,1,27.839098906825726,0
overall_harmful,final_answer_position,finance_coupon_006,9,31,all_conditions_pooled,0,0,-223.07023134948903,0
overall_harmful,final_answer_position,finance_coupon_006,9,31,all_conditions_pooled,0,1,27.646146732260576,0
overall_harmful,final_answer_position,finance_membership_008,10,31,all_conditions_pooled,0,1,100.94202592145649,0
overall_harmful,final_answer_position,finance_membership_008,10,31,all_conditions_pooled,0,0,-99.74969115336569,0
overall_harmful,final_answer_position,finance_membership_008,10,31,all_conditions_pooled,0,1,170.3988261204396,0
overall_harmful,final_answer_position,finance_refund_005,11,31,all_conditions_pooled,0,1,47.4012481089768,0
overall_harmful,final_answer_position,finance_refund_005,11,31,all_conditions_pooled,0,0,-115.90299759776481,0
overall_harmful,final_answer_position,finance_refund_005,11,31,all_conditions_pooled,0,1,172.37711594880028,0
overall_harmful,final_answer_position,logic_access_033,12,31,all_conditions_pooled,0,1,58.67724198032906,0
overall_harmful,final_answer_position,logic_access_033,12,31,all_conditions_pooled,0,0,-86.98309312541377,0
overall_harmful,final_answer_position,logic_access_033,12,31,all_conditions_pooled,0,1,89.37423709339092,0
overall_harmful,final_answer_position,logic_eligibility_034,13,31,all_conditions_pooled,0,1,147.0253515670106,0
overall_harmful,final_answer_position,logic_eligibility_034,13,31,all_conditions_pooled,0,0,-88.42408204356545,0
overall_harmful,final_answer_position,logic_eligibility_034,13,31,all_conditions_pooled,0,1,166.78049499791825,0
overall_harmful,final_answer_position,logic_shipping_035,14,31,all_conditions_pooled,0,0,-123.0003668237554,0
overall_harmful,final_answer_position,logic_shipping_035,14,31,all_conditions_pooled,0,1,89.80751267340646,0
overall_harmful,final_answer_position,logic_shipping_035,14,31,all_conditions_pooled,0,1,8.102116225576786,1
overall_harmful,final_answer_position,logic_tournament_036,15,31,all_conditions_pooled,0,1,575.5953106028767,0
overall_harmful,final_answer_position,logic_tournament_036,15,31,all_conditions_pooled,0,1,477.406921472927,0
overall_harmful,final_answer_position,logic_tournament_036,15,31,all_conditions_pooled,0,1,610.8115217823154,0
overall_harmful,final_answer_position,policy_lab_access_002,16,31,all_conditions_pooled,0,0,-1.2968071739598273,0
overall_harmful,final_answer_position,policy_lab_access_002,16,31,all_conditions_pooled,0,0,-286.38103525066674,0
overall_harmful,final_answer_position,policy_lab_access_002,16,31,all_conditions_pooled,0,1,11.29742642485023,0
overall_harmful,final_answer_position,policy_library_checkout_003,17,31,all_conditions_pooled,0,0,-57.76396471361879,0
overall_harmful,final_answer_position,policy_library_checkout_003,17,31,all_conditions_pooled,0,0,-245.123970360103,0
overall_harmful,final_answer_position,policy_library_checkout_003,17,31,all_conditions_pooled,0,0,-32.608810145836244,0
overall_harmful,final_answer_position,policy_lunch_pass_001,18,31,all_conditions_pooled,0,0,-69.77983354395604,0
overall_harmful,final_answer_position,policy_lunch_pass_001,18,31,all_conditions_pooled,0,0,-395.49087655976876,0
overall_harmful,final_answer_position,policy_lunch_pass_001,18,31,all_conditions_pooled,0,0,-49.67872427388885,0
overall_harmful,final_answer_position,policy_rec_center_004,19,31,all_conditions_pooled,0,0,-321.50519625659615,1
overall_harmful,final_answer_position,policy_rec_center_004,19,31,all_conditions_pooled,0,0,-479.314865168461,0
overall_harmful,final_answer_position,policy_rec_center_004,19,31,all_conditions_pooled,0,0,-257.1785633476386,0
overall_harmful,final_answer_position,product_specs_025,20,31,all_conditions_pooled,0,1,45.536528636970786,0
overall_harmful,final_answer_position,product_specs_025,20,31,all_conditions_pooled,0,0,-189.8779774468593,0
overall_harmful,final_answer_position,product_specs_025,20,31,all_conditions_pooled,0,1,25.246291814972977,0
overall_harmful,final_answer_position,product_specs_026,21,31,all_conditions_pooled,0,1,47.09045787217332,0
overall_harmful,final_answer_position,product_specs_026,21,31,all_conditions_pooled,0,0,-202.30361135109078,0
overall_harmful,final_answer_position,product_specs_026,21,31,all_conditions_pooled,0,1,148.18290676729956,0
overall_harmful,final_answer_position,product_specs_027,22,31,all_conditions_pooled,0,1,8.35089829262376,0
overall_harmful,final_answer_position,product_specs_027,22,31,all_conditions_pooled,0,0,-281.1187278394528,0
overall_harmful,final_answer_position,product_specs_027,22,31,all_conditions_pooled,0,1,18.997064828395338,0
overall_harmful,final_answer_position,product_specs_028,23,31,all_conditions_pooled,0,0,-57.944059139604164,0
overall_harmful,final_answer_position,product_specs_028,23,31,all_conditions_pooled,0,0,-213.2500076942484,0
overall_harmful,final_answer_position,product_specs_028,23,31,all_conditions_pooled,0,0,-16.075534147023916,0
overall_harmful,final_answer_position,schedule_clinic_011,24,31,all_conditions_pooled,0,0,-65.75103512778048,0
overall_harmful,final_answer_position,schedule_clinic_011,24,31,all_conditions_pooled,0,0,-334.70792181535217,0
overall_harmful,final_answer_position,schedule_clinic_011,24,31,all_conditions_pooled,0,0,-35.80961434324425,0
overall_harmful,final_answer_position,schedule_exam_010,25,31,all_conditions_pooled,0,0,-328.56873712837296,0
overall_harmful,final_answer_position,schedule_exam_010,25,31,all_conditions_pooled,0,0,-271.39247843170097,0
overall_harmful,final_answer_position,schedule_exam_010,25,31,all_conditions_pooled,0,0,-264.49866625840957,1
overall_harmful,final_answer_position,schedule_train_009,26,31,all_conditions_pooled,0,1,134.45261053161758,0
overall_harmful,final_answer_position,schedule_train_009,26,31,all_conditions_pooled,0,0,-35.93164143747203,0
overall_harmful,final_answer_position,schedule_train_009,26,31,all_conditions_pooled,0,1,202.97958103659712,0
overall_harmful,final_answer_position,schedule_workshop_012,27,31,all_conditions_pooled,0,0,-8.864503098096684,0
overall_harmful,final_answer_position,schedule_workshop_012,27,31,all_conditions_pooled,0,0,-258.23534408367806,0
overall_harmful,final_answer_position,schedule_workshop_012,27,31,all_conditions_pooled,0,1,79.66183554156865,0
overall_harmful,final_answer_position,science_battery_016,28,31,all_conditions_pooled,0,1,99.91339800454179,0
overall_harmful,final_answer_position,science_battery_016,28,31,all_conditions_pooled,0,1,50.092422283251764,0
overall_harmful,final_answer_position,science_battery_016,28,31,all_conditions_pooled,0,1,190.90729797439218,0
overall_harmful,final_answer_position,science_mineral_014,29,31,all_conditions_pooled,0,1,39.02200136742255,0
overall_harmful,final_answer_position,science_mineral_014,29,31,all_conditions_pooled,0,0,-210.05347176835235,0
overall_harmful,final_answer_position,science_mineral_014,29,31,all_conditions_pooled,0,1,119.25957569025411,0
overall_harmful,final_answer_position,science_plant_013,30,31,all_conditions_pooled,0,1,112.05632706115534,0
overall_harmful,final_answer_position,science_plant_013,30,31,all_conditions_pooled,0,1,18.178131922785724,0
overall_harmful,final_answer_position,science_plant_013,30,31,all_conditions_pooled,0,1,195.55945337770126,0
overall_harmful,final_answer_position,science_weather_015,31,31,all_conditions_pooled,0,1,290.5195897230207,0
overall_harmful,final_answer_position,science_weather_015,31,31,all_conditions_pooled,0,1,627.6286522880932,0
overall_harmful,final_answer_position,science_weather_015,31,31,all_conditions_pooled,0,1,565.9889160209309,0
overall_harmful,final_answer_position,technical_api_022,32,31,all_conditions_pooled,0,0,-30.08499155901431,0
overall_harmful,final_answer_position,technical_api_022,32,31,all_conditions_pooled,0,0,-128.10090925498253,0
overall_harmful,final_answer_position,technical_api_022,32,31,all_conditions_pooled,0,1,21.6653028900122,0
overall_harmful,final_answer_position,technical_backup_023,33,31,all_conditions_pooled,0,0,-66.69659330873802,0
overall_harmful,final_answer_position,technical_backup_023,33,31,all_conditions_pooled,0,0,-248.6038207557312,0
overall_harmful,final_answer_position,technical_backup_023,33,31,all_conditions_pooled,0,1,14.868394670438732,0
overall_harmful,final_answer_position,technical_config_021,34,31,all_conditions_pooled,0,1,40.86376699422303,0
overall_harmful,final_answer_position,technical_config_021,34,31,all_conditions_pooled,0,0,-179.90934690837412,0
overall_harmful,final_answer_position,technical_config_021,34,31,all_conditions_pooled,0,1,37.489930555594576,0
overall_harmful,final_answer_position,technical_feature_flag_024,35,31,all_conditions_pooled,0,1,32.16148332938871,0
overall_harmful,final_answer_position,technical_feature_flag_024,35,31,all_conditions_pooled,0,0,-211.30413925612766,0
overall_harmful,final_answer_position,technical_feature_flag_024,35,31,all_conditions_pooled,0,1,62.55751829356663,0
overall_harmful,final_answer_position,academic_attendance_019,0,32,all_conditions_pooled,0,1,152.60513098086977,0
overall_harmful,final_answer_position,academic_attendance_019,0,32,all_conditions_pooled,0,0,-651.594013510974,1
overall_harmful,final_answer_position,academic_attendance_019,0,32,all_conditions_pooled,0,1,349.00652557020237,0
overall_harmful,final_answer_position,academic_grading_018,1,32,all_conditions_pooled,0,0,-12.42919455949949,0
overall_harmful,final_answer_position,academic_grading_018,1,32,all_conditions_pooled,0,0,-93.84570718368035,0
overall_harmful,final_answer_position,academic_grading_018,1,32,all_conditions_pooled,0,1,145.87608451077617,0
overall_harmful,final_answer_position,academic_latework_020,2,32,all_conditions_pooled,0,1,146.06244517097625,0
overall_harmful,final_answer_position,academic_latework_020,2,32,all_conditions_pooled,0,1,3.389932742165712,0
overall_harmful,final_answer_position,academic_latework_020,2,32,all_conditions_pooled,0,1,405.57639820408156,0
overall_harmful,final_answer_position,academic_prereq_017,3,32,all_conditions_pooled,0,0,-176.44533677399033,0
overall_harmful,final_answer_position,academic_prereq_017,3,32,all_conditions_pooled,0,0,-452.1583531909504,0
overall_harmful,final_answer_position,academic_prereq_017,3,32,all_conditions_pooled,0,0,-139.98708743865208,0
overall_harmful,final_answer_position,contract_rental_029,4,32,all_conditions_pooled,0,0,-29.964845439398715,0
overall_harmful,final_answer_position,contract_rental_029,4,32,all_conditions_pooled,0,0,-313.7360963856047,0
overall_harmful,final_answer_position,contract_rental_029,4,32,all_conditions_pooled,0,1,16.88510394533651,0
overall_harmful,final_answer_position,contract_service_030,5,32,all_conditions_pooled,0,0,-75.1400709365193,0
overall_harmful,final_answer_position,contract_service_030,5,32,all_conditions_pooled,0,0,-189.3060260848627,0
overall_harmful,final_answer_position,contract_service_030,5,32,all_conditions_pooled,0,0,-10.46177836927124,0
overall_harmful,final_answer_position,contract_ticket_032,6,32,all_conditions_pooled,0,0,-100.91267142835416,0
overall_harmful,final_answer_position,contract_ticket_032,6,32,all_conditions_pooled,0,0,-274.3547086239222,0
overall_harmful,final_answer_position,contract_ticket_032,6,32,all_conditions_pooled,0,0,-11.685719479441865,0
overall_harmful,final_answer_position,contract_warranty_031,7,32,all_conditions_pooled,0,0,-48.35213319952244,0
overall_harmful,final_answer_position,contract_warranty_031,7,32,all_conditions_pooled,0,0,-345.74756409620943,0
overall_harmful,final_answer_position,contract_warranty_031,7,32,all_conditions_pooled,0,1,22.921730662979193,0
overall_harmful,final_answer_position,finance_budget_007,8,32,all_conditions_pooled,0,1,34.6847029515672,0
overall_harmful,final_answer_position,finance_budget_007,8,32,all_conditions_pooled,0,0,-49.78025806925214,0
overall_harmful,final_answer_position,finance_budget_007,8,32,all_conditions_pooled,0,1,118.14925492127804,0
overall_harmful,final_answer_position,finance_coupon_006,9,32,all_conditions_pooled,0,0,-2.659239593515718,0
overall_harmful,final_answer_position,finance_coupon_006,9,32,all_conditions_pooled,0,0,-229.84687276686623,0
overall_harmful,final_answer_position,finance_coupon_006,9,32,all_conditions_pooled,0,1,18.92286316948035,0
overall_harmful,final_answer_position,finance_membership_008,10,32,all_conditions_pooled,0,1,72.2542341429585,0
overall_harmful,final_answer_position,finance_membership_008,10,32,all_conditions_pooled,0,0,-113.49400961827234,0
overall_harmful,final_answer_position,finance_membership_008,10,32,all_conditions_pooled,0,1,159.37786754200567,0
overall_harmful,final_answer_position,finance_refund_005,11,32,all_conditions_pooled,0,1,86.89816232927672,0
overall_harmful,final_answer_position,finance_refund_005,11,32,all_conditions_pooled,0,0,-48.75571961299733,0
overall_harmful,final_answer_position,finance_refund_005,11,32,all_conditions_pooled,0,1,260.8671794219085,0
overall_harmful,final_answer_position,logic_access_033,12,32,all_conditions_pooled,0,1,55.62207337815374,0
overall_harmful,final_answer_position,logic_access_033,12,32,all_conditions_pooled,0,0,-63.326467761408516,0
overall_harmful,final_answer_position,logic_access_033,12,32,all_conditions_pooled,0,1,113.17256760795897,0
overall_harmful,final_answer_position,logic_eligibility_034,13,32,all_conditions_pooled,0,1,90.891296767984,0
overall_harmful,final_answer_position,logic_eligibility_034,13,32,all_conditions_pooled,0,0,-94.39131162783018,0
overall_harmful,final_answer_position,logic_eligibility_034,13,32,all_conditions_pooled,0,1,139.20317097585917,0
overall_harmful,final_answer_position,logic_shipping_035,14,32,all_conditions_pooled,0,0,-149.6962934852761,0
overall_harmful,final_answer_position,logic_shipping_035,14,32,all_conditions_pooled,0,1,120.77869098488503,0
overall_harmful,final_answer_position,logic_shipping_035,14,32,all_conditions_pooled,0,1,14.474346368118916,1
overall_harmful,final_answer_position,logic_tournament_036,15,32,all_conditions_pooled,0,1,696.3353932823441,0
overall_harmful,final_answer_position,logic_tournament_036,15,32,all_conditions_pooled,0,1,545.921798791046,0
overall_harmful,final_answer_position,logic_tournament_036,15,32,all_conditions_pooled,0,1,776.1394582728251,0
overall_harmful,final_answer_position,policy_lab_access_002,16,32,all_conditions_pooled,0,0,-15.89424183454723,0
overall_harmful,final_answer_position,policy_lab_access_002,16,32,all_conditions_pooled,0,0,-255.03451472536773,0
overall_harmful,final_answer_position,policy_lab_access_002,16,32,all_conditions_pooled,0,1,26.493945381147533,0
overall_harmful,final_answer_position,policy_library_checkout_003,17,32,all_conditions_pooled,0,0,-93.13022740097355,0
overall_harmful,final_answer_position,policy_library_checkout_003,17,32,all_conditions_pooled,0,0,-249.82970389932208,0
overall_harmful,final_answer_position,policy_library_checkout_003,17,32,all_conditions_pooled,0,0,-39.543912517205115,0
overall_harmful,final_answer_position,policy_lunch_pass_001,18,32,all_conditions_pooled,0,0,-104.1995074016811,0
overall_harmful,final_answer_position,policy_lunch_pass_001,18,32,all_conditions_pooled,0,0,-373.48251860022714,0
overall_harmful,final_answer_position,policy_lunch_pass_001,18,32,all_conditions_pooled,0,0,-56.24099695862897,0
overall_harmful,final_answer_position,policy_rec_center_004,19,32,all_conditions_pooled,0,0,-316.32865712210935,1
overall_harmful,final_answer_position,policy_rec_center_004,19,32,all_conditions_pooled,0,0,-473.9789564803335,0
overall_harmful,final_answer_position,policy_rec_center_004,19,32,all_conditions_pooled,0,0,-227.59032844599088,0
overall_harmful,final_answer_position,product_specs_025,20,32,all_conditions_pooled,0,1,24.961633750006797,0
overall_harmful,final_answer_position,product_specs_025,20,32,all_conditions_pooled,0,0,-195.5300165620559,0
overall_harmful,final_answer_position,product_specs_025,20,32,all_conditions_pooled,0,1,23.80537610232995,0
overall_harmful,final_answer_position,product_specs_026,21,32,all_conditions_pooled,0,1,25.255401678033685,0
overall_harmful,final_answer_position,product_specs_026,21,32,all_conditions_pooled,0,0,-203.63328001000565,0
overall_harmful,final_answer_position,product_specs_026,21,32,all_conditions_pooled,0,1,162.3718699434991,0
overall_harmful,final_answer_position,product_specs_027,22,32,all_conditions_pooled,0,0,-31.64698336492068,0
overall_harmful,final_answer_position,product_specs_027,22,32,all_conditions_pooled,0,0,-293.2005997730697,0
overall_harmful,final_answer_position,product_specs_027,22,32,all_conditions_pooled,0,1,18.58216243580066,0
overall_harmful,final_answer_position,product_specs_028,23,32,all_conditions_pooled,0,0,-111.59126684913325,0
overall_harmful,final_answer_position,product_specs_028,23,32,all_conditions_pooled,0,0,-249.03346216720192,0
overall_harmful,final_answer_position,product_specs_028,23,32,all_conditions_pooled,0,0,-33.2732640051081,0
overall_harmful,final_answer_position,schedule_clinic_011,24,32,all_conditions_pooled,0,0,-63.43669057354596,0
overall_harmful,final_answer_position,schedule_clinic_011,24,32,all_conditions_pooled,0,0,-315.2930974649864,0
overall_harmful,final_answer_position,schedule_clinic_011,24,32,all_conditions_pooled,0,0,-8.207060391379896,0
overall_harmful,final_answer_position,schedule_exam_010,25,32,all_conditions_pooled,0,0,-360.0847571586079,0
overall_harmful,final_answer_position,schedule_exam_010,25,32,all_conditions_pooled,0,0,-259.6503168683796,0
overall_harmful,final_answer_position,schedule_exam_010,25,32,all_conditions_pooled,0,0,-254.84421799532353,1
overall_harmful,final_answer_position,schedule_train_009,26,32,all_conditions_pooled,0,1,116.68765978785623,0
overall_harmful,final_answer_position,schedule_train_009,26,32,all_conditions_pooled,0,0,-30.236188323791055,0
overall_harmful,final_answer_position,schedule_train_009,26,32,all_conditions_pooled,0,1,213.53907598637548,0
overall_harmful,final_answer_position,schedule_workshop_012,27,32,all_conditions_pooled,0,0,-15.326279640389489,0
overall_harmful,final_answer_position,schedule_workshop_012,27,32,all_conditions_pooled,0,0,-219.83160698696366,0
overall_harmful,final_answer_position,schedule_workshop_012,27,32,all_conditions_pooled,0,1,93.97578556934941,0
overall_harmful,final_answer_position,science_battery_016,28,32,all_conditions_pooled,0,1,91.16619702283188,0
overall_harmful,final_answer_position,science_battery_016,28,32,all_conditions_pooled,0,1,81.29471513978925,0
overall_harmful,final_answer_position,science_battery_016,28,32,all_conditions_pooled,0,1,233.35033741527147,0
overall_harmful,final_answer_position,science_mineral_014,29,32,all_conditions_pooled,0,1,12.117963396839471,0
overall_harmful,final_answer_position,science_mineral_014,29,32,all_conditions_pooled,0,0,-241.68900997537997,0
overall_harmful,final_answer_position,science_mineral_014,29,32,all_conditions_pooled,0,1,126.5165498534725,0
overall_harmful,final_answer_position,science_plant_013,30,32,all_conditions_pooled,0,1,92.15309002683766,0
overall_harmful,final_answer_position,science_plant_013,30,32,all_conditions_pooled,0,1,26.29825522816315,0
overall_harmful,final_answer_position,science_plant_013,30,32,all_conditions_pooled,0,1,208.12194077427353,0
overall_harmful,final_answer_position,science_weather_015,31,32,all_conditions_pooled,0,1,283.70310650142756,0
overall_harmful,final_answer_position,science_weather_015,31,32,all_conditions_pooled,0,1,661.7726386582736,0
overall_harmful,final_answer_position,science_weather_015,31,32,all_conditions_pooled,0,1,613.311530686239,0
overall_harmful,final_answer_position,technical_api_022,32,32,all_conditions_pooled,0,0,-101.76826918857594,0
overall_harmful,final_answer_position,technical_api_022,32,32,all_conditions_pooled,0,0,-194.48776426128575,0
overall_harmful,final_answer_position,technical_api_022,32,32,all_conditions_pooled,0,0,-39.54896210438252,0
overall_harmful,final_answer_position,technical_backup_023,33,32,all_conditions_pooled,0,0,-97.52120684910854,0
overall_harmful,final_answer_position,technical_backup_023,33,32,all_conditions_pooled,0,0,-252.79847173693793,0
overall_harmful,final_answer_position,technical_backup_023,33,32,all_conditions_pooled,0,0,-2.7600811897214435,0
overall_harmful,final_answer_position,technical_config_021,34,32,all_conditions_pooled,0,1,28.91655395204259,0
overall_harmful,final_answer_position,technical_config_021,34,32,all_conditions_pooled,0,0,-134.22004580482493,0
overall_harmful,final_answer_position,technical_config_021,34,32,all_conditions_pooled,0,1,43.84483831773729,0
overall_harmful,final_answer_position,technical_feature_flag_024,35,32,all_conditions_pooled,0,1,0.5639201176979434,0
overall_harmful,final_answer_position,technical_feature_flag_024,35,32,all_conditions_pooled,0,0,-204.67596431289826,0
overall_harmful,final_answer_position,technical_feature_flag_024,35,32,all_conditions_pooled,0,1,62.49110112119311,0
overall_harmful,final_answer_position,academic_attendance_019,0,33,all_conditions_pooled,0,1,106.91531472393488,0
overall_harmful,final_answer_position,academic_attendance_019,0,33,all_conditions_pooled,0,0,-684.6782880607278,1
overall_harmful,final_answer_position,academic_attendance_019,0,33,all_conditions_pooled,0,1,373.23557483082175,0
overall_harmful,final_answer_position,academic_grading_018,1,33,all_conditions_pooled,0,0,-36.245300109465994,0
overall_harmful,final_answer_position,academic_grading_018,1,33,all_conditions_pooled,0,0,-130.7459326253184,0
overall_harmful,final_answer_position,academic_grading_018,1,33,all_conditions_pooled,0,1,173.9993550515764,0
overall_harmful,final_answer_position,academic_latework_020,2,33,all_conditions_pooled,0,1,122.18191072435434,0
overall_harmful,final_answer_position,academic_latework_020,2,33,all_conditions_pooled,0,0,-9.428861823375067,0
overall_harmful,final_answer_position,academic_latework_020,2,33,all_conditions_pooled,0,1,412.0776936668598,0
overall_harmful,final_answer_position,academic_prereq_017,3,33,all_conditions_pooled,0,0,-228.34607571909459,0
overall_harmful,final_answer_position,academic_prereq_017,3,33,all_conditions_pooled,0,0,-495.6346210157476,0
overall_harmful,final_answer_position,academic_prereq_017,3,33,all_conditions_pooled,0,0,-135.67465821525116,0
overall_harmful,final_answer_position,contract_rental_029,4,33,all_conditions_pooled,0,0,-48.310775261806995,0
overall_harmful,final_answer_position,contract_rental_029,4,33,all_conditions_pooled,0,0,-318.95258563941735,0
overall_harmful,final_answer_position,contract_rental_029,4,33,all_conditions_pooled,0,1,24.6722172153665,0
overall_harmful,final_answer_position,contract_service_030,5,33,all_conditions_pooled,0,0,-105.64948050726602,0
overall_harmful,final_answer_position,contract_service_030,5,33,all_conditions_pooled,0,0,-221.4209611789671,0
overall_harmful,final_answer_position,contract_service_030,5,33,all_conditions_pooled,0,1,2.527426778357018,0
overall_harmful,final_answer_position,contract_ticket_032,6,33,all_conditions_pooled,0,0,-148.98597255151384,0
overall_harmful,final_answer_position,contract_ticket_032,6,33,all_conditions_pooled,0,0,-314.4625834687023,0
overall_harmful,final_answer_position,contract_ticket_032,6,33,all_conditions_pooled,0,0,-12.40407267005051,0
overall_harmful,final_answer_position,contract_warranty_031,7,33,all_conditions_pooled,0,0,-93.64240581255544,0
overall_harmful,final_answer_position,contract_warranty_031,7,33,all_conditions_pooled,0,0,-361.876020985795,0
overall_harmful,final_answer_position,contract_warranty_031,7,33,all_conditions_pooled,0,1,22.490157215412907,0
overall_harmful,final_answer_position,finance_budget_007,8,33,all_conditions_pooled,0,1,3.3686699525127572,0
overall_harmful,final_answer_position,finance_budget_007,8,33,all_conditions_pooled,0,0,-67.44274497264698,0
overall_harmful,final_answer_position,finance_budget_007,8,33,all_conditions_pooled,0,1,123.25093604164931,0
overall_harmful,final_answer_position,finance_coupon_006,9,33,all_conditions_pooled,0,0,-63.72613598560955,0
overall_harmful,final_answer_position,finance_coupon_006,9,33,all_conditions_pooled,0,0,-253.83553121037681,0
overall_harmful,final_answer_position,finance_coupon_006,9,33,all_conditions_pooled,0,1,2.693550978862369,0
overall_harmful,final_answer_position,finance_membership_008,10,33,all_conditions_pooled,0,1,81.15011678410343,0
overall_harmful,final_answer_position,finance_membership_008,10,33,all_conditions_pooled,0,0,-109.91793198913936,0
overall_harmful,final_answer_position,finance_membership_008,10,33,all_conditions_pooled,0,1,203.4598218305734,0
overall_harmful,final_answer_position,finance_refund_005,11,33,all_conditions_pooled,0,1,96.85488526529859,0
overall_harmful,final_answer_position,finance_refund_005,11,33,all_conditions_pooled,0,0,-18.047815192468804,0
overall_harmful,final_answer_position,finance_refund_005,11,33,all_conditions_pooled,0,1,315.16777201970524,0
overall_harmful,final_answer_position,logic_access_033,12,33,all_conditions_pooled,0,1,70.98906031755483,0
overall_harmful,final_answer_position,logic_access_033,12,33,all_conditions_pooled,0,0,-30.107052326779367,0
overall_harmful,final_answer_position,logic_access_033,12,33,all_conditions_pooled,0,1,161.65444953845494,0
overall_harmful,final_answer_position,logic_eligibility_034,13,33,all_conditions_pooled,0,1,78.66468978883195,0
overall_harmful,final_answer_position,logic_eligibility_034,13,33,all_conditions_pooled,0,0,-102.6626414200166,0
overall_harmful,final_answer_position,logic_eligibility_034,13,33,all_conditions_pooled,0,1,202.9363772887162,0
overall_harmful,final_answer_position,logic_shipping_035,14,33,all_conditions_pooled,0,0,-170.765975226271,0
overall_harmful,final_answer_position,logic_shipping_035,14,33,all_conditions_pooled,0,1,92.20624826474997,0
overall_harmful,final_answer_position,logic_shipping_035,14,33,all_conditions_pooled,0,0,-21.938855920808916,1
overall_harmful,final_answer_position,logic_tournament_036,15,33,all_conditions_pooled,0,1,643.0597071517332,0
overall_harmful,final_answer_position,logic_tournament_036,15,33,all_conditions_pooled,0,1,537.0232878901592,0
overall_harmful,final_answer_position,logic_tournament_036,15,33,all_conditions_pooled,0,1,755.5882961328946,0
overall_harmful,final_answer_position,policy_lab_access_002,16,33,all_conditions_pooled,0,0,-22.591499739727652,0
overall_harmful,final_answer_position,policy_lab_access_002,16,33,all_conditions_pooled,0,0,-241.02403779799823,0
overall_harmful,final_answer_position,policy_lab_access_002,16,33,all_conditions_pooled,0,1,58.21550154393282,0
overall_harmful,final_answer_position,policy_library_checkout_003,17,33,all_conditions_pooled,0,0,-107.68303129508826,0
overall_harmful,final_answer_position,policy_library_checkout_003,17,33,all_conditions_pooled,0,0,-272.7909698948797,0
overall_harmful,final_answer_position,policy_library_checkout_003,17,33,all_conditions_pooled,0,0,-14.365781368224912,0
overall_harmful,final_answer_position,policy_lunch_pass_001,18,33,all_conditions_pooled,0,0,-106.5908285579483,0
overall_harmful,final_answer_position,policy_lunch_pass_001,18,33,all_conditions_pooled,0,0,-375.02515426208856,0
overall_harmful,final_answer_position,policy_lunch_pass_001,18,33,all_conditions_pooled,0,0,-27.139316378670745,0
overall_harmful,final_answer_position,policy_rec_center_004,19,33,all_conditions_pooled,0,0,-333.85953532307826,1
overall_harmful,final_answer_position,policy_rec_center_004,19,33,all_conditions_pooled,0,0,-501.2923046976206,0
overall_harmful,final_answer_position,policy_rec_center_004,19,33,all_conditions_pooled,0,0,-182.5672870251381,0
overall_harmful,final_answer_position,product_specs_025,20,33,all_conditions_pooled,0,1,12.243971129455346,0
overall_harmful,final_answer_position,product_specs_025,20,33,all_conditions_pooled,0,0,-204.70047786647808,0
overall_harmful,final_answer_position,product_specs_025,20,33,all_conditions_pooled,0,1,52.219890537576006,0
overall_harmful,final_answer_position,product_specs_026,21,33,all_conditions_pooled,0,1,38.647287743470834,0
overall_harmful,final_answer_position,product_specs_026,21,33,all_conditions_pooled,0,0,-206.0056486609609,0
overall_harmful,final_answer_position,product_specs_026,21,33,all_conditions_pooled,0,1,216.22325759036812,0
overall_harmful,final_answer_position,product_specs_027,22,33,all_conditions_pooled,0,0,-55.500270158969556,0
overall_harmful,final_answer_position,product_specs_027,22,33,all_conditions_pooled,0,0,-312.3974921177943,0
overall_harmful,final_answer_position,product_specs_027,22,33,all_conditions_pooled,0,1,46.21662888823927,0
overall_harmful,final_answer_position,product_specs_028,23,33,all_conditions_pooled,0,0,-123.71382712920322,0
overall_harmful,final_answer_position,product_specs_028,23,33,all_conditions_pooled,0,0,-273.16567294678424,0
overall_harmful,final_answer_position,product_specs_028,23,33,all_conditions_pooled,0,0,-11.667383441626598,0
overall_harmful,final_answer_position,schedule_clinic_011,24,33,all_conditions_pooled,0,0,-81.98187311841511,0
overall_harmful,final_answer_position,schedule_clinic_011,24,33,all_conditions_pooled,0,0,-336.34163570176634,0
overall_harmful,final_answer_position,schedule_clinic_011,24,33,all_conditions_pooled,0,1,8.877088858504994,0
overall_harmful,final_answer_position,schedule_exam_010,25,33,all_conditions_pooled,0,0,-341.78017297383957,0
overall_harmful,final_answer_position,schedule_exam_010,25,33,all_conditions_pooled,0,0,-227.1814476687698,0
overall_harmful,final_answer_position,schedule_exam_010,25,33,all_conditions_pooled,0,0,-192.24350571600198,1
overall_harmful,final_answer_position,schedule_train_009,26,33,all_conditions_pooled,0,1,120.40380038294711,0
overall_harmful,final_answer_position,schedule_train_009,26,33,all_conditions_pooled,0,0,-36.21436030682271,0
overall_harmful,final_answer_position,schedule_train_009,26,33,all_conditions_pooled,0,1,242.92395796498602,0
overall_harmful,final_answer_position,schedule_workshop_012,27,33,all_conditions_pooled,0,0,-27.31739824893215,0
overall_harmful,final_answer_position,schedule_workshop_012,27,33,all_conditions_pooled,0,0,-243.61892153874257,0
overall_harmful,final_answer_position,schedule_workshop_012,27,33,all_conditions_pooled,0,1,118.2245895649319,0
overall_harmful,final_answer_position,science_battery_016,28,33,all_conditions_pooled,0,1,86.48690937667608,0
overall_harmful,final_answer_position,science_battery_016,28,33,all_conditions_pooled,0,1,84.62338106389508,0
overall_harmful,final_answer_position,science_battery_016,28,33,all_conditions_pooled,0,1,245.10208173959143,0
overall_harmful,final_answer_position,science_mineral_014,29,33,all_conditions_pooled,0,1,27.04420056206891,0
overall_harmful,final_answer_position,science_mineral_014,29,33,all_conditions_pooled,0,0,-223.45511791543757,0
overall_harmful,final_answer_position,science_mineral_014,29,33,all_conditions_pooled,0,1,162.0379485587698,0
overall_harmful,final_answer_position,science_plant_013,30,33,all_conditions_pooled,0,1,103.9254417556188,0
overall_harmful,final_answer_position,science_plant_013,30,33,all_conditions_pooled,0,1,27.844767115618673,0
overall_harmful,final_answer_position,science_plant_013,30,33,all_conditions_pooled,0,1,236.99953349840132,0
overall_harmful,final_answer_position,science_weather_015,31,33,all_conditions_pooled,0,1,300.4569201781935,0
overall_harmful,final_answer_position,science_weather_015,31,33,all_conditions_pooled,0,1,677.2457682753426,0
overall_harmful,final_answer_position,science_weather_015,31,33,all_conditions_pooled,0,1,653.599747030327,0
overall_harmful,final_answer_position,technical_api_022,32,33,all_conditions_pooled,0,0,-119.15602179661981,0
overall_harmful,final_answer_position,technical_api_022,32,33,all_conditions_pooled,0,0,-192.77526958608874,0
overall_harmful,final_answer_position,technical_api_022,32,33,all_conditions_pooled,0,0,-17.081880143503625,0
overall_harmful,final_answer_position,technical_backup_023,33,33,all_conditions_pooled,0,0,-96.73037683400537,0
overall_harmful,final_answer_position,technical_backup_023,33,33,all_conditions_pooled,0,0,-271.00535073888534,0
overall_harmful,final_answer_position,technical_backup_023,33,33,all_conditions_pooled,0,1,33.380429234096695,0
overall_harmful,final_answer_position,technical_config_021,34,33,all_conditions_pooled,0,1,18.57671241416292,0
overall_harmful,final_answer_position,technical_config_021,34,33,all_conditions_pooled,0,0,-132.23408939597476,0
overall_harmful,final_answer_position,technical_config_021,34,33,all_conditions_pooled,0,1,81.7366595992047,0
overall_harmful,final_answer_position,technical_feature_flag_024,35,33,all_conditions_pooled,0,0,-22.094338659192474,0
overall_harmful,final_answer_position,technical_feature_flag_024,35,33,all_conditions_pooled,0,0,-210.00339261361592,0
overall_harmful,final_answer_position,technical_feature_flag_024,35,33,all_conditions_pooled,0,1,76.81141220770996,0
overall_harmful,final_answer_position,academic_attendance_019,0,34,all_conditions_pooled,0,1,76.77867939080805,0
overall_harmful,final_answer_position,academic_attendance_019,0,34,all_conditions_pooled,0,0,-700.5984585239698,1
overall_harmful,final_answer_position,academic_attendance_019,0,34,all_conditions_pooled,0,1,364.198530306061,0
overall_harmful,final_answer_position,academic_grading_018,1,34,all_conditions_pooled,0,0,-52.57246979108879,0
overall_harmful,final_answer_position,academic_grading_018,1,34,all_conditions_pooled,0,0,-98.32597342023922,0
overall_harmful,final_answer_position,academic_grading_018,1,34,all_conditions_pooled,0,1,194.79536751545194,0
overall_harmful,final_answer_position,academic_latework_020,2,34,all_conditions_pooled,0,1,96.06383779945983,0
overall_harmful,final_answer_position,academic_latework_020,2,34,all_conditions_pooled,0,0,-21.17297778621732,0
overall_harmful,final_answer_position,academic_latework_020,2,34,all_conditions_pooled,0,1,391.9231667312781,0
overall_harmful,final_answer_position,academic_prereq_017,3,34,all_conditions_pooled,0,0,-229.63293402133155,0
overall_harmful,final_answer_position,academic_prereq_017,3,34,all_conditions_pooled,0,0,-460.21528173400156,0
overall_harmful,final_answer_position,academic_prereq_017,3,34,all_conditions_pooled,0,0,-119.91814687736549,0
overall_harmful,final_answer_position,contract_rental_029,4,34,all_conditions_pooled,0,0,-69.89644000873295,0
overall_harmful,final_answer_position,contract_rental_029,4,34,all_conditions_pooled,0,0,-264.02123950196943,0
overall_harmful,final_answer_position,contract_rental_029,4,34,all_conditions_pooled,0,1,19.795149589470952,0
overall_harmful,final_answer_position,contract_service_030,5,34,all_conditions_pooled,0,0,-170.74819380095903,0
overall_harmful,final_answer_position,contract_service_030,5,34,all_conditions_pooled,0,0,-212.15092292352355,0
overall_harmful,final_answer_position,contract_service_030,5,34,all_conditions_pooled,0,0,-19.151054171383304,0
overall_harmful,final_answer_position,contract_ticket_032,6,34,all_conditions_pooled,0,0,-156.0850981828635,0
overall_harmful,final_answer_position,contract_ticket_032,6,34,all_conditions_pooled,0,0,-270.8581310693186,0
overall_harmful,final_answer_position,contract_ticket_032,6,34,all_conditions_pooled,0,1,13.514709774685166,0
overall_harmful,final_answer_position,contract_warranty_031,7,34,all_conditions_pooled,0,0,-122.63689486456032,0
overall_harmful,final_answer_position,contract_warranty_031,7,34,all_conditions_pooled,0,0,-359.3943666659785,0
overall_harmful,final_answer_position,contract_warranty_031,7,34,all_conditions_pooled,0,1,10.792785716644815,0
overall_harmful,final_answer_position,finance_budget_007,8,34,all_conditions_pooled,0,1,7.883285086385342,0
overall_harmful,final_answer_position,finance_budget_007,8,34,all_conditions_pooled,0,0,-11.971915818107014,0
overall_harmful,final_answer_position,finance_budget_007,8,34,all_conditions_pooled,0,1,131.1657423495057,0
overall_harmful,final_answer_position,finance_coupon_006,9,34,all_conditions_pooled,0,0,-84.9935826644021,0
overall_harmful,final_answer_position,finance_coupon_006,9,34,all_conditions_pooled,0,0,-203.82475466122992,0
overall_harmful,final_answer_position,finance_coupon_006,9,34,all_conditions_pooled,0,1,7.416697567984034,0
overall_harmful,final_answer_position,finance_membership_008,10,34,all_conditions_pooled,0,1,66.41758656161667,0
overall_harmful,final_answer_position,finance_membership_008,10,34,all_conditions_pooled,0,0,-101.83925062787466,0
overall_harmful,final_answer_position,finance_membership_008,10,34,all_conditions_pooled,0,1,201.01483232540346,0
overall_harmful,final_answer_position,finance_refund_005,11,34,all_conditions_pooled,0,1,91.87322386929944,0
overall_harmful,final_answer_position,finance_refund_005,11,34,all_conditions_pooled,0,1,7.245248170339295,0
overall_harmful,final_answer_position,finance_refund_005,11,34,all_conditions_pooled,0,1,319.79225428528764,0
overall_harmful,final_answer_position,logic_access_033,12,34,all_conditions_pooled,0,1,48.664465947177476,0
overall_harmful,final_answer_position,logic_access_033,12,34,all_conditions_pooled,0,0,-13.911780502416777,0
overall_harmful,final_answer_position,logic_access_033,12,34,all_conditions_pooled,0,1,165.00348660875193,0
overall_harmful,final_answer_position,logic_eligibility_034,13,34,all_conditions_pooled,0,1,91.1600674764313,0
overall_harmful,final_answer_position,logic_eligibility_034,13,34,all_conditions_pooled,0,0,-59.01419786069774,0
overall_harmful,final_answer_position,logic_eligibility_034,13,34,all_conditions_pooled,0,1,196.875362840936,0
overall_harmful,final_answer_position,logic_shipping_035,14,34,all_conditions_pooled,0,0,-208.37782488748502,0
overall_harmful,final_answer_position,logic_shipping_035,14,34,all_conditions_pooled,0,1,92.56637420658143,0
overall_harmful,final_answer_position,logic_shipping_035,14,34,all_conditions_pooled,0,0,-21.069201436212083,1
overall_harmful,final_answer_position,logic_tournament_036,15,34,all_conditions_pooled,0,1,692.0230158296231,0
overall_harmful,final_answer_position,logic_tournament_036,15,34,all_conditions_pooled,0,1,589.8381811148329,0
overall_harmful,final_answer_position,logic_tournament_036,15,34,all_conditions_pooled,0,1,803.5025037992273,0
overall_harmful,final_answer_position,policy_lab_access_002,16,34,all_conditions_pooled,0,0,-33.25387810024914,0
overall_harmful,final_answer_position,policy_lab_access_002,16,34,all_conditions_pooled,0,0,-182.86076779778136,0
overall_harmful,final_answer_position,policy_lab_access_002,16,34,all_conditions_pooled,0,1,57.379646575307405,0
overall_harmful,final_answer_position,policy_library_checkout_003,17,34,all_conditions_pooled,0,0,-130.3653864461018,0
overall_harmful,final_answer_position,policy_library_checkout_003,17,34,all_conditions_pooled,0,0,-250.35357265733091,0
overall_harmful,final_answer_position,policy_library_checkout_003,17,34,all_conditions_pooled,0,0,-49.20468683408578,0
overall_harmful,final_answer_position,policy_lunch_pass_001,18,34,all_conditions_pooled,0,0,-136.64304336964238,0
overall_harmful,final_answer_position,policy_lunch_pass_001,18,34,all_conditions_pooled,0,0,-359.30134907365897,0
overall_harmful,final_answer_position,policy_lunch_pass_001,18,34,all_conditions_pooled,0,0,-40.67240932221944,0
overall_harmful,final_answer_position,policy_rec_center_004,19,34,all_conditions_pooled,0,0,-361.64829373764815,1
overall_harmful,final_answer_position,policy_rec_center_004,19,34,all_conditions_pooled,0,0,-468.9854208808051,0
overall_harmful,final_answer_position,policy_rec_center_004,19,34,all_conditions_pooled,0,0,-199.2857472013278,0
overall_harmful,final_answer_position,product_specs_025,20,34,all_conditions_pooled,0,0,-42.33616069394574,0
overall_harmful,final_answer_position,product_specs_025,20,34,all_conditions_pooled,0,0,-176.027888184459,0
overall_harmful,final_answer_position,product_specs_025,20,34,all_conditions_pooled,0,1,30.820792787930905,0
overall_harmful,final_answer_position,product_specs_026,21,34,all_conditions_pooled,0,1,14.040826909252317,0
overall_harmful,final_answer_position,product_specs_026,21,34,all_conditions_pooled,0,0,-195.1316035003831,0
overall_harmful,final_answer_position,product_specs_026,21,34,all_conditions_pooled,0,1,207.37162144825217,0
overall_harmful,final_answer_position,product_specs_027,22,34,all_conditions_pooled,0,0,-88.56134157654807,0
overall_harmful,final_answer_position,product_specs_027,22,34,all_conditions_pooled,0,0,-286.3743671003273,0
overall_harmful,final_answer_position,product_specs_027,22,34,all_conditions_pooled,0,1,43.18563961947307,0
overall_harmful,final_answer_position,product_specs_028,23,34,all_conditions_pooled,0,0,-156.57943481851788,0
overall_harmful,final_answer_position,product_specs_028,23,34,all_conditions_pooled,0,0,-226.64251005530767,0
overall_harmful,final_answer_position,product_specs_028,23,34,all_conditions_pooled,0,0,-26.32334306780561,0
overall_harmful,final_answer_position,schedule_clinic_011,24,34,all_conditions_pooled,0,0,-108.97478536568721,0
overall_harmful,final_answer_position,schedule_clinic_011,24,34,all_conditions_pooled,0,0,-313.53001836042387,0
overall_harmful,final_answer_position,schedule_clinic_011,24,34,all_conditions_pooled,0,1,4.042761094190787,0
overall_harmful,final_answer_position,schedule_exam_010,25,34,all_conditions_pooled,0,0,-351.5711401984406,0
overall_harmful,final_answer_position,schedule_exam_010,25,34,all_conditions_pooled,0,0,-124.25547141312595,0
overall_harmful,final_answer_position,schedule_exam_010,25,34,all_conditions_pooled,0,0,-187.1568319414371,1
overall_harmful,final_answer_position,schedule_train_009,26,34,all_conditions_pooled,0,1,88.0606005788261,0
overall_harmful,final_answer_position,schedule_train_009,26,34,all_conditions_pooled,0,0,-7.483619175369348,0
overall_harmful,final_answer_position,schedule_train_009,26,34,all_conditions_pooled,0,1,214.28491735023286,0
overall_harmful,final_answer_position,schedule_workshop_012,27,34,all_conditions_pooled,0,0,-23.957932960294496,0
overall_harmful,final_answer_position,schedule_workshop_012,27,34,all_conditions_pooled,0,0,-189.4947612951995,0
overall_harmful,final_answer_position,schedule_workshop_012,27,34,all_conditions_pooled,0,1,145.3395891200597,0
overall_harmful,final_answer_position,science_battery_016,28,34,all_conditions_pooled,0,1,25.662592670531794,0
overall_harmful,final_answer_position,science_battery_016,28,34,all_conditions_pooled,0,1,95.41954434709758,0
overall_harmful,final_answer_position,science_battery_016,28,34,all_conditions_pooled,0,1,184.5166437825714,0
overall_harmful,final_answer_position,science_mineral_014,29,34,all_conditions_pooled,0,1,16.658461689994553,0
overall_harmful,final_answer_position,science_mineral_014,29,34,all_conditions_pooled,0,0,-179.4372640266647,0
overall_harmful,final_answer_position,science_mineral_014,29,34,all_conditions_pooled,0,1,165.8413365057109,0
overall_harmful,final_answer_position,science_plant_013,30,34,all_conditions_pooled,0,1,82.54506410893465,0
overall_harmful,final_answer_position,science_plant_013,30,34,all_conditions_pooled,0,1,72.5032033929758,0
overall_harmful,final_answer_position,science_plant_013,30,34,all_conditions_pooled,0,1,224.4311373755965,0
overall_harmful,final_answer_position,science_weather_015,31,34,all_conditions_pooled,0,1,226.76001504400938,0
overall_harmful,final_answer_position,science_weather_015,31,34,all_conditions_pooled,0,1,686.9537133887128,0
overall_harmful,final_answer_position,science_weather_015,31,34,all_conditions_pooled,0,1,625.7222884468555,0
overall_harmful,final_answer_position,technical_api_022,32,34,all_conditions_pooled,0,0,-222.08885396144888,0
overall_harmful,final_answer_position,technical_api_022,32,34,all_conditions_pooled,0,0,-216.748428480677,0
overall_harmful,final_answer_position,technical_api_022,32,34,all_conditions_pooled,0,0,-80.56814496569513,0
overall_harmful,final_answer_position,technical_backup_023,33,34,all_conditions_pooled,0,0,-89.60516842071591,0
overall_harmful,final_answer_position,technical_backup_023,33,34,all_conditions_pooled,0,0,-229.78957950258717,0
overall_harmful,final_answer_position,technical_backup_023,33,34,all_conditions_pooled,0,1,40.31766689935172,0
overall_harmful,final_answer_position,technical_config_021,34,34,all_conditions_pooled,0,0,-78.21439072202881,0
overall_harmful,final_answer_position,technical_config_021,34,34,all_conditions_pooled,0,0,-142.661788257686,0
overall_harmful,final_answer_position,technical_config_021,34,34,all_conditions_pooled,0,1,35.5727089776253,0
overall_harmful,final_answer_position,technical_feature_flag_024,35,34,all_conditions_pooled,0,0,-67.11533045839934,0
overall_harmful,final_answer_position,technical_feature_flag_024,35,34,all_conditions_pooled,0,0,-163.0349507203038,0
overall_harmful,final_answer_position,technical_feature_flag_024,35,34,all_conditions_pooled,0,1,73.68401712689077,0
overall_harmful,final_answer_position,academic_attendance_019,0,35,all_conditions_pooled,0,1,79.2409921966226,0
overall_harmful,final_answer_position,academic_attendance_019,0,35,all_conditions_pooled,0,0,-741.0391588605589,1
overall_harmful,final_answer_position,academic_attendance_019,0,35,all_conditions_pooled,0,1,373.0166588941386,0
overall_harmful,final_answer_position,academic_grading_018,1,35,all_conditions_pooled,0,0,-95.18614199201495,0
overall_harmful,final_answer_position,academic_grading_018,1,35,all_conditions_pooled,0,0,-66.92107173814159,0
overall_harmful,final_answer_position,academic_grading_018,1,35,all_conditions_pooled,0,1,164.93625942894107,0
overall_harmful,final_answer_position,academic_latework_020,2,35,all_conditions_pooled,0,1,43.63717311721666,0
overall_harmful,final_answer_position,academic_latework_020,2,35,all_conditions_pooled,0,0,-13.750288989485686,0
overall_harmful,final_answer_position,academic_latework_020,2,35,all_conditions_pooled,0,1,391.7719051909937,0
overall_harmful,final_answer_position,academic_prereq_017,3,35,all_conditions_pooled,0,0,-238.97399058868982,0
overall_harmful,final_answer_position,academic_prereq_017,3,35,all_conditions_pooled,0,0,-384.3712929257295,0
overall_harmful,final_answer_position,academic_prereq_017,3,35,all_conditions_pooled,0,0,-102.61586558771785,0
overall_harmful,final_answer_position,contract_rental_029,4,35,all_conditions_pooled,0,0,-55.75007935662494,0
overall_harmful,final_answer_position,contract_rental_029,4,35,all_conditions_pooled,0,0,-159.55787264640384,0
overall_harmful,final_answer_position,contract_rental_029,4,35,all_conditions_pooled,0,1,124.41499709081103,0
overall_harmful,final_answer_position,contract_service_030,5,35,all_conditions_pooled,0,0,-142.6072190231875,0
overall_harmful,final_answer_position,contract_service_030,5,35,all_conditions_pooled,0,0,-181.55705692486669,0
overall_harmful,final_answer_position,contract_service_030,5,35,all_conditions_pooled,0,1,25.32175848417554,0
overall_harmful,final_answer_position,contract_ticket_032,6,35,all_conditions_pooled,0,0,-151.88165140086045,0
overall_harmful,final_answer_position,contract_ticket_032,6,35,all_conditions_pooled,0,0,-237.42849739143244,0
overall_harmful,final_answer_position,contract_ticket_032,6,35,all_conditions_pooled,0,1,58.214502963272665,0
overall_harmful,final_answer_position,contract_warranty_031,7,35,all_conditions_pooled,0,0,-103.42270898938307,0
overall_harmful,final_answer_position,contract_warranty_031,7,35,all_conditions_pooled,0,0,-237.04833480716562,0
overall_harmful,final_answer_position,contract_warranty_031,7,35,all_conditions_pooled,0,1,27.49189884261486,0
overall_harmful,final_answer_position,finance_budget_007,8,35,all_conditions_pooled,0,0,-53.49972107446661,0
overall_harmful,final_answer_position,finance_budget_007,8,35,all_conditions_pooled,0,1,2.8645339197430033,0
overall_harmful,final_answer_position,finance_budget_007,8,35,all_conditions_pooled,0,1,98.44669982410721,0
overall_harmful,final_answer_position,finance_coupon_006,9,35,all_conditions_pooled,0,0,-77.2700070518722,0
overall_harmful,final_answer_position,finance_coupon_006,9,35,all_conditions_pooled,0,0,-80.04409703238154,0
overall_harmful,final_answer_position,finance_coupon_006,9,35,all_conditions_pooled,0,1,54.1986634215979,0
overall_harmful,final_answer_position,finance_membership_008,10,35,all_conditions_pooled,0,1,11.75064848932324,0
overall_harmful,final_answer_position,finance_membership_008,10,35,all_conditions_pooled,0,0,-25.729487927078807,0
overall_harmful,final_answer_position,finance_membership_008,10,35,all_conditions_pooled,0,1,217.20371026095324,0
overall_harmful,final_answer_position,finance_refund_005,11,35,all_conditions_pooled,0,1,66.05862517235977,0
overall_harmful,final_answer_position,finance_refund_005,11,35,all_conditions_pooled,0,1,16.602172091962167,0
overall_harmful,final_answer_position,finance_refund_005,11,35,all_conditions_pooled,0,1,312.3202598536998,0
overall_harmful,final_answer_position,logic_access_033,12,35,all_conditions_pooled,0,1,26.347148083683066,0
overall_harmful,final_answer_position,logic_access_033,12,35,all_conditions_pooled,0,1,36.937897793917216,0
overall_harmful,final_answer_position,logic_access_033,12,35,all_conditions_pooled,0,1,169.85342976052402,0
overall_harmful,final_answer_position,logic_eligibility_034,13,35,all_conditions_pooled,0,1,44.29093422419038,0
overall_harmful,final_answer_position,logic_eligibility_034,13,35,all_conditions_pooled,0,0,-47.59594321409236,0
overall_harmful,final_answer_position,logic_eligibility_034,13,35,all_conditions_pooled,0,1,172.5570331711814,0
overall_harmful,final_answer_position,logic_shipping_035,14,35,all_conditions_pooled,0,0,-268.27359542702163,0
overall_harmful,final_answer_position,logic_shipping_035,14,35,all_conditions_pooled,0,1,74.11323596109214,0
overall_harmful,final_answer_position,logic_shipping_035,14,35,all_conditions_pooled,0,0,-59.825694055692196,1
overall_harmful,final_answer_position,logic_tournament_036,15,35,all_conditions_pooled,0,1,578.203606134899,0
overall_harmful,final_answer_position,logic_tournament_036,15,35,all_conditions_pooled,0,1,472.22190391867866,0
overall_harmful,final_answer_position,logic_tournament_036,15,35,all_conditions_pooled,0,1,693.4269834453673,0
overall_harmful,final_answer_position,policy_lab_access_002,16,35,all_conditions_pooled,0,0,-71.60411634847009,0
overall_harmful,final_answer_position,policy_lab_access_002,16,35,all_conditions_pooled,0,0,-149.64698015568553,0
overall_harmful,final_answer_position,policy_lab_access_002,16,35,all_conditions_pooled,0,1,69.3499540950933,0
overall_harmful,final_answer_position,policy_library_checkout_003,17,35,all_conditions_pooled,0,0,-208.69062382292788,0
overall_harmful,final_answer_position,policy_library_checkout_003,17,35,all_conditions_pooled,0,0,-249.73310523214545,0
overall_harmful,final_answer_position,policy_library_checkout_003,17,35,all_conditions_pooled,0,0,-63.9138555523704,0
overall_harmful,final_answer_position,policy_lunch_pass_001,18,35,all_conditions_pooled,0,0,-160.08555094217226,0
overall_harmful,final_answer_position,policy_lunch_pass_001,18,35,all_conditions_pooled,0,0,-291.0037711627711,0
overall_harmful,final_answer_position,policy_lunch_pass_001,18,35,all_conditions_pooled,0,0,-38.43983775778253,0
overall_harmful,final_answer_position,policy_rec_center_004,19,35,all_conditions_pooled,0,0,-396.91780889172094,1
overall_harmful,final_answer_position,policy_rec_center_004,19,35,all_conditions_pooled,0,0,-412.942705615436,0
overall_harmful,final_answer_position,policy_rec_center_004,19,35,all_conditions_pooled,0,0,-103.22284553191318,0
overall_harmful,final_answer_position,product_specs_025,20,35,all_conditions_pooled,0,0,-89.25399739832704,0
overall_harmful,final_answer_position,product_specs_025,20,35,all_conditions_pooled,0,0,-204.45884916681152,0
overall_harmful,final_answer_position,product_specs_025,20,35,all_conditions_pooled,0,0,-17.28776811654735,0
overall_harmful,final_answer_position,product_specs_026,21,35,all_conditions_pooled,0,0,-81.73291359799401,0
overall_harmful,final_answer_position,product_specs_026,21,35,all_conditions_pooled,0,0,-197.06699783113962,0
overall_harmful,final_answer_position,product_specs_026,21,35,all_conditions_pooled,0,1,154.25669192098465,0
overall_harmful,final_answer_position,product_specs_027,22,35,all_conditions_pooled,0,0,-76.818519881084,0
overall_harmful,final_answer_position,product_specs_027,22,35,all_conditions_pooled,0,0,-200.39795937662245,0
overall_harmful,final_answer_position,product_specs_027,22,35,all_conditions_pooled,0,1,24.935235918388358,0
overall_harmful,final_answer_position,product_specs_028,23,35,all_conditions_pooled,0,0,-146.43575847387055,0
overall_harmful,final_answer_position,product_specs_028,23,35,all_conditions_pooled,0,0,-155.14205062671653,0
overall_harmful,final_answer_position,product_specs_028,23,35,all_conditions_pooled,0,0,-16.706015037209745,0
overall_harmful,final_answer_position,schedule_clinic_011,24,35,all_conditions_pooled,0,0,-173.2914300037565,0
overall_harmful,final_answer_position,schedule_clinic_011,24,35,all_conditions_pooled,0,0,-233.8115266391,0
overall_harmful,final_answer_position,schedule_clinic_011,24,35,all_conditions_pooled,0,1,8.443574426332539,0
overall_harmful,final_answer_position,schedule_exam_010,25,35,all_conditions_pooled,0,0,-362.62835197578147,0
overall_harmful,final_answer_position,schedule_exam_010,25,35,all_conditions_pooled,0,0,-187.88944574942104,0
overall_harmful,final_answer_position,schedule_exam_010,25,35,all_conditions_pooled,0,0,-248.25903173572215,1
overall_harmful,final_answer_position,schedule_train_009,26,35,all_conditions_pooled,0,1,48.34951406786641,0
overall_harmful,final_answer_position,schedule_train_009,26,35,all_conditions_pooled,0,0,-23.302581521218343,0
overall_harmful,final_answer_position,schedule_train_009,26,35,all_conditions_pooled,0,1,220.65742484431007,0
overall_harmful,final_answer_position,schedule_workshop_012,27,35,all_conditions_pooled,0,0,-121.69936518909535,0
overall_harmful,final_answer_position,schedule_workshop_012,27,35,all_conditions_pooled,0,0,-152.71066820373528,0
overall_harmful,final_answer_position,schedule_workshop_012,27,35,all_conditions_pooled,0,1,111.10332328004051,0
overall_harmful,final_answer_position,science_battery_016,28,35,all_conditions_pooled,0,0,-18.80498493831777,0
overall_harmful,final_answer_position,science_battery_016,28,35,all_conditions_pooled,0,1,0.9127008655862596,0
overall_harmful,final_answer_position,science_battery_016,28,35,all_conditions_pooled,0,1,182.19949254521205,0
overall_harmful,final_answer_position,science_mineral_014,29,35,all_conditions_pooled,0,1,24.877492436601663,0
overall_harmful,final_answer_position,science_mineral_014,29,35,all_conditions_pooled,0,0,-99.06503540572089,0
overall_harmful,final_answer_position,science_mineral_014,29,35,all_conditions_pooled,0,1,166.9061168036264,0
overall_harmful,final_answer_position,science_plant_013,30,35,all_conditions_pooled,0,1,36.58756170727641,0
overall_harmful,final_answer_position,science_plant_013,30,35,all_conditions_pooled,0,1,22.200820879376153,0
overall_harmful,final_answer_position,science_plant_013,30,35,all_conditions_pooled,0,1,236.40441454787197,0
overall_harmful,final_answer_position,science_weather_015,31,35,all_conditions_pooled,0,1,162.40251431835898,0
overall_harmful,final_answer_position,science_weather_015,31,35,all_conditions_pooled,0,1,664.8304324659691,0
overall_harmful,final_answer_position,science_weather_015,31,35,all_conditions_pooled,0,1,606.3285559796459,0
overall_harmful,final_answer_position,technical_api_022,32,35,all_conditions_pooled,0,0,-241.77513464053058,0
overall_harmful,final_answer_position,technical_api_022,32,35,all_conditions_pooled,0,0,-167.32724773157088,0
overall_harmful,final_answer_position,technical_api_022,32,35,all_conditions_pooled,0,0,-29.78860551865812,0
overall_harmful,final_answer_position,technical_backup_023,33,35,all_conditions_pooled,0,0,-157.9929159976178,0
overall_harmful,final_answer_position,technical_backup_023,33,35,all_conditions_pooled,0,0,-194.51517658417248,0
overall_harmful,final_answer_position,technical_backup_023,33,35,all_conditions_pooled,0,1,26.696748467221724,0
overall_harmful,final_answer_position,technical_config_021,34,35,all_conditions_pooled,0,0,-135.83507748746078,0
overall_harmful,final_answer_position,technical_config_021,34,35,all_conditions_pooled,0,0,-144.9733146240847,0
overall_harmful,final_answer_position,technical_config_021,34,35,all_conditions_pooled,0,0,-31.53262785776455,0
overall_harmful,final_answer_position,technical_feature_flag_024,35,35,all_conditions_pooled,0,0,-125.40613940459926,0
overall_harmful,final_answer_position,technical_feature_flag_024,35,35,all_conditions_pooled,0,0,-93.88593660412018,0
overall_harmful,final_answer_position,technical_feature_flag_024,35,35,all_conditions_pooled,0,1,104.11129614325061,0
