label_scheme,source_condition,target_condition,layer,n_examples,n_families,balanced_accuracy,auroc,average_precision,f1,precision,recall,confusion_matrix_counts,baseline_balanced_accuracy,C_used
primary,evidence_false_belief_pressure,evidence_false_belief_pressure,0,36,36,0.604167,0.690972,0.569709,0.454545,0.500000,0.416667,tn=19 fp=5 fn=7 tp=5,0.500000,1.0
primary,evidence_false_belief_pressure,evidence_false_belief_pressure,1,36,36,0.708333,0.666667,0.628600,0.608696,0.636364,0.583333,tn=20 fp=4 fn=5 tp=7,0.500000,1.0
primary,evidence_false_belief_pressure,evidence_false_belief_pressure,2,36,36,0.625000,0.673611,0.659569,0.500000,0.500000,0.500000,tn=18 fp=6 fn=6 tp=6,0.500000,1.0
primary,evidence_false_belief_pressure,evidence_false_belief_pressure,3,36,36,0.562500,0.604167,0.489091,0.416667,0.416667,0.416667,tn=17 fp=7 fn=7 tp=5,0.500000,1.0
primary,evidence_false_belief_pressure,evidence_false_belief_pressure,4,36,36,0.541667,0.520833,0.428278,0.400000,0.384615,0.416667,tn=16 fp=8 fn=7 tp=5,0.500000,1.0
primary,evidence_false_belief_pressure,evidence_false_belief_pressure,5,36,36,0.583333,0.607639,0.453289,0.434783,0.454545,0.416667,tn=18 fp=6 fn=7 tp=5,0.500000,1.0
primary,evidence_false_belief_pressure,evidence_false_belief_pressure,6,36,36,0.500000,0.531250,0.425818,0.285714,0.333333,0.250000,tn=18 fp=6 fn=9 tp=3,0.500000,1.0
primary,evidence_false_belief_pressure,evidence_false_belief_pressure,7,36,36,0.500000,0.440972,0.360939,0.285714,0.333333,0.250000,tn=18 fp=6 fn=9 tp=3,0.500000,1.0
primary,evidence_false_belief_pressure,evidence_false_belief_pressure,8,36,36,0.562500,0.420139,0.469551,0.380952,0.444444,0.333333,tn=19 fp=5 fn=8 tp=4,0.500000,1.0
primary,evidence_false_belief_pressure,evidence_false_belief_pressure,9,36,36,0.541667,0.468750,0.535020,0.363636,0.400000,0.333333,tn=18 fp=6 fn=8 tp=4,0.500000,1.0
primary,evidence_false_belief_pressure,evidence_false_belief_pressure,10,36,36,0.500000,0.517361,0.509983,0.285714,0.333333,0.250000,tn=18 fp=6 fn=9 tp=3,0.500000,1.0
primary,evidence_false_belief_pressure,evidence_false_belief_pressure,11,36,36,0.541667,0.510417,0.491851,0.363636,0.400000,0.333333,tn=18 fp=6 fn=8 tp=4,0.500000,1.0
primary,evidence_false_belief_pressure,evidence_false_belief_pressure,12,36,36,0.583333,0.635417,0.571453,0.400000,0.500000,0.333333,tn=20 fp=4 fn=8 tp=4,0.500000,1.0
primary,evidence_false_belief_pressure,evidence_false_belief_pressure,13,36,36,0.687500,0.652778,0.569472,0.571429,0.666667,0.500000,tn=21 fp=3 fn=6 tp=6,0.500000,1.0
primary,evidence_false_belief_pressure,evidence_false_belief_pressure,14,36,36,0.604167,0.586806,0.553853,0.454545,0.500000,0.416667,tn=19 fp=5 fn=7 tp=5,0.500000,1.0
primary,evidence_false_belief_pressure,evidence_false_belief_pressure,15,36,36,0.583333,0.552083,0.471215,0.434783,0.454545,0.416667,tn=18 fp=6 fn=7 tp=5,0.500000,1.0
primary,evidence_false_belief_pressure,evidence_false_belief_pressure,16,36,36,0.645833,0.586806,0.529416,0.521739,0.545455,0.500000,tn=19 fp=5 fn=6 tp=6,0.500000,1.0
primary,evidence_false_belief_pressure,evidence_false_belief_pressure,17,36,36,0.708333,0.611111,0.627606,0.608696,0.636364,0.583333,tn=20 fp=4 fn=5 tp=7,0.500000,1.0
primary,evidence_false_belief_pressure,evidence_false_belief_pressure,18,36,36,0.666667,0.579861,0.622712,0.545455,0.600000,0.500000,tn=20 fp=4 fn=6 tp=6,0.500000,1.0
primary,evidence_false_belief_pressure,evidence_false_belief_pressure,19,36,36,0.687500,0.670139,0.571761,0.571429,0.666667,0.500000,tn=21 fp=3 fn=6 tp=6,0.500000,1.0
primary,evidence_false_belief_pressure,evidence_false_belief_pressure,20,36,36,0.645833,0.722222,0.621440,0.500000,0.625000,0.416667,tn=21 fp=3 fn=7 tp=5,0.500000,1.0
primary,evidence_false_belief_pressure,evidence_false_belief_pressure,21,36,36,0.604167,0.805556,0.704205,0.454545,0.500000,0.416667,tn=19 fp=5 fn=7 tp=5,0.500000,1.0
primary,evidence_false_belief_pressure,evidence_false_belief_pressure,22,36,36,0.562500,0.767361,0.683196,0.380952,0.444444,0.333333,tn=19 fp=5 fn=8 tp=4,0.500000,1.0
primary,evidence_false_belief_pressure,evidence_false_belief_pressure,23,36,36,0.645833,0.739583,0.684020,0.500000,0.625000,0.416667,tn=21 fp=3 fn=7 tp=5,0.500000,1.0
primary,evidence_false_belief_pressure,evidence_false_belief_pressure,24,36,36,0.666667,0.802083,0.741264,0.545455,0.600000,0.500000,tn=20 fp=4 fn=6 tp=6,0.500000,1.0
primary,evidence_false_belief_pressure,evidence_false_belief_pressure,25,36,36,0.666667,0.854167,0.778636,0.545455,0.600000,0.500000,tn=20 fp=4 fn=6 tp=6,0.500000,1.0
primary,evidence_false_belief_pressure,evidence_false_belief_pressure,26,36,36,0.708333,0.871528,0.772796,0.608696,0.636364,0.583333,tn=20 fp=4 fn=5 tp=7,0.500000,1.0
primary,evidence_false_belief_pressure,evidence_false_belief_pressure,27,36,36,0.708333,0.888889,0.818042,0.600000,0.750000,0.500000,tn=22 fp=2 fn=6 tp=6,0.500000,1.0
primary,evidence_false_belief_pressure,evidence_false_belief_pressure,28,36,36,0.666667,0.878472,0.794522,0.526316,0.714286,0.416667,tn=22 fp=2 fn=7 tp=5,0.500000,1.0
primary,evidence_false_belief_pressure,evidence_false_belief_pressure,29,36,36,0.687500,0.875000,0.796669,0.571429,0.666667,0.500000,tn=21 fp=3 fn=6 tp=6,0.500000,1.0
primary,evidence_false_belief_pressure,evidence_false_belief_pressure,30,36,36,0.687500,0.875000,0.794171,0.571429,0.666667,0.500000,tn=21 fp=3 fn=6 tp=6,0.500000,1.0
primary,evidence_false_belief_pressure,evidence_false_belief_pressure,31,36,36,0.645833,0.875000,0.794171,0.500000,0.625000,0.416667,tn=21 fp=3 fn=7 tp=5,0.500000,1.0
primary,evidence_false_belief_pressure,evidence_false_belief_pressure,32,36,36,0.750000,0.888889,0.816653,0.666667,0.777778,0.583333,tn=22 fp=2 fn=5 tp=7,0.500000,1.0
primary,evidence_false_belief_pressure,evidence_false_belief_pressure,33,36,36,0.729167,0.892361,0.818285,0.636364,0.700000,0.583333,tn=21 fp=3 fn=5 tp=7,0.500000,1.0
primary,evidence_false_belief_pressure,evidence_false_belief_pressure,34,36,36,0.750000,0.895833,0.824794,0.666667,0.777778,0.583333,tn=22 fp=2 fn=5 tp=7,0.500000,1.0
primary,evidence_false_belief_pressure,evidence_false_belief_pressure,35,36,36,0.812500,0.937500,0.888949,0.761905,0.888889,0.666667,tn=23 fp=1 fn=4 tp=8,0.500000,1.0
primary,evidence_false_belief_pressure,evidence_emotional_pressure,0,36,36,0.657692,0.584615,0.766332,0.711111,0.842105,0.615385,tn=7 fp=3 fn=10 tp=16,0.500000,1.0
primary,evidence_false_belief_pressure,evidence_emotional_pressure,1,36,36,0.542308,0.530769,0.747227,0.512821,0.769231,0.384615,tn=7 fp=3 fn=16 tp=10,0.500000,1.0
primary,evidence_false_belief_pressure,evidence_emotional_pressure,2,36,36,0.496154,0.542308,0.779158,0.705882,0.720000,0.692308,tn=3 fp=7 fn=8 tp=18,0.500000,1.0
primary,evidence_false_belief_pressure,evidence_emotional_pressure,3,36,36,0.561538,0.542308,0.770014,0.827586,0.750000,0.923077,tn=2 fp=8 fn=2 tp=24,0.500000,1.0
primary,evidence_false_belief_pressure,evidence_emotional_pressure,4,36,36,0.561538,0.484615,0.735017,0.827586,0.750000,0.923077,tn=2 fp=8 fn=2 tp=24,0.500000,1.0
primary,evidence_false_belief_pressure,evidence_emotional_pressure,5,36,36,0.630769,0.580769,0.758449,0.862069,0.781250,0.961538,tn=3 fp=7 fn=1 tp=25,0.500000,1.0
primary,evidence_false_belief_pressure,evidence_emotional_pressure,6,36,36,0.630769,0.550000,0.746237,0.862069,0.781250,0.961538,tn=3 fp=7 fn=1 tp=25,0.500000,1.0
primary,evidence_false_belief_pressure,evidence_emotional_pressure,7,36,36,0.565385,0.476923,0.713282,0.745098,0.760000,0.730769,tn=4 fp=6 fn=7 tp=19,0.500000,1.0
primary,evidence_false_belief_pressure,evidence_emotional_pressure,8,36,36,0.434615,0.496154,0.696287,0.378378,0.636364,0.269231,tn=6 fp=4 fn=19 tp=7,0.500000,1.0
primary,evidence_false_belief_pressure,evidence_emotional_pressure,9,36,36,0.580769,0.646154,0.831734,0.585366,0.800000,0.461538,tn=7 fp=3 fn=14 tp=12,0.500000,1.0
primary,evidence_false_belief_pressure,evidence_emotional_pressure,10,36,36,0.480769,0.692308,0.878841,0.819672,0.714286,0.961538,tn=0 fp=10 fn=1 tp=25,0.500000,1.0
primary,evidence_false_belief_pressure,evidence_emotional_pressure,11,36,36,0.500000,0.703846,0.888392,0.838710,0.722222,1.000000,tn=0 fp=10 fn=0 tp=26,0.500000,1.0
primary,evidence_false_belief_pressure,evidence_emotional_pressure,12,36,36,0.500000,0.703846,0.878055,0.838710,0.722222,1.000000,tn=0 fp=10 fn=0 tp=26,0.500000,1.0
primary,evidence_false_belief_pressure,evidence_emotional_pressure,13,36,36,0.500000,0.711538,0.875429,0.838710,0.722222,1.000000,tn=0 fp=10 fn=0 tp=26,0.500000,1.0
primary,evidence_false_belief_pressure,evidence_emotional_pressure,14,36,36,0.500000,0.686538,0.829465,0.838710,0.722222,1.000000,tn=0 fp=10 fn=0 tp=26,0.500000,1.0
primary,evidence_false_belief_pressure,evidence_emotional_pressure,15,36,36,0.500000,0.703846,0.847368,0.838710,0.722222,1.000000,tn=0 fp=10 fn=0 tp=26,0.500000,1.0
primary,evidence_false_belief_pressure,evidence_emotional_pressure,16,36,36,0.500000,0.669231,0.855901,0.838710,0.722222,1.000000,tn=0 fp=10 fn=0 tp=26,0.500000,1.0
primary,evidence_false_belief_pressure,evidence_emotional_pressure,17,36,36,0.480769,0.661538,0.851503,0.819672,0.714286,0.961538,tn=0 fp=10 fn=1 tp=25,0.500000,1.0
primary,evidence_false_belief_pressure,evidence_emotional_pressure,18,36,36,0.565385,0.634615,0.825520,0.363636,0.857143,0.230769,tn=9 fp=1 fn=20 tp=6,0.500000,1.0
primary,evidence_false_belief_pressure,evidence_emotional_pressure,19,36,36,0.576923,0.692308,0.853747,0.708333,0.772727,0.653846,tn=5 fp=5 fn=9 tp=17,0.500000,1.0
primary,evidence_false_belief_pressure,evidence_emotional_pressure,20,36,36,0.676923,0.776923,0.893640,0.739130,0.850000,0.653846,tn=7 fp=3 fn=9 tp=17,0.500000,1.0
primary,evidence_false_belief_pressure,evidence_emotional_pressure,21,36,36,0.700000,0.873077,0.943176,0.650000,0.928571,0.500000,tn=9 fp=1 fn=13 tp=13,0.500000,1.0
primary,evidence_false_belief_pressure,evidence_emotional_pressure,22,36,36,0.661538,0.900000,0.956953,0.578947,0.916667,0.423077,tn=9 fp=1 fn=15 tp=11,0.500000,1.0
primary,evidence_false_belief_pressure,evidence_emotional_pressure,23,36,36,0.730769,0.923077,0.967285,0.631579,1.000000,0.461538,tn=10 fp=0 fn=14 tp=12,0.500000,1.0
primary,evidence_false_belief_pressure,evidence_emotional_pressure,24,36,36,0.807692,0.957692,0.985126,0.761905,1.000000,0.615385,tn=10 fp=0 fn=10 tp=16,0.500000,1.0
primary,evidence_false_belief_pressure,evidence_emotional_pressure,25,36,36,0.807692,0.965385,0.987989,0.761905,1.000000,0.615385,tn=10 fp=0 fn=10 tp=16,0.500000,1.0
primary,evidence_false_belief_pressure,evidence_emotional_pressure,26,36,36,0.846154,0.934615,0.977807,0.818182,1.000000,0.692308,tn=10 fp=0 fn=8 tp=18,0.500000,1.0
primary,evidence_false_belief_pressure,evidence_emotional_pressure,27,36,36,0.865385,0.938462,0.979610,0.844444,1.000000,0.730769,tn=10 fp=0 fn=7 tp=19,0.500000,1.0
primary,evidence_false_belief_pressure,evidence_emotional_pressure,28,36,36,0.903846,0.926923,0.975686,0.893617,1.000000,0.807692,tn=10 fp=0 fn=5 tp=21,0.500000,1.0
primary,evidence_false_belief_pressure,evidence_emotional_pressure,29,36,36,0.853846,0.938462,0.977503,0.875000,0.954545,0.807692,tn=9 fp=1 fn=5 tp=21,0.500000,1.0
primary,evidence_false_belief_pressure,evidence_emotional_pressure,30,36,36,0.884615,0.926923,0.973793,0.869565,1.000000,0.769231,tn=10 fp=0 fn=6 tp=20,0.500000,1.0
primary,evidence_false_belief_pressure,evidence_emotional_pressure,31,36,36,0.853846,0.930769,0.975548,0.875000,0.954545,0.807692,tn=9 fp=1 fn=5 tp=21,0.500000,1.0
primary,evidence_false_belief_pressure,evidence_emotional_pressure,32,36,36,0.923077,0.957692,0.985709,0.916667,1.000000,0.846154,tn=10 fp=0 fn=4 tp=22,0.500000,1.0
primary,evidence_false_belief_pressure,evidence_emotional_pressure,33,36,36,0.861538,0.953846,0.983904,0.923077,0.923077,0.923077,tn=8 fp=2 fn=2 tp=24,0.500000,1.0
primary,evidence_false_belief_pressure,evidence_emotional_pressure,34,36,36,0.700000,0.953846,0.983904,0.896552,0.812500,1.000000,tn=4 fp=6 fn=0 tp=26,0.500000,1.0
primary,evidence_false_belief_pressure,evidence_emotional_pressure,35,36,36,0.861538,0.961538,0.984088,0.923077,0.923077,0.923077,tn=8 fp=2 fn=2 tp=24,0.500000,1.0
primary,evidence_false_belief_pressure,closed_context_false_belief_pressure,0,36,36,0.603226,0.632258,0.930327,0.847458,0.892857,0.806452,tn=2 fp=3 fn=6 tp=25,0.500000,1.0
primary,evidence_false_belief_pressure,closed_context_false_belief_pressure,1,36,36,0.674194,0.703226,0.931758,0.693878,0.944444,0.548387,tn=4 fp=1 fn=14 tp=17,0.500000,1.0
primary,evidence_false_belief_pressure,closed_context_false_belief_pressure,2,36,36,0.735484,0.748387,0.947338,0.900000,0.931034,0.870968,tn=3 fp=2 fn=4 tp=27,0.500000,1.0
primary,evidence_false_belief_pressure,closed_context_false_belief_pressure,3,36,36,0.767742,0.812903,0.961620,0.935484,0.935484,0.935484,tn=3 fp=2 fn=2 tp=29,0.500000,1.0
primary,evidence_false_belief_pressure,closed_context_false_belief_pressure,4,36,36,0.703226,0.767742,0.945701,0.862069,0.925926,0.806452,tn=3 fp=2 fn=6 tp=25,0.500000,1.0
primary,evidence_false_belief_pressure,closed_context_false_belief_pressure,5,36,36,0.612903,0.819355,0.964391,0.368421,1.000000,0.225806,tn=5 fp=0 fn=24 tp=7,0.500000,1.0
primary,evidence_false_belief_pressure,closed_context_false_belief_pressure,6,36,36,0.690323,0.780645,0.945743,0.720000,0.947368,0.580645,tn=4 fp=1 fn=13 tp=18,0.500000,1.0
primary,evidence_false_belief_pressure,closed_context_false_belief_pressure,7,36,36,0.606452,0.677419,0.877729,0.730769,0.904762,0.612903,tn=3 fp=2 fn=12 tp=19,0.500000,1.0
primary,evidence_false_belief_pressure,closed_context_false_belief_pressure,8,36,36,0.658065,0.638710,0.907799,0.666667,0.941176,0.516129,tn=4 fp=1 fn=15 tp=16,0.500000,1.0
primary,evidence_false_belief_pressure,closed_context_false_belief_pressure,9,36,36,0.609677,0.683871,0.935048,0.577778,0.928571,0.419355,tn=4 fp=1 fn=18 tp=13,0.500000,1.0
primary,evidence_false_belief_pressure,closed_context_false_belief_pressure,10,36,36,0.532258,0.683871,0.938562,0.121212,1.000000,0.064516,tn=5 fp=0 fn=29 tp=2,0.500000,1.0
primary,evidence_false_belief_pressure,closed_context_false_belief_pressure,11,36,36,0.532258,0.722581,0.932308,0.121212,1.000000,0.064516,tn=5 fp=0 fn=29 tp=2,0.500000,1.0
primary,evidence_false_belief_pressure,closed_context_false_belief_pressure,12,36,36,0.693548,0.883871,0.980731,0.558140,1.000000,0.387097,tn=5 fp=0 fn=19 tp=12,0.500000,1.0
primary,evidence_false_belief_pressure,closed_context_false_belief_pressure,13,36,36,0.725806,0.948387,0.992428,0.622222,1.000000,0.451613,tn=5 fp=0 fn=17 tp=14,0.500000,1.0
primary,evidence_false_belief_pressure,closed_context_false_belief_pressure,14,36,36,0.629032,0.870968,0.980164,0.410256,1.000000,0.258065,tn=5 fp=0 fn=23 tp=8,0.500000,1.0
primary,evidence_false_belief_pressure,closed_context_false_belief_pressure,15,36,36,0.725806,0.909677,0.986191,0.622222,1.000000,0.451613,tn=5 fp=0 fn=17 tp=14,0.500000,1.0
primary,evidence_false_belief_pressure,closed_context_false_belief_pressure,16,36,36,0.580645,0.916129,0.985575,0.277778,1.000000,0.161290,tn=5 fp=0 fn=26 tp=5,0.500000,1.0
primary,evidence_false_belief_pressure,closed_context_false_belief_pressure,17,36,36,0.758065,0.838710,0.971670,0.680851,1.000000,0.516129,tn=5 fp=0 fn=15 tp=16,0.500000,1.0
primary,evidence_false_belief_pressure,closed_context_false_belief_pressure,18,36,36,0.706452,0.864516,0.975960,0.745098,0.950000,0.612903,tn=4 fp=1 fn=12 tp=19,0.500000,1.0
primary,evidence_false_belief_pressure,closed_context_false_belief_pressure,19,36,36,0.693548,0.832258,0.968898,0.558140,1.000000,0.387097,tn=5 fp=0 fn=19 tp=12,0.500000,1.0
primary,evidence_false_belief_pressure,closed_context_false_belief_pressure,20,36,36,0.806452,0.896774,0.983199,0.760000,1.000000,0.612903,tn=5 fp=0 fn=12 tp=19,0.500000,1.0
primary,evidence_false_belief_pressure,closed_context_false_belief_pressure,21,36,36,0.758065,0.916129,0.986743,0.680851,1.000000,0.516129,tn=5 fp=0 fn=15 tp=16,0.500000,1.0
primary,evidence_false_belief_pressure,closed_context_false_belief_pressure,22,36,36,0.725806,0.929032,0.988837,0.622222,1.000000,0.451613,tn=5 fp=0 fn=17 tp=14,0.500000,1.0
primary,evidence_false_belief_pressure,closed_context_false_belief_pressure,23,36,36,0.709677,0.941935,0.991512,0.590909,1.000000,0.419355,tn=5 fp=0 fn=18 tp=13,0.500000,1.0
primary,evidence_false_belief_pressure,closed_context_false_belief_pressure,24,36,36,0.693548,0.948387,0.991683,0.558140,1.000000,0.387097,tn=5 fp=0 fn=19 tp=12,0.500000,1.0
primary,evidence_false_belief_pressure,closed_context_false_belief_pressure,25,36,36,0.693548,0.967742,0.994612,0.558140,1.000000,0.387097,tn=5 fp=0 fn=19 tp=12,0.500000,1.0
primary,evidence_false_belief_pressure,closed_context_false_belief_pressure,26,36,36,0.677419,0.961290,0.993417,0.523810,1.000000,0.354839,tn=5 fp=0 fn=20 tp=11,0.500000,1.0
primary,evidence_false_belief_pressure,closed_context_false_belief_pressure,27,36,36,0.677419,0.941935,0.989542,0.523810,1.000000,0.354839,tn=5 fp=0 fn=20 tp=11,0.500000,1.0
primary,evidence_false_belief_pressure,closed_context_false_belief_pressure,28,36,36,0.677419,0.961290,0.993417,0.523810,1.000000,0.354839,tn=5 fp=0 fn=20 tp=11,0.500000,1.0
primary,evidence_false_belief_pressure,closed_context_false_belief_pressure,29,36,36,0.677419,0.954839,0.992176,0.523810,1.000000,0.354839,tn=5 fp=0 fn=20 tp=11,0.500000,1.0
primary,evidence_false_belief_pressure,closed_context_false_belief_pressure,30,36,36,0.645161,0.941935,0.989542,0.450000,1.000000,0.290323,tn=5 fp=0 fn=22 tp=9,0.500000,1.0
primary,evidence_false_belief_pressure,closed_context_false_belief_pressure,31,36,36,0.629032,0.941935,0.989542,0.410256,1.000000,0.258065,tn=5 fp=0 fn=23 tp=8,0.500000,1.0
primary,evidence_false_belief_pressure,closed_context_false_belief_pressure,32,36,36,0.629032,0.967742,0.994612,0.410256,1.000000,0.258065,tn=5 fp=0 fn=23 tp=8,0.500000,1.0
primary,evidence_false_belief_pressure,closed_context_false_belief_pressure,33,36,36,0.612903,0.980645,0.996876,0.368421,1.000000,0.225806,tn=5 fp=0 fn=24 tp=7,0.500000,1.0
primary,evidence_false_belief_pressure,closed_context_false_belief_pressure,34,36,36,0.661290,0.980645,0.996876,0.487805,1.000000,0.322581,tn=5 fp=0 fn=21 tp=10,0.500000,1.0
primary,evidence_false_belief_pressure,closed_context_false_belief_pressure,35,36,36,0.661290,0.993548,0.998992,0.487805,1.000000,0.322581,tn=5 fp=0 fn=21 tp=10,0.500000,1.0
primary,evidence_emotional_pressure,evidence_false_belief_pressure,0,36,36,0.520833,0.635417,0.542885,0.487805,0.344828,0.833333,tn=5 fp=19 fn=2 tp=10,0.500000,1.0
primary,evidence_emotional_pressure,evidence_false_belief_pressure,1,36,36,0.541667,0.635417,0.436038,0.511628,0.354839,0.916667,tn=4 fp=20 fn=1 tp=11,0.500000,1.0
primary,evidence_emotional_pressure,evidence_false_belief_pressure,2,36,36,0.541667,0.611111,0.397956,0.521739,0.352941,1.000000,tn=2 fp=22 fn=0 tp=12,0.500000,1.0
primary,evidence_emotional_pressure,evidence_false_belief_pressure,3,36,36,0.604167,0.635417,0.472007,0.558140,0.387097,1.000000,tn=5 fp=19 fn=0 tp=12,0.500000,1.0
primary,evidence_emotional_pressure,evidence_false_belief_pressure,4,36,36,0.562500,0.576389,0.400055,0.484848,0.380952,0.666667,tn=11 fp=13 fn=4 tp=8,0.500000,1.0
primary,evidence_emotional_pressure,evidence_false_belief_pressure,5,36,36,0.583333,0.572917,0.523736,0.285714,1.000000,0.166667,tn=24 fp=0 fn=10 tp=2,0.500000,1.0
primary,evidence_emotional_pressure,evidence_false_belief_pressure,6,36,36,0.500000,0.520833,0.450889,0.000000,0.000000,0.000000,tn=24 fp=0 fn=12 tp=0,0.500000,1.0
primary,evidence_emotional_pressure,evidence_false_belief_pressure,7,36,36,0.500000,0.548611,0.438803,0.000000,0.000000,0.000000,tn=24 fp=0 fn=12 tp=0,0.500000,1.0
primary,evidence_emotional_pressure,evidence_false_belief_pressure,8,36,36,0.500000,0.472222,0.383475,0.000000,0.000000,0.000000,tn=24 fp=0 fn=12 tp=0,0.500000,1.0
primary,evidence_emotional_pressure,evidence_false_belief_pressure,9,36,36,0.500000,0.670139,0.666415,0.000000,0.000000,0.000000,tn=24 fp=0 fn=12 tp=0,0.500000,1.0
primary,evidence_emotional_pressure,evidence_false_belief_pressure,10,36,36,0.500000,0.687500,0.636187,0.000000,0.000000,0.000000,tn=24 fp=0 fn=12 tp=0,0.500000,1.0
primary,evidence_emotional_pressure,evidence_false_belief_pressure,11,36,36,0.500000,0.659722,0.591787,0.000000,0.000000,0.000000,tn=24 fp=0 fn=12 tp=0,0.500000,1.0
primary,evidence_emotional_pressure,evidence_false_belief_pressure,12,36,36,0.562500,0.680556,0.620493,0.266667,0.666667,0.166667,tn=23 fp=1 fn=10 tp=2,0.500000,1.0
primary,evidence_emotional_pressure,evidence_false_belief_pressure,13,36,36,0.645833,0.690972,0.588013,0.521739,0.545455,0.500000,tn=19 fp=5 fn=6 tp=6,0.500000,1.0
primary,evidence_emotional_pressure,evidence_false_belief_pressure,14,36,36,0.583333,0.680556,0.653957,0.285714,1.000000,0.166667,tn=24 fp=0 fn=10 tp=2,0.500000,1.0
primary,evidence_emotional_pressure,evidence_false_belief_pressure,15,36,36,0.625000,0.711806,0.625363,0.400000,1.000000,0.250000,tn=24 fp=0 fn=9 tp=3,0.500000,1.0
primary,evidence_emotional_pressure,evidence_false_belief_pressure,16,36,36,0.625000,0.645833,0.604480,0.444444,0.666667,0.333333,tn=22 fp=2 fn=8 tp=4,0.500000,1.0
primary,evidence_emotional_pressure,evidence_false_belief_pressure,17,36,36,0.562500,0.673611,0.508211,0.484848,0.380952,0.666667,tn=11 fp=13 fn=4 tp=8,0.500000,1.0
primary,evidence_emotional_pressure,evidence_false_belief_pressure,18,36,36,0.625000,0.652778,0.500636,0.571429,0.400000,1.000000,tn=6 fp=18 fn=0 tp=12,0.500000,1.0
primary,evidence_emotional_pressure,evidence_false_belief_pressure,19,36,36,0.500000,0.677083,0.642285,0.476190,0.333333,0.833333,tn=4 fp=20 fn=2 tp=10,0.500000,1.0
primary,evidence_emotional_pressure,evidence_false_belief_pressure,20,36,36,0.583333,0.725694,0.665564,0.536585,0.379310,0.916667,tn=6 fp=18 fn=1 tp=11,0.500000,1.0
primary,evidence_emotional_pressure,evidence_false_belief_pressure,21,36,36,0.625000,0.843750,0.731719,0.571429,0.400000,1.000000,tn=6 fp=18 fn=0 tp=12,0.500000,1.0
primary,evidence_emotional_pressure,evidence_false_belief_pressure,22,36,36,0.604167,0.833333,0.710542,0.558140,0.387097,1.000000,tn=5 fp=19 fn=0 tp=12,0.500000,1.0
primary,evidence_emotional_pressure,evidence_false_belief_pressure,23,36,36,0.645833,0.875000,0.829622,0.585366,0.413793,1.000000,tn=7 fp=17 fn=0 tp=12,0.500000,1.0
primary,evidence_emotional_pressure,evidence_false_belief_pressure,24,36,36,0.729167,0.934028,0.901599,0.648649,0.480000,1.000000,tn=11 fp=13 fn=0 tp=12,0.500000,1.0
primary,evidence_emotional_pressure,evidence_false_belief_pressure,25,36,36,0.708333,0.934028,0.896030,0.631579,0.461538,1.000000,tn=10 fp=14 fn=0 tp=12,0.500000,1.0
primary,evidence_emotional_pressure,evidence_false_belief_pressure,26,36,36,0.708333,0.940972,0.901228,0.631579,0.461538,1.000000,tn=10 fp=14 fn=0 tp=12,0.500000,1.0
primary,evidence_emotional_pressure,evidence_false_belief_pressure,27,36,36,0.729167,0.934028,0.905464,0.648649,0.480000,1.000000,tn=11 fp=13 fn=0 tp=12,0.500000,1.0
primary,evidence_emotional_pressure,evidence_false_belief_pressure,28,36,36,0.729167,0.940972,0.905758,0.648649,0.480000,1.000000,tn=11 fp=13 fn=0 tp=12,0.500000,1.0
primary,evidence_emotional_pressure,evidence_false_belief_pressure,29,36,36,0.750000,0.958333,0.931309,0.666667,0.500000,1.000000,tn=12 fp=12 fn=0 tp=12,0.500000,1.0
primary,evidence_emotional_pressure,evidence_false_belief_pressure,30,36,36,0.812500,0.937500,0.898737,0.727273,0.571429,1.000000,tn=15 fp=9 fn=0 tp=12,0.500000,1.0
primary,evidence_emotional_pressure,evidence_false_belief_pressure,31,36,36,0.812500,0.961806,0.942589,0.733333,0.611111,0.916667,tn=17 fp=7 fn=1 tp=11,0.500000,1.0
primary,evidence_emotional_pressure,evidence_false_belief_pressure,32,36,36,0.895833,0.961806,0.955177,0.869565,0.909091,0.833333,tn=23 fp=1 fn=2 tp=10,0.500000,1.0
primary,evidence_emotional_pressure,evidence_false_belief_pressure,33,36,36,0.895833,0.965278,0.957341,0.869565,0.909091,0.833333,tn=23 fp=1 fn=2 tp=10,0.500000,1.0
primary,evidence_emotional_pressure,evidence_false_belief_pressure,34,36,36,0.916667,0.968750,0.959722,0.909091,1.000000,0.833333,tn=24 fp=0 fn=2 tp=10,0.500000,1.0
primary,evidence_emotional_pressure,evidence_false_belief_pressure,35,36,36,0.812500,0.993056,0.988095,0.727273,0.571429,1.000000,tn=15 fp=9 fn=0 tp=12,0.500000,1.0
primary,evidence_emotional_pressure,evidence_emotional_pressure,0,36,36,0.534615,0.623077,0.850827,0.754717,0.740741,0.769231,tn=3 fp=7 fn=6 tp=20,0.500000,1.0
primary,evidence_emotional_pressure,evidence_emotional_pressure,1,36,36,0.415385,0.576923,0.818346,0.703704,0.678571,0.730769,tn=1 fp=9 fn=7 tp=19,0.500000,1.0
primary,evidence_emotional_pressure,evidence_emotional_pressure,2,36,36,0.692308,0.769231,0.889167,0.851852,0.821429,0.884615,tn=5 fp=5 fn=3 tp=23,0.500000,1.0
primary,evidence_emotional_pressure,evidence_emotional_pressure,3,36,36,0.623077,0.715385,0.810878,0.814815,0.785714,0.846154,tn=4 fp=6 fn=4 tp=22,0.500000,1.0
primary,evidence_emotional_pressure,evidence_emotional_pressure,4,36,36,0.584615,0.638462,0.784813,0.769231,0.769231,0.769231,tn=4 fp=6 fn=6 tp=20,0.500000,1.0
primary,evidence_emotional_pressure,evidence_emotional_pressure,5,36,36,0.661538,0.669231,0.803676,0.857143,0.800000,0.923077,tn=4 fp=6 fn=2 tp=24,0.500000,1.0
primary,evidence_emotional_pressure,evidence_emotional_pressure,6,36,36,0.692308,0.715385,0.811342,0.851852,0.821429,0.884615,tn=5 fp=5 fn=3 tp=23,0.500000,1.0
primary,evidence_emotional_pressure,evidence_emotional_pressure,7,36,36,0.742308,0.738462,0.843610,0.867925,0.851852,0.884615,tn=6 fp=4 fn=3 tp=23,0.500000,1.0
primary,evidence_emotional_pressure,evidence_emotional_pressure,8,36,36,0.673077,0.757692,0.853651,0.830189,0.814815,0.846154,tn=5 fp=5 fn=4 tp=22,0.500000,1.0
primary,evidence_emotional_pressure,evidence_emotional_pressure,9,36,36,0.742308,0.826923,0.909146,0.867925,0.851852,0.884615,tn=6 fp=4 fn=3 tp=23,0.500000,1.0
primary,evidence_emotional_pressure,evidence_emotional_pressure,10,36,36,0.742308,0.834615,0.930854,0.867925,0.851852,0.884615,tn=6 fp=4 fn=3 tp=23,0.500000,1.0
primary,evidence_emotional_pressure,evidence_emotional_pressure,11,36,36,0.742308,0.853846,0.942698,0.867925,0.851852,0.884615,tn=6 fp=4 fn=3 tp=23,0.500000,1.0
primary,evidence_emotional_pressure,evidence_emotional_pressure,12,36,36,0.711538,0.846154,0.936526,0.872727,0.827586,0.923077,tn=5 fp=5 fn=2 tp=24,0.500000,1.0
primary,evidence_emotional_pressure,evidence_emotional_pressure,13,36,36,0.692308,0.850000,0.936886,0.851852,0.821429,0.884615,tn=5 fp=5 fn=3 tp=23,0.500000,1.0
primary,evidence_emotional_pressure,evidence_emotional_pressure,14,36,36,0.811538,0.892308,0.946997,0.905660,0.888889,0.923077,tn=7 fp=3 fn=2 tp=24,0.500000,1.0
primary,evidence_emotional_pressure,evidence_emotional_pressure,15,36,36,0.761538,0.892308,0.946997,0.888889,0.857143,0.923077,tn=6 fp=4 fn=2 tp=24,0.500000,1.0
primary,evidence_emotional_pressure,evidence_emotional_pressure,16,36,36,0.761538,0.896154,0.944837,0.888889,0.857143,0.923077,tn=6 fp=4 fn=2 tp=24,0.500000,1.0
primary,evidence_emotional_pressure,evidence_emotional_pressure,17,36,36,0.773077,0.903846,0.962249,0.862745,0.880000,0.846154,tn=7 fp=3 fn=4 tp=22,0.500000,1.0
primary,evidence_emotional_pressure,evidence_emotional_pressure,18,36,36,0.703846,0.842308,0.936162,0.823529,0.840000,0.807692,tn=6 fp=4 fn=5 tp=21,0.500000,1.0
primary,evidence_emotional_pressure,evidence_emotional_pressure,19,36,36,0.653846,0.742308,0.865582,0.807692,0.807692,0.807692,tn=5 fp=5 fn=5 tp=21,0.500000,1.0
primary,evidence_emotional_pressure,evidence_emotional_pressure,20,36,36,0.653846,0.769231,0.855170,0.807692,0.807692,0.807692,tn=5 fp=5 fn=5 tp=21,0.500000,1.0
primary,evidence_emotional_pressure,evidence_emotional_pressure,21,36,36,0.792308,0.807692,0.885202,0.884615,0.884615,0.884615,tn=7 fp=3 fn=3 tp=23,0.500000,1.0
primary,evidence_emotional_pressure,evidence_emotional_pressure,22,36,36,0.811538,0.811538,0.900120,0.905660,0.888889,0.923077,tn=7 fp=3 fn=2 tp=24,0.500000,1.0
primary,evidence_emotional_pressure,evidence_emotional_pressure,23,36,36,0.792308,0.826923,0.905675,0.884615,0.884615,0.884615,tn=7 fp=3 fn=3 tp=23,0.500000,1.0
primary,evidence_emotional_pressure,evidence_emotional_pressure,24,36,36,0.811538,0.846154,0.926716,0.905660,0.888889,0.923077,tn=7 fp=3 fn=2 tp=24,0.500000,1.0
primary,evidence_emotional_pressure,evidence_emotional_pressure,25,36,36,0.811538,0.850000,0.928648,0.905660,0.888889,0.923077,tn=7 fp=3 fn=2 tp=24,0.500000,1.0
primary,evidence_emotional_pressure,evidence_emotional_pressure,26,36,36,0.773077,0.830769,0.912576,0.862745,0.880000,0.846154,tn=7 fp=3 fn=4 tp=22,0.500000,1.0
primary,evidence_emotional_pressure,evidence_emotional_pressure,27,36,36,0.792308,0.834615,0.914574,0.884615,0.884615,0.884615,tn=7 fp=3 fn=3 tp=23,0.500000,1.0
primary,evidence_emotional_pressure,evidence_emotional_pressure,28,36,36,0.773077,0.803846,0.897865,0.862745,0.880000,0.846154,tn=7 fp=3 fn=4 tp=22,0.500000,1.0
primary,evidence_emotional_pressure,evidence_emotional_pressure,29,36,36,0.773077,0.811538,0.905167,0.862745,0.880000,0.846154,tn=7 fp=3 fn=4 tp=22,0.500000,1.0
primary,evidence_emotional_pressure,evidence_emotional_pressure,30,36,36,0.773077,0.803846,0.903527,0.862745,0.880000,0.846154,tn=7 fp=3 fn=4 tp=22,0.500000,1.0
primary,evidence_emotional_pressure,evidence_emotional_pressure,31,36,36,0.773077,0.815385,0.912525,0.862745,0.880000,0.846154,tn=7 fp=3 fn=4 tp=22,0.500000,1.0
primary,evidence_emotional_pressure,evidence_emotional_pressure,32,36,36,0.773077,0.830769,0.919052,0.862745,0.880000,0.846154,tn=7 fp=3 fn=4 tp=22,0.500000,1.0
primary,evidence_emotional_pressure,evidence_emotional_pressure,33,36,36,0.723077,0.842308,0.926770,0.846154,0.846154,0.846154,tn=6 fp=4 fn=4 tp=22,0.500000,1.0
primary,evidence_emotional_pressure,evidence_emotional_pressure,34,36,36,0.723077,0.842308,0.923301,0.846154,0.846154,0.846154,tn=6 fp=4 fn=4 tp=22,0.500000,1.0
primary,evidence_emotional_pressure,evidence_emotional_pressure,35,36,36,0.811538,0.861538,0.937717,0.905660,0.888889,0.923077,tn=7 fp=3 fn=2 tp=24,0.500000,1.0
primary,evidence_emotional_pressure,closed_context_false_belief_pressure,0,36,36,0.503226,0.587097,0.900107,0.833333,0.862069,0.806452,tn=1 fp=4 fn=6 tp=25,0.500000,1.0
primary,evidence_emotional_pressure,closed_context_false_belief_pressure,1,36,36,0.551613,0.851613,0.975934,0.888889,0.875000,0.903226,tn=1 fp=4 fn=3 tp=28,0.500000,1.0
primary,evidence_emotional_pressure,closed_context_false_belief_pressure,2,36,36,0.500000,0.703226,0.916716,0.925373,0.861111,1.000000,tn=0 fp=5 fn=0 tp=31,0.500000,1.0
primary,evidence_emotional_pressure,closed_context_false_belief_pressure,3,36,36,0.500000,0.803226,0.949428,0.925373,0.861111,1.000000,tn=0 fp=5 fn=0 tp=31,0.500000,1.0
primary,evidence_emotional_pressure,closed_context_false_belief_pressure,4,36,36,0.500000,0.677419,0.913516,0.925373,0.861111,1.000000,tn=0 fp=5 fn=0 tp=31,0.500000,1.0
primary,evidence_emotional_pressure,closed_context_false_belief_pressure,5,36,36,0.500000,0.451613,0.829929,0.000000,0.000000,0.000000,tn=5 fp=0 fn=31 tp=0,0.500000,1.0
primary,evidence_emotional_pressure,closed_context_false_belief_pressure,6,36,36,0.500000,0.548387,0.841448,0.000000,0.000000,0.000000,tn=5 fp=0 fn=31 tp=0,0.500000,1.0
primary,evidence_emotional_pressure,closed_context_false_belief_pressure,7,36,36,0.500000,0.490323,0.830264,0.000000,0.000000,0.000000,tn=5 fp=0 fn=31 tp=0,0.500000,1.0
primary,evidence_emotional_pressure,closed_context_false_belief_pressure,8,36,36,0.500000,0.567742,0.866986,0.000000,0.000000,0.000000,tn=5 fp=0 fn=31 tp=0,0.500000,1.0
primary,evidence_emotional_pressure,closed_context_false_belief_pressure,9,36,36,0.500000,0.529032,0.860175,0.000000,0.000000,0.000000,tn=5 fp=0 fn=31 tp=0,0.500000,1.0
primary,evidence_emotional_pressure,closed_context_false_belief_pressure,10,36,36,0.500000,0.535484,0.852500,0.000000,0.000000,0.000000,tn=5 fp=0 fn=31 tp=0,0.500000,1.0
primary,evidence_emotional_pressure,closed_context_false_belief_pressure,11,36,36,0.500000,0.574194,0.885318,0.000000,0.000000,0.000000,tn=5 fp=0 fn=31 tp=0,0.500000,1.0
primary,evidence_emotional_pressure,closed_context_false_belief_pressure,12,36,36,0.500000,0.593548,0.882786,0.000000,0.000000,0.000000,tn=5 fp=0 fn=31 tp=0,0.500000,1.0
primary,evidence_emotional_pressure,closed_context_false_belief_pressure,13,36,36,0.658065,0.625806,0.929457,0.666667,0.941176,0.516129,tn=4 fp=1 fn=15 tp=16,0.500000,1.0
primary,evidence_emotional_pressure,closed_context_false_belief_pressure,14,36,36,0.709677,0.754839,0.958406,0.590909,1.000000,0.419355,tn=5 fp=0 fn=18 tp=13,0.500000,1.0
primary,evidence_emotional_pressure,closed_context_false_belief_pressure,15,36,36,0.674194,0.683871,0.943526,0.693878,0.944444,0.548387,tn=4 fp=1 fn=14 tp=17,0.500000,1.0
primary,evidence_emotional_pressure,closed_context_false_belief_pressure,16,36,36,0.706452,0.696774,0.938906,0.745098,0.950000,0.612903,tn=4 fp=1 fn=12 tp=19,0.500000,1.0
primary,evidence_emotional_pressure,closed_context_false_belief_pressure,17,36,36,0.754839,0.870968,0.978833,0.814815,0.956522,0.709677,tn=4 fp=1 fn=9 tp=22,0.500000,1.0
primary,evidence_emotional_pressure,closed_context_false_belief_pressure,18,36,36,0.751613,0.819355,0.967037,0.918033,0.933333,0.903226,tn=3 fp=2 fn=3 tp=28,0.500000,1.0
primary,evidence_emotional_pressure,closed_context_false_belief_pressure,19,36,36,0.703226,0.722581,0.934153,0.862069,0.925926,0.806452,tn=3 fp=2 fn=6 tp=25,0.500000,1.0
primary,evidence_emotional_pressure,closed_context_false_belief_pressure,20,36,36,0.719355,0.774194,0.947862,0.881356,0.928571,0.838710,tn=3 fp=2 fn=5 tp=26,0.500000,1.0
primary,evidence_emotional_pressure,closed_context_false_belief_pressure,21,36,36,0.703226,0.819355,0.959456,0.862069,0.925926,0.806452,tn=3 fp=2 fn=6 tp=25,0.500000,1.0
primary,evidence_emotional_pressure,closed_context_false_belief_pressure,22,36,36,0.735484,0.851613,0.974378,0.900000,0.931034,0.870968,tn=3 fp=2 fn=4 tp=27,0.500000,1.0
primary,evidence_emotional_pressure,closed_context_false_belief_pressure,23,36,36,0.635484,0.825806,0.969761,0.885246,0.900000,0.870968,tn=2 fp=3 fn=4 tp=27,0.500000,1.0
primary,evidence_emotional_pressure,closed_context_false_belief_pressure,24,36,36,0.719355,0.800000,0.964965,0.881356,0.928571,0.838710,tn=3 fp=2 fn=5 tp=26,0.500000,1.0
primary,evidence_emotional_pressure,closed_context_false_belief_pressure,25,36,36,0.719355,0.819355,0.967880,0.881356,0.928571,0.838710,tn=3 fp=2 fn=5 tp=26,0.500000,1.0
primary,evidence_emotional_pressure,closed_context_false_belief_pressure,26,36,36,0.703226,0.800000,0.962697,0.862069,0.925926,0.806452,tn=3 fp=2 fn=6 tp=25,0.500000,1.0
primary,evidence_emotional_pressure,closed_context_false_belief_pressure,27,36,36,0.670968,0.800000,0.962697,0.821429,0.920000,0.741935,tn=3 fp=2 fn=8 tp=23,0.500000,1.0
primary,evidence_emotional_pressure,closed_context_false_belief_pressure,28,36,36,0.654839,0.787097,0.958933,0.800000,0.916667,0.709677,tn=3 fp=2 fn=9 tp=22,0.500000,1.0
primary,evidence_emotional_pressure,closed_context_false_belief_pressure,29,36,36,0.654839,0.832258,0.970037,0.800000,0.916667,0.709677,tn=3 fp=2 fn=9 tp=22,0.500000,1.0
primary,evidence_emotional_pressure,closed_context_false_belief_pressure,30,36,36,0.622581,0.806452,0.964489,0.754717,0.909091,0.645161,tn=3 fp=2 fn=11 tp=20,0.500000,1.0
primary,evidence_emotional_pressure,closed_context_false_belief_pressure,31,36,36,0.641935,0.806452,0.962040,0.638298,0.937500,0.483871,tn=4 fp=1 fn=16 tp=15,0.500000,1.0
primary,evidence_emotional_pressure,closed_context_false_belief_pressure,32,36,36,0.725806,0.838710,0.970500,0.622222,1.000000,0.451613,tn=5 fp=0 fn=17 tp=14,0.500000,1.0
primary,evidence_emotional_pressure,closed_context_false_belief_pressure,33,36,36,0.725806,0.806452,0.962040,0.622222,1.000000,0.451613,tn=5 fp=0 fn=17 tp=14,0.500000,1.0
primary,evidence_emotional_pressure,closed_context_false_belief_pressure,34,36,36,0.625806,0.787097,0.956892,0.608696,0.933333,0.451613,tn=4 fp=1 fn=17 tp=14,0.500000,1.0
primary,evidence_emotional_pressure,closed_context_false_belief_pressure,35,36,36,0.838710,0.896774,0.982209,0.807692,1.000000,0.677419,tn=5 fp=0 fn=10 tp=21,0.500000,1.0
primary,closed_context_false_belief_pressure,evidence_false_belief_pressure,0,36,36,0.604167,0.593750,0.437454,0.421053,0.571429,0.333333,tn=21 fp=3 fn=8 tp=4,0.500000,1.0
primary,closed_context_false_belief_pressure,evidence_false_belief_pressure,1,36,36,0.479167,0.687500,0.467706,0.000000,0.000000,0.000000,tn=23 fp=1 fn=12 tp=0,0.500000,1.0
primary,closed_context_false_belief_pressure,evidence_false_belief_pressure,2,36,36,0.625000,0.673611,0.454401,0.555556,0.416667,0.833333,tn=10 fp=14 fn=2 tp=10,0.500000,1.0
primary,closed_context_false_belief_pressure,evidence_false_belief_pressure,3,36,36,0.520833,0.725694,0.491089,0.510638,0.342857,1.000000,tn=1 fp=23 fn=0 tp=12,0.500000,1.0
primary,closed_context_false_belief_pressure,evidence_false_belief_pressure,4,36,36,0.583333,0.697917,0.506418,0.545455,0.375000,1.000000,tn=4 fp=20 fn=0 tp=12,0.500000,1.0
primary,closed_context_false_belief_pressure,evidence_false_belief_pressure,5,36,36,0.562500,0.701389,0.578676,0.523810,0.366667,0.916667,tn=5 fp=19 fn=1 tp=11,0.500000,1.0
primary,closed_context_false_belief_pressure,evidence_false_belief_pressure,6,36,36,0.625000,0.631944,0.571283,0.476190,0.555556,0.416667,tn=20 fp=4 fn=7 tp=5,0.500000,1.0
primary,closed_context_false_belief_pressure,evidence_false_belief_pressure,7,36,36,0.500000,0.586806,0.420234,0.133333,0.333333,0.083333,tn=22 fp=2 fn=11 tp=1,0.500000,1.0
primary,closed_context_false_belief_pressure,evidence_false_belief_pressure,8,36,36,0.500000,0.590278,0.429814,0.000000,0.000000,0.000000,tn=24 fp=0 fn=12 tp=0,0.500000,1.0
primary,closed_context_false_belief_pressure,evidence_false_belief_pressure,9,36,36,0.500000,0.545139,0.362533,0.000000,0.000000,0.000000,tn=24 fp=0 fn=12 tp=0,0.500000,1.0
primary,closed_context_false_belief_pressure,evidence_false_belief_pressure,10,36,36,0.479167,0.614583,0.405733,0.000000,0.000000,0.000000,tn=23 fp=1 fn=12 tp=0,0.500000,1.0
primary,closed_context_false_belief_pressure,evidence_false_belief_pressure,11,36,36,0.479167,0.635417,0.442678,0.000000,0.000000,0.000000,tn=23 fp=1 fn=12 tp=0,0.500000,1.0
primary,closed_context_false_belief_pressure,evidence_false_belief_pressure,12,36,36,0.479167,0.732639,0.586281,0.000000,0.000000,0.000000,tn=23 fp=1 fn=12 tp=0,0.500000,1.0
primary,closed_context_false_belief_pressure,evidence_false_belief_pressure,13,36,36,0.520833,0.753472,0.647684,0.142857,0.500000,0.083333,tn=23 fp=1 fn=11 tp=1,0.500000,1.0
primary,closed_context_false_belief_pressure,evidence_false_belief_pressure,14,36,36,0.583333,0.694444,0.528618,0.352941,0.600000,0.250000,tn=22 fp=2 fn=9 tp=3,0.500000,1.0
primary,closed_context_false_belief_pressure,evidence_false_belief_pressure,15,36,36,0.604167,0.718750,0.574381,0.540541,0.400000,0.833333,tn=9 fp=15 fn=2 tp=10,0.500000,1.0
primary,closed_context_false_belief_pressure,evidence_false_belief_pressure,16,36,36,0.520833,0.715278,0.590680,0.487805,0.344828,0.833333,tn=5 fp=19 fn=2 tp=10,0.500000,1.0
primary,closed_context_false_belief_pressure,evidence_false_belief_pressure,17,36,36,0.500000,0.722222,0.609829,0.476190,0.333333,0.833333,tn=4 fp=20 fn=2 tp=10,0.500000,1.0
primary,closed_context_false_belief_pressure,evidence_false_belief_pressure,18,36,36,0.604167,0.729167,0.721714,0.550000,0.392857,0.916667,tn=7 fp=17 fn=1 tp=11,0.500000,1.0
primary,closed_context_false_belief_pressure,evidence_false_belief_pressure,19,36,36,0.520833,0.753472,0.736913,0.500000,0.343750,0.916667,tn=3 fp=21 fn=1 tp=11,0.500000,1.0
primary,closed_context_false_belief_pressure,evidence_false_belief_pressure,20,36,36,0.562500,0.802083,0.754918,0.523810,0.366667,0.916667,tn=5 fp=19 fn=1 tp=11,0.500000,1.0
primary,closed_context_false_belief_pressure,evidence_false_belief_pressure,21,36,36,0.583333,0.795139,0.734985,0.545455,0.375000,1.000000,tn=4 fp=20 fn=0 tp=12,0.500000,1.0
primary,closed_context_false_belief_pressure,evidence_false_belief_pressure,22,36,36,0.583333,0.840278,0.777564,0.545455,0.375000,1.000000,tn=4 fp=20 fn=0 tp=12,0.500000,1.0
primary,closed_context_false_belief_pressure,evidence_false_belief_pressure,23,36,36,0.729167,0.878472,0.845171,0.647059,0.500000,0.916667,tn=13 fp=11 fn=1 tp=11,0.500000,1.0
primary,closed_context_false_belief_pressure,evidence_false_belief_pressure,24,36,36,0.687500,0.909722,0.866601,0.615385,0.444444,1.000000,tn=9 fp=15 fn=0 tp=12,0.500000,1.0
primary,closed_context_false_belief_pressure,evidence_false_belief_pressure,25,36,36,0.666667,0.930556,0.880219,0.600000,0.428571,1.000000,tn=8 fp=16 fn=0 tp=12,0.500000,1.0
primary,closed_context_false_belief_pressure,evidence_false_belief_pressure,26,36,36,0.583333,0.951389,0.920960,0.545455,0.375000,1.000000,tn=4 fp=20 fn=0 tp=12,0.500000,1.0
primary,closed_context_false_belief_pressure,evidence_false_belief_pressure,27,36,36,0.583333,0.909722,0.857363,0.545455,0.375000,1.000000,tn=4 fp=20 fn=0 tp=12,0.500000,1.0
primary,closed_context_false_belief_pressure,evidence_false_belief_pressure,28,36,36,0.583333,0.934028,0.898591,0.545455,0.375000,1.000000,tn=4 fp=20 fn=0 tp=12,0.500000,1.0
primary,closed_context_false_belief_pressure,evidence_false_belief_pressure,29,36,36,0.562500,0.930556,0.893843,0.533333,0.363636,1.000000,tn=3 fp=21 fn=0 tp=12,0.500000,1.0
primary,closed_context_false_belief_pressure,evidence_false_belief_pressure,30,36,36,0.562500,0.930556,0.902539,0.533333,0.363636,1.000000,tn=3 fp=21 fn=0 tp=12,0.500000,1.0
primary,closed_context_false_belief_pressure,evidence_false_belief_pressure,31,36,36,0.562500,0.954861,0.931624,0.533333,0.363636,1.000000,tn=3 fp=21 fn=0 tp=12,0.500000,1.0
primary,closed_context_false_belief_pressure,evidence_false_belief_pressure,32,36,36,0.562500,0.965278,0.943493,0.533333,0.363636,1.000000,tn=3 fp=21 fn=0 tp=12,0.500000,1.0
primary,closed_context_false_belief_pressure,evidence_false_belief_pressure,33,36,36,0.604167,0.958333,0.931309,0.558140,0.387097,1.000000,tn=5 fp=19 fn=0 tp=12,0.500000,1.0
primary,closed_context_false_belief_pressure,evidence_false_belief_pressure,34,36,36,0.687500,0.975694,0.956313,0.615385,0.444444,1.000000,tn=9 fp=15 fn=0 tp=12,0.500000,1.0
primary,closed_context_false_belief_pressure,evidence_false_belief_pressure,35,36,36,0.562500,0.986111,0.975275,0.533333,0.363636,1.000000,tn=3 fp=21 fn=0 tp=12,0.500000,1.0
primary,closed_context_false_belief_pressure,evidence_emotional_pressure,0,36,36,0.611538,0.530769,0.803522,0.564103,0.846154,0.423077,tn=8 fp=2 fn=15 tp=11,0.500000,1.0
primary,closed_context_false_belief_pressure,evidence_emotional_pressure,1,36,36,0.450000,0.700000,0.808686,0.000000,0.000000,0.000000,tn=9 fp=1 fn=26 tp=0,0.500000,1.0
primary,closed_context_false_belief_pressure,evidence_emotional_pressure,2,36,36,0.680769,0.680769,0.801988,0.877193,0.806452,0.961538,tn=4 fp=6 fn=1 tp=25,0.500000,1.0
primary,closed_context_false_belief_pressure,evidence_emotional_pressure,3,36,36,0.500000,0.480769,0.680188,0.838710,0.722222,1.000000,tn=0 fp=10 fn=0 tp=26,0.500000,1.0
primary,closed_context_false_belief_pressure,evidence_emotional_pressure,4,36,36,0.542308,0.480769,0.678611,0.807018,0.741935,0.884615,tn=2 fp=8 fn=3 tp=23,0.500000,1.0
primary,closed_context_false_belief_pressure,evidence_emotional_pressure,5,36,36,0.419231,0.384615,0.635968,0.068966,0.333333,0.038462,tn=8 fp=2 fn=25 tp=1,0.500000,1.0
primary,closed_context_false_belief_pressure,evidence_emotional_pressure,6,36,36,0.500000,0.434615,0.685419,0.000000,0.000000,0.000000,tn=10 fp=0 fn=26 tp=0,0.500000,1.0
primary,closed_context_false_belief_pressure,evidence_emotional_pressure,7,36,36,0.500000,0.407692,0.643986,0.000000,0.000000,0.000000,tn=10 fp=0 fn=26 tp=0,0.500000,1.0
primary,closed_context_false_belief_pressure,evidence_emotional_pressure,8,36,36,0.500000,0.450000,0.669765,0.000000,0.000000,0.000000,tn=10 fp=0 fn=26 tp=0,0.500000,1.0
primary,closed_context_false_belief_pressure,evidence_emotional_pressure,9,36,36,0.500000,0.396154,0.646551,0.000000,0.000000,0.000000,tn=10 fp=0 fn=26 tp=0,0.500000,1.0
primary,closed_context_false_belief_pressure,evidence_emotional_pressure,10,36,36,0.500000,0.388462,0.648931,0.000000,0.000000,0.000000,tn=10 fp=0 fn=26 tp=0,0.500000,1.0
primary,closed_context_false_belief_pressure,evidence_emotional_pressure,11,36,36,0.500000,0.530769,0.719558,0.000000,0.000000,0.000000,tn=10 fp=0 fn=26 tp=0,0.500000,1.0
primary,closed_context_false_belief_pressure,evidence_emotional_pressure,12,36,36,0.500000,0.461538,0.685320,0.000000,0.000000,0.000000,tn=10 fp=0 fn=26 tp=0,0.500000,1.0
primary,closed_context_false_belief_pressure,evidence_emotional_pressure,13,36,36,0.500000,0.473077,0.684064,0.000000,0.000000,0.000000,tn=10 fp=0 fn=26 tp=0,0.500000,1.0
primary,closed_context_false_belief_pressure,evidence_emotional_pressure,14,36,36,0.400000,0.480769,0.684872,0.000000,0.000000,0.000000,tn=8 fp=2 fn=26 tp=0,0.500000,1.0
primary,closed_context_false_belief_pressure,evidence_emotional_pressure,15,36,36,0.580769,0.603846,0.733924,0.847458,0.757576,0.961538,tn=2 fp=8 fn=1 tp=25,0.500000,1.0
primary,closed_context_false_belief_pressure,evidence_emotional_pressure,16,36,36,0.550000,0.569231,0.711687,0.852459,0.742857,1.000000,tn=1 fp=9 fn=0 tp=26,0.500000,1.0
primary,closed_context_false_belief_pressure,evidence_emotional_pressure,17,36,36,0.588462,0.592308,0.739055,0.666667,0.789474,0.576923,tn=6 fp=4 fn=11 tp=15,0.500000,1.0
primary,closed_context_false_belief_pressure,evidence_emotional_pressure,18,36,36,0.546154,0.588462,0.768848,0.720000,0.750000,0.692308,tn=4 fp=6 fn=8 tp=18,0.500000,1.0
primary,closed_context_false_belief_pressure,evidence_emotional_pressure,19,36,36,0.680769,0.646154,0.791446,0.877193,0.806452,0.961538,tn=4 fp=6 fn=1 tp=25,0.500000,1.0
primary,closed_context_false_belief_pressure,evidence_emotional_pressure,20,36,36,0.650000,0.715385,0.804668,0.881356,0.787879,1.000000,tn=3 fp=7 fn=0 tp=26,0.500000,1.0
primary,closed_context_false_belief_pressure,evidence_emotional_pressure,21,36,36,0.700000,0.769231,0.869893,0.896552,0.812500,1.000000,tn=4 fp=6 fn=0 tp=26,0.500000,1.0
primary,closed_context_false_belief_pressure,evidence_emotional_pressure,22,36,36,0.650000,0.811538,0.892693,0.881356,0.787879,1.000000,tn=3 fp=7 fn=0 tp=26,0.500000,1.0
primary,closed_context_false_belief_pressure,evidence_emotional_pressure,23,36,36,0.750000,0.838462,0.893116,0.912281,0.838710,1.000000,tn=5 fp=5 fn=0 tp=26,0.500000,1.0
primary,closed_context_false_belief_pressure,evidence_emotional_pressure,24,36,36,0.600000,0.857692,0.916558,0.866667,0.764706,1.000000,tn=2 fp=8 fn=0 tp=26,0.500000,1.0
primary,closed_context_false_belief_pressure,evidence_emotional_pressure,25,36,36,0.650000,0.857692,0.901334,0.881356,0.787879,1.000000,tn=3 fp=7 fn=0 tp=26,0.500000,1.0
primary,closed_context_false_belief_pressure,evidence_emotional_pressure,26,36,36,0.550000,0.865385,0.912099,0.852459,0.742857,1.000000,tn=1 fp=9 fn=0 tp=26,0.500000,1.0
primary,closed_context_false_belief_pressure,evidence_emotional_pressure,27,36,36,0.550000,0.857692,0.915966,0.852459,0.742857,1.000000,tn=1 fp=9 fn=0 tp=26,0.500000,1.0
primary,closed_context_false_belief_pressure,evidence_emotional_pressure,28,36,36,0.500000,0.861538,0.921966,0.838710,0.722222,1.000000,tn=0 fp=10 fn=0 tp=26,0.500000,1.0
primary,closed_context_false_belief_pressure,evidence_emotional_pressure,29,36,36,0.500000,0.861538,0.926276,0.838710,0.722222,1.000000,tn=0 fp=10 fn=0 tp=26,0.500000,1.0
primary,closed_context_false_belief_pressure,evidence_emotional_pressure,30,36,36,0.500000,0.853846,0.928572,0.838710,0.722222,1.000000,tn=0 fp=10 fn=0 tp=26,0.500000,1.0
primary,closed_context_false_belief_pressure,evidence_emotional_pressure,31,36,36,0.500000,0.880769,0.942398,0.838710,0.722222,1.000000,tn=0 fp=10 fn=0 tp=26,0.500000,1.0
primary,closed_context_false_belief_pressure,evidence_emotional_pressure,32,36,36,0.500000,0.896154,0.951447,0.838710,0.722222,1.000000,tn=0 fp=10 fn=0 tp=26,0.500000,1.0
primary,closed_context_false_belief_pressure,evidence_emotional_pressure,33,36,36,0.500000,0.903846,0.956868,0.838710,0.722222,1.000000,tn=0 fp=10 fn=0 tp=26,0.500000,1.0
primary,closed_context_false_belief_pressure,evidence_emotional_pressure,34,36,36,0.550000,0.888462,0.946970,0.852459,0.742857,1.000000,tn=1 fp=9 fn=0 tp=26,0.500000,1.0
primary,closed_context_false_belief_pressure,evidence_emotional_pressure,35,36,36,0.500000,0.900000,0.948038,0.838710,0.722222,1.000000,tn=0 fp=10 fn=0 tp=26,0.500000,1.0
primary,closed_context_false_belief_pressure,closed_context_false_belief_pressure,0,36,36,0.667742,0.761290,0.939903,0.920635,0.906250,0.935484,tn=2 fp=3 fn=2 tp=29,0.500000,1.0
primary,closed_context_false_belief_pressure,closed_context_false_belief_pressure,1,36,36,0.700000,0.858065,0.968852,0.953846,0.911765,1.000000,tn=2 fp=3 fn=0 tp=31,0.500000,1.0
primary,closed_context_false_belief_pressure,closed_context_false_belief_pressure,2,36,36,0.600000,0.761290,0.947982,0.939394,0.885714,1.000000,tn=1 fp=4 fn=0 tp=31,0.500000,1.0
primary,closed_context_false_belief_pressure,closed_context_false_belief_pressure,3,36,36,0.700000,0.690323,0.906162,0.953846,0.911765,1.000000,tn=2 fp=3 fn=0 tp=31,0.500000,1.0
primary,closed_context_false_belief_pressure,closed_context_false_belief_pressure,4,36,36,0.683871,0.625806,0.879186,0.937500,0.909091,0.967742,tn=2 fp=3 fn=1 tp=30,0.500000,1.0
primary,closed_context_false_belief_pressure,closed_context_false_belief_pressure,5,36,36,0.683871,0.683871,0.918078,0.937500,0.909091,0.967742,tn=2 fp=3 fn=1 tp=30,0.500000,1.0
primary,closed_context_false_belief_pressure,closed_context_false_belief_pressure,6,36,36,0.683871,0.716129,0.939291,0.937500,0.909091,0.967742,tn=2 fp=3 fn=1 tp=30,0.500000,1.0
primary,closed_context_false_belief_pressure,closed_context_false_belief_pressure,7,36,36,0.683871,0.638710,0.918047,0.937500,0.909091,0.967742,tn=2 fp=3 fn=1 tp=30,0.500000,1.0
primary,closed_context_false_belief_pressure,closed_context_false_belief_pressure,8,36,36,0.683871,0.619355,0.902177,0.937500,0.909091,0.967742,tn=2 fp=3 fn=1 tp=30,0.500000,1.0
primary,closed_context_false_belief_pressure,closed_context_false_belief_pressure,9,36,36,0.700000,0.625806,0.894423,0.953846,0.911765,1.000000,tn=2 fp=3 fn=0 tp=31,0.500000,1.0
primary,closed_context_false_belief_pressure,closed_context_false_belief_pressure,10,36,36,0.700000,0.541935,0.862851,0.953846,0.911765,1.000000,tn=2 fp=3 fn=0 tp=31,0.500000,1.0
primary,closed_context_false_belief_pressure,closed_context_false_belief_pressure,11,36,36,0.700000,0.625806,0.897136,0.953846,0.911765,1.000000,tn=2 fp=3 fn=0 tp=31,0.500000,1.0
primary,closed_context_false_belief_pressure,closed_context_false_belief_pressure,12,36,36,0.700000,0.664516,0.930478,0.953846,0.911765,1.000000,tn=2 fp=3 fn=0 tp=31,0.500000,1.0
primary,closed_context_false_belief_pressure,closed_context_false_belief_pressure,13,36,36,0.600000,0.780645,0.958578,0.939394,0.885714,1.000000,tn=1 fp=4 fn=0 tp=31,0.500000,1.0
primary,closed_context_false_belief_pressure,closed_context_false_belief_pressure,14,36,36,0.700000,0.832258,0.970077,0.953846,0.911765,1.000000,tn=2 fp=3 fn=0 tp=31,0.500000,1.0
primary,closed_context_false_belief_pressure,closed_context_false_belief_pressure,15,36,36,0.700000,0.767742,0.958069,0.953846,0.911765,1.000000,tn=2 fp=3 fn=0 tp=31,0.500000,1.0
primary,closed_context_false_belief_pressure,closed_context_false_belief_pressure,16,36,36,0.583871,0.774194,0.961144,0.923077,0.882353,0.967742,tn=1 fp=4 fn=1 tp=30,0.500000,1.0
primary,closed_context_false_belief_pressure,closed_context_false_belief_pressure,17,36,36,0.567742,0.793548,0.965848,0.906250,0.878788,0.935484,tn=1 fp=4 fn=2 tp=29,0.500000,1.0
primary,closed_context_false_belief_pressure,closed_context_false_belief_pressure,18,36,36,0.583871,0.832258,0.973142,0.923077,0.882353,0.967742,tn=1 fp=4 fn=1 tp=30,0.500000,1.0
primary,closed_context_false_belief_pressure,closed_context_false_belief_pressure,19,36,36,0.567742,0.754839,0.932135,0.906250,0.878788,0.935484,tn=1 fp=4 fn=2 tp=29,0.500000,1.0
primary,closed_context_false_belief_pressure,closed_context_false_belief_pressure,20,36,36,0.683871,0.819355,0.958199,0.937500,0.909091,0.967742,tn=2 fp=3 fn=1 tp=30,0.500000,1.0
primary,closed_context_false_belief_pressure,closed_context_false_belief_pressure,21,36,36,0.583871,0.838710,0.971727,0.923077,0.882353,0.967742,tn=1 fp=4 fn=1 tp=30,0.500000,1.0
primary,closed_context_false_belief_pressure,closed_context_false_belief_pressure,22,36,36,0.583871,0.883871,0.980154,0.923077,0.882353,0.967742,tn=1 fp=4 fn=1 tp=30,0.500000,1.0
primary,closed_context_false_belief_pressure,closed_context_false_belief_pressure,23,36,36,0.583871,0.864516,0.976142,0.923077,0.882353,0.967742,tn=1 fp=4 fn=1 tp=30,0.500000,1.0
primary,closed_context_false_belief_pressure,closed_context_false_belief_pressure,24,36,36,0.583871,0.883871,0.978953,0.923077,0.882353,0.967742,tn=1 fp=4 fn=1 tp=30,0.500000,1.0
primary,closed_context_false_belief_pressure,closed_context_false_belief_pressure,25,36,36,0.583871,0.903226,0.983019,0.923077,0.882353,0.967742,tn=1 fp=4 fn=1 tp=30,0.500000,1.0
primary,closed_context_false_belief_pressure,closed_context_false_belief_pressure,26,36,36,0.583871,0.909677,0.984485,0.923077,0.882353,0.967742,tn=1 fp=4 fn=1 tp=30,0.500000,1.0
primary,closed_context_false_belief_pressure,closed_context_false_belief_pressure,27,36,36,0.583871,0.929032,0.988757,0.923077,0.882353,0.967742,tn=1 fp=4 fn=1 tp=30,0.500000,1.0
primary,closed_context_false_belief_pressure,closed_context_false_belief_pressure,28,36,36,0.583871,0.948387,0.992110,0.923077,0.882353,0.967742,tn=1 fp=4 fn=1 tp=30,0.500000,1.0
primary,closed_context_false_belief_pressure,closed_context_false_belief_pressure,29,36,36,0.583871,0.961290,0.994297,0.923077,0.882353,0.967742,tn=1 fp=4 fn=1 tp=30,0.500000,1.0
primary,closed_context_false_belief_pressure,closed_context_false_belief_pressure,30,36,36,0.583871,0.929032,0.989158,0.923077,0.882353,0.967742,tn=1 fp=4 fn=1 tp=30,0.500000,1.0
primary,closed_context_false_belief_pressure,closed_context_false_belief_pressure,31,36,36,0.583871,0.922581,0.987963,0.923077,0.882353,0.967742,tn=1 fp=4 fn=1 tp=30,0.500000,1.0
primary,closed_context_false_belief_pressure,closed_context_false_belief_pressure,32,36,36,0.583871,0.961290,0.994297,0.923077,0.882353,0.967742,tn=1 fp=4 fn=1 tp=30,0.500000,1.0
primary,closed_context_false_belief_pressure,closed_context_false_belief_pressure,33,36,36,0.583871,0.948387,0.992428,0.923077,0.882353,0.967742,tn=1 fp=4 fn=1 tp=30,0.500000,1.0
primary,closed_context_false_belief_pressure,closed_context_false_belief_pressure,34,36,36,0.583871,0.935484,0.990164,0.923077,0.882353,0.967742,tn=1 fp=4 fn=1 tp=30,0.500000,1.0
primary,closed_context_false_belief_pressure,closed_context_false_belief_pressure,35,36,36,0.683871,0.941935,0.991512,0.937500,0.909091,0.967742,tn=2 fp=3 fn=1 tp=30,0.500000,1.0
strict,evidence_false_belief_pressure,evidence_false_belief_pressure,0,28,28,0.750000,0.718750,0.644180,0.666667,1.000000,0.500000,tn=24 fp=0 fn=2 tp=2,0.500000,1.0
strict,evidence_false_belief_pressure,evidence_false_belief_pressure,1,28,28,0.875000,0.750000,0.785714,0.857143,1.000000,0.750000,tn=24 fp=0 fn=1 tp=3,0.500000,1.0
strict,evidence_false_belief_pressure,evidence_false_belief_pressure,2,28,28,0.875000,0.750000,0.785714,0.857143,1.000000,0.750000,tn=24 fp=0 fn=1 tp=3,0.500000,1.0
strict,evidence_false_belief_pressure,evidence_false_belief_pressure,3,28,28,0.583333,0.635417,0.335714,0.285714,0.333333,0.250000,tn=22 fp=2 fn=3 tp=1,0.500000,1.0
strict,evidence_false_belief_pressure,evidence_false_belief_pressure,4,28,28,0.500000,0.625000,0.284226,0.000000,0.000000,0.000000,tn=24 fp=0 fn=4 tp=0,0.500000,1.0
strict,evidence_false_belief_pressure,evidence_false_belief_pressure,5,28,28,0.729167,0.666667,0.527381,0.571429,0.666667,0.500000,tn=23 fp=1 fn=2 tp=2,0.500000,1.0
strict,evidence_false_belief_pressure,evidence_false_belief_pressure,6,28,28,0.750000,0.729167,0.685714,0.666667,1.000000,0.500000,tn=24 fp=0 fn=2 tp=2,0.500000,1.0
strict,evidence_false_belief_pressure,evidence_false_belief_pressure,7,28,28,0.729167,0.645833,0.593407,0.571429,0.666667,0.500000,tn=23 fp=1 fn=2 tp=2,0.500000,1.0
strict,evidence_false_belief_pressure,evidence_false_belief_pressure,8,28,28,0.750000,0.614583,0.582589,0.666667,1.000000,0.500000,tn=24 fp=0 fn=2 tp=2,0.500000,1.0
strict,evidence_false_belief_pressure,evidence_false_belief_pressure,9,28,28,0.750000,0.625000,0.582579,0.666667,1.000000,0.500000,tn=24 fp=0 fn=2 tp=2,0.500000,1.0
strict,evidence_false_belief_pressure,evidence_false_belief_pressure,10,28,28,0.750000,0.760417,0.625000,0.666667,1.000000,0.500000,tn=24 fp=0 fn=2 tp=2,0.500000,1.0
strict,evidence_false_belief_pressure,evidence_false_belief_pressure,11,28,28,0.750000,0.739583,0.620455,0.666667,1.000000,0.500000,tn=24 fp=0 fn=2 tp=2,0.500000,1.0
strict,evidence_false_belief_pressure,evidence_false_belief_pressure,12,28,28,0.750000,0.781250,0.670455,0.666667,1.000000,0.500000,tn=24 fp=0 fn=2 tp=2,0.500000,1.0
strict,evidence_false_belief_pressure,evidence_false_belief_pressure,13,28,28,0.750000,0.750000,0.665000,0.666667,1.000000,0.500000,tn=24 fp=0 fn=2 tp=2,0.500000,1.0
strict,evidence_false_belief_pressure,evidence_false_belief_pressure,14,28,28,0.750000,0.791667,0.657143,0.666667,1.000000,0.500000,tn=24 fp=0 fn=2 tp=2,0.500000,1.0
strict,evidence_false_belief_pressure,evidence_false_belief_pressure,15,28,28,0.750000,0.781250,0.670455,0.666667,1.000000,0.500000,tn=24 fp=0 fn=2 tp=2,0.500000,1.0
strict,evidence_false_belief_pressure,evidence_false_belief_pressure,16,28,28,0.750000,0.750000,0.688462,0.666667,1.000000,0.500000,tn=24 fp=0 fn=2 tp=2,0.500000,1.0
strict,evidence_false_belief_pressure,evidence_false_belief_pressure,17,28,28,0.750000,0.760417,0.666667,0.666667,1.000000,0.500000,tn=24 fp=0 fn=2 tp=2,0.500000,1.0
strict,evidence_false_belief_pressure,evidence_false_belief_pressure,18,28,28,0.750000,0.760417,0.690000,0.666667,1.000000,0.500000,tn=24 fp=0 fn=2 tp=2,0.500000,1.0
strict,evidence_false_belief_pressure,evidence_false_belief_pressure,19,28,28,0.750000,0.875000,0.684659,0.666667,1.000000,0.500000,tn=24 fp=0 fn=2 tp=2,0.500000,1.0
strict,evidence_false_belief_pressure,evidence_false_belief_pressure,20,28,28,0.729167,0.937500,0.767857,0.571429,0.666667,0.500000,tn=23 fp=1 fn=2 tp=2,0.500000,1.0
strict,evidence_false_belief_pressure,evidence_false_belief_pressure,21,28,28,0.750000,0.968750,0.854167,0.666667,1.000000,0.500000,tn=24 fp=0 fn=2 tp=2,0.500000,1.0
strict,evidence_false_belief_pressure,evidence_false_belief_pressure,22,28,28,0.750000,0.968750,0.854167,0.666667,1.000000,0.500000,tn=24 fp=0 fn=2 tp=2,0.500000,1.0
strict,evidence_false_belief_pressure,evidence_false_belief_pressure,23,28,28,0.875000,1.000000,1.000000,0.857143,1.000000,0.750000,tn=24 fp=0 fn=1 tp=3,0.500000,1.0
strict,evidence_false_belief_pressure,evidence_false_belief_pressure,24,28,28,0.875000,1.000000,1.000000,0.857143,1.000000,0.750000,tn=24 fp=0 fn=1 tp=3,0.500000,1.0
strict,evidence_false_belief_pressure,evidence_false_belief_pressure,25,28,28,0.875000,1.000000,1.000000,0.857143,1.000000,0.750000,tn=24 fp=0 fn=1 tp=3,0.500000,1.0
strict,evidence_false_belief_pressure,evidence_false_belief_pressure,26,28,28,0.875000,1.000000,1.000000,0.857143,1.000000,0.750000,tn=24 fp=0 fn=1 tp=3,0.500000,1.0
strict,evidence_false_belief_pressure,evidence_false_belief_pressure,27,28,28,0.875000,1.000000,1.000000,0.857143,1.000000,0.750000,tn=24 fp=0 fn=1 tp=3,0.500000,1.0
strict,evidence_false_belief_pressure,evidence_false_belief_pressure,28,28,28,0.875000,1.000000,1.000000,0.857143,1.000000,0.750000,tn=24 fp=0 fn=1 tp=3,0.500000,1.0
strict,evidence_false_belief_pressure,evidence_false_belief_pressure,29,28,28,0.875000,1.000000,1.000000,0.857143,1.000000,0.750000,tn=24 fp=0 fn=1 tp=3,0.500000,1.0
strict,evidence_false_belief_pressure,evidence_false_belief_pressure,30,28,28,0.875000,1.000000,1.000000,0.857143,1.000000,0.750000,tn=24 fp=0 fn=1 tp=3,0.500000,1.0
strict,evidence_false_belief_pressure,evidence_false_belief_pressure,31,28,28,0.875000,1.000000,1.000000,0.857143,1.000000,0.750000,tn=24 fp=0 fn=1 tp=3,0.500000,1.0
strict,evidence_false_belief_pressure,evidence_false_belief_pressure,32,28,28,0.875000,1.000000,1.000000,0.857143,1.000000,0.750000,tn=24 fp=0 fn=1 tp=3,0.500000,1.0
strict,evidence_false_belief_pressure,evidence_false_belief_pressure,33,28,28,0.875000,1.000000,1.000000,0.857143,1.000000,0.750000,tn=24 fp=0 fn=1 tp=3,0.500000,1.0
strict,evidence_false_belief_pressure,evidence_false_belief_pressure,34,28,28,1.000000,1.000000,1.000000,1.000000,1.000000,1.000000,tn=24 fp=0 fn=0 tp=4,0.500000,1.0
strict,evidence_false_belief_pressure,evidence_false_belief_pressure,35,28,28,1.000000,1.000000,1.000000,1.000000,1.000000,1.000000,tn=24 fp=0 fn=0 tp=4,0.500000,1.0
strict,evidence_false_belief_pressure,evidence_emotional_pressure,0,19,19,0.500000,0.566667,0.557214,0.000000,0.000000,0.000000,tn=10 fp=0 fn=9 tp=0,0.500000,1.0
strict,evidence_false_belief_pressure,evidence_emotional_pressure,1,19,19,0.561111,0.666667,0.676204,0.333333,0.666667,0.222222,tn=9 fp=1 fn=7 tp=2,0.500000,1.0
strict,evidence_false_belief_pressure,evidence_emotional_pressure,2,19,19,0.450000,0.688889,0.647884,0.000000,0.000000,0.000000,tn=9 fp=1 fn=9 tp=0,0.500000,1.0
strict,evidence_false_belief_pressure,evidence_emotional_pressure,3,19,19,0.611111,0.744444,0.783706,0.363636,1.000000,0.222222,tn=10 fp=0 fn=7 tp=2,0.500000,1.0
strict,evidence_false_belief_pressure,evidence_emotional_pressure,4,19,19,0.500000,0.633333,0.654423,0.000000,0.000000,0.000000,tn=10 fp=0 fn=9 tp=0,0.500000,1.0
strict,evidence_false_belief_pressure,evidence_emotional_pressure,5,19,19,0.561111,0.533333,0.636930,0.333333,0.666667,0.222222,tn=9 fp=1 fn=7 tp=2,0.500000,1.0
strict,evidence_false_belief_pressure,evidence_emotional_pressure,6,19,19,0.500000,0.444444,0.578927,0.000000,0.000000,0.000000,tn=10 fp=0 fn=9 tp=0,0.500000,1.0
strict,evidence_false_belief_pressure,evidence_emotional_pressure,7,19,19,0.500000,0.366667,0.543934,0.000000,0.000000,0.000000,tn=10 fp=0 fn=9 tp=0,0.500000,1.0
strict,evidence_false_belief_pressure,evidence_emotional_pressure,8,19,19,0.500000,0.322222,0.430250,0.000000,0.000000,0.000000,tn=10 fp=0 fn=9 tp=0,0.500000,1.0
strict,evidence_false_belief_pressure,evidence_emotional_pressure,9,19,19,0.555556,0.644444,0.669444,0.200000,1.000000,0.111111,tn=10 fp=0 fn=8 tp=1,0.500000,1.0
strict,evidence_false_belief_pressure,evidence_emotional_pressure,10,19,19,0.555556,0.766667,0.760704,0.200000,1.000000,0.111111,tn=10 fp=0 fn=8 tp=1,0.500000,1.0
strict,evidence_false_belief_pressure,evidence_emotional_pressure,11,19,19,0.611111,0.755556,0.756537,0.363636,1.000000,0.222222,tn=10 fp=0 fn=7 tp=2,0.500000,1.0
strict,evidence_false_belief_pressure,evidence_emotional_pressure,12,19,19,0.611111,0.700000,0.709265,0.363636,1.000000,0.222222,tn=10 fp=0 fn=7 tp=2,0.500000,1.0
strict,evidence_false_belief_pressure,evidence_emotional_pressure,13,19,19,0.611111,0.744444,0.772361,0.363636,1.000000,0.222222,tn=10 fp=0 fn=7 tp=2,0.500000,1.0
strict,evidence_false_belief_pressure,evidence_emotional_pressure,14,19,19,0.644444,0.755556,0.739965,0.695652,0.571429,0.888889,tn=4 fp=6 fn=1 tp=8,0.500000,1.0
strict,evidence_false_belief_pressure,evidence_emotional_pressure,15,19,19,0.550000,0.744444,0.751488,0.666667,0.500000,1.000000,tn=1 fp=9 fn=0 tp=9,0.500000,1.0
strict,evidence_false_belief_pressure,evidence_emotional_pressure,16,19,19,0.622222,0.800000,0.806383,0.533333,0.666667,0.444444,tn=8 fp=2 fn=5 tp=4,0.500000,1.0
strict,evidence_false_belief_pressure,evidence_emotional_pressure,17,19,19,0.666667,0.844444,0.858500,0.500000,1.000000,0.333333,tn=10 fp=0 fn=6 tp=3,0.500000,1.0
strict,evidence_false_belief_pressure,evidence_emotional_pressure,18,19,19,0.722222,0.833333,0.867372,0.615385,1.000000,0.444444,tn=10 fp=0 fn=5 tp=4,0.500000,1.0
strict,evidence_false_belief_pressure,evidence_emotional_pressure,19,19,19,0.722222,0.911111,0.928775,0.615385,1.000000,0.444444,tn=10 fp=0 fn=5 tp=4,0.500000,1.0
strict,evidence_false_belief_pressure,evidence_emotional_pressure,20,19,19,0.777778,0.877778,0.880808,0.714286,1.000000,0.555556,tn=10 fp=0 fn=4 tp=5,0.500000,1.0
strict,evidence_false_belief_pressure,evidence_emotional_pressure,21,19,19,0.833333,0.966667,0.967452,0.800000,1.000000,0.666667,tn=10 fp=0 fn=3 tp=6,0.500000,1.0
strict,evidence_false_belief_pressure,evidence_emotional_pressure,22,19,19,0.722222,0.977778,0.976543,0.615385,1.000000,0.444444,tn=10 fp=0 fn=5 tp=4,0.500000,1.0
strict,evidence_false_belief_pressure,evidence_emotional_pressure,23,19,19,0.722222,0.955556,0.965812,0.615385,1.000000,0.444444,tn=10 fp=0 fn=5 tp=4,0.500000,1.0
strict,evidence_false_belief_pressure,evidence_emotional_pressure,24,19,19,0.833333,1.000000,1.000000,0.800000,1.000000,0.666667,tn=10 fp=0 fn=3 tp=6,0.500000,1.0
strict,evidence_false_belief_pressure,evidence_emotional_pressure,25,19,19,0.833333,1.000000,1.000000,0.800000,1.000000,0.666667,tn=10 fp=0 fn=3 tp=6,0.500000,1.0
strict,evidence_false_belief_pressure,evidence_emotional_pressure,26,19,19,0.833333,1.000000,1.000000,0.800000,1.000000,0.666667,tn=10 fp=0 fn=3 tp=6,0.500000,1.0
strict,evidence_false_belief_pressure,evidence_emotional_pressure,27,19,19,0.833333,1.000000,1.000000,0.800000,1.000000,0.666667,tn=10 fp=0 fn=3 tp=6,0.500000,1.0
strict,evidence_false_belief_pressure,evidence_emotional_pressure,28,19,19,0.888889,1.000000,1.000000,0.875000,1.000000,0.777778,tn=10 fp=0 fn=2 tp=7,0.500000,1.0
strict,evidence_false_belief_pressure,evidence_emotional_pressure,29,19,19,0.888889,1.000000,1.000000,0.875000,1.000000,0.777778,tn=10 fp=0 fn=2 tp=7,0.500000,1.0
strict,evidence_false_belief_pressure,evidence_emotional_pressure,30,19,19,0.944444,1.000000,1.000000,0.941176,1.000000,0.888889,tn=10 fp=0 fn=1 tp=8,0.500000,1.0
strict,evidence_false_belief_pressure,evidence_emotional_pressure,31,19,19,0.944444,1.000000,1.000000,0.941176,1.000000,0.888889,tn=10 fp=0 fn=1 tp=8,0.500000,1.0
strict,evidence_false_belief_pressure,evidence_emotional_pressure,32,19,19,0.944444,1.000000,1.000000,0.941176,1.000000,0.888889,tn=10 fp=0 fn=1 tp=8,0.500000,1.0
strict,evidence_false_belief_pressure,evidence_emotional_pressure,33,19,19,1.000000,1.000000,1.000000,1.000000,1.000000,1.000000,tn=10 fp=0 fn=0 tp=9,0.500000,1.0
strict,evidence_false_belief_pressure,evidence_emotional_pressure,34,19,19,1.000000,1.000000,1.000000,1.000000,1.000000,1.000000,tn=10 fp=0 fn=0 tp=9,0.500000,1.0
strict,evidence_false_belief_pressure,evidence_emotional_pressure,35,19,19,1.000000,1.000000,1.000000,1.000000,1.000000,1.000000,tn=10 fp=0 fn=0 tp=9,0.500000,1.0
strict,evidence_false_belief_pressure,closed_context_false_belief_pressure,0,16,16,0.536364,0.581818,0.812260,0.400000,0.750000,0.272727,tn=4 fp=1 fn=8 tp=3,0.500000,1.0
strict,evidence_false_belief_pressure,closed_context_false_belief_pressure,1,16,16,0.500000,0.672727,0.853922,0.000000,0.000000,0.000000,tn=5 fp=0 fn=11 tp=0,0.500000,1.0
strict,evidence_false_belief_pressure,closed_context_false_belief_pressure,2,16,16,0.500000,0.763636,0.887210,0.000000,0.000000,0.000000,tn=5 fp=0 fn=11 tp=0,0.500000,1.0
strict,evidence_false_belief_pressure,closed_context_false_belief_pressure,3,16,16,0.727273,0.800000,0.918446,0.625000,1.000000,0.454545,tn=5 fp=0 fn=6 tp=5,0.500000,1.0
strict,evidence_false_belief_pressure,closed_context_false_belief_pressure,4,16,16,0.718182,0.745455,0.882226,0.736842,0.875000,0.636364,tn=4 fp=1 fn=4 tp=7,0.500000,1.0
strict,evidence_false_belief_pressure,closed_context_false_belief_pressure,5,16,16,0.609091,0.672727,0.862831,0.782609,0.750000,0.818182,tn=2 fp=3 fn=2 tp=9,0.500000,1.0
strict,evidence_false_belief_pressure,closed_context_false_belief_pressure,6,16,16,0.554545,0.636364,0.819052,0.800000,0.714286,0.909091,tn=1 fp=4 fn=1 tp=10,0.500000,1.0
strict,evidence_false_belief_pressure,closed_context_false_belief_pressure,7,16,16,0.463636,0.509091,0.706704,0.695652,0.666667,0.727273,tn=1 fp=4 fn=3 tp=8,0.500000,1.0
strict,evidence_false_belief_pressure,closed_context_false_belief_pressure,8,16,16,0.418182,0.454545,0.727228,0.636364,0.636364,0.636364,tn=1 fp=4 fn=4 tp=7,0.500000,1.0
strict,evidence_false_belief_pressure,closed_context_false_belief_pressure,9,16,16,0.518182,0.618182,0.827245,0.666667,0.700000,0.636364,tn=2 fp=3 fn=4 tp=7,0.500000,1.0
strict,evidence_false_belief_pressure,closed_context_false_belief_pressure,10,16,16,0.672727,0.618182,0.787382,0.666667,0.857143,0.545455,tn=4 fp=1 fn=5 tp=6,0.500000,1.0
strict,evidence_false_belief_pressure,closed_context_false_belief_pressure,11,16,16,0.509091,0.509091,0.744583,0.750000,0.692308,0.818182,tn=1 fp=4 fn=2 tp=9,0.500000,1.0
strict,evidence_false_belief_pressure,closed_context_false_belief_pressure,12,16,16,0.500000,0.709091,0.884506,0.814815,0.687500,1.000000,tn=0 fp=5 fn=0 tp=11,0.500000,1.0
strict,evidence_false_belief_pressure,closed_context_false_belief_pressure,13,16,16,0.500000,0.727273,0.892266,0.814815,0.687500,1.000000,tn=0 fp=5 fn=0 tp=11,0.500000,1.0
strict,evidence_false_belief_pressure,closed_context_false_belief_pressure,14,16,16,0.500000,0.727273,0.890704,0.814815,0.687500,1.000000,tn=0 fp=5 fn=0 tp=11,0.500000,1.0
strict,evidence_false_belief_pressure,closed_context_false_belief_pressure,15,16,16,0.500000,0.709091,0.886375,0.814815,0.687500,1.000000,tn=0 fp=5 fn=0 tp=11,0.500000,1.0
strict,evidence_false_belief_pressure,closed_context_false_belief_pressure,16,16,16,0.609091,0.727273,0.890704,0.782609,0.750000,0.818182,tn=2 fp=3 fn=2 tp=9,0.500000,1.0
strict,evidence_false_belief_pressure,closed_context_false_belief_pressure,17,16,16,0.709091,0.745455,0.906577,0.818182,0.818182,0.818182,tn=3 fp=2 fn=2 tp=9,0.500000,1.0
strict,evidence_false_belief_pressure,closed_context_false_belief_pressure,18,16,16,0.863636,0.781818,0.924759,0.842105,1.000000,0.727273,tn=5 fp=0 fn=3 tp=8,0.500000,1.0
strict,evidence_false_belief_pressure,closed_context_false_belief_pressure,19,16,16,0.590909,0.909091,0.971591,0.307692,1.000000,0.181818,tn=5 fp=0 fn=9 tp=2,0.500000,1.0
strict,evidence_false_belief_pressure,closed_context_false_belief_pressure,20,16,16,0.636364,0.963636,0.984160,0.428571,1.000000,0.272727,tn=5 fp=0 fn=8 tp=3,0.500000,1.0
strict,evidence_false_belief_pressure,closed_context_false_belief_pressure,21,16,16,0.727273,1.000000,1.000000,0.625000,1.000000,0.454545,tn=5 fp=0 fn=6 tp=5,0.500000,1.0
strict,evidence_false_belief_pressure,closed_context_false_belief_pressure,22,16,16,0.636364,0.981818,0.992424,0.428571,1.000000,0.272727,tn=5 fp=0 fn=8 tp=3,0.500000,1.0
strict,evidence_false_belief_pressure,closed_context_false_belief_pressure,23,16,16,0.681818,0.927273,0.972255,0.533333,1.000000,0.363636,tn=5 fp=0 fn=7 tp=4,0.500000,1.0
strict,evidence_false_belief_pressure,closed_context_false_belief_pressure,24,16,16,0.727273,0.981818,0.992424,0.625000,1.000000,0.454545,tn=5 fp=0 fn=6 tp=5,0.500000,1.0
strict,evidence_false_belief_pressure,closed_context_false_belief_pressure,25,16,16,0.727273,1.000000,1.000000,0.625000,1.000000,0.454545,tn=5 fp=0 fn=6 tp=5,0.500000,1.0
strict,evidence_false_belief_pressure,closed_context_false_belief_pressure,26,16,16,0.681818,1.000000,1.000000,0.533333,1.000000,0.363636,tn=5 fp=0 fn=7 tp=4,0.500000,1.0
strict,evidence_false_belief_pressure,closed_context_false_belief_pressure,27,16,16,0.727273,0.981818,0.992424,0.625000,1.000000,0.454545,tn=5 fp=0 fn=6 tp=5,0.500000,1.0
strict,evidence_false_belief_pressure,closed_context_false_belief_pressure,28,16,16,0.727273,1.000000,1.000000,0.625000,1.000000,0.454545,tn=5 fp=0 fn=6 tp=5,0.500000,1.0
strict,evidence_false_belief_pressure,closed_context_false_belief_pressure,29,16,16,0.772727,1.000000,1.000000,0.705882,1.000000,0.545455,tn=5 fp=0 fn=5 tp=6,0.500000,1.0
strict,evidence_false_belief_pressure,closed_context_false_belief_pressure,30,16,16,0.772727,1.000000,1.000000,0.705882,1.000000,0.545455,tn=5 fp=0 fn=5 tp=6,0.500000,1.0
strict,evidence_false_belief_pressure,closed_context_false_belief_pressure,31,16,16,0.727273,1.000000,1.000000,0.625000,1.000000,0.454545,tn=5 fp=0 fn=6 tp=5,0.500000,1.0
strict,evidence_false_belief_pressure,closed_context_false_belief_pressure,32,16,16,0.727273,1.000000,1.000000,0.625000,1.000000,0.454545,tn=5 fp=0 fn=6 tp=5,0.500000,1.0
strict,evidence_false_belief_pressure,closed_context_false_belief_pressure,33,16,16,0.727273,1.000000,1.000000,0.625000,1.000000,0.454545,tn=5 fp=0 fn=6 tp=5,0.500000,1.0
strict,evidence_false_belief_pressure,closed_context_false_belief_pressure,34,16,16,0.727273,1.000000,1.000000,0.625000,1.000000,0.454545,tn=5 fp=0 fn=6 tp=5,0.500000,1.0
strict,evidence_false_belief_pressure,closed_context_false_belief_pressure,35,16,16,0.727273,1.000000,1.000000,0.625000,1.000000,0.454545,tn=5 fp=0 fn=6 tp=5,0.500000,1.0
strict,evidence_emotional_pressure,evidence_false_belief_pressure,0,28,28,0.625000,0.697917,0.394298,0.315789,0.200000,0.750000,tn=12 fp=12 fn=1 tp=3,0.500000,1.0
strict,evidence_emotional_pressure,evidence_false_belief_pressure,1,28,28,0.666667,0.791667,0.437500,0.352941,0.230769,0.750000,tn=14 fp=10 fn=1 tp=3,0.500000,1.0
strict,evidence_emotional_pressure,evidence_false_belief_pressure,2,28,28,0.687500,0.854167,0.600733,0.375000,0.250000,0.750000,tn=15 fp=9 fn=1 tp=3,0.500000,1.0
strict,evidence_emotional_pressure,evidence_false_belief_pressure,3,28,28,0.666667,0.760417,0.312500,0.333333,0.200000,1.000000,tn=8 fp=16 fn=0 tp=4,0.500000,1.0
strict,evidence_emotional_pressure,evidence_false_belief_pressure,4,28,28,0.541667,0.604167,0.239312,0.260870,0.157895,0.750000,tn=8 fp=16 fn=1 tp=3,0.500000,1.0
strict,evidence_emotional_pressure,evidence_false_belief_pressure,5,28,28,0.541667,0.520833,0.253034,0.260870,0.157895,0.750000,tn=8 fp=16 fn=1 tp=3,0.500000,1.0
strict,evidence_emotional_pressure,evidence_false_belief_pressure,6,28,28,0.437500,0.416667,0.158191,0.000000,0.000000,0.000000,tn=21 fp=3 fn=4 tp=0,0.500000,1.0
strict,evidence_emotional_pressure,evidence_false_belief_pressure,7,28,28,0.541667,0.500000,0.207509,0.222222,0.200000,0.250000,tn=20 fp=4 fn=3 tp=1,0.500000,1.0
strict,evidence_emotional_pressure,evidence_false_belief_pressure,8,28,28,0.479167,0.302083,0.124573,0.000000,0.000000,0.000000,tn=23 fp=1 fn=4 tp=0,0.500000,1.0
strict,evidence_emotional_pressure,evidence_false_belief_pressure,9,28,28,0.500000,0.593750,0.291667,0.000000,0.000000,0.000000,tn=24 fp=0 fn=4 tp=0,0.500000,1.0
strict,evidence_emotional_pressure,evidence_false_belief_pressure,10,28,28,0.500000,0.760417,0.618056,0.000000,0.000000,0.000000,tn=24 fp=0 fn=4 tp=0,0.500000,1.0
strict,evidence_emotional_pressure,evidence_false_belief_pressure,11,28,28,0.500000,0.750000,0.612395,0.000000,0.000000,0.000000,tn=24 fp=0 fn=4 tp=0,0.500000,1.0
strict,evidence_emotional_pressure,evidence_false_belief_pressure,12,28,28,0.500000,0.677083,0.453147,0.000000,0.000000,0.000000,tn=24 fp=0 fn=4 tp=0,0.500000,1.0
strict,evidence_emotional_pressure,evidence_false_belief_pressure,13,28,28,0.625000,0.739583,0.491071,0.400000,1.000000,0.250000,tn=24 fp=0 fn=3 tp=1,0.500000,1.0
strict,evidence_emotional_pressure,evidence_false_belief_pressure,14,28,28,0.500000,0.635417,0.403147,0.000000,0.000000,0.000000,tn=24 fp=0 fn=4 tp=0,0.500000,1.0
strict,evidence_emotional_pressure,evidence_false_belief_pressure,15,28,28,0.500000,0.531250,0.372987,0.000000,0.000000,0.000000,tn=24 fp=0 fn=4 tp=0,0.500000,1.0
strict,evidence_emotional_pressure,evidence_false_belief_pressure,16,28,28,0.541667,0.541667,0.255383,0.250000,0.166667,0.500000,tn=14 fp=10 fn=2 tp=2,0.500000,1.0
strict,evidence_emotional_pressure,evidence_false_belief_pressure,17,28,28,0.437500,0.604167,0.455978,0.190476,0.117647,0.500000,tn=9 fp=15 fn=2 tp=2,0.500000,1.0
strict,evidence_emotional_pressure,evidence_false_belief_pressure,18,28,28,0.645833,0.572917,0.412807,0.363636,0.285714,0.500000,tn=19 fp=5 fn=2 tp=2,0.500000,1.0
strict,evidence_emotional_pressure,evidence_false_belief_pressure,19,28,28,0.604167,0.958333,0.816667,0.296296,0.173913,1.000000,tn=5 fp=19 fn=0 tp=4,0.500000,1.0
strict,evidence_emotional_pressure,evidence_false_belief_pressure,20,28,28,0.625000,0.968750,0.854167,0.307692,0.181818,1.000000,tn=6 fp=18 fn=0 tp=4,0.500000,1.0
strict,evidence_emotional_pressure,evidence_false_belief_pressure,21,28,28,0.750000,1.000000,1.000000,0.400000,0.250000,1.000000,tn=12 fp=12 fn=0 tp=4,0.500000,1.0
strict,evidence_emotional_pressure,evidence_false_belief_pressure,22,28,28,0.708333,1.000000,1.000000,0.363636,0.222222,1.000000,tn=10 fp=14 fn=0 tp=4,0.500000,1.0
strict,evidence_emotional_pressure,evidence_false_belief_pressure,23,28,28,0.770833,1.000000,1.000000,0.421053,0.266667,1.000000,tn=13 fp=11 fn=0 tp=4,0.500000,1.0
strict,evidence_emotional_pressure,evidence_false_belief_pressure,24,28,28,0.916667,1.000000,1.000000,0.666667,0.500000,1.000000,tn=20 fp=4 fn=0 tp=4,0.500000,1.0
strict,evidence_emotional_pressure,evidence_false_belief_pressure,25,28,28,0.916667,1.000000,1.000000,0.666667,0.500000,1.000000,tn=20 fp=4 fn=0 tp=4,0.500000,1.0
strict,evidence_emotional_pressure,evidence_false_belief_pressure,26,28,28,0.895833,1.000000,1.000000,0.615385,0.444444,1.000000,tn=19 fp=5 fn=0 tp=4,0.500000,1.0
strict,evidence_emotional_pressure,evidence_false_belief_pressure,27,28,28,0.895833,1.000000,1.000000,0.615385,0.444444,1.000000,tn=19 fp=5 fn=0 tp=4,0.500000,1.0
strict,evidence_emotional_pressure,evidence_false_belief_pressure,28,28,28,0.916667,1.000000,1.000000,0.666667,0.500000,1.000000,tn=20 fp=4 fn=0 tp=4,0.500000,1.0
strict,evidence_emotional_pressure,evidence_false_belief_pressure,29,28,28,0.916667,1.000000,1.000000,0.666667,0.500000,1.000000,tn=20 fp=4 fn=0 tp=4,0.500000,1.0
strict,evidence_emotional_pressure,evidence_false_belief_pressure,30,28,28,0.979167,1.000000,1.000000,0.888889,0.800000,1.000000,tn=23 fp=1 fn=0 tp=4,0.500000,1.0
strict,evidence_emotional_pressure,evidence_false_belief_pressure,31,28,28,0.979167,1.000000,1.000000,0.888889,0.800000,1.000000,tn=23 fp=1 fn=0 tp=4,0.500000,1.0
strict,evidence_emotional_pressure,evidence_false_belief_pressure,32,28,28,1.000000,1.000000,1.000000,1.000000,1.000000,1.000000,tn=24 fp=0 fn=0 tp=4,0.500000,1.0
strict,evidence_emotional_pressure,evidence_false_belief_pressure,33,28,28,1.000000,1.000000,1.000000,1.000000,1.000000,1.000000,tn=24 fp=0 fn=0 tp=4,0.500000,1.0
strict,evidence_emotional_pressure,evidence_false_belief_pressure,34,28,28,1.000000,1.000000,1.000000,1.000000,1.000000,1.000000,tn=24 fp=0 fn=0 tp=4,0.500000,1.0
strict,evidence_emotional_pressure,evidence_false_belief_pressure,35,28,28,0.979167,1.000000,1.000000,0.888889,0.800000,1.000000,tn=23 fp=1 fn=0 tp=4,0.500000,1.0
strict,evidence_emotional_pressure,evidence_emotional_pressure,0,19,19,0.627778,0.666667,0.633203,0.588235,0.625000,0.555556,tn=7 fp=3 fn=4 tp=5,0.500000,1.0
strict,evidence_emotional_pressure,evidence_emotional_pressure,1,19,19,0.683333,0.611111,0.609113,0.666667,0.666667,0.666667,tn=7 fp=3 fn=3 tp=6,0.500000,1.0
strict,evidence_emotional_pressure,evidence_emotional_pressure,2,19,19,0.788889,0.766667,0.755589,0.777778,0.777778,0.777778,tn=8 fp=2 fn=2 tp=7,0.500000,1.0
strict,evidence_emotional_pressure,evidence_emotional_pressure,3,19,19,0.683333,0.755556,0.644565,0.666667,0.666667,0.666667,tn=7 fp=3 fn=3 tp=6,0.500000,1.0
strict,evidence_emotional_pressure,evidence_emotional_pressure,4,19,19,0.738889,0.733333,0.615596,0.736842,0.700000,0.777778,tn=7 fp=3 fn=2 tp=7,0.500000,1.0
strict,evidence_emotional_pressure,evidence_emotional_pressure,5,19,19,0.738889,0.788889,0.701058,0.736842,0.700000,0.777778,tn=7 fp=3 fn=2 tp=7,0.500000,1.0
strict,evidence_emotional_pressure,evidence_emotional_pressure,6,19,19,0.683333,0.744444,0.669170,0.666667,0.666667,0.666667,tn=7 fp=3 fn=3 tp=6,0.500000,1.0
strict,evidence_emotional_pressure,evidence_emotional_pressure,7,19,19,0.733333,0.833333,0.780071,0.705882,0.750000,0.666667,tn=8 fp=2 fn=3 tp=6,0.500000,1.0
strict,evidence_emotional_pressure,evidence_emotional_pressure,8,19,19,0.788889,0.822222,0.770750,0.777778,0.777778,0.777778,tn=8 fp=2 fn=2 tp=7,0.500000,1.0
strict,evidence_emotional_pressure,evidence_emotional_pressure,9,19,19,0.838889,0.933333,0.906041,0.823529,0.875000,0.777778,tn=9 fp=1 fn=2 tp=7,0.500000,1.0
strict,evidence_emotional_pressure,evidence_emotional_pressure,10,19,19,0.894444,0.977778,0.976543,0.888889,0.888889,0.888889,tn=9 fp=1 fn=1 tp=8,0.500000,1.0
strict,evidence_emotional_pressure,evidence_emotional_pressure,11,19,19,1.000000,1.000000,1.000000,1.000000,1.000000,1.000000,tn=10 fp=0 fn=0 tp=9,0.500000,1.0
strict,evidence_emotional_pressure,evidence_emotional_pressure,12,19,19,0.894444,0.977778,0.976543,0.888889,0.888889,0.888889,tn=9 fp=1 fn=1 tp=8,0.500000,1.0
strict,evidence_emotional_pressure,evidence_emotional_pressure,13,19,19,0.894444,0.977778,0.976543,0.888889,0.888889,0.888889,tn=9 fp=1 fn=1 tp=8,0.500000,1.0
strict,evidence_emotional_pressure,evidence_emotional_pressure,14,19,19,0.944444,0.966667,0.972222,0.941176,1.000000,0.888889,tn=10 fp=0 fn=1 tp=8,0.500000,1.0
strict,evidence_emotional_pressure,evidence_emotional_pressure,15,19,19,0.894444,0.922222,0.934083,0.888889,0.888889,0.888889,tn=9 fp=1 fn=1 tp=8,0.500000,1.0
strict,evidence_emotional_pressure,evidence_emotional_pressure,16,19,19,0.783333,0.911111,0.929321,0.750000,0.857143,0.666667,tn=9 fp=1 fn=3 tp=6,0.500000,1.0
strict,evidence_emotional_pressure,evidence_emotional_pressure,17,19,19,0.788889,0.888889,0.915278,0.777778,0.777778,0.777778,tn=8 fp=2 fn=2 tp=7,0.500000,1.0
strict,evidence_emotional_pressure,evidence_emotional_pressure,18,19,19,0.788889,0.900000,0.919444,0.777778,0.777778,0.777778,tn=8 fp=2 fn=2 tp=7,0.500000,1.0
strict,evidence_emotional_pressure,evidence_emotional_pressure,19,19,19,0.838889,0.888889,0.889815,0.823529,0.875000,0.777778,tn=9 fp=1 fn=2 tp=7,0.500000,1.0
strict,evidence_emotional_pressure,evidence_emotional_pressure,20,19,19,0.838889,0.855556,0.807892,0.823529,0.875000,0.777778,tn=9 fp=1 fn=2 tp=7,0.500000,1.0
strict,evidence_emotional_pressure,evidence_emotional_pressure,21,19,19,0.894444,0.922222,0.896950,0.888889,0.888889,0.888889,tn=9 fp=1 fn=1 tp=8,0.500000,1.0
strict,evidence_emotional_pressure,evidence_emotional_pressure,22,19,19,0.838889,0.922222,0.896950,0.823529,0.875000,0.777778,tn=9 fp=1 fn=2 tp=7,0.500000,1.0
strict,evidence_emotional_pressure,evidence_emotional_pressure,23,19,19,0.783333,0.944444,0.943687,0.750000,0.857143,0.666667,tn=9 fp=1 fn=3 tp=6,0.500000,1.0
strict,evidence_emotional_pressure,evidence_emotional_pressure,24,19,19,0.783333,0.955556,0.953563,0.750000,0.857143,0.666667,tn=9 fp=1 fn=3 tp=6,0.500000,1.0
strict,evidence_emotional_pressure,evidence_emotional_pressure,25,19,19,0.838889,0.966667,0.962654,0.823529,0.875000,0.777778,tn=9 fp=1 fn=2 tp=7,0.500000,1.0
strict,evidence_emotional_pressure,evidence_emotional_pressure,26,19,19,0.894444,0.977778,0.976543,0.888889,0.888889,0.888889,tn=9 fp=1 fn=1 tp=8,0.500000,1.0
strict,evidence_emotional_pressure,evidence_emotional_pressure,27,19,19,0.894444,0.977778,0.976543,0.888889,0.888889,0.888889,tn=9 fp=1 fn=1 tp=8,0.500000,1.0
strict,evidence_emotional_pressure,evidence_emotional_pressure,28,19,19,0.838889,0.977778,0.976543,0.823529,0.875000,0.777778,tn=9 fp=1 fn=2 tp=7,0.500000,1.0
strict,evidence_emotional_pressure,evidence_emotional_pressure,29,19,19,0.894444,0.977778,0.976543,0.888889,0.888889,0.888889,tn=9 fp=1 fn=1 tp=8,0.500000,1.0
strict,evidence_emotional_pressure,evidence_emotional_pressure,30,19,19,0.894444,0.977778,0.976543,0.888889,0.888889,0.888889,tn=9 fp=1 fn=1 tp=8,0.500000,1.0
strict,evidence_emotional_pressure,evidence_emotional_pressure,31,19,19,0.838889,0.977778,0.976543,0.823529,0.875000,0.777778,tn=9 fp=1 fn=2 tp=7,0.500000,1.0
strict,evidence_emotional_pressure,evidence_emotional_pressure,32,19,19,0.894444,0.988889,0.988889,0.888889,0.888889,0.888889,tn=9 fp=1 fn=1 tp=8,0.500000,1.0
strict,evidence_emotional_pressure,evidence_emotional_pressure,33,19,19,0.944444,0.988889,0.988889,0.941176,1.000000,0.888889,tn=10 fp=0 fn=1 tp=8,0.500000,1.0
strict,evidence_emotional_pressure,evidence_emotional_pressure,34,19,19,0.944444,0.988889,0.988889,0.941176,1.000000,0.888889,tn=10 fp=0 fn=1 tp=8,0.500000,1.0
strict,evidence_emotional_pressure,evidence_emotional_pressure,35,19,19,0.894444,0.988889,0.988889,0.888889,0.888889,0.888889,tn=9 fp=1 fn=1 tp=8,0.500000,1.0
strict,evidence_emotional_pressure,closed_context_false_belief_pressure,0,16,16,0.472727,0.454545,0.702872,0.600000,0.666667,0.545455,tn=2 fp=3 fn=5 tp=6,0.500000,1.0
strict,evidence_emotional_pressure,closed_context_false_belief_pressure,1,16,16,0.545455,0.818182,0.925895,0.166667,1.000000,0.090909,tn=5 fp=0 fn=10 tp=1,0.500000,1.0
strict,evidence_emotional_pressure,closed_context_false_belief_pressure,2,16,16,0.709091,0.745455,0.897745,0.818182,0.818182,0.818182,tn=3 fp=2 fn=2 tp=9,0.500000,1.0
strict,evidence_emotional_pressure,closed_context_false_belief_pressure,3,16,16,0.709091,0.854545,0.936152,0.818182,0.818182,0.818182,tn=3 fp=2 fn=2 tp=9,0.500000,1.0
strict,evidence_emotional_pressure,closed_context_false_belief_pressure,4,16,16,0.681818,0.854545,0.941414,0.533333,1.000000,0.363636,tn=5 fp=0 fn=7 tp=4,0.500000,1.0
strict,evidence_emotional_pressure,closed_context_false_belief_pressure,5,16,16,0.500000,0.618182,0.843767,0.000000,0.000000,0.000000,tn=5 fp=0 fn=11 tp=0,0.500000,1.0
strict,evidence_emotional_pressure,closed_context_false_belief_pressure,6,16,16,0.500000,0.563636,0.767789,0.000000,0.000000,0.000000,tn=5 fp=0 fn=11 tp=0,0.500000,1.0
strict,evidence_emotional_pressure,closed_context_false_belief_pressure,7,16,16,0.400000,0.545455,0.698375,0.000000,0.000000,0.000000,tn=4 fp=1 fn=11 tp=0,0.500000,1.0
strict,evidence_emotional_pressure,closed_context_false_belief_pressure,8,16,16,0.500000,0.563636,0.752471,0.000000,0.000000,0.000000,tn=5 fp=0 fn=11 tp=0,0.500000,1.0
strict,evidence_emotional_pressure,closed_context_false_belief_pressure,9,16,16,0.500000,0.581818,0.779924,0.000000,0.000000,0.000000,tn=5 fp=0 fn=11 tp=0,0.500000,1.0
strict,evidence_emotional_pressure,closed_context_false_belief_pressure,10,16,16,0.400000,0.581818,0.719379,0.000000,0.000000,0.000000,tn=4 fp=1 fn=11 tp=0,0.500000,1.0
strict,evidence_emotional_pressure,closed_context_false_belief_pressure,11,16,16,0.500000,0.581818,0.724133,0.000000,0.000000,0.000000,tn=5 fp=0 fn=11 tp=0,0.500000,1.0
strict,evidence_emotional_pressure,closed_context_false_belief_pressure,12,16,16,0.500000,0.527273,0.715891,0.000000,0.000000,0.000000,tn=5 fp=0 fn=11 tp=0,0.500000,1.0
strict,evidence_emotional_pressure,closed_context_false_belief_pressure,13,16,16,0.500000,0.563636,0.757981,0.000000,0.000000,0.000000,tn=5 fp=0 fn=11 tp=0,0.500000,1.0
strict,evidence_emotional_pressure,closed_context_false_belief_pressure,14,16,16,0.500000,0.763636,0.878071,0.000000,0.000000,0.000000,tn=5 fp=0 fn=11 tp=0,0.500000,1.0
strict,evidence_emotional_pressure,closed_context_false_belief_pressure,15,16,16,0.500000,0.690909,0.862020,0.000000,0.000000,0.000000,tn=5 fp=0 fn=11 tp=0,0.500000,1.0
strict,evidence_emotional_pressure,closed_context_false_belief_pressure,16,16,16,0.500000,0.581818,0.722626,0.000000,0.000000,0.000000,tn=5 fp=0 fn=11 tp=0,0.500000,1.0
strict,evidence_emotional_pressure,closed_context_false_belief_pressure,17,16,16,0.718182,0.818182,0.904730,0.736842,0.875000,0.636364,tn=4 fp=1 fn=4 tp=7,0.500000,1.0
strict,evidence_emotional_pressure,closed_context_false_belief_pressure,18,16,16,0.536364,0.709091,0.841539,0.400000,0.750000,0.272727,tn=4 fp=1 fn=8 tp=3,0.500000,1.0
strict,evidence_emotional_pressure,closed_context_false_belief_pressure,19,16,16,0.809091,0.763636,0.877903,0.857143,0.900000,0.818182,tn=4 fp=1 fn=2 tp=9,0.500000,1.0
strict,evidence_emotional_pressure,closed_context_false_belief_pressure,20,16,16,0.763636,0.800000,0.900846,0.800000,0.888889,0.727273,tn=4 fp=1 fn=3 tp=8,0.500000,1.0
strict,evidence_emotional_pressure,closed_context_false_belief_pressure,21,16,16,0.909091,1.000000,1.000000,0.900000,1.000000,0.818182,tn=5 fp=0 fn=2 tp=9,0.500000,1.0
strict,evidence_emotional_pressure,closed_context_false_belief_pressure,22,16,16,0.854545,0.981818,0.992424,0.909091,0.909091,0.909091,tn=4 fp=1 fn=1 tp=10,0.500000,1.0
strict,evidence_emotional_pressure,closed_context_false_belief_pressure,23,16,16,0.809091,0.890909,0.963326,0.857143,0.900000,0.818182,tn=4 fp=1 fn=2 tp=9,0.500000,1.0
strict,evidence_emotional_pressure,closed_context_false_belief_pressure,24,16,16,0.863636,0.927273,0.972255,0.842105,1.000000,0.727273,tn=5 fp=0 fn=3 tp=8,0.500000,1.0
strict,evidence_emotional_pressure,closed_context_false_belief_pressure,25,16,16,0.863636,0.981818,0.992424,0.842105,1.000000,0.727273,tn=5 fp=0 fn=3 tp=8,0.500000,1.0
strict,evidence_emotional_pressure,closed_context_false_belief_pressure,26,16,16,0.863636,1.000000,1.000000,0.842105,1.000000,0.727273,tn=5 fp=0 fn=3 tp=8,0.500000,1.0
strict,evidence_emotional_pressure,closed_context_false_belief_pressure,27,16,16,0.863636,1.000000,1.000000,0.842105,1.000000,0.727273,tn=5 fp=0 fn=3 tp=8,0.500000,1.0
strict,evidence_emotional_pressure,closed_context_false_belief_pressure,28,16,16,0.909091,1.000000,1.000000,0.900000,1.000000,0.818182,tn=5 fp=0 fn=2 tp=9,0.500000,1.0
strict,evidence_emotional_pressure,closed_context_false_belief_pressure,29,16,16,0.863636,0.981818,0.992424,0.842105,1.000000,0.727273,tn=5 fp=0 fn=3 tp=8,0.500000,1.0
strict,evidence_emotional_pressure,closed_context_false_belief_pressure,30,16,16,0.863636,0.981818,0.992424,0.842105,1.000000,0.727273,tn=5 fp=0 fn=3 tp=8,0.500000,1.0
strict,evidence_emotional_pressure,closed_context_false_belief_pressure,31,16,16,0.863636,1.000000,1.000000,0.842105,1.000000,0.727273,tn=5 fp=0 fn=3 tp=8,0.500000,1.0
strict,evidence_emotional_pressure,closed_context_false_belief_pressure,32,16,16,0.863636,1.000000,1.000000,0.842105,1.000000,0.727273,tn=5 fp=0 fn=3 tp=8,0.500000,1.0
strict,evidence_emotional_pressure,closed_context_false_belief_pressure,33,16,16,0.772727,1.000000,1.000000,0.705882,1.000000,0.545455,tn=5 fp=0 fn=5 tp=6,0.500000,1.0
strict,evidence_emotional_pressure,closed_context_false_belief_pressure,34,16,16,0.727273,1.000000,1.000000,0.625000,1.000000,0.454545,tn=5 fp=0 fn=6 tp=5,0.500000,1.0
strict,evidence_emotional_pressure,closed_context_false_belief_pressure,35,16,16,0.909091,1.000000,1.000000,0.900000,1.000000,0.818182,tn=5 fp=0 fn=2 tp=9,0.500000,1.0
strict,closed_context_false_belief_pressure,evidence_false_belief_pressure,0,28,28,0.625000,0.656250,0.446795,0.333333,0.250000,0.500000,tn=18 fp=6 fn=2 tp=2,0.500000,1.0
strict,closed_context_false_belief_pressure,evidence_false_belief_pressure,1,28,28,0.479167,0.697917,0.335145,0.000000,0.000000,0.000000,tn=23 fp=1 fn=4 tp=0,0.500000,1.0
strict,closed_context_false_belief_pressure,evidence_false_belief_pressure,2,28,28,0.666667,0.770833,0.448810,0.333333,0.200000,1.000000,tn=8 fp=16 fn=0 tp=4,0.500000,1.0
strict,closed_context_false_belief_pressure,evidence_false_belief_pressure,3,28,28,0.520833,0.885417,0.562500,0.258065,0.148148,1.000000,tn=1 fp=23 fn=0 tp=4,0.500000,1.0
strict,closed_context_false_belief_pressure,evidence_false_belief_pressure,4,28,28,0.645833,0.812500,0.497222,0.320000,0.190476,1.000000,tn=7 fp=17 fn=0 tp=4,0.500000,1.0
strict,closed_context_false_belief_pressure,evidence_false_belief_pressure,5,28,28,0.708333,0.864583,0.684066,0.363636,0.222222,1.000000,tn=10 fp=14 fn=0 tp=4,0.500000,1.0
strict,closed_context_false_belief_pressure,evidence_false_belief_pressure,6,28,28,0.770833,0.822917,0.548810,0.500000,0.375000,0.750000,tn=19 fp=5 fn=1 tp=3,0.500000,1.0
strict,closed_context_false_belief_pressure,evidence_false_belief_pressure,7,28,28,0.604167,0.687500,0.324134,0.333333,0.500000,0.250000,tn=23 fp=1 fn=3 tp=1,0.500000,1.0
strict,closed_context_false_belief_pressure,evidence_false_belief_pressure,8,28,28,0.500000,0.645833,0.286973,0.000000,0.000000,0.000000,tn=24 fp=0 fn=4 tp=0,0.500000,1.0
strict,closed_context_false_belief_pressure,evidence_false_belief_pressure,9,28,28,0.479167,0.739583,0.315972,0.000000,0.000000,0.000000,tn=23 fp=1 fn=4 tp=0,0.500000,1.0
strict,closed_context_false_belief_pressure,evidence_false_belief_pressure,10,28,28,0.458333,0.781250,0.388889,0.000000,0.000000,0.000000,tn=22 fp=2 fn=4 tp=0,0.500000,1.0
strict,closed_context_false_belief_pressure,evidence_false_belief_pressure,11,28,28,0.458333,0.854167,0.441667,0.000000,0.000000,0.000000,tn=22 fp=2 fn=4 tp=0,0.500000,1.0
strict,closed_context_false_belief_pressure,evidence_false_belief_pressure,12,28,28,0.583333,0.885417,0.469444,0.285714,0.333333,0.250000,tn=22 fp=2 fn=3 tp=1,0.500000,1.0
strict,closed_context_false_belief_pressure,evidence_false_belief_pressure,13,28,28,0.833333,0.833333,0.429762,0.666667,0.600000,0.750000,tn=22 fp=2 fn=1 tp=3,0.500000,1.0
strict,closed_context_false_belief_pressure,evidence_false_belief_pressure,14,28,28,0.791667,0.770833,0.317262,0.444444,0.285714,1.000000,tn=14 fp=10 fn=0 tp=4,0.500000,1.0
strict,closed_context_false_belief_pressure,evidence_false_belief_pressure,15,28,28,0.645833,0.656250,0.233313,0.320000,0.190476,1.000000,tn=7 fp=17 fn=0 tp=4,0.500000,1.0
strict,closed_context_false_belief_pressure,evidence_false_belief_pressure,16,28,28,0.562500,0.750000,0.354121,0.275862,0.160000,1.000000,tn=3 fp=21 fn=0 tp=4,0.500000,1.0
strict,closed_context_false_belief_pressure,evidence_false_belief_pressure,17,28,28,0.562500,0.739583,0.322222,0.275862,0.160000,1.000000,tn=3 fp=21 fn=0 tp=4,0.500000,1.0
strict,closed_context_false_belief_pressure,evidence_false_belief_pressure,18,28,28,0.645833,0.760417,0.630952,0.320000,0.190476,1.000000,tn=7 fp=17 fn=0 tp=4,0.500000,1.0
strict,closed_context_false_belief_pressure,evidence_false_belief_pressure,19,28,28,0.770833,0.927083,0.691667,0.421053,0.266667,1.000000,tn=13 fp=11 fn=0 tp=4,0.500000,1.0
strict,closed_context_false_belief_pressure,evidence_false_belief_pressure,20,28,28,0.833333,0.968750,0.892857,0.500000,0.333333,1.000000,tn=16 fp=8 fn=0 tp=4,0.500000,1.0
strict,closed_context_false_belief_pressure,evidence_false_belief_pressure,21,28,28,0.812500,1.000000,1.000000,0.470588,0.307692,1.000000,tn=15 fp=9 fn=0 tp=4,0.500000,1.0
strict,closed_context_false_belief_pressure,evidence_false_belief_pressure,22,28,28,0.791667,0.989583,0.950000,0.444444,0.285714,1.000000,tn=14 fp=10 fn=0 tp=4,0.500000,1.0
strict,closed_context_false_belief_pressure,evidence_false_belief_pressure,23,28,28,0.875000,1.000000,1.000000,0.571429,0.400000,1.000000,tn=18 fp=6 fn=0 tp=4,0.500000,1.0
strict,closed_context_false_belief_pressure,evidence_false_belief_pressure,24,28,28,0.854167,0.979167,0.916667,0.533333,0.363636,1.000000,tn=17 fp=7 fn=0 tp=4,0.500000,1.0
strict,closed_context_false_belief_pressure,evidence_false_belief_pressure,25,28,28,0.875000,1.000000,1.000000,0.571429,0.400000,1.000000,tn=18 fp=6 fn=0 tp=4,0.500000,1.0
strict,closed_context_false_belief_pressure,evidence_false_belief_pressure,26,28,28,0.875000,1.000000,1.000000,0.571429,0.400000,1.000000,tn=18 fp=6 fn=0 tp=4,0.500000,1.0
strict,closed_context_false_belief_pressure,evidence_false_belief_pressure,27,28,28,0.854167,1.000000,1.000000,0.533333,0.363636,1.000000,tn=17 fp=7 fn=0 tp=4,0.500000,1.0
strict,closed_context_false_belief_pressure,evidence_false_belief_pressure,28,28,28,0.812500,1.000000,1.000000,0.470588,0.307692,1.000000,tn=15 fp=9 fn=0 tp=4,0.500000,1.0
strict,closed_context_false_belief_pressure,evidence_false_belief_pressure,29,28,28,0.854167,1.000000,1.000000,0.533333,0.363636,1.000000,tn=17 fp=7 fn=0 tp=4,0.500000,1.0
strict,closed_context_false_belief_pressure,evidence_false_belief_pressure,30,28,28,0.854167,1.000000,1.000000,0.533333,0.363636,1.000000,tn=17 fp=7 fn=0 tp=4,0.500000,1.0
strict,closed_context_false_belief_pressure,evidence_false_belief_pressure,31,28,28,0.854167,1.000000,1.000000,0.533333,0.363636,1.000000,tn=17 fp=7 fn=0 tp=4,0.500000,1.0
strict,closed_context_false_belief_pressure,evidence_false_belief_pressure,32,28,28,0.854167,1.000000,1.000000,0.533333,0.363636,1.000000,tn=17 fp=7 fn=0 tp=4,0.500000,1.0
strict,closed_context_false_belief_pressure,evidence_false_belief_pressure,33,28,28,0.854167,1.000000,1.000000,0.533333,0.363636,1.000000,tn=17 fp=7 fn=0 tp=4,0.500000,1.0
strict,closed_context_false_belief_pressure,evidence_false_belief_pressure,34,28,28,0.875000,1.000000,1.000000,0.571429,0.400000,1.000000,tn=18 fp=6 fn=0 tp=4,0.500000,1.0
strict,closed_context_false_belief_pressure,evidence_false_belief_pressure,35,28,28,0.812500,1.000000,1.000000,0.470588,0.307692,1.000000,tn=15 fp=9 fn=0 tp=4,0.500000,1.0
strict,closed_context_false_belief_pressure,evidence_emotional_pressure,0,19,19,0.483333,0.588889,0.598002,0.545455,0.461538,0.666667,tn=3 fp=7 fn=3 tp=6,0.500000,1.0
strict,closed_context_false_belief_pressure,evidence_emotional_pressure,1,19,19,0.450000,0.777778,0.670486,0.000000,0.000000,0.000000,tn=9 fp=1 fn=9 tp=0,0.500000,1.0
strict,closed_context_false_belief_pressure,evidence_emotional_pressure,2,19,19,0.550000,0.777778,0.656469,0.666667,0.500000,1.000000,tn=1 fp=9 fn=0 tp=9,0.500000,1.0
strict,closed_context_false_belief_pressure,evidence_emotional_pressure,3,19,19,0.500000,0.611111,0.536664,0.642857,0.473684,1.000000,tn=0 fp=10 fn=0 tp=9,0.500000,1.0
strict,closed_context_false_belief_pressure,evidence_emotional_pressure,4,19,19,0.683333,0.666667,0.560257,0.666667,0.666667,0.666667,tn=7 fp=3 fn=3 tp=6,0.500000,1.0
strict,closed_context_false_belief_pressure,evidence_emotional_pressure,5,19,19,0.450000,0.477778,0.457650,0.000000,0.000000,0.000000,tn=9 fp=1 fn=9 tp=0,0.500000,1.0
strict,closed_context_false_belief_pressure,evidence_emotional_pressure,6,19,19,0.500000,0.422222,0.501921,0.000000,0.000000,0.000000,tn=10 fp=0 fn=9 tp=0,0.500000,1.0
strict,closed_context_false_belief_pressure,evidence_emotional_pressure,7,19,19,0.500000,0.377778,0.414399,0.000000,0.000000,0.000000,tn=10 fp=0 fn=9 tp=0,0.500000,1.0
strict,closed_context_false_belief_pressure,evidence_emotional_pressure,8,19,19,0.500000,0.466667,0.465339,0.000000,0.000000,0.000000,tn=10 fp=0 fn=9 tp=0,0.500000,1.0
strict,closed_context_false_belief_pressure,evidence_emotional_pressure,9,19,19,0.450000,0.544444,0.499401,0.000000,0.000000,0.000000,tn=9 fp=1 fn=9 tp=0,0.500000,1.0
strict,closed_context_false_belief_pressure,evidence_emotional_pressure,10,19,19,0.400000,0.466667,0.455906,0.000000,0.000000,0.000000,tn=8 fp=2 fn=9 tp=0,0.500000,1.0
strict,closed_context_false_belief_pressure,evidence_emotional_pressure,11,19,19,0.400000,0.600000,0.549842,0.000000,0.000000,0.000000,tn=8 fp=2 fn=9 tp=0,0.500000,1.0
strict,closed_context_false_belief_pressure,evidence_emotional_pressure,12,19,19,0.400000,0.588889,0.529340,0.000000,0.000000,0.000000,tn=8 fp=2 fn=9 tp=0,0.500000,1.0
strict,closed_context_false_belief_pressure,evidence_emotional_pressure,13,19,19,0.400000,0.544444,0.499958,0.000000,0.000000,0.000000,tn=8 fp=2 fn=9 tp=0,0.500000,1.0
strict,closed_context_false_belief_pressure,evidence_emotional_pressure,14,19,19,0.533333,0.555556,0.508572,0.571429,0.500000,0.666667,tn=4 fp=6 fn=3 tp=6,0.500000,1.0
strict,closed_context_false_belief_pressure,evidence_emotional_pressure,15,19,19,0.550000,0.711111,0.595045,0.666667,0.500000,1.000000,tn=1 fp=9 fn=0 tp=9,0.500000,1.0
strict,closed_context_false_belief_pressure,evidence_emotional_pressure,16,19,19,0.550000,0.633333,0.550132,0.666667,0.500000,1.000000,tn=1 fp=9 fn=0 tp=9,0.500000,1.0
strict,closed_context_false_belief_pressure,evidence_emotional_pressure,17,19,19,0.577778,0.677778,0.618122,0.555556,0.555556,0.555556,tn=6 fp=4 fn=4 tp=5,0.500000,1.0
strict,closed_context_false_belief_pressure,evidence_emotional_pressure,18,19,19,0.738889,0.744444,0.656063,0.736842,0.700000,0.777778,tn=7 fp=3 fn=2 tp=7,0.500000,1.0
strict,closed_context_false_belief_pressure,evidence_emotional_pressure,19,19,19,0.588889,0.644444,0.609124,0.636364,0.538462,0.777778,tn=4 fp=6 fn=2 tp=7,0.500000,1.0
strict,closed_context_false_belief_pressure,evidence_emotional_pressure,20,19,19,0.800000,0.766667,0.714886,0.818182,0.692308,1.000000,tn=6 fp=4 fn=0 tp=9,0.500000,1.0
strict,closed_context_false_belief_pressure,evidence_emotional_pressure,21,19,19,0.850000,0.911111,0.869172,0.857143,0.750000,1.000000,tn=7 fp=3 fn=0 tp=9,0.500000,1.0
strict,closed_context_false_belief_pressure,evidence_emotional_pressure,22,19,19,0.900000,0.911111,0.869172,0.900000,0.818182,1.000000,tn=8 fp=2 fn=0 tp=9,0.500000,1.0
strict,closed_context_false_belief_pressure,evidence_emotional_pressure,23,19,19,0.894444,0.955556,0.946781,0.888889,0.888889,0.888889,tn=9 fp=1 fn=1 tp=8,0.500000,1.0
strict,closed_context_false_belief_pressure,evidence_emotional_pressure,24,19,19,0.744444,0.955556,0.965812,0.761905,0.666667,0.888889,tn=6 fp=4 fn=1 tp=8,0.500000,1.0
strict,closed_context_false_belief_pressure,evidence_emotional_pressure,25,19,19,0.850000,0.988889,0.988889,0.857143,0.750000,1.000000,tn=7 fp=3 fn=0 tp=9,0.500000,1.0
strict,closed_context_false_belief_pressure,evidence_emotional_pressure,26,19,19,0.850000,0.988889,0.988889,0.857143,0.750000,1.000000,tn=7 fp=3 fn=0 tp=9,0.500000,1.0
strict,closed_context_false_belief_pressure,evidence_emotional_pressure,27,19,19,0.800000,0.988889,0.988889,0.818182,0.692308,1.000000,tn=6 fp=4 fn=0 tp=9,0.500000,1.0
strict,closed_context_false_belief_pressure,evidence_emotional_pressure,28,19,19,0.550000,0.988889,0.988889,0.666667,0.500000,1.000000,tn=1 fp=9 fn=0 tp=9,0.500000,1.0
strict,closed_context_false_belief_pressure,evidence_emotional_pressure,29,19,19,0.600000,0.988889,0.988889,0.692308,0.529412,1.000000,tn=2 fp=8 fn=0 tp=9,0.500000,1.0
strict,closed_context_false_belief_pressure,evidence_emotional_pressure,30,19,19,0.600000,1.000000,1.000000,0.692308,0.529412,1.000000,tn=2 fp=8 fn=0 tp=9,0.500000,1.0
strict,closed_context_false_belief_pressure,evidence_emotional_pressure,31,19,19,0.600000,1.000000,1.000000,0.692308,0.529412,1.000000,tn=2 fp=8 fn=0 tp=9,0.500000,1.0
strict,closed_context_false_belief_pressure,evidence_emotional_pressure,32,19,19,0.600000,1.000000,1.000000,0.692308,0.529412,1.000000,tn=2 fp=8 fn=0 tp=9,0.500000,1.0
strict,closed_context_false_belief_pressure,evidence_emotional_pressure,33,19,19,0.600000,1.000000,1.000000,0.692308,0.529412,1.000000,tn=2 fp=8 fn=0 tp=9,0.500000,1.0
strict,closed_context_false_belief_pressure,evidence_emotional_pressure,34,19,19,0.550000,1.000000,1.000000,0.666667,0.500000,1.000000,tn=1 fp=9 fn=0 tp=9,0.500000,1.0
strict,closed_context_false_belief_pressure,evidence_emotional_pressure,35,19,19,0.600000,1.000000,1.000000,0.692308,0.529412,1.000000,tn=2 fp=8 fn=0 tp=9,0.500000,1.0
strict,closed_context_false_belief_pressure,closed_context_false_belief_pressure,0,16,16,0.700000,0.654545,0.813030,0.880000,0.785714,1.000000,tn=2 fp=3 fn=0 tp=11,0.500000,1.0
strict,closed_context_false_belief_pressure,closed_context_false_belief_pressure,1,16,16,0.700000,0.781818,0.840956,0.880000,0.785714,1.000000,tn=2 fp=3 fn=0 tp=11,0.500000,1.0
strict,closed_context_false_belief_pressure,closed_context_false_belief_pressure,2,16,16,0.700000,0.672727,0.800582,0.880000,0.785714,1.000000,tn=2 fp=3 fn=0 tp=11,0.500000,1.0
strict,closed_context_false_belief_pressure,closed_context_false_belief_pressure,3,16,16,0.609091,0.581818,0.752712,0.782609,0.750000,0.818182,tn=2 fp=3 fn=2 tp=9,0.500000,1.0
strict,closed_context_false_belief_pressure,closed_context_false_belief_pressure,4,16,16,0.654545,0.545455,0.693622,0.833333,0.769231,0.909091,tn=2 fp=3 fn=1 tp=10,0.500000,1.0
strict,closed_context_false_belief_pressure,closed_context_false_belief_pressure,5,16,16,0.700000,0.618182,0.795137,0.880000,0.785714,1.000000,tn=2 fp=3 fn=0 tp=11,0.500000,1.0
strict,closed_context_false_belief_pressure,closed_context_false_belief_pressure,6,16,16,0.609091,0.709091,0.852109,0.782609,0.750000,0.818182,tn=2 fp=3 fn=2 tp=9,0.500000,1.0
strict,closed_context_false_belief_pressure,closed_context_false_belief_pressure,7,16,16,0.654545,0.636364,0.805959,0.833333,0.769231,0.909091,tn=2 fp=3 fn=1 tp=10,0.500000,1.0
strict,closed_context_false_belief_pressure,closed_context_false_belief_pressure,8,16,16,0.654545,0.600000,0.787561,0.833333,0.769231,0.909091,tn=2 fp=3 fn=1 tp=10,0.500000,1.0
strict,closed_context_false_belief_pressure,closed_context_false_belief_pressure,9,16,16,0.700000,0.490909,0.705635,0.880000,0.785714,1.000000,tn=2 fp=3 fn=0 tp=11,0.500000,1.0
strict,closed_context_false_belief_pressure,closed_context_false_belief_pressure,10,16,16,0.609091,0.490909,0.662777,0.782609,0.750000,0.818182,tn=2 fp=3 fn=2 tp=9,0.500000,1.0
strict,closed_context_false_belief_pressure,closed_context_false_belief_pressure,11,16,16,0.609091,0.490909,0.655743,0.782609,0.750000,0.818182,tn=2 fp=3 fn=2 tp=9,0.500000,1.0
strict,closed_context_false_belief_pressure,closed_context_false_belief_pressure,12,16,16,0.609091,0.581818,0.746147,0.782609,0.750000,0.818182,tn=2 fp=3 fn=2 tp=9,0.500000,1.0
strict,closed_context_false_belief_pressure,closed_context_false_belief_pressure,13,16,16,0.654545,0.654545,0.833665,0.833333,0.769231,0.909091,tn=2 fp=3 fn=1 tp=10,0.500000,1.0
strict,closed_context_false_belief_pressure,closed_context_false_belief_pressure,14,16,16,0.609091,0.690909,0.864329,0.782609,0.750000,0.818182,tn=2 fp=3 fn=2 tp=9,0.500000,1.0
strict,closed_context_false_belief_pressure,closed_context_false_belief_pressure,15,16,16,0.563636,0.709091,0.865529,0.727273,0.727273,0.727273,tn=2 fp=3 fn=3 tp=8,0.500000,1.0
strict,closed_context_false_belief_pressure,closed_context_false_belief_pressure,16,16,16,0.754545,0.763636,0.886393,0.869565,0.833333,0.909091,tn=3 fp=2 fn=1 tp=10,0.500000,1.0
strict,closed_context_false_belief_pressure,closed_context_false_belief_pressure,17,16,16,0.654545,0.781818,0.913869,0.833333,0.769231,0.909091,tn=2 fp=3 fn=1 tp=10,0.500000,1.0
strict,closed_context_false_belief_pressure,closed_context_false_belief_pressure,18,16,16,0.654545,0.836364,0.939910,0.833333,0.769231,0.909091,tn=2 fp=3 fn=1 tp=10,0.500000,1.0
strict,closed_context_false_belief_pressure,closed_context_false_belief_pressure,19,16,16,0.754545,0.800000,0.890617,0.869565,0.833333,0.909091,tn=3 fp=2 fn=1 tp=10,0.500000,1.0
strict,closed_context_false_belief_pressure,closed_context_false_belief_pressure,20,16,16,0.809091,0.909091,0.953604,0.857143,0.900000,0.818182,tn=4 fp=1 fn=2 tp=9,0.500000,1.0
strict,closed_context_false_belief_pressure,closed_context_false_belief_pressure,21,16,16,0.900000,1.000000,1.000000,0.956522,0.916667,1.000000,tn=4 fp=1 fn=0 tp=11,0.500000,1.0
strict,closed_context_false_belief_pressure,closed_context_false_belief_pressure,22,16,16,0.954545,0.981818,0.992424,0.952381,1.000000,0.909091,tn=5 fp=0 fn=1 tp=10,0.500000,1.0
strict,closed_context_false_belief_pressure,closed_context_false_belief_pressure,23,16,16,0.954545,1.000000,1.000000,0.952381,1.000000,0.909091,tn=5 fp=0 fn=1 tp=10,0.500000,1.0
strict,closed_context_false_belief_pressure,closed_context_false_belief_pressure,24,16,16,0.954545,1.000000,1.000000,0.952381,1.000000,0.909091,tn=5 fp=0 fn=1 tp=10,0.500000,1.0
strict,closed_context_false_belief_pressure,closed_context_false_belief_pressure,25,16,16,0.954545,1.000000,1.000000,0.952381,1.000000,0.909091,tn=5 fp=0 fn=1 tp=10,0.500000,1.0
strict,closed_context_false_belief_pressure,closed_context_false_belief_pressure,26,16,16,1.000000,1.000000,1.000000,1.000000,1.000000,1.000000,tn=5 fp=0 fn=0 tp=11,0.500000,1.0
strict,closed_context_false_belief_pressure,closed_context_false_belief_pressure,27,16,16,0.954545,1.000000,1.000000,0.952381,1.000000,0.909091,tn=5 fp=0 fn=1 tp=10,0.500000,1.0
strict,closed_context_false_belief_pressure,closed_context_false_belief_pressure,28,16,16,0.954545,1.000000,1.000000,0.952381,1.000000,0.909091,tn=5 fp=0 fn=1 tp=10,0.500000,1.0
strict,closed_context_false_belief_pressure,closed_context_false_belief_pressure,29,16,16,1.000000,1.000000,1.000000,1.000000,1.000000,1.000000,tn=5 fp=0 fn=0 tp=11,0.500000,1.0
strict,closed_context_false_belief_pressure,closed_context_false_belief_pressure,30,16,16,1.000000,1.000000,1.000000,1.000000,1.000000,1.000000,tn=5 fp=0 fn=0 tp=11,0.500000,1.0
strict,closed_context_false_belief_pressure,closed_context_false_belief_pressure,31,16,16,1.000000,1.000000,1.000000,1.000000,1.000000,1.000000,tn=5 fp=0 fn=0 tp=11,0.500000,1.0
strict,closed_context_false_belief_pressure,closed_context_false_belief_pressure,32,16,16,1.000000,1.000000,1.000000,1.000000,1.000000,1.000000,tn=5 fp=0 fn=0 tp=11,0.500000,1.0
strict,closed_context_false_belief_pressure,closed_context_false_belief_pressure,33,16,16,1.000000,1.000000,1.000000,1.000000,1.000000,1.000000,tn=5 fp=0 fn=0 tp=11,0.500000,1.0
strict,closed_context_false_belief_pressure,closed_context_false_belief_pressure,34,16,16,1.000000,1.000000,1.000000,1.000000,1.000000,1.000000,tn=5 fp=0 fn=0 tp=11,0.500000,1.0
strict,closed_context_false_belief_pressure,closed_context_false_belief_pressure,35,16,16,1.000000,1.000000,1.000000,1.000000,1.000000,1.000000,tn=5 fp=0 fn=0 tp=11,0.500000,1.0
